ISO-10303-21;
HEADER;
/* Generated by software containing ST-Developer
 * from STEP Tools, Inc. (www.steptools.com) 
 */
/* OPTION: using custom renumber hook */

FILE_DESCRIPTION(
/* description */ ('STEP AP242',
'CAx-IF Rec.Pracs.---Representation and Presentation of Product Manufa
cturing Information (PMI)---4.0---2014-10-13',
'CAx-IF Rec.Pracs.---3D Tessellated Geometry---0.4---2014-09-14','2;1'),

/* implementation_level */ '2;1');

FILE_NAME(
/* name */ '66789d28b9c7367681b24036',
/* time_stamp */ '2024-06-23T22:09:45Z',
/* author */ (''),
/* organization */ (''),
/* preprocessor_version */ 'ST-DEVELOPER v20',
/* originating_system */ '  ',
/* authorisation */ '  ');

FILE_SCHEMA (('AP242_MANAGED_MODEL_BASED_3D_ENGINEERING_MIM_LF { 1 0 10303 442 1 1 4 }'));
ENDSEC;

DATA;
#10=SHAPE_REPRESENTATION_RELATIONSHIP('','',#2724,#11);
#11=ADVANCED_BREP_SHAPE_REPRESENTATION('',(#2722),#4702);
#12=TOROIDAL_SURFACE('',#2948,0.06,0.02);
#13=TOROIDAL_SURFACE('',#2949,0.06,0.02);
#14=TOROIDAL_SURFACE('',#2950,0.06,0.02);
#15=B_SPLINE_CURVE_WITH_KNOTS('',3,(#3755,#3756,#3757,#3758),
 .UNSPECIFIED.,.F.,.F.,(4,4),(0.,1.),.UNSPECIFIED.);
#16=B_SPLINE_CURVE_WITH_KNOTS('',3,(#3766,#3767,#3768,#3769),
 .UNSPECIFIED.,.F.,.F.,(4,4),(0.,1.),.UNSPECIFIED.);
#17=B_SPLINE_CURVE_WITH_KNOTS('',3,(#4152,#4153,#4154,#4155,#4156,#4157,
#4158,#4159,#4160,#4161,#4162,#4163,#4164),.UNSPECIFIED.,.F.,.F.,(4,1,1,
1,1,1,1,1,1,1,4),(0.,0.00213452636604529,0.00426905273209058,0.00640357909813586,
0.00747084228115851,0.00853810546418115,0.00960536864720379,0.0106726318302264,
0.0128071581962717,0.014941684562317,0.0170762109283623),.UNSPECIFIED.);
#18=B_SPLINE_CURVE_WITH_KNOTS('',3,(#4176,#4177,#4178,#4179,#4180,#4181,
#4182),.UNSPECIFIED.,.F.,.F.,(4,1,1,1,4),(0.,0.00151131959008644,0.00302263918017288,
0.00453395877025931,0.00604527836034575),.UNSPECIFIED.);
#19=B_SPLINE_CURVE_WITH_KNOTS('',3,(#4186,#4187,#4188,#4189,#4190),
 .UNSPECIFIED.,.F.,.F.,(4,1,4),(1.69967494438815E-17,0.00615193569802271,
0.0123038713960454),.UNSPECIFIED.);
#20=B_SPLINE_CURVE_WITH_KNOTS('',3,(#4197,#4198,#4199,#4200,#4201),
 .UNSPECIFIED.,.F.,.F.,(4,1,4),(0.,0.00615160079178214,0.0123032015835643),
 .UNSPECIFIED.);
#21=B_SPLINE_CURVE_WITH_KNOTS('',3,(#4213,#4214,#4215,#4216,#4217,#4218,
#4219,#4220,#4221,#4222,#4223,#4224,#4225),.UNSPECIFIED.,.F.,.F.,(4,1,1,
1,1,1,1,1,1,1,4),(1.9930455364338E-17,0.00213452636604529,0.00426905273209056,
0.00640357909813583,0.00747084228115846,0.0085381054641811,0.00960536864720373,
0.0106726318302264,0.0128071581962716,0.0149416845623169,0.0170762109283622),
 .UNSPECIFIED.);
#22=B_SPLINE_CURVE_WITH_KNOTS('',3,(#4233,#4234,#4235,#4236,#4237,#4238,
#4239),.UNSPECIFIED.,.F.,.F.,(4,1,1,1,4),(0.,0.00151131959008645,0.0030226391801729,
0.00453395877025936,0.00604527836034581),.UNSPECIFIED.);
#23=B_SPLINE_CURVE_WITH_KNOTS('',3,(#4245,#4246,#4247,#4248,#4249),
 .UNSPECIFIED.,.F.,.F.,(4,1,4),(0.,0.00615193569802271,0.0123038713960454),
 .UNSPECIFIED.);
#24=B_SPLINE_CURVE_WITH_KNOTS('',3,(#4258,#4259,#4260,#4261,#4262),
 .UNSPECIFIED.,.F.,.F.,(4,1,4),(0.,0.00615160079178216,0.0123032015835643),
 .UNSPECIFIED.);
#25=B_SPLINE_CURVE_WITH_KNOTS('',3,(#4280,#4281,#4282,#4283,#4284),
 .UNSPECIFIED.,.F.,.F.,(4,1,4),(0.,0.00615160079178215,0.0123032015835643),
 .UNSPECIFIED.);
#26=B_SPLINE_CURVE_WITH_KNOTS('',3,(#4288,#4289,#4290,#4291,#4292,#4293,
#4294),.UNSPECIFIED.,.F.,.F.,(4,1,1,1,4),(0.,0.00150524588974086,0.00301049177948171,
0.00451573766922257,0.00602098355896342),.UNSPECIFIED.);
#27=B_SPLINE_CURVE_WITH_KNOTS('',3,(#4302,#4303,#4304,#4305,#4306,#4307,
#4308),.UNSPECIFIED.,.F.,.F.,(4,1,1,1,4),(0.,0.00151131959008649,0.00302263918017297,
0.00453395877025945,0.00604527836034594),.UNSPECIFIED.);
#28=B_SPLINE_CURVE_WITH_KNOTS('',3,(#4314,#4315,#4316,#4317,#4318),
 .UNSPECIFIED.,.F.,.F.,(4,1,4),(0.,0.00615193569802267,0.0123038713960453),
 .UNSPECIFIED.);
#29=B_SPLINE_CURVE_WITH_KNOTS('',3,(#4330,#4331,#4332,#4333,#4334,#4335,
#4336),.UNSPECIFIED.,.F.,.F.,(4,1,1,1,4),(0.,0.00534606620997474,0.0106921324199495,
0.0160381986299242,0.021384264839899),.UNSPECIFIED.);
#30=B_SPLINE_CURVE_WITH_KNOTS('',3,(#4340,#4341,#4342,#4343,#4344,#4345),
 .UNSPECIFIED.,.F.,.F.,(4,1,1,4),(4.65475153733864E-17,0.0028928058932219,
0.00433920883983282,0.00578561178644375),.UNSPECIFIED.);
#31=B_SPLINE_CURVE_WITH_KNOTS('',3,(#4349,#4350,#4351,#4352),
 .UNSPECIFIED.,.F.,.F.,(4,4),(0.,0.0127665735187575),.UNSPECIFIED.);
#32=B_SPLINE_CURVE_WITH_KNOTS('',3,(#4358,#4359,#4360,#4361,#4362),
 .UNSPECIFIED.,.F.,.F.,(4,1,4),(0.,0.0053430780628961,0.0106861561257922),
 .UNSPECIFIED.);
#33=B_SPLINE_CURVE_WITH_KNOTS('',3,(#4368,#4369,#4370,#4371,#4372,#4373,
#4374,#4375,#4376),.UNSPECIFIED.,.F.,.F.,(4,1,1,1,1,1,4),(0.,0.00601445707416729,
0.00902168561125093,0.0120289141483346,0.0150361426854182,0.0180433712225019,
0.0240578282966691),.UNSPECIFIED.);
#34=B_SPLINE_CURVE_WITH_KNOTS('',3,(#4381,#4382,#4383,#4384,#4385,#4386,
#4387,#4388,#4389),.UNSPECIFIED.,.F.,.F.,(4,1,1,1,1,1,4),(0.,0.00601141731579622,
0.00901712597369434,0.0120228346315924,0.0150285432894906,0.0180342519473887,
0.0240456692631849),.UNSPECIFIED.);
#35=B_SPLINE_CURVE_WITH_KNOTS('',3,(#4395,#4396,#4397,#4398,#4399),
 .UNSPECIFIED.,.F.,.F.,(4,1,4),(0.,0.0053437023131665,0.010687404626333),
 .UNSPECIFIED.);
#36=B_SPLINE_CURVE_WITH_KNOTS('',3,(#4401,#4402,#4403,#4404,#4405),
 .UNSPECIFIED.,.F.,.F.,(4,1,4),(0.,0.00534307806289607,0.0106861561257921),
 .UNSPECIFIED.);
#37=B_SPLINE_CURVE_WITH_KNOTS('',3,(#4411,#4412,#4413,#4414,#4415,#4416,
#4417,#4418,#4419),.UNSPECIFIED.,.F.,.F.,(4,1,1,1,1,1,4),(0.,0.00601445707416729,
0.00902168561125093,0.0120289141483346,0.0150361426854182,0.0180433712225019,
0.0240578282966691),.UNSPECIFIED.);
#38=B_SPLINE_CURVE_WITH_KNOTS('',3,(#4424,#4425,#4426,#4427,#4428,#4429,
#4430,#4431,#4432),.UNSPECIFIED.,.F.,.F.,(4,1,1,1,1,1,4),(0.,0.00601141731579622,
0.00901712597369434,0.0120228346315924,0.0150285432894906,0.0180342519473887,
0.0240456692631849),.UNSPECIFIED.);
#39=B_SPLINE_CURVE_WITH_KNOTS('',3,(#4438,#4439,#4440,#4441,#4442),
 .UNSPECIFIED.,.F.,.F.,(4,1,4),(0.,0.00534370231316652,0.010687404626333),
 .UNSPECIFIED.);
#40=B_SPLINE_CURVE_WITH_KNOTS('',3,(#4446,#4447,#4448,#4449,#4450),
 .UNSPECIFIED.,.F.,.F.,(4,1,4),(0.,0.00534307806289614,0.0106861561257923),
 .UNSPECIFIED.);
#41=B_SPLINE_CURVE_WITH_KNOTS('',3,(#4457,#4458,#4459,#4460,#4461,#4462,
#4463),.UNSPECIFIED.,.F.,.F.,(4,1,1,1,4),(0.,0.00150524588974087,0.00301049177948174,
0.00451573766922261,0.00602098355896348),.UNSPECIFIED.);
#42=B_SPLINE_CURVE_WITH_KNOTS('',3,(#4466,#4467,#4468,#4469,#4470,#4471,
#4472),.UNSPECIFIED.,.F.,.F.,(4,1,1,1,4),(0.,0.00150524588974087,0.00301049177948173,
0.0045157376692226,0.00602098355896347),.UNSPECIFIED.);
#43=B_SPLINE_CURVE_WITH_KNOTS('',3,(#4477,#4478,#4479,#4480,#4481,#4482,
#4483,#4484,#4485),.UNSPECIFIED.,.F.,.F.,(4,1,1,1,1,1,4),(0.,0.00601445707416726,
0.00902168561125089,0.0120289141483345,0.0150361426854182,0.0180433712225018,
0.0240578282966691),.UNSPECIFIED.);
#44=CIRCLE('',#2728,0.04);
#45=CIRCLE('',#2729,0.04);
#46=CIRCLE('',#2730,0.04);
#47=CIRCLE('',#2731,0.04);
#48=CIRCLE('',#2733,0.002875);
#49=CIRCLE('',#2734,0.002875);
#50=CIRCLE('',#2736,0.002875);
#51=CIRCLE('',#2737,0.002875);
#52=CIRCLE('',#2739,0.002875);
#53=CIRCLE('',#2740,0.002875);
#54=CIRCLE('',#2742,0.002875);
#55=CIRCLE('',#2743,0.002875);
#56=CIRCLE('',#2745,0.04);
#57=CIRCLE('',#2746,0.04);
#58=CIRCLE('',#2748,0.00196);
#59=CIRCLE('',#2749,0.06);
#60=CIRCLE('',#2750,0.00266666666666666);
#61=CIRCLE('',#2751,0.0428279480538768);
#62=CIRCLE('',#2752,0.00266666666666666);
#63=CIRCLE('',#2753,0.06);
#64=CIRCLE('',#2754,0.0137743485046423);
#65=CIRCLE('',#2755,0.00266666666666666);
#66=CIRCLE('',#2756,0.0124410151713073);
#67=CIRCLE('',#2757,0.00266666666666666);
#68=CIRCLE('',#2758,0.0333333333333333);
#69=CIRCLE('',#2760,0.00165);
#70=CIRCLE('',#2761,0.06);
#71=CIRCLE('',#2762,0.00266666666666666);
#72=CIRCLE('',#2763,0.0428279480538768);
#73=CIRCLE('',#2764,0.00266666666666666);
#74=CIRCLE('',#2765,0.06);
#75=CIRCLE('',#2766,0.0124410151713073);
#76=CIRCLE('',#2767,0.0124302196588998);
#77=CIRCLE('',#2768,0.0124410151713073);
#78=CIRCLE('',#2769,0.00266666666666666);
#79=CIRCLE('',#2770,0.00266666666666666);
#80=CIRCLE('',#2771,0.0333333333333333);
#81=CIRCLE('',#2772,0.00266666666666666);
#82=CIRCLE('',#2773,0.00266666666666666);
#83=CIRCLE('',#2775,0.00266666666666666);
#84=CIRCLE('',#2776,0.0124410151713073);
#85=CIRCLE('',#2777,0.00266666666666666);
#86=CIRCLE('',#2778,0.00266666666666666);
#87=CIRCLE('',#2779,0.0333333333333333);
#88=CIRCLE('',#2780,0.00266666666666666);
#89=CIRCLE('',#2781,0.06);
#90=CIRCLE('',#2782,0.0428279480538768);
#91=CIRCLE('',#2783,0.00266666666666666);
#92=CIRCLE('',#2784,0.06);
#93=CIRCLE('',#2785,0.0137743485046423);
#94=CIRCLE('',#2786,0.00196);
#95=CIRCLE('',#2788,0.00165);
#96=CIRCLE('',#2789,0.02);
#97=CIRCLE('',#2790,0.0124302196588998);
#98=CIRCLE('',#2791,0.0124410151713073);
#99=CIRCLE('',#2792,0.00666666666666696);
#100=CIRCLE('',#2793,0.04);
#101=CIRCLE('',#2794,0.00666666666666667);
#102=CIRCLE('',#2795,0.0137743485046423);
#103=CIRCLE('',#2796,0.00666666666666667);
#104=CIRCLE('',#2797,0.00666666666666667);
#105=CIRCLE('',#2798,0.0137743485046423);
#106=CIRCLE('',#2799,0.00666666666666667);
#107=CIRCLE('',#2800,0.00666666666666667);
#108=CIRCLE('',#2801,0.00266666666666666);
#109=CIRCLE('',#2802,0.0453333333333823);
#110=CIRCLE('',#2803,0.00266666666666666);
#111=CIRCLE('',#2804,0.00266666666666666);
#112=CIRCLE('',#2805,0.0428279480538768);
#113=CIRCLE('',#2806,0.00266666666666666);
#114=CIRCLE('',#2807,0.00196);
#115=CIRCLE('',#2808,0.0333333333333333);
#116=CIRCLE('',#2809,0.00266666666666666);
#117=CIRCLE('',#2810,0.0124410151713073);
#118=CIRCLE('',#2811,0.00266666666666666);
#119=CIRCLE('',#2812,0.0453333333333823);
#120=CIRCLE('',#2813,0.00720657686597609);
#121=CIRCLE('',#2814,0.0453333333333823);
#122=CIRCLE('',#2815,0.00266666666666666);
#123=CIRCLE('',#2816,0.00266666666666666);
#124=CIRCLE('',#2817,0.0428279480538768);
#125=CIRCLE('',#2818,0.00266666666666666);
#126=CIRCLE('',#2819,0.00266666666666666);
#127=CIRCLE('',#2820,0.00196);
#128=CIRCLE('',#2821,0.0453333333333823);
#129=CIRCLE('',#2822,0.00720657686597609);
#130=CIRCLE('',#2823,0.0453333333333823);
#131=CIRCLE('',#2824,0.00266666666666666);
#132=CIRCLE('',#2825,0.00266666666666666);
#133=CIRCLE('',#2826,0.0428279480538768);
#134=CIRCLE('',#2827,0.00266666666666666);
#135=CIRCLE('',#2828,0.00266666666666666);
#136=CIRCLE('',#2829,0.0333333333333333);
#137=CIRCLE('',#2830,0.00266666666666666);
#138=CIRCLE('',#2831,0.00266666666666666);
#139=CIRCLE('',#2832,0.0124410151713073);
#140=CIRCLE('',#2833,0.00266666666666666);
#141=CIRCLE('',#2834,0.00266666666666666);
#142=CIRCLE('',#2835,0.00266666666666666);
#143=CIRCLE('',#2836,0.0333333333333333);
#144=CIRCLE('',#2837,0.00266666666666666);
#145=CIRCLE('',#2838,0.00266666666666666);
#146=CIRCLE('',#2839,0.0124410151713073);
#147=CIRCLE('',#2856,0.0453333333333823);
#148=CIRCLE('',#2859,0.0453333333333823);
#149=CIRCLE('',#2866,0.0453333333333823);
#150=CIRCLE('',#2869,0.0453333333333823);
#151=CIRCLE('',#2884,0.0453333333333824);
#152=CIRCLE('',#2905,0.04);
#153=CIRCLE('',#2919,0.004575);
#154=CIRCLE('',#2920,0.004575);
#155=CIRCLE('',#2925,0.004575);
#156=CIRCLE('',#2926,0.004575);
#157=CIRCLE('',#2933,0.004575);
#158=CIRCLE('',#2934,0.004575);
#159=CIRCLE('',#2939,0.004575);
#160=CIRCLE('',#2940,0.004575);
#161=CIRCLE('',#2943,0.04);
#162=CIRCLE('',#2944,0.04);
#163=CIRCLE('',#2945,0.04);
#164=CIRCLE('',#2947,0.02);
#165=CYLINDRICAL_SURFACE('',#2727,0.04);
#166=CYLINDRICAL_SURFACE('',#2732,0.002875);
#167=CYLINDRICAL_SURFACE('',#2735,0.002875);
#168=CYLINDRICAL_SURFACE('',#2738,0.002875);
#169=CYLINDRICAL_SURFACE('',#2741,0.002875);
#170=CYLINDRICAL_SURFACE('',#2744,0.04);
#171=CYLINDRICAL_SURFACE('',#2841,0.00266666666666666);
#172=CYLINDRICAL_SURFACE('',#2843,0.00266666666666666);
#173=CYLINDRICAL_SURFACE('',#2844,0.0333333333333333);
#174=CYLINDRICAL_SURFACE('',#2845,0.00266666666666666);
#175=CYLINDRICAL_SURFACE('',#2847,0.00266666666666666);
#176=CYLINDRICAL_SURFACE('',#2849,0.00266666666666666);
#177=CYLINDRICAL_SURFACE('',#2850,0.0333333333333333);
#178=CYLINDRICAL_SURFACE('',#2851,0.00266666666666666);
#179=CYLINDRICAL_SURFACE('',#2853,0.00266666666666666);
#180=CYLINDRICAL_SURFACE('',#2854,0.0124410151713073);
#181=CYLINDRICAL_SURFACE('',#2855,0.0453333333333823);
#182=CYLINDRICAL_SURFACE('',#2857,0.00720657686597609);
#183=CYLINDRICAL_SURFACE('',#2858,0.0453333333333823);
#184=CYLINDRICAL_SURFACE('',#2860,0.00266666666666666);
#185=CYLINDRICAL_SURFACE('',#2862,0.00266666666666666);
#186=CYLINDRICAL_SURFACE('',#2863,0.0428279480538768);
#187=CYLINDRICAL_SURFACE('',#2865,0.0453333333333823);
#188=CYLINDRICAL_SURFACE('',#2867,0.00720657686597609);
#189=CYLINDRICAL_SURFACE('',#2868,0.0453333333333823);
#190=CYLINDRICAL_SURFACE('',#2870,0.00266666666666666);
#191=CYLINDRICAL_SURFACE('',#2872,0.00266666666666666);
#192=CYLINDRICAL_SURFACE('',#2873,0.0428279480538768);
#193=CYLINDRICAL_SURFACE('',#2874,0.00266666666666666);
#194=CYLINDRICAL_SURFACE('',#2877,0.0333333333333333);
#195=CYLINDRICAL_SURFACE('',#2879,0.00266666666666666);
#196=CYLINDRICAL_SURFACE('',#2880,0.0124410151713073);
#197=CYLINDRICAL_SURFACE('',#2882,0.00266666666666666);
#198=CYLINDRICAL_SURFACE('',#2883,0.0453333333333823);
#199=CYLINDRICAL_SURFACE('',#2885,0.00266666666666666);
#200=CYLINDRICAL_SURFACE('',#2887,0.00266666666666666);
#201=CYLINDRICAL_SURFACE('',#2888,0.0428279480538768);
#202=CYLINDRICAL_SURFACE('',#2889,0.0124302196588998);
#203=CYLINDRICAL_SURFACE('',#2890,0.0124410151713073);
#204=CYLINDRICAL_SURFACE('',#2892,0.00666666666666696);
#205=CYLINDRICAL_SURFACE('',#2894,0.00666666666666667);
#206=CYLINDRICAL_SURFACE('',#2896,0.0137743485046423);
#207=CYLINDRICAL_SURFACE('',#2898,0.00666666666666667);
#208=CYLINDRICAL_SURFACE('',#2899,0.00666666666666667);
#209=CYLINDRICAL_SURFACE('',#2901,0.0137743485046423);
#210=CYLINDRICAL_SURFACE('',#2903,0.00666666666666667);
#211=CYLINDRICAL_SURFACE('',#2904,0.04);
#212=CYLINDRICAL_SURFACE('',#2906,0.00666666666666667);
#213=CYLINDRICAL_SURFACE('',#2907,0.00266666666666666);
#214=CYLINDRICAL_SURFACE('',#2908,0.00266666666666666);
#215=CYLINDRICAL_SURFACE('',#2909,0.00196);
#216=CYLINDRICAL_SURFACE('',#2910,0.00266666666666666);
#217=CYLINDRICAL_SURFACE('',#2911,0.00266666666666666);
#218=CYLINDRICAL_SURFACE('',#2912,0.00196);
#219=CYLINDRICAL_SURFACE('',#2913,0.00266666666666666);
#220=CYLINDRICAL_SURFACE('',#2915,0.0124410151713073);
#221=CYLINDRICAL_SURFACE('',#2918,0.004575);
#222=CYLINDRICAL_SURFACE('',#2924,0.004575);
#223=CYLINDRICAL_SURFACE('',#2932,0.004575);
#224=CYLINDRICAL_SURFACE('',#2938,0.004575);
#225=CYLINDRICAL_SURFACE('',#2979,0.02);
#226=CYLINDRICAL_SURFACE('',#2980,0.00165);
#227=ORIENTED_EDGE('',*,*,#1015,.T.);
#228=ORIENTED_EDGE('',*,*,#1016,.T.);
#229=ORIENTED_EDGE('',*,*,#1017,.F.);
#230=ORIENTED_EDGE('',*,*,#1018,.F.);
#231=ORIENTED_EDGE('',*,*,#1019,.F.);
#232=ORIENTED_EDGE('',*,*,#1020,.F.);
#233=ORIENTED_EDGE('',*,*,#1021,.T.);
#234=ORIENTED_EDGE('',*,*,#1022,.T.);
#235=ORIENTED_EDGE('',*,*,#1023,.T.);
#236=ORIENTED_EDGE('',*,*,#1024,.F.);
#237=ORIENTED_EDGE('',*,*,#1025,.F.);
#238=ORIENTED_EDGE('',*,*,#1026,.T.);
#239=ORIENTED_EDGE('',*,*,#1027,.T.);
#240=ORIENTED_EDGE('',*,*,#1028,.T.);
#241=ORIENTED_EDGE('',*,*,#1029,.T.);
#242=ORIENTED_EDGE('',*,*,#1030,.F.);
#243=ORIENTED_EDGE('',*,*,#1031,.F.);
#244=ORIENTED_EDGE('',*,*,#1032,.T.);
#245=ORIENTED_EDGE('',*,*,#1033,.T.);
#246=ORIENTED_EDGE('',*,*,#1034,.F.);
#247=ORIENTED_EDGE('',*,*,#1035,.F.);
#248=ORIENTED_EDGE('',*,*,#1036,.T.);
#249=ORIENTED_EDGE('',*,*,#1037,.F.);
#250=ORIENTED_EDGE('',*,*,#1038,.T.);
#251=ORIENTED_EDGE('',*,*,#1039,.T.);
#252=ORIENTED_EDGE('',*,*,#1040,.F.);
#253=ORIENTED_EDGE('',*,*,#1041,.T.);
#254=ORIENTED_EDGE('',*,*,#1042,.F.);
#255=ORIENTED_EDGE('',*,*,#1043,.T.);
#256=ORIENTED_EDGE('',*,*,#1044,.T.);
#257=ORIENTED_EDGE('',*,*,#1045,.F.);
#258=ORIENTED_EDGE('',*,*,#1046,.T.);
#259=ORIENTED_EDGE('',*,*,#1047,.F.);
#260=ORIENTED_EDGE('',*,*,#1048,.T.);
#261=ORIENTED_EDGE('',*,*,#1049,.T.);
#262=ORIENTED_EDGE('',*,*,#1050,.F.);
#263=ORIENTED_EDGE('',*,*,#1051,.T.);
#264=ORIENTED_EDGE('',*,*,#1052,.T.);
#265=ORIENTED_EDGE('',*,*,#1053,.F.);
#266=ORIENTED_EDGE('',*,*,#1054,.T.);
#267=ORIENTED_EDGE('',*,*,#1055,.F.);
#268=ORIENTED_EDGE('',*,*,#1056,.T.);
#269=ORIENTED_EDGE('',*,*,#1057,.T.);
#270=ORIENTED_EDGE('',*,*,#1058,.F.);
#271=ORIENTED_EDGE('',*,*,#1059,.F.);
#272=ORIENTED_EDGE('',*,*,#1060,.T.);
#273=ORIENTED_EDGE('',*,*,#1061,.T.);
#274=ORIENTED_EDGE('',*,*,#1062,.F.);
#275=ORIENTED_EDGE('',*,*,#1063,.T.);
#276=ORIENTED_EDGE('',*,*,#1064,.F.);
#277=ORIENTED_EDGE('',*,*,#1065,.T.);
#278=ORIENTED_EDGE('',*,*,#1066,.T.);
#279=ORIENTED_EDGE('',*,*,#1067,.F.);
#280=ORIENTED_EDGE('',*,*,#1068,.F.);
#281=ORIENTED_EDGE('',*,*,#1069,.T.);
#282=ORIENTED_EDGE('',*,*,#1070,.F.);
#283=ORIENTED_EDGE('',*,*,#1071,.T.);
#284=ORIENTED_EDGE('',*,*,#1072,.F.);
#285=ORIENTED_EDGE('',*,*,#1073,.T.);
#286=ORIENTED_EDGE('',*,*,#1074,.F.);
#287=ORIENTED_EDGE('',*,*,#1075,.T.);
#288=ORIENTED_EDGE('',*,*,#1076,.F.);
#289=ORIENTED_EDGE('',*,*,#1077,.T.);
#290=ORIENTED_EDGE('',*,*,#1078,.F.);
#291=ORIENTED_EDGE('',*,*,#1079,.T.);
#292=ORIENTED_EDGE('',*,*,#1080,.F.);
#293=ORIENTED_EDGE('',*,*,#1081,.T.);
#294=ORIENTED_EDGE('',*,*,#1082,.F.);
#295=ORIENTED_EDGE('',*,*,#1083,.T.);
#296=ORIENTED_EDGE('',*,*,#1084,.F.);
#297=ORIENTED_EDGE('',*,*,#1085,.T.);
#298=ORIENTED_EDGE('',*,*,#1086,.F.);
#299=ORIENTED_EDGE('',*,*,#1087,.F.);
#300=ORIENTED_EDGE('',*,*,#1088,.T.);
#301=ORIENTED_EDGE('',*,*,#1089,.T.);
#302=ORIENTED_EDGE('',*,*,#1090,.T.);
#303=ORIENTED_EDGE('',*,*,#1091,.F.);
#304=ORIENTED_EDGE('',*,*,#1092,.T.);
#305=ORIENTED_EDGE('',*,*,#1093,.T.);
#306=ORIENTED_EDGE('',*,*,#1094,.F.);
#307=ORIENTED_EDGE('',*,*,#1095,.T.);
#308=ORIENTED_EDGE('',*,*,#1096,.T.);
#309=ORIENTED_EDGE('',*,*,#1097,.F.);
#310=ORIENTED_EDGE('',*,*,#1098,.F.);
#311=ORIENTED_EDGE('',*,*,#1099,.F.);
#312=ORIENTED_EDGE('',*,*,#1100,.F.);
#313=ORIENTED_EDGE('',*,*,#1101,.F.);
#314=ORIENTED_EDGE('',*,*,#1102,.F.);
#315=ORIENTED_EDGE('',*,*,#1103,.F.);
#316=ORIENTED_EDGE('',*,*,#1104,.F.);
#317=ORIENTED_EDGE('',*,*,#1105,.F.);
#318=ORIENTED_EDGE('',*,*,#1106,.F.);
#319=ORIENTED_EDGE('',*,*,#1107,.F.);
#320=ORIENTED_EDGE('',*,*,#1108,.F.);
#321=ORIENTED_EDGE('',*,*,#1109,.F.);
#322=ORIENTED_EDGE('',*,*,#1110,.F.);
#323=ORIENTED_EDGE('',*,*,#1111,.F.);
#324=ORIENTED_EDGE('',*,*,#1112,.F.);
#325=ORIENTED_EDGE('',*,*,#1113,.F.);
#326=ORIENTED_EDGE('',*,*,#1114,.F.);
#327=ORIENTED_EDGE('',*,*,#1115,.F.);
#328=ORIENTED_EDGE('',*,*,#1116,.F.);
#329=ORIENTED_EDGE('',*,*,#1117,.F.);
#330=ORIENTED_EDGE('',*,*,#1118,.F.);
#331=ORIENTED_EDGE('',*,*,#1119,.F.);
#332=ORIENTED_EDGE('',*,*,#1120,.F.);
#333=ORIENTED_EDGE('',*,*,#1121,.F.);
#334=ORIENTED_EDGE('',*,*,#1122,.F.);
#335=ORIENTED_EDGE('',*,*,#1123,.F.);
#336=ORIENTED_EDGE('',*,*,#1124,.T.);
#337=ORIENTED_EDGE('',*,*,#1125,.T.);
#338=ORIENTED_EDGE('',*,*,#1126,.F.);
#339=ORIENTED_EDGE('',*,*,#1127,.F.);
#340=ORIENTED_EDGE('',*,*,#1128,.T.);
#341=ORIENTED_EDGE('',*,*,#1129,.T.);
#342=ORIENTED_EDGE('',*,*,#1130,.T.);
#343=ORIENTED_EDGE('',*,*,#1131,.F.);
#344=ORIENTED_EDGE('',*,*,#1132,.T.);
#345=ORIENTED_EDGE('',*,*,#1133,.T.);
#346=ORIENTED_EDGE('',*,*,#1024,.T.);
#347=ORIENTED_EDGE('',*,*,#1134,.T.);
#348=ORIENTED_EDGE('',*,*,#1135,.T.);
#349=ORIENTED_EDGE('',*,*,#1136,.F.);
#350=ORIENTED_EDGE('',*,*,#1137,.T.);
#351=ORIENTED_EDGE('',*,*,#1138,.T.);
#352=ORIENTED_EDGE('',*,*,#1040,.T.);
#353=ORIENTED_EDGE('',*,*,#1139,.T.);
#354=ORIENTED_EDGE('',*,*,#1140,.T.);
#355=ORIENTED_EDGE('',*,*,#1141,.F.);
#356=ORIENTED_EDGE('',*,*,#1142,.T.);
#357=ORIENTED_EDGE('',*,*,#1143,.F.);
#358=ORIENTED_EDGE('',*,*,#1144,.T.);
#359=ORIENTED_EDGE('',*,*,#1145,.F.);
#360=ORIENTED_EDGE('',*,*,#1146,.T.);
#361=ORIENTED_EDGE('',*,*,#1147,.F.);
#362=ORIENTED_EDGE('',*,*,#1148,.T.);
#363=ORIENTED_EDGE('',*,*,#1149,.F.);
#364=ORIENTED_EDGE('',*,*,#1150,.F.);
#365=ORIENTED_EDGE('',*,*,#1151,.F.);
#366=ORIENTED_EDGE('',*,*,#1152,.F.);
#367=ORIENTED_EDGE('',*,*,#1153,.T.);
#368=ORIENTED_EDGE('',*,*,#1154,.F.);
#369=ORIENTED_EDGE('',*,*,#1155,.T.);
#370=ORIENTED_EDGE('',*,*,#1156,.F.);
#371=ORIENTED_EDGE('',*,*,#1157,.T.);
#372=ORIENTED_EDGE('',*,*,#1158,.F.);
#373=ORIENTED_EDGE('',*,*,#1159,.T.);
#374=ORIENTED_EDGE('',*,*,#1160,.F.);
#375=ORIENTED_EDGE('',*,*,#1161,.T.);
#376=ORIENTED_EDGE('',*,*,#1162,.F.);
#377=ORIENTED_EDGE('',*,*,#1163,.T.);
#378=ORIENTED_EDGE('',*,*,#1164,.F.);
#379=ORIENTED_EDGE('',*,*,#1165,.T.);
#380=ORIENTED_EDGE('',*,*,#1166,.F.);
#381=ORIENTED_EDGE('',*,*,#1167,.F.);
#382=ORIENTED_EDGE('',*,*,#1168,.T.);
#383=ORIENTED_EDGE('',*,*,#1169,.F.);
#384=ORIENTED_EDGE('',*,*,#1170,.T.);
#385=ORIENTED_EDGE('',*,*,#1171,.F.);
#386=ORIENTED_EDGE('',*,*,#1172,.T.);
#387=ORIENTED_EDGE('',*,*,#1173,.F.);
#388=ORIENTED_EDGE('',*,*,#1174,.F.);
#389=ORIENTED_EDGE('',*,*,#1175,.T.);
#390=ORIENTED_EDGE('',*,*,#1176,.F.);
#391=ORIENTED_EDGE('',*,*,#1177,.T.);
#392=ORIENTED_EDGE('',*,*,#1178,.F.);
#393=ORIENTED_EDGE('',*,*,#1179,.T.);
#394=ORIENTED_EDGE('',*,*,#1180,.F.);
#395=ORIENTED_EDGE('',*,*,#1181,.T.);
#396=ORIENTED_EDGE('',*,*,#1182,.F.);
#397=ORIENTED_EDGE('',*,*,#1183,.T.);
#398=ORIENTED_EDGE('',*,*,#1184,.T.);
#399=ORIENTED_EDGE('',*,*,#1185,.T.);
#400=ORIENTED_EDGE('',*,*,#1186,.F.);
#401=ORIENTED_EDGE('',*,*,#1187,.T.);
#402=ORIENTED_EDGE('',*,*,#1188,.F.);
#403=ORIENTED_EDGE('',*,*,#1189,.T.);
#404=ORIENTED_EDGE('',*,*,#1190,.F.);
#405=ORIENTED_EDGE('',*,*,#1191,.T.);
#406=ORIENTED_EDGE('',*,*,#1192,.F.);
#407=ORIENTED_EDGE('',*,*,#1184,.F.);
#408=ORIENTED_EDGE('',*,*,#1193,.F.);
#409=ORIENTED_EDGE('',*,*,#1070,.T.);
#410=ORIENTED_EDGE('',*,*,#1194,.T.);
#411=ORIENTED_EDGE('',*,*,#1185,.F.);
#412=ORIENTED_EDGE('',*,*,#1194,.F.);
#413=ORIENTED_EDGE('',*,*,#1078,.T.);
#414=ORIENTED_EDGE('',*,*,#1195,.T.);
#415=ORIENTED_EDGE('',*,*,#1186,.T.);
#416=ORIENTED_EDGE('',*,*,#1195,.F.);
#417=ORIENTED_EDGE('',*,*,#1077,.F.);
#418=ORIENTED_EDGE('',*,*,#1196,.T.);
#419=ORIENTED_EDGE('',*,*,#1187,.F.);
#420=ORIENTED_EDGE('',*,*,#1196,.F.);
#421=ORIENTED_EDGE('',*,*,#1076,.T.);
#422=ORIENTED_EDGE('',*,*,#1197,.T.);
#423=ORIENTED_EDGE('',*,*,#1188,.T.);
#424=ORIENTED_EDGE('',*,*,#1197,.F.);
#425=ORIENTED_EDGE('',*,*,#1075,.F.);
#426=ORIENTED_EDGE('',*,*,#1198,.T.);
#427=ORIENTED_EDGE('',*,*,#1189,.F.);
#428=ORIENTED_EDGE('',*,*,#1198,.F.);
#429=ORIENTED_EDGE('',*,*,#1074,.T.);
#430=ORIENTED_EDGE('',*,*,#1199,.T.);
#431=ORIENTED_EDGE('',*,*,#1190,.T.);
#432=ORIENTED_EDGE('',*,*,#1199,.F.);
#433=ORIENTED_EDGE('',*,*,#1073,.F.);
#434=ORIENTED_EDGE('',*,*,#1200,.T.);
#435=ORIENTED_EDGE('',*,*,#1191,.F.);
#436=ORIENTED_EDGE('',*,*,#1200,.F.);
#437=ORIENTED_EDGE('',*,*,#1072,.T.);
#438=ORIENTED_EDGE('',*,*,#1201,.T.);
#439=ORIENTED_EDGE('',*,*,#1176,.T.);
#440=ORIENTED_EDGE('',*,*,#1202,.F.);
#441=ORIENTED_EDGE('',*,*,#1079,.F.);
#442=ORIENTED_EDGE('',*,*,#1203,.T.);
#443=ORIENTED_EDGE('',*,*,#1177,.F.);
#444=ORIENTED_EDGE('',*,*,#1203,.F.);
#445=ORIENTED_EDGE('',*,*,#1086,.T.);
#446=ORIENTED_EDGE('',*,*,#1204,.T.);
#447=ORIENTED_EDGE('',*,*,#1178,.T.);
#448=ORIENTED_EDGE('',*,*,#1204,.F.);
#449=ORIENTED_EDGE('',*,*,#1085,.F.);
#450=ORIENTED_EDGE('',*,*,#1205,.T.);
#451=ORIENTED_EDGE('',*,*,#1179,.F.);
#452=ORIENTED_EDGE('',*,*,#1205,.F.);
#453=ORIENTED_EDGE('',*,*,#1084,.T.);
#454=ORIENTED_EDGE('',*,*,#1206,.T.);
#455=ORIENTED_EDGE('',*,*,#1180,.T.);
#456=ORIENTED_EDGE('',*,*,#1206,.F.);
#457=ORIENTED_EDGE('',*,*,#1083,.F.);
#458=ORIENTED_EDGE('',*,*,#1207,.T.);
#459=ORIENTED_EDGE('',*,*,#1181,.F.);
#460=ORIENTED_EDGE('',*,*,#1207,.F.);
#461=ORIENTED_EDGE('',*,*,#1082,.T.);
#462=ORIENTED_EDGE('',*,*,#1208,.T.);
#463=ORIENTED_EDGE('',*,*,#1182,.T.);
#464=ORIENTED_EDGE('',*,*,#1208,.F.);
#465=ORIENTED_EDGE('',*,*,#1081,.F.);
#466=ORIENTED_EDGE('',*,*,#1209,.T.);
#467=ORIENTED_EDGE('',*,*,#1167,.T.);
#468=ORIENTED_EDGE('',*,*,#1210,.F.);
#469=ORIENTED_EDGE('',*,*,#1211,.T.);
#470=ORIENTED_EDGE('',*,*,#1212,.T.);
#471=ORIENTED_EDGE('',*,*,#1213,.F.);
#472=ORIENTED_EDGE('',*,*,#1214,.T.);
#473=ORIENTED_EDGE('',*,*,#1168,.F.);
#474=ORIENTED_EDGE('',*,*,#1214,.F.);
#475=ORIENTED_EDGE('',*,*,#1213,.T.);
#476=ORIENTED_EDGE('',*,*,#1215,.T.);
#477=ORIENTED_EDGE('',*,*,#1216,.F.);
#478=ORIENTED_EDGE('',*,*,#1217,.T.);
#479=ORIENTED_EDGE('',*,*,#1169,.T.);
#480=ORIENTED_EDGE('',*,*,#1217,.F.);
#481=ORIENTED_EDGE('',*,*,#1216,.T.);
#482=ORIENTED_EDGE('',*,*,#1218,.T.);
#483=ORIENTED_EDGE('',*,*,#1219,.F.);
#484=ORIENTED_EDGE('',*,*,#1220,.T.);
#485=ORIENTED_EDGE('',*,*,#1170,.F.);
#486=ORIENTED_EDGE('',*,*,#1220,.F.);
#487=ORIENTED_EDGE('',*,*,#1219,.T.);
#488=ORIENTED_EDGE('',*,*,#1221,.T.);
#489=ORIENTED_EDGE('',*,*,#1222,.T.);
#490=ORIENTED_EDGE('',*,*,#1171,.T.);
#491=ORIENTED_EDGE('',*,*,#1222,.F.);
#492=ORIENTED_EDGE('',*,*,#1223,.T.);
#493=ORIENTED_EDGE('',*,*,#1092,.F.);
#494=ORIENTED_EDGE('',*,*,#1224,.T.);
#495=ORIENTED_EDGE('',*,*,#1172,.F.);
#496=ORIENTED_EDGE('',*,*,#1224,.F.);
#497=ORIENTED_EDGE('',*,*,#1091,.T.);
#498=ORIENTED_EDGE('',*,*,#1225,.T.);
#499=ORIENTED_EDGE('',*,*,#1173,.T.);
#500=ORIENTED_EDGE('',*,*,#1225,.F.);
#501=ORIENTED_EDGE('',*,*,#1090,.F.);
#502=ORIENTED_EDGE('',*,*,#1226,.T.);
#503=ORIENTED_EDGE('',*,*,#1174,.T.);
#504=ORIENTED_EDGE('',*,*,#1226,.F.);
#505=ORIENTED_EDGE('',*,*,#1089,.F.);
#506=ORIENTED_EDGE('',*,*,#1227,.T.);
#507=ORIENTED_EDGE('',*,*,#1228,.F.);
#508=ORIENTED_EDGE('',*,*,#1229,.T.);
#509=ORIENTED_EDGE('',*,*,#1156,.T.);
#510=ORIENTED_EDGE('',*,*,#1230,.F.);
#511=ORIENTED_EDGE('',*,*,#1231,.T.);
#512=ORIENTED_EDGE('',*,*,#1232,.T.);
#513=ORIENTED_EDGE('',*,*,#1157,.F.);
#514=ORIENTED_EDGE('',*,*,#1232,.F.);
#515=ORIENTED_EDGE('',*,*,#1233,.T.);
#516=ORIENTED_EDGE('',*,*,#1234,.T.);
#517=ORIENTED_EDGE('',*,*,#1158,.T.);
#518=ORIENTED_EDGE('',*,*,#1234,.F.);
#519=ORIENTED_EDGE('',*,*,#1235,.T.);
#520=ORIENTED_EDGE('',*,*,#1236,.T.);
#521=ORIENTED_EDGE('',*,*,#1159,.F.);
#522=ORIENTED_EDGE('',*,*,#1236,.F.);
#523=ORIENTED_EDGE('',*,*,#1237,.T.);
#524=ORIENTED_EDGE('',*,*,#1238,.F.);
#525=ORIENTED_EDGE('',*,*,#1239,.T.);
#526=ORIENTED_EDGE('',*,*,#1160,.T.);
#527=ORIENTED_EDGE('',*,*,#1239,.F.);
#528=ORIENTED_EDGE('',*,*,#1238,.T.);
#529=ORIENTED_EDGE('',*,*,#1240,.T.);
#530=ORIENTED_EDGE('',*,*,#1048,.F.);
#531=ORIENTED_EDGE('',*,*,#1241,.T.);
#532=ORIENTED_EDGE('',*,*,#1161,.F.);
#533=ORIENTED_EDGE('',*,*,#1241,.F.);
#534=ORIENTED_EDGE('',*,*,#1047,.T.);
#535=ORIENTED_EDGE('',*,*,#1242,.T.);
#536=ORIENTED_EDGE('',*,*,#1162,.T.);
#537=ORIENTED_EDGE('',*,*,#1242,.F.);
#538=ORIENTED_EDGE('',*,*,#1046,.F.);
#539=ORIENTED_EDGE('',*,*,#1243,.T.);
#540=ORIENTED_EDGE('',*,*,#1163,.F.);
#541=ORIENTED_EDGE('',*,*,#1243,.F.);
#542=ORIENTED_EDGE('',*,*,#1045,.T.);
#543=ORIENTED_EDGE('',*,*,#1244,.T.);
#544=ORIENTED_EDGE('',*,*,#1164,.T.);
#545=ORIENTED_EDGE('',*,*,#1244,.F.);
#546=ORIENTED_EDGE('',*,*,#1044,.F.);
#547=ORIENTED_EDGE('',*,*,#1245,.T.);
#548=ORIENTED_EDGE('',*,*,#1246,.F.);
#549=ORIENTED_EDGE('',*,*,#1247,.T.);
#550=ORIENTED_EDGE('',*,*,#1150,.T.);
#551=ORIENTED_EDGE('',*,*,#1248,.F.);
#552=ORIENTED_EDGE('',*,*,#1052,.F.);
#553=ORIENTED_EDGE('',*,*,#1249,.T.);
#554=ORIENTED_EDGE('',*,*,#1151,.T.);
#555=ORIENTED_EDGE('',*,*,#1249,.F.);
#556=ORIENTED_EDGE('',*,*,#1057,.F.);
#557=ORIENTED_EDGE('',*,*,#1250,.T.);
#558=ORIENTED_EDGE('',*,*,#1152,.T.);
#559=ORIENTED_EDGE('',*,*,#1250,.F.);
#560=ORIENTED_EDGE('',*,*,#1056,.F.);
#561=ORIENTED_EDGE('',*,*,#1251,.T.);
#562=ORIENTED_EDGE('',*,*,#1153,.F.);
#563=ORIENTED_EDGE('',*,*,#1251,.F.);
#564=ORIENTED_EDGE('',*,*,#1055,.T.);
#565=ORIENTED_EDGE('',*,*,#1252,.T.);
#566=ORIENTED_EDGE('',*,*,#1154,.T.);
#567=ORIENTED_EDGE('',*,*,#1252,.F.);
#568=ORIENTED_EDGE('',*,*,#1054,.F.);
#569=ORIENTED_EDGE('',*,*,#1253,.T.);
#570=ORIENTED_EDGE('',*,*,#1141,.T.);
#571=ORIENTED_EDGE('',*,*,#1254,.F.);
#572=ORIENTED_EDGE('',*,*,#1061,.F.);
#573=ORIENTED_EDGE('',*,*,#1255,.T.);
#574=ORIENTED_EDGE('',*,*,#1256,.T.);
#575=ORIENTED_EDGE('',*,*,#1142,.F.);
#576=ORIENTED_EDGE('',*,*,#1256,.F.);
#577=ORIENTED_EDGE('',*,*,#1257,.T.);
#578=ORIENTED_EDGE('',*,*,#1258,.T.);
#579=ORIENTED_EDGE('',*,*,#1143,.T.);
#580=ORIENTED_EDGE('',*,*,#1258,.F.);
#581=ORIENTED_EDGE('',*,*,#1259,.T.);
#582=ORIENTED_EDGE('',*,*,#1260,.T.);
#583=ORIENTED_EDGE('',*,*,#1144,.F.);
#584=ORIENTED_EDGE('',*,*,#1260,.F.);
#585=ORIENTED_EDGE('',*,*,#1261,.T.);
#586=ORIENTED_EDGE('',*,*,#1262,.F.);
#587=ORIENTED_EDGE('',*,*,#1263,.T.);
#588=ORIENTED_EDGE('',*,*,#1145,.T.);
#589=ORIENTED_EDGE('',*,*,#1263,.F.);
#590=ORIENTED_EDGE('',*,*,#1262,.T.);
#591=ORIENTED_EDGE('',*,*,#1264,.T.);
#592=ORIENTED_EDGE('',*,*,#1065,.F.);
#593=ORIENTED_EDGE('',*,*,#1265,.T.);
#594=ORIENTED_EDGE('',*,*,#1146,.F.);
#595=ORIENTED_EDGE('',*,*,#1265,.F.);
#596=ORIENTED_EDGE('',*,*,#1064,.T.);
#597=ORIENTED_EDGE('',*,*,#1266,.T.);
#598=ORIENTED_EDGE('',*,*,#1147,.T.);
#599=ORIENTED_EDGE('',*,*,#1266,.F.);
#600=ORIENTED_EDGE('',*,*,#1063,.F.);
#601=ORIENTED_EDGE('',*,*,#1267,.T.);
#602=ORIENTED_EDGE('',*,*,#1123,.T.);
#603=ORIENTED_EDGE('',*,*,#1268,.F.);
#604=ORIENTED_EDGE('',*,*,#1069,.F.);
#605=ORIENTED_EDGE('',*,*,#1269,.T.);
#606=ORIENTED_EDGE('',*,*,#1124,.F.);
#607=ORIENTED_EDGE('',*,*,#1269,.F.);
#608=ORIENTED_EDGE('',*,*,#1068,.T.);
#609=ORIENTED_EDGE('',*,*,#1270,.T.);
#610=ORIENTED_EDGE('',*,*,#1125,.F.);
#611=ORIENTED_EDGE('',*,*,#1270,.F.);
#612=ORIENTED_EDGE('',*,*,#1067,.T.);
#613=ORIENTED_EDGE('',*,*,#1271,.T.);
#614=ORIENTED_EDGE('',*,*,#1272,.T.);
#615=ORIENTED_EDGE('',*,*,#1126,.T.);
#616=ORIENTED_EDGE('',*,*,#1272,.F.);
#617=ORIENTED_EDGE('',*,*,#1273,.T.);
#618=ORIENTED_EDGE('',*,*,#1274,.T.);
#619=ORIENTED_EDGE('',*,*,#1127,.T.);
#620=ORIENTED_EDGE('',*,*,#1274,.F.);
#621=ORIENTED_EDGE('',*,*,#1275,.T.);
#622=ORIENTED_EDGE('',*,*,#1276,.T.);
#623=ORIENTED_EDGE('',*,*,#1129,.F.);
#624=ORIENTED_EDGE('',*,*,#1277,.F.);
#625=ORIENTED_EDGE('',*,*,#1278,.T.);
#626=ORIENTED_EDGE('',*,*,#1279,.F.);
#627=ORIENTED_EDGE('',*,*,#1280,.T.);
#628=ORIENTED_EDGE('',*,*,#1130,.F.);
#629=ORIENTED_EDGE('',*,*,#1280,.F.);
#630=ORIENTED_EDGE('',*,*,#1279,.T.);
#631=ORIENTED_EDGE('',*,*,#1281,.T.);
#632=ORIENTED_EDGE('',*,*,#1087,.T.);
#633=ORIENTED_EDGE('',*,*,#1282,.T.);
#634=ORIENTED_EDGE('',*,*,#1131,.T.);
#635=ORIENTED_EDGE('',*,*,#1282,.F.);
#636=ORIENTED_EDGE('',*,*,#1095,.F.);
#637=ORIENTED_EDGE('',*,*,#1283,.T.);
#638=ORIENTED_EDGE('',*,*,#1132,.F.);
#639=ORIENTED_EDGE('',*,*,#1283,.F.);
#640=ORIENTED_EDGE('',*,*,#1094,.T.);
#641=ORIENTED_EDGE('',*,*,#1284,.T.);
#642=ORIENTED_EDGE('',*,*,#1285,.F.);
#643=ORIENTED_EDGE('',*,*,#1286,.T.);
#644=ORIENTED_EDGE('',*,*,#1133,.F.);
#645=ORIENTED_EDGE('',*,*,#1286,.F.);
#646=ORIENTED_EDGE('',*,*,#1285,.T.);
#647=ORIENTED_EDGE('',*,*,#1287,.T.);
#648=ORIENTED_EDGE('',*,*,#1026,.F.);
#649=ORIENTED_EDGE('',*,*,#1025,.T.);
#650=ORIENTED_EDGE('',*,*,#1134,.F.);
#651=ORIENTED_EDGE('',*,*,#1023,.F.);
#652=ORIENTED_EDGE('',*,*,#1022,.F.);
#653=ORIENTED_EDGE('',*,*,#1288,.T.);
#654=ORIENTED_EDGE('',*,*,#1289,.F.);
#655=ORIENTED_EDGE('',*,*,#1290,.T.);
#656=ORIENTED_EDGE('',*,*,#1135,.F.);
#657=ORIENTED_EDGE('',*,*,#1290,.F.);
#658=ORIENTED_EDGE('',*,*,#1289,.T.);
#659=ORIENTED_EDGE('',*,*,#1291,.T.);
#660=ORIENTED_EDGE('',*,*,#1042,.T.);
#661=ORIENTED_EDGE('',*,*,#1292,.T.);
#662=ORIENTED_EDGE('',*,*,#1136,.T.);
#663=ORIENTED_EDGE('',*,*,#1292,.F.);
#664=ORIENTED_EDGE('',*,*,#1051,.F.);
#665=ORIENTED_EDGE('',*,*,#1293,.T.);
#666=ORIENTED_EDGE('',*,*,#1137,.F.);
#667=ORIENTED_EDGE('',*,*,#1293,.F.);
#668=ORIENTED_EDGE('',*,*,#1050,.T.);
#669=ORIENTED_EDGE('',*,*,#1294,.T.);
#670=ORIENTED_EDGE('',*,*,#1295,.F.);
#671=ORIENTED_EDGE('',*,*,#1296,.T.);
#672=ORIENTED_EDGE('',*,*,#1138,.F.);
#673=ORIENTED_EDGE('',*,*,#1296,.F.);
#674=ORIENTED_EDGE('',*,*,#1295,.T.);
#675=ORIENTED_EDGE('',*,*,#1297,.T.);
#676=ORIENTED_EDGE('',*,*,#1037,.T.);
#677=ORIENTED_EDGE('',*,*,#1298,.T.);
#678=ORIENTED_EDGE('',*,*,#1277,.T.);
#679=ORIENTED_EDGE('',*,*,#1128,.F.);
#680=ORIENTED_EDGE('',*,*,#1276,.F.);
#681=ORIENTED_EDGE('',*,*,#1139,.F.);
#682=ORIENTED_EDGE('',*,*,#1039,.F.);
#683=ORIENTED_EDGE('',*,*,#1299,.T.);
#684=ORIENTED_EDGE('',*,*,#1300,.F.);
#685=ORIENTED_EDGE('',*,*,#1301,.T.);
#686=ORIENTED_EDGE('',*,*,#1183,.F.);
#687=ORIENTED_EDGE('',*,*,#1209,.F.);
#688=ORIENTED_EDGE('',*,*,#1080,.T.);
#689=ORIENTED_EDGE('',*,*,#1202,.T.);
#690=ORIENTED_EDGE('',*,*,#1175,.F.);
#691=ORIENTED_EDGE('',*,*,#1229,.F.);
#692=ORIENTED_EDGE('',*,*,#1228,.T.);
#693=ORIENTED_EDGE('',*,*,#1302,.T.);
#694=ORIENTED_EDGE('',*,*,#1211,.F.);
#695=ORIENTED_EDGE('',*,*,#1210,.T.);
#696=ORIENTED_EDGE('',*,*,#1041,.F.);
#697=ORIENTED_EDGE('',*,*,#1166,.T.);
#698=ORIENTED_EDGE('',*,*,#1165,.F.);
#699=ORIENTED_EDGE('',*,*,#1247,.F.);
#700=ORIENTED_EDGE('',*,*,#1246,.T.);
#701=ORIENTED_EDGE('',*,*,#1303,.T.);
#702=ORIENTED_EDGE('',*,*,#1230,.T.);
#703=ORIENTED_EDGE('',*,*,#1155,.F.);
#704=ORIENTED_EDGE('',*,*,#1253,.F.);
#705=ORIENTED_EDGE('',*,*,#1053,.T.);
#706=ORIENTED_EDGE('',*,*,#1248,.T.);
#707=ORIENTED_EDGE('',*,*,#1096,.F.);
#708=ORIENTED_EDGE('',*,*,#1149,.T.);
#709=ORIENTED_EDGE('',*,*,#1148,.F.);
#710=ORIENTED_EDGE('',*,*,#1267,.F.);
#711=ORIENTED_EDGE('',*,*,#1062,.T.);
#712=ORIENTED_EDGE('',*,*,#1254,.T.);
#713=ORIENTED_EDGE('',*,*,#1140,.F.);
#714=ORIENTED_EDGE('',*,*,#1301,.F.);
#715=ORIENTED_EDGE('',*,*,#1300,.T.);
#716=ORIENTED_EDGE('',*,*,#1304,.T.);
#717=ORIENTED_EDGE('',*,*,#1059,.T.);
#718=ORIENTED_EDGE('',*,*,#1268,.T.);
#719=ORIENTED_EDGE('',*,*,#1192,.T.);
#720=ORIENTED_EDGE('',*,*,#1201,.F.);
#721=ORIENTED_EDGE('',*,*,#1071,.F.);
#722=ORIENTED_EDGE('',*,*,#1193,.T.);
#723=ORIENTED_EDGE('',*,*,#1305,.T.);
#724=ORIENTED_EDGE('',*,*,#1306,.F.);
#725=ORIENTED_EDGE('',*,*,#1307,.F.);
#726=ORIENTED_EDGE('',*,*,#1308,.T.);
#727=ORIENTED_EDGE('',*,*,#1307,.T.);
#728=ORIENTED_EDGE('',*,*,#1309,.F.);
#729=ORIENTED_EDGE('',*,*,#1310,.F.);
#730=ORIENTED_EDGE('',*,*,#1311,.T.);
#731=ORIENTED_EDGE('',*,*,#1310,.T.);
#732=ORIENTED_EDGE('',*,*,#1312,.F.);
#733=ORIENTED_EDGE('',*,*,#1313,.F.);
#734=ORIENTED_EDGE('',*,*,#1314,.T.);
#735=ORIENTED_EDGE('',*,*,#1313,.T.);
#736=ORIENTED_EDGE('',*,*,#1315,.T.);
#737=ORIENTED_EDGE('',*,*,#1316,.F.);
#738=ORIENTED_EDGE('',*,*,#1317,.F.);
#739=ORIENTED_EDGE('',*,*,#1316,.T.);
#740=ORIENTED_EDGE('',*,*,#1318,.F.);
#741=ORIENTED_EDGE('',*,*,#1319,.F.);
#742=ORIENTED_EDGE('',*,*,#1320,.T.);
#743=ORIENTED_EDGE('',*,*,#1319,.T.);
#744=ORIENTED_EDGE('',*,*,#1321,.F.);
#745=ORIENTED_EDGE('',*,*,#1322,.F.);
#746=ORIENTED_EDGE('',*,*,#1323,.T.);
#747=ORIENTED_EDGE('',*,*,#1322,.T.);
#748=ORIENTED_EDGE('',*,*,#1324,.T.);
#749=ORIENTED_EDGE('',*,*,#1325,.F.);
#750=ORIENTED_EDGE('',*,*,#1326,.F.);
#751=ORIENTED_EDGE('',*,*,#1325,.T.);
#752=ORIENTED_EDGE('',*,*,#1327,.T.);
#753=ORIENTED_EDGE('',*,*,#1328,.F.);
#754=ORIENTED_EDGE('',*,*,#1329,.F.);
#755=ORIENTED_EDGE('',*,*,#1330,.T.);
#756=ORIENTED_EDGE('',*,*,#1331,.F.);
#757=ORIENTED_EDGE('',*,*,#1332,.F.);
#758=ORIENTED_EDGE('',*,*,#1328,.T.);
#759=ORIENTED_EDGE('',*,*,#1331,.T.);
#760=ORIENTED_EDGE('',*,*,#1333,.F.);
#761=ORIENTED_EDGE('',*,*,#1028,.F.);
#762=ORIENTED_EDGE('',*,*,#1334,.F.);
#763=ORIENTED_EDGE('',*,*,#1020,.T.);
#764=ORIENTED_EDGE('',*,*,#1335,.T.);
#765=ORIENTED_EDGE('',*,*,#1015,.F.);
#766=ORIENTED_EDGE('',*,*,#1336,.T.);
#767=ORIENTED_EDGE('',*,*,#1017,.T.);
#768=ORIENTED_EDGE('',*,*,#1337,.F.);
#769=ORIENTED_EDGE('',*,*,#1338,.F.);
#770=ORIENTED_EDGE('',*,*,#1339,.T.);
#771=ORIENTED_EDGE('',*,*,#1338,.T.);
#772=ORIENTED_EDGE('',*,*,#1340,.F.);
#773=ORIENTED_EDGE('',*,*,#1341,.F.);
#774=ORIENTED_EDGE('',*,*,#1342,.T.);
#775=ORIENTED_EDGE('',*,*,#1341,.T.);
#776=ORIENTED_EDGE('',*,*,#1343,.T.);
#777=ORIENTED_EDGE('',*,*,#1344,.F.);
#778=ORIENTED_EDGE('',*,*,#1345,.F.);
#779=ORIENTED_EDGE('',*,*,#1344,.T.);
#780=ORIENTED_EDGE('',*,*,#1346,.T.);
#781=ORIENTED_EDGE('',*,*,#1347,.F.);
#782=ORIENTED_EDGE('',*,*,#1348,.F.);
#783=ORIENTED_EDGE('',*,*,#1347,.T.);
#784=ORIENTED_EDGE('',*,*,#1349,.F.);
#785=ORIENTED_EDGE('',*,*,#1350,.F.);
#786=ORIENTED_EDGE('',*,*,#1351,.T.);
#787=ORIENTED_EDGE('',*,*,#1350,.T.);
#788=ORIENTED_EDGE('',*,*,#1352,.T.);
#789=ORIENTED_EDGE('',*,*,#1353,.F.);
#790=ORIENTED_EDGE('',*,*,#1354,.F.);
#791=ORIENTED_EDGE('',*,*,#1353,.T.);
#792=ORIENTED_EDGE('',*,*,#1355,.T.);
#793=ORIENTED_EDGE('',*,*,#1305,.F.);
#794=ORIENTED_EDGE('',*,*,#1356,.F.);
#795=ORIENTED_EDGE('',*,*,#1308,.F.);
#796=ORIENTED_EDGE('',*,*,#1311,.F.);
#797=ORIENTED_EDGE('',*,*,#1314,.F.);
#798=ORIENTED_EDGE('',*,*,#1317,.T.);
#799=ORIENTED_EDGE('',*,*,#1320,.F.);
#800=ORIENTED_EDGE('',*,*,#1323,.F.);
#801=ORIENTED_EDGE('',*,*,#1326,.T.);
#802=ORIENTED_EDGE('',*,*,#1329,.T.);
#803=ORIENTED_EDGE('',*,*,#1332,.T.);
#804=ORIENTED_EDGE('',*,*,#1334,.T.);
#805=ORIENTED_EDGE('',*,*,#1027,.F.);
#806=ORIENTED_EDGE('',*,*,#1357,.F.);
#807=ORIENTED_EDGE('',*,*,#1298,.F.);
#808=ORIENTED_EDGE('',*,*,#1358,.F.);
#809=ORIENTED_EDGE('',*,*,#1038,.F.);
#810=ORIENTED_EDGE('',*,*,#1359,.F.);
#811=ORIENTED_EDGE('',*,*,#1021,.F.);
#812=ORIENTED_EDGE('',*,*,#1336,.F.);
#813=ORIENTED_EDGE('',*,*,#1018,.T.);
#814=ORIENTED_EDGE('',*,*,#1339,.F.);
#815=ORIENTED_EDGE('',*,*,#1342,.F.);
#816=ORIENTED_EDGE('',*,*,#1345,.T.);
#817=ORIENTED_EDGE('',*,*,#1348,.T.);
#818=ORIENTED_EDGE('',*,*,#1351,.F.);
#819=ORIENTED_EDGE('',*,*,#1354,.T.);
#820=ORIENTED_EDGE('',*,*,#1356,.T.);
#821=ORIENTED_EDGE('',*,*,#1033,.F.);
#822=ORIENTED_EDGE('',*,*,#1031,.T.);
#823=ORIENTED_EDGE('',*,*,#1029,.F.);
#824=ORIENTED_EDGE('',*,*,#1035,.T.);
#825=ORIENTED_EDGE('',*,*,#1360,.F.);
#826=ORIENTED_EDGE('',*,*,#1312,.T.);
#827=ORIENTED_EDGE('',*,*,#1309,.T.);
#828=ORIENTED_EDGE('',*,*,#1306,.T.);
#829=ORIENTED_EDGE('',*,*,#1355,.F.);
#830=ORIENTED_EDGE('',*,*,#1352,.F.);
#831=ORIENTED_EDGE('',*,*,#1349,.T.);
#832=ORIENTED_EDGE('',*,*,#1346,.F.);
#833=ORIENTED_EDGE('',*,*,#1343,.F.);
#834=ORIENTED_EDGE('',*,*,#1340,.T.);
#835=ORIENTED_EDGE('',*,*,#1337,.T.);
#836=ORIENTED_EDGE('',*,*,#1016,.F.);
#837=ORIENTED_EDGE('',*,*,#1335,.F.);
#838=ORIENTED_EDGE('',*,*,#1019,.T.);
#839=ORIENTED_EDGE('',*,*,#1333,.T.);
#840=ORIENTED_EDGE('',*,*,#1330,.F.);
#841=ORIENTED_EDGE('',*,*,#1327,.F.);
#842=ORIENTED_EDGE('',*,*,#1324,.F.);
#843=ORIENTED_EDGE('',*,*,#1321,.T.);
#844=ORIENTED_EDGE('',*,*,#1318,.T.);
#845=ORIENTED_EDGE('',*,*,#1315,.F.);
#846=ORIENTED_EDGE('',*,*,#1278,.F.);
#847=ORIENTED_EDGE('',*,*,#1357,.T.);
#848=ORIENTED_EDGE('',*,*,#1287,.F.);
#849=ORIENTED_EDGE('',*,*,#1284,.F.);
#850=ORIENTED_EDGE('',*,*,#1093,.F.);
#851=ORIENTED_EDGE('',*,*,#1223,.F.);
#852=ORIENTED_EDGE('',*,*,#1221,.F.);
#853=ORIENTED_EDGE('',*,*,#1218,.F.);
#854=ORIENTED_EDGE('',*,*,#1215,.F.);
#855=ORIENTED_EDGE('',*,*,#1212,.F.);
#856=ORIENTED_EDGE('',*,*,#1302,.F.);
#857=ORIENTED_EDGE('',*,*,#1227,.F.);
#858=ORIENTED_EDGE('',*,*,#1088,.F.);
#859=ORIENTED_EDGE('',*,*,#1281,.F.);
#860=ORIENTED_EDGE('',*,*,#1288,.F.);
#861=ORIENTED_EDGE('',*,*,#1359,.T.);
#862=ORIENTED_EDGE('',*,*,#1297,.F.);
#863=ORIENTED_EDGE('',*,*,#1294,.F.);
#864=ORIENTED_EDGE('',*,*,#1049,.F.);
#865=ORIENTED_EDGE('',*,*,#1240,.F.);
#866=ORIENTED_EDGE('',*,*,#1237,.F.);
#867=ORIENTED_EDGE('',*,*,#1235,.F.);
#868=ORIENTED_EDGE('',*,*,#1233,.F.);
#869=ORIENTED_EDGE('',*,*,#1231,.F.);
#870=ORIENTED_EDGE('',*,*,#1303,.F.);
#871=ORIENTED_EDGE('',*,*,#1245,.F.);
#872=ORIENTED_EDGE('',*,*,#1043,.F.);
#873=ORIENTED_EDGE('',*,*,#1291,.F.);
#874=ORIENTED_EDGE('',*,*,#1299,.F.);
#875=ORIENTED_EDGE('',*,*,#1358,.T.);
#876=ORIENTED_EDGE('',*,*,#1275,.F.);
#877=ORIENTED_EDGE('',*,*,#1273,.F.);
#878=ORIENTED_EDGE('',*,*,#1271,.F.);
#879=ORIENTED_EDGE('',*,*,#1066,.F.);
#880=ORIENTED_EDGE('',*,*,#1264,.F.);
#881=ORIENTED_EDGE('',*,*,#1261,.F.);
#882=ORIENTED_EDGE('',*,*,#1259,.F.);
#883=ORIENTED_EDGE('',*,*,#1257,.F.);
#884=ORIENTED_EDGE('',*,*,#1255,.F.);
#885=ORIENTED_EDGE('',*,*,#1060,.F.);
#886=ORIENTED_EDGE('',*,*,#1304,.F.);
#887=ORIENTED_EDGE('',*,*,#1117,.T.);
#888=ORIENTED_EDGE('',*,*,#1361,.F.);
#889=ORIENTED_EDGE('',*,*,#1362,.F.);
#890=ORIENTED_EDGE('',*,*,#1363,.T.);
#891=ORIENTED_EDGE('',*,*,#1122,.T.);
#892=ORIENTED_EDGE('',*,*,#1364,.F.);
#893=ORIENTED_EDGE('',*,*,#1365,.F.);
#894=ORIENTED_EDGE('',*,*,#1361,.T.);
#895=ORIENTED_EDGE('',*,*,#1121,.T.);
#896=ORIENTED_EDGE('',*,*,#1366,.F.);
#897=ORIENTED_EDGE('',*,*,#1367,.F.);
#898=ORIENTED_EDGE('',*,*,#1364,.T.);
#899=ORIENTED_EDGE('',*,*,#1120,.T.);
#900=ORIENTED_EDGE('',*,*,#1368,.F.);
#901=ORIENTED_EDGE('',*,*,#1369,.F.);
#902=ORIENTED_EDGE('',*,*,#1366,.T.);
#903=ORIENTED_EDGE('',*,*,#1119,.T.);
#904=ORIENTED_EDGE('',*,*,#1370,.F.);
#905=ORIENTED_EDGE('',*,*,#1371,.F.);
#906=ORIENTED_EDGE('',*,*,#1368,.T.);
#907=ORIENTED_EDGE('',*,*,#1118,.T.);
#908=ORIENTED_EDGE('',*,*,#1363,.F.);
#909=ORIENTED_EDGE('',*,*,#1372,.F.);
#910=ORIENTED_EDGE('',*,*,#1370,.T.);
#911=ORIENTED_EDGE('',*,*,#1036,.F.);
#912=ORIENTED_EDGE('',*,*,#1362,.T.);
#913=ORIENTED_EDGE('',*,*,#1365,.T.);
#914=ORIENTED_EDGE('',*,*,#1367,.T.);
#915=ORIENTED_EDGE('',*,*,#1369,.T.);
#916=ORIENTED_EDGE('',*,*,#1371,.T.);
#917=ORIENTED_EDGE('',*,*,#1372,.T.);
#918=ORIENTED_EDGE('',*,*,#1373,.T.);
#919=ORIENTED_EDGE('',*,*,#1374,.T.);
#920=ORIENTED_EDGE('',*,*,#1375,.T.);
#921=ORIENTED_EDGE('',*,*,#1376,.T.);
#922=ORIENTED_EDGE('',*,*,#1377,.T.);
#923=ORIENTED_EDGE('',*,*,#1378,.T.);
#924=ORIENTED_EDGE('',*,*,#1034,.T.);
#925=ORIENTED_EDGE('',*,*,#1111,.T.);
#926=ORIENTED_EDGE('',*,*,#1379,.F.);
#927=ORIENTED_EDGE('',*,*,#1373,.F.);
#928=ORIENTED_EDGE('',*,*,#1380,.T.);
#929=ORIENTED_EDGE('',*,*,#1116,.T.);
#930=ORIENTED_EDGE('',*,*,#1381,.F.);
#931=ORIENTED_EDGE('',*,*,#1374,.F.);
#932=ORIENTED_EDGE('',*,*,#1379,.T.);
#933=ORIENTED_EDGE('',*,*,#1115,.T.);
#934=ORIENTED_EDGE('',*,*,#1382,.F.);
#935=ORIENTED_EDGE('',*,*,#1375,.F.);
#936=ORIENTED_EDGE('',*,*,#1381,.T.);
#937=ORIENTED_EDGE('',*,*,#1114,.T.);
#938=ORIENTED_EDGE('',*,*,#1383,.F.);
#939=ORIENTED_EDGE('',*,*,#1376,.F.);
#940=ORIENTED_EDGE('',*,*,#1382,.T.);
#941=ORIENTED_EDGE('',*,*,#1113,.T.);
#942=ORIENTED_EDGE('',*,*,#1384,.F.);
#943=ORIENTED_EDGE('',*,*,#1377,.F.);
#944=ORIENTED_EDGE('',*,*,#1383,.T.);
#945=ORIENTED_EDGE('',*,*,#1112,.T.);
#946=ORIENTED_EDGE('',*,*,#1380,.F.);
#947=ORIENTED_EDGE('',*,*,#1378,.F.);
#948=ORIENTED_EDGE('',*,*,#1384,.T.);
#949=ORIENTED_EDGE('',*,*,#1105,.T.);
#950=ORIENTED_EDGE('',*,*,#1385,.F.);
#951=ORIENTED_EDGE('',*,*,#1386,.F.);
#952=ORIENTED_EDGE('',*,*,#1387,.T.);
#953=ORIENTED_EDGE('',*,*,#1110,.T.);
#954=ORIENTED_EDGE('',*,*,#1388,.F.);
#955=ORIENTED_EDGE('',*,*,#1389,.F.);
#956=ORIENTED_EDGE('',*,*,#1385,.T.);
#957=ORIENTED_EDGE('',*,*,#1109,.T.);
#958=ORIENTED_EDGE('',*,*,#1390,.F.);
#959=ORIENTED_EDGE('',*,*,#1391,.F.);
#960=ORIENTED_EDGE('',*,*,#1388,.T.);
#961=ORIENTED_EDGE('',*,*,#1108,.T.);
#962=ORIENTED_EDGE('',*,*,#1392,.F.);
#963=ORIENTED_EDGE('',*,*,#1393,.F.);
#964=ORIENTED_EDGE('',*,*,#1390,.T.);
#965=ORIENTED_EDGE('',*,*,#1107,.T.);
#966=ORIENTED_EDGE('',*,*,#1394,.F.);
#967=ORIENTED_EDGE('',*,*,#1395,.F.);
#968=ORIENTED_EDGE('',*,*,#1392,.T.);
#969=ORIENTED_EDGE('',*,*,#1106,.T.);
#970=ORIENTED_EDGE('',*,*,#1387,.F.);
#971=ORIENTED_EDGE('',*,*,#1396,.F.);
#972=ORIENTED_EDGE('',*,*,#1394,.T.);
#973=ORIENTED_EDGE('',*,*,#1032,.F.);
#974=ORIENTED_EDGE('',*,*,#1386,.T.);
#975=ORIENTED_EDGE('',*,*,#1389,.T.);
#976=ORIENTED_EDGE('',*,*,#1391,.T.);
#977=ORIENTED_EDGE('',*,*,#1393,.T.);
#978=ORIENTED_EDGE('',*,*,#1395,.T.);
#979=ORIENTED_EDGE('',*,*,#1396,.T.);
#980=ORIENTED_EDGE('',*,*,#1397,.T.);
#981=ORIENTED_EDGE('',*,*,#1398,.T.);
#982=ORIENTED_EDGE('',*,*,#1399,.T.);
#983=ORIENTED_EDGE('',*,*,#1400,.T.);
#984=ORIENTED_EDGE('',*,*,#1401,.T.);
#985=ORIENTED_EDGE('',*,*,#1402,.T.);
#986=ORIENTED_EDGE('',*,*,#1030,.T.);
#987=ORIENTED_EDGE('',*,*,#1099,.T.);
#988=ORIENTED_EDGE('',*,*,#1403,.F.);
#989=ORIENTED_EDGE('',*,*,#1397,.F.);
#990=ORIENTED_EDGE('',*,*,#1404,.T.);
#991=ORIENTED_EDGE('',*,*,#1104,.T.);
#992=ORIENTED_EDGE('',*,*,#1405,.F.);
#993=ORIENTED_EDGE('',*,*,#1398,.F.);
#994=ORIENTED_EDGE('',*,*,#1403,.T.);
#995=ORIENTED_EDGE('',*,*,#1103,.T.);
#996=ORIENTED_EDGE('',*,*,#1406,.F.);
#997=ORIENTED_EDGE('',*,*,#1399,.F.);
#998=ORIENTED_EDGE('',*,*,#1405,.T.);
#999=ORIENTED_EDGE('',*,*,#1102,.T.);
#1000=ORIENTED_EDGE('',*,*,#1407,.F.);
#1001=ORIENTED_EDGE('',*,*,#1400,.F.);
#1002=ORIENTED_EDGE('',*,*,#1406,.T.);
#1003=ORIENTED_EDGE('',*,*,#1101,.T.);
#1004=ORIENTED_EDGE('',*,*,#1408,.F.);
#1005=ORIENTED_EDGE('',*,*,#1401,.F.);
#1006=ORIENTED_EDGE('',*,*,#1407,.T.);
#1007=ORIENTED_EDGE('',*,*,#1100,.T.);
#1008=ORIENTED_EDGE('',*,*,#1404,.F.);
#1009=ORIENTED_EDGE('',*,*,#1402,.F.);
#1010=ORIENTED_EDGE('',*,*,#1408,.T.);
#1011=ORIENTED_EDGE('',*,*,#1098,.T.);
#1012=ORIENTED_EDGE('',*,*,#1360,.T.);
#1013=ORIENTED_EDGE('',*,*,#1097,.T.);
#1014=ORIENTED_EDGE('',*,*,#1058,.T.);
#1015=EDGE_CURVE('',#1409,#1410,#1680,.T.);
#1016=EDGE_CURVE('',#1410,#1411,#1681,.T.);
#1017=EDGE_CURVE('',#1412,#1411,#1682,.T.);
#1018=EDGE_CURVE('',#1409,#1412,#1683,.T.);
#1019=EDGE_CURVE('',#1413,#1414,#44,.T.);
#1020=EDGE_CURVE('',#1415,#1413,#1684,.T.);
#1021=EDGE_CURVE('',#1415,#1416,#45,.T.);
#1022=EDGE_CURVE('',#1416,#1417,#15,.T.);
#1023=EDGE_CURVE('',#1417,#1418,#1685,.T.);
#1024=EDGE_CURVE('',#1419,#1418,#46,.T.);
#1025=EDGE_CURVE('',#1420,#1419,#1686,.T.);
#1026=EDGE_CURVE('',#1420,#1421,#16,.T.);
#1027=EDGE_CURVE('',#1421,#1422,#47,.T.);
#1028=EDGE_CURVE('',#1422,#1414,#1687,.T.);
#1029=EDGE_CURVE('',#1423,#1423,#48,.T.);
#1030=EDGE_CURVE('',#1424,#1424,#49,.F.);
#1031=EDGE_CURVE('',#1425,#1425,#50,.T.);
#1032=EDGE_CURVE('',#1426,#1426,#51,.T.);
#1033=EDGE_CURVE('',#1427,#1427,#52,.T.);
#1034=EDGE_CURVE('',#1428,#1428,#53,.F.);
#1035=EDGE_CURVE('',#1429,#1429,#54,.T.);
#1036=EDGE_CURVE('',#1430,#1430,#55,.T.);
#1037=EDGE_CURVE('',#1431,#1432,#1688,.T.);
#1038=EDGE_CURVE('',#1431,#1433,#56,.T.);
#1039=EDGE_CURVE('',#1433,#1434,#1689,.T.);
#1040=EDGE_CURVE('',#1432,#1434,#57,.T.);
#1041=EDGE_CURVE('',#1435,#1435,#58,.T.);
#1042=EDGE_CURVE('',#1436,#1437,#1690,.T.);
#1043=EDGE_CURVE('',#1436,#1438,#59,.T.);
#1044=EDGE_CURVE('',#1438,#1439,#1691,.T.);
#1045=EDGE_CURVE('',#1440,#1439,#60,.T.);
#1046=EDGE_CURVE('',#1440,#1441,#61,.T.);
#1047=EDGE_CURVE('',#1442,#1441,#62,.T.);
#1048=EDGE_CURVE('',#1442,#1443,#1692,.T.);
#1049=EDGE_CURVE('',#1443,#1444,#63,.T.);
#1050=EDGE_CURVE('',#1445,#1444,#1693,.T.);
#1051=EDGE_CURVE('',#1445,#1437,#64,.T.);
#1052=EDGE_CURVE('',#1446,#1447,#1694,.T.);
#1053=EDGE_CURVE('',#1448,#1447,#65,.T.);
#1054=EDGE_CURVE('',#1448,#1449,#66,.T.);
#1055=EDGE_CURVE('',#1450,#1449,#67,.T.);
#1056=EDGE_CURVE('',#1450,#1451,#1695,.T.);
#1057=EDGE_CURVE('',#1451,#1446,#68,.T.);
#1058=EDGE_CURVE('',#1452,#1452,#69,.T.);
#1059=EDGE_CURVE('',#1453,#1454,#1696,.T.);
#1060=EDGE_CURVE('',#1453,#1455,#70,.T.);
#1061=EDGE_CURVE('',#1455,#1456,#1697,.T.);
#1062=EDGE_CURVE('',#1457,#1456,#71,.T.);
#1063=EDGE_CURVE('',#1457,#1458,#72,.T.);
#1064=EDGE_CURVE('',#1459,#1458,#73,.T.);
#1065=EDGE_CURVE('',#1459,#1460,#1698,.T.);
#1066=EDGE_CURVE('',#1460,#1461,#74,.T.);
#1067=EDGE_CURVE('',#1462,#1461,#1699,.T.);
#1068=EDGE_CURVE('',#1463,#1462,#75,.T.);
#1069=EDGE_CURVE('',#1463,#1454,#76,.T.);
#1070=EDGE_CURVE('',#1464,#1465,#1700,.T.);
#1071=EDGE_CURVE('',#1464,#1466,#77,.T.);
#1072=EDGE_CURVE('',#1467,#1466,#78,.T.);
#1073=EDGE_CURVE('',#1467,#1468,#1701,.T.);
#1074=EDGE_CURVE('',#1469,#1468,#79,.T.);
#1075=EDGE_CURVE('',#1469,#1470,#80,.T.);
#1076=EDGE_CURVE('',#1471,#1470,#81,.T.);
#1077=EDGE_CURVE('',#1471,#1472,#1702,.T.);
#1078=EDGE_CURVE('',#1465,#1472,#82,.T.);
#1079=EDGE_CURVE('',#1473,#1474,#1703,.T.);
#1080=EDGE_CURVE('',#1475,#1474,#83,.T.);
#1081=EDGE_CURVE('',#1475,#1476,#84,.T.);
#1082=EDGE_CURVE('',#1477,#1476,#85,.T.);
#1083=EDGE_CURVE('',#1477,#1478,#1704,.T.);
#1084=EDGE_CURVE('',#1479,#1478,#86,.T.);
#1085=EDGE_CURVE('',#1479,#1480,#87,.T.);
#1086=EDGE_CURVE('',#1473,#1480,#88,.T.);
#1087=EDGE_CURVE('',#1481,#1482,#1705,.T.);
#1088=EDGE_CURVE('',#1481,#1483,#89,.T.);
#1089=EDGE_CURVE('',#1483,#1484,#1706,.T.);
#1090=EDGE_CURVE('',#1484,#1485,#90,.T.);
#1091=EDGE_CURVE('',#1486,#1485,#91,.T.);
#1092=EDGE_CURVE('',#1486,#1487,#1707,.T.);
#1093=EDGE_CURVE('',#1487,#1488,#92,.T.);
#1094=EDGE_CURVE('',#1489,#1488,#1708,.T.);
#1095=EDGE_CURVE('',#1489,#1482,#93,.T.);
#1096=EDGE_CURVE('',#1490,#1490,#94,.T.);
#1097=EDGE_CURVE('',#1491,#1491,#95,.T.);
#1098=EDGE_CURVE('',#1492,#1492,#96,.T.);
#1099=EDGE_CURVE('',#1493,#1494,#1709,.T.);
#1100=EDGE_CURVE('',#1495,#1493,#1710,.T.);
#1101=EDGE_CURVE('',#1496,#1495,#1711,.T.);
#1102=EDGE_CURVE('',#1497,#1496,#1712,.T.);
#1103=EDGE_CURVE('',#1498,#1497,#1713,.T.);
#1104=EDGE_CURVE('',#1494,#1498,#1714,.T.);
#1105=EDGE_CURVE('',#1499,#1500,#1715,.T.);
#1106=EDGE_CURVE('',#1501,#1499,#1716,.T.);
#1107=EDGE_CURVE('',#1502,#1501,#1717,.T.);
#1108=EDGE_CURVE('',#1503,#1502,#1718,.T.);
#1109=EDGE_CURVE('',#1504,#1503,#1719,.T.);
#1110=EDGE_CURVE('',#1500,#1504,#1720,.T.);
#1111=EDGE_CURVE('',#1505,#1506,#1721,.T.);
#1112=EDGE_CURVE('',#1507,#1505,#1722,.T.);
#1113=EDGE_CURVE('',#1508,#1507,#1723,.T.);
#1114=EDGE_CURVE('',#1509,#1508,#1724,.T.);
#1115=EDGE_CURVE('',#1510,#1509,#1725,.T.);
#1116=EDGE_CURVE('',#1506,#1510,#1726,.T.);
#1117=EDGE_CURVE('',#1511,#1512,#1727,.T.);
#1118=EDGE_CURVE('',#1513,#1511,#1728,.T.);
#1119=EDGE_CURVE('',#1514,#1513,#1729,.T.);
#1120=EDGE_CURVE('',#1515,#1514,#1730,.T.);
#1121=EDGE_CURVE('',#1516,#1515,#1731,.T.);
#1122=EDGE_CURVE('',#1512,#1516,#1732,.T.);
#1123=EDGE_CURVE('',#1517,#1518,#97,.T.);
#1124=EDGE_CURVE('',#1517,#1519,#98,.T.);
#1125=EDGE_CURVE('',#1519,#1520,#1733,.T.);
#1126=EDGE_CURVE('',#1521,#1520,#99,.T.);
#1127=EDGE_CURVE('',#1522,#1521,#1734,.T.);
#1128=EDGE_CURVE('',#1522,#1523,#100,.T.);
#1129=EDGE_CURVE('',#1523,#1524,#101,.T.);
#1130=EDGE_CURVE('',#1524,#1525,#1735,.T.);
#1131=EDGE_CURVE('',#1526,#1525,#102,.T.);
#1132=EDGE_CURVE('',#1526,#1527,#1736,.T.);
#1133=EDGE_CURVE('',#1527,#1419,#103,.T.);
#1134=EDGE_CURVE('',#1418,#1528,#104,.T.);
#1135=EDGE_CURVE('',#1528,#1529,#1737,.T.);
#1136=EDGE_CURVE('',#1530,#1529,#105,.T.);
#1137=EDGE_CURVE('',#1530,#1531,#1738,.T.);
#1138=EDGE_CURVE('',#1531,#1432,#106,.T.);
#1139=EDGE_CURVE('',#1434,#1532,#107,.T.);
#1140=EDGE_CURVE('',#1532,#1518,#1739,.T.);
#1141=EDGE_CURVE('',#1533,#1534,#1740,.T.);
#1142=EDGE_CURVE('',#1533,#1535,#108,.T.);
#1143=EDGE_CURVE('',#1536,#1535,#109,.T.);
#1144=EDGE_CURVE('',#1536,#1537,#110,.T.);
#1145=EDGE_CURVE('',#1538,#1537,#1741,.T.);
#1146=EDGE_CURVE('',#1538,#1539,#111,.T.);
#1147=EDGE_CURVE('',#1540,#1539,#112,.T.);
#1148=EDGE_CURVE('',#1540,#1534,#113,.T.);
#1149=EDGE_CURVE('',#1541,#1541,#114,.T.);
#1150=EDGE_CURVE('',#1542,#1543,#1742,.T.);
#1151=EDGE_CURVE('',#1544,#1542,#115,.T.);
#1152=EDGE_CURVE('',#1545,#1544,#1743,.T.);
#1153=EDGE_CURVE('',#1545,#1546,#116,.T.);
#1154=EDGE_CURVE('',#1547,#1546,#117,.T.);
#1155=EDGE_CURVE('',#1547,#1543,#118,.T.);
#1156=EDGE_CURVE('',#1548,#1549,#119,.T.);
#1157=EDGE_CURVE('',#1548,#1550,#120,.T.);
#1158=EDGE_CURVE('',#1551,#1550,#121,.T.);
#1159=EDGE_CURVE('',#1551,#1552,#122,.T.);
#1160=EDGE_CURVE('',#1553,#1552,#1744,.T.);
#1161=EDGE_CURVE('',#1553,#1554,#123,.T.);
#1162=EDGE_CURVE('',#1555,#1554,#124,.T.);
#1163=EDGE_CURVE('',#1555,#1556,#125,.T.);
#1164=EDGE_CURVE('',#1557,#1556,#1745,.T.);
#1165=EDGE_CURVE('',#1557,#1549,#126,.T.);
#1166=EDGE_CURVE('',#1558,#1558,#127,.T.);
#1167=EDGE_CURVE('',#1559,#1560,#128,.T.);
#1168=EDGE_CURVE('',#1559,#1561,#129,.T.);
#1169=EDGE_CURVE('',#1562,#1561,#130,.T.);
#1170=EDGE_CURVE('',#1562,#1563,#131,.T.);
#1171=EDGE_CURVE('',#1564,#1563,#1746,.T.);
#1172=EDGE_CURVE('',#1564,#1565,#132,.T.);
#1173=EDGE_CURVE('',#1566,#1565,#133,.T.);
#1174=EDGE_CURVE('',#1567,#1566,#1747,.T.);
#1175=EDGE_CURVE('',#1567,#1560,#134,.T.);
#1176=EDGE_CURVE('',#1568,#1569,#1748,.T.);
#1177=EDGE_CURVE('',#1568,#1570,#135,.T.);
#1178=EDGE_CURVE('',#1571,#1570,#136,.T.);
#1179=EDGE_CURVE('',#1571,#1572,#137,.T.);
#1180=EDGE_CURVE('',#1573,#1572,#1749,.T.);
#1181=EDGE_CURVE('',#1573,#1574,#138,.T.);
#1182=EDGE_CURVE('',#1575,#1574,#139,.T.);
#1183=EDGE_CURVE('',#1575,#1569,#140,.T.);
#1184=EDGE_CURVE('',#1576,#1577,#1750,.T.);
#1185=EDGE_CURVE('',#1577,#1578,#141,.T.);
#1186=EDGE_CURVE('',#1579,#1578,#1751,.T.);
#1187=EDGE_CURVE('',#1579,#1580,#142,.T.);
#1188=EDGE_CURVE('',#1581,#1580,#143,.T.);
#1189=EDGE_CURVE('',#1581,#1582,#144,.T.);
#1190=EDGE_CURVE('',#1583,#1582,#1752,.T.);
#1191=EDGE_CURVE('',#1583,#1584,#145,.T.);
#1192=EDGE_CURVE('',#1576,#1584,#146,.T.);
#1193=EDGE_CURVE('',#1464,#1576,#1753,.T.);
#1194=EDGE_CURVE('',#1465,#1577,#1754,.T.);
#1195=EDGE_CURVE('',#1472,#1578,#1755,.T.);
#1196=EDGE_CURVE('',#1471,#1579,#1756,.T.);
#1197=EDGE_CURVE('',#1470,#1580,#1757,.T.);
#1198=EDGE_CURVE('',#1469,#1581,#1758,.T.);
#1199=EDGE_CURVE('',#1468,#1582,#1759,.T.);
#1200=EDGE_CURVE('',#1467,#1583,#1760,.T.);
#1201=EDGE_CURVE('',#1466,#1584,#1761,.T.);
#1202=EDGE_CURVE('',#1474,#1569,#1762,.T.);
#1203=EDGE_CURVE('',#1473,#1568,#1763,.T.);
#1204=EDGE_CURVE('',#1480,#1570,#1764,.T.);
#1205=EDGE_CURVE('',#1479,#1571,#1765,.T.);
#1206=EDGE_CURVE('',#1478,#1572,#1766,.T.);
#1207=EDGE_CURVE('',#1477,#1573,#1767,.T.);
#1208=EDGE_CURVE('',#1476,#1574,#1768,.T.);
#1209=EDGE_CURVE('',#1475,#1575,#1769,.T.);
#1210=EDGE_CURVE('',#1585,#1560,#1770,.T.);
#1211=EDGE_CURVE('',#1585,#1586,#1771,.F.);
#1212=EDGE_CURVE('',#1586,#1587,#147,.T.);
#1213=EDGE_CURVE('',#1588,#1587,#1772,.F.);
#1214=EDGE_CURVE('',#1588,#1559,#1773,.T.);
#1215=EDGE_CURVE('',#1587,#1589,#17,.T.);
#1216=EDGE_CURVE('',#1590,#1589,#1774,.F.);
#1217=EDGE_CURVE('',#1590,#1561,#1775,.T.);
#1218=EDGE_CURVE('',#1589,#1591,#148,.T.);
#1219=EDGE_CURVE('',#1592,#1591,#1776,.F.);
#1220=EDGE_CURVE('',#1592,#1562,#1777,.T.);
#1221=EDGE_CURVE('',#1591,#1593,#18,.T.);
#1222=EDGE_CURVE('',#1593,#1563,#1778,.T.);
#1223=EDGE_CURVE('',#1593,#1487,#19,.T.);
#1224=EDGE_CURVE('',#1486,#1564,#1779,.T.);
#1225=EDGE_CURVE('',#1485,#1565,#1780,.T.);
#1226=EDGE_CURVE('',#1484,#1566,#1781,.T.);
#1227=EDGE_CURVE('',#1483,#1594,#20,.T.);
#1228=EDGE_CURVE('',#1595,#1594,#1782,.T.);
#1229=EDGE_CURVE('',#1595,#1567,#1783,.T.);
#1230=EDGE_CURVE('',#1596,#1549,#1784,.T.);
#1231=EDGE_CURVE('',#1596,#1597,#149,.T.);
#1232=EDGE_CURVE('',#1597,#1548,#1785,.T.);
#1233=EDGE_CURVE('',#1597,#1598,#21,.T.);
#1234=EDGE_CURVE('',#1598,#1550,#1786,.T.);
#1235=EDGE_CURVE('',#1598,#1599,#150,.T.);
#1236=EDGE_CURVE('',#1599,#1551,#1787,.T.);
#1237=EDGE_CURVE('',#1599,#1600,#22,.T.);
#1238=EDGE_CURVE('',#1601,#1600,#1788,.F.);
#1239=EDGE_CURVE('',#1601,#1552,#1789,.T.);
#1240=EDGE_CURVE('',#1600,#1443,#23,.T.);
#1241=EDGE_CURVE('',#1442,#1553,#1790,.T.);
#1242=EDGE_CURVE('',#1441,#1554,#1791,.T.);
#1243=EDGE_CURVE('',#1440,#1555,#1792,.T.);
#1244=EDGE_CURVE('',#1439,#1556,#1793,.T.);
#1245=EDGE_CURVE('',#1438,#1602,#24,.T.);
#1246=EDGE_CURVE('',#1603,#1602,#1794,.T.);
#1247=EDGE_CURVE('',#1603,#1557,#1795,.T.);
#1248=EDGE_CURVE('',#1447,#1543,#1796,.T.);
#1249=EDGE_CURVE('',#1446,#1542,#1797,.T.);
#1250=EDGE_CURVE('',#1451,#1544,#1798,.T.);
#1251=EDGE_CURVE('',#1450,#1545,#1799,.T.);
#1252=EDGE_CURVE('',#1449,#1546,#1800,.T.);
#1253=EDGE_CURVE('',#1448,#1547,#1801,.T.);
#1254=EDGE_CURVE('',#1456,#1534,#1802,.T.);
#1255=EDGE_CURVE('',#1455,#1604,#25,.T.);
#1256=EDGE_CURVE('',#1604,#1533,#1803,.T.);
#1257=EDGE_CURVE('',#1604,#1605,#26,.T.);
#1258=EDGE_CURVE('',#1605,#1535,#1804,.T.);
#1259=EDGE_CURVE('',#1605,#1606,#151,.T.);
#1260=EDGE_CURVE('',#1606,#1536,#1805,.T.);
#1261=EDGE_CURVE('',#1606,#1607,#27,.T.);
#1262=EDGE_CURVE('',#1608,#1607,#1806,.F.);
#1263=EDGE_CURVE('',#1608,#1537,#1807,.T.);
#1264=EDGE_CURVE('',#1607,#1460,#28,.T.);
#1265=EDGE_CURVE('',#1459,#1538,#1808,.T.);
#1266=EDGE_CURVE('',#1458,#1539,#1809,.T.);
#1267=EDGE_CURVE('',#1457,#1540,#1810,.T.);
#1268=EDGE_CURVE('',#1454,#1518,#1811,.T.);
#1269=EDGE_CURVE('',#1463,#1517,#1812,.T.);
#1270=EDGE_CURVE('',#1462,#1519,#1813,.T.);
#1271=EDGE_CURVE('',#1461,#1609,#29,.T.);
#1272=EDGE_CURVE('',#1609,#1520,#1814,.T.);
#1273=EDGE_CURVE('',#1609,#1610,#30,.T.);
#1274=EDGE_CURVE('',#1610,#1521,#1815,.T.);
#1275=EDGE_CURVE('',#1610,#1611,#31,.T.);
#1276=EDGE_CURVE('',#1611,#1522,#1816,.T.);
#1277=EDGE_CURVE('',#1612,#1523,#1817,.T.);
#1278=EDGE_CURVE('',#1612,#1613,#32,.F.);
#1279=EDGE_CURVE('',#1614,#1613,#1818,.F.);
#1280=EDGE_CURVE('',#1614,#1524,#1819,.T.);
#1281=EDGE_CURVE('',#1613,#1481,#33,.T.);
#1282=EDGE_CURVE('',#1482,#1525,#1820,.T.);
#1283=EDGE_CURVE('',#1489,#1526,#1821,.T.);
#1284=EDGE_CURVE('',#1488,#1615,#34,.T.);
#1285=EDGE_CURVE('',#1616,#1615,#1822,.T.);
#1286=EDGE_CURVE('',#1616,#1527,#1823,.T.);
#1287=EDGE_CURVE('',#1615,#1421,#35,.T.);
#1288=EDGE_CURVE('',#1416,#1617,#36,.F.);
#1289=EDGE_CURVE('',#1618,#1617,#1824,.F.);
#1290=EDGE_CURVE('',#1618,#1528,#1825,.T.);
#1291=EDGE_CURVE('',#1617,#1436,#37,.T.);
#1292=EDGE_CURVE('',#1437,#1529,#1826,.T.);
#1293=EDGE_CURVE('',#1445,#1530,#1827,.T.);
#1294=EDGE_CURVE('',#1444,#1619,#38,.T.);
#1295=EDGE_CURVE('',#1620,#1619,#1828,.T.);
#1296=EDGE_CURVE('',#1620,#1531,#1829,.T.);
#1297=EDGE_CURVE('',#1619,#1431,#39,.T.);
#1298=EDGE_CURVE('',#1611,#1612,#152,.T.);
#1299=EDGE_CURVE('',#1433,#1621,#40,.F.);
#1300=EDGE_CURVE('',#1622,#1621,#1830,.F.);
#1301=EDGE_CURVE('',#1622,#1532,#1831,.T.);
#1302=EDGE_CURVE('',#1594,#1586,#41,.T.);
#1303=EDGE_CURVE('',#1602,#1596,#42,.T.);
#1304=EDGE_CURVE('',#1621,#1453,#43,.T.);
#1305=EDGE_CURVE('',#1623,#1624,#1832,.T.);
#1306=EDGE_CURVE('',#1625,#1624,#1833,.T.);
#1307=EDGE_CURVE('',#1626,#1625,#1834,.T.);
#1308=EDGE_CURVE('',#1626,#1623,#1835,.T.);
#1309=EDGE_CURVE('',#1627,#1625,#1836,.T.);
#1310=EDGE_CURVE('',#1628,#1627,#1837,.T.);
#1311=EDGE_CURVE('',#1628,#1626,#1838,.T.);
#1312=EDGE_CURVE('',#1629,#1627,#153,.T.);
#1313=EDGE_CURVE('',#1630,#1629,#1839,.T.);
#1314=EDGE_CURVE('',#1630,#1628,#154,.T.);
#1315=EDGE_CURVE('',#1629,#1631,#1840,.T.);
#1316=EDGE_CURVE('',#1632,#1631,#1841,.T.);
#1317=EDGE_CURVE('',#1630,#1632,#1842,.T.);
#1318=EDGE_CURVE('',#1633,#1631,#1843,.T.);
#1319=EDGE_CURVE('',#1634,#1633,#1844,.T.);
#1320=EDGE_CURVE('',#1634,#1632,#1845,.T.);
#1321=EDGE_CURVE('',#1635,#1633,#1846,.T.);
#1322=EDGE_CURVE('',#1636,#1635,#1847,.T.);
#1323=EDGE_CURVE('',#1636,#1634,#1848,.T.);
#1324=EDGE_CURVE('',#1635,#1637,#155,.T.);
#1325=EDGE_CURVE('',#1638,#1637,#1849,.T.);
#1326=EDGE_CURVE('',#1636,#1638,#156,.T.);
#1327=EDGE_CURVE('',#1637,#1639,#1850,.T.);
#1328=EDGE_CURVE('',#1640,#1639,#1851,.T.);
#1329=EDGE_CURVE('',#1638,#1640,#1852,.T.);
#1330=EDGE_CURVE('',#1639,#1641,#1853,.T.);
#1331=EDGE_CURVE('',#1642,#1641,#1854,.T.);
#1332=EDGE_CURVE('',#1640,#1642,#1855,.T.);
#1333=EDGE_CURVE('',#1414,#1641,#1856,.T.);
#1334=EDGE_CURVE('',#1642,#1422,#1857,.T.);
#1335=EDGE_CURVE('',#1413,#1410,#1858,.T.);
#1336=EDGE_CURVE('',#1409,#1415,#1859,.T.);
#1337=EDGE_CURVE('',#1643,#1411,#1860,.T.);
#1338=EDGE_CURVE('',#1644,#1643,#1861,.T.);
#1339=EDGE_CURVE('',#1644,#1412,#1862,.T.);
#1340=EDGE_CURVE('',#1645,#1643,#157,.T.);
#1341=EDGE_CURVE('',#1646,#1645,#1863,.T.);
#1342=EDGE_CURVE('',#1646,#1644,#158,.T.);
#1343=EDGE_CURVE('',#1645,#1647,#1864,.T.);
#1344=EDGE_CURVE('',#1648,#1647,#1865,.T.);
#1345=EDGE_CURVE('',#1646,#1648,#1866,.T.);
#1346=EDGE_CURVE('',#1647,#1649,#1867,.T.);
#1347=EDGE_CURVE('',#1650,#1649,#1868,.T.);
#1348=EDGE_CURVE('',#1648,#1650,#1869,.T.);
#1349=EDGE_CURVE('',#1651,#1649,#1870,.T.);
#1350=EDGE_CURVE('',#1652,#1651,#1871,.T.);
#1351=EDGE_CURVE('',#1652,#1650,#1872,.T.);
#1352=EDGE_CURVE('',#1651,#1653,#159,.T.);
#1353=EDGE_CURVE('',#1654,#1653,#1873,.T.);
#1354=EDGE_CURVE('',#1652,#1654,#160,.T.);
#1355=EDGE_CURVE('',#1653,#1624,#1874,.T.);
#1356=EDGE_CURVE('',#1654,#1623,#1875,.T.);
#1357=EDGE_CURVE('',#1612,#1421,#161,.T.);
#1358=EDGE_CURVE('',#1433,#1611,#162,.T.);
#1359=EDGE_CURVE('',#1416,#1431,#163,.T.);
#1360=EDGE_CURVE('',#1655,#1655,#164,.T.);
#1361=EDGE_CURVE('',#1656,#1512,#1876,.T.);
#1362=EDGE_CURVE('',#1657,#1656,#1877,.T.);
#1363=EDGE_CURVE('',#1657,#1511,#1878,.T.);
#1364=EDGE_CURVE('',#1658,#1516,#1879,.T.);
#1365=EDGE_CURVE('',#1656,#1658,#1880,.T.);
#1366=EDGE_CURVE('',#1659,#1515,#1881,.T.);
#1367=EDGE_CURVE('',#1658,#1659,#1882,.T.);
#1368=EDGE_CURVE('',#1660,#1514,#1883,.T.);
#1369=EDGE_CURVE('',#1659,#1660,#1884,.T.);
#1370=EDGE_CURVE('',#1661,#1513,#1885,.T.);
#1371=EDGE_CURVE('',#1660,#1661,#1886,.T.);
#1372=EDGE_CURVE('',#1661,#1657,#1887,.T.);
#1373=EDGE_CURVE('',#1662,#1663,#1888,.T.);
#1374=EDGE_CURVE('',#1663,#1664,#1889,.T.);
#1375=EDGE_CURVE('',#1664,#1665,#1890,.T.);
#1376=EDGE_CURVE('',#1665,#1666,#1891,.T.);
#1377=EDGE_CURVE('',#1666,#1667,#1892,.T.);
#1378=EDGE_CURVE('',#1667,#1662,#1893,.T.);
#1379=EDGE_CURVE('',#1663,#1506,#1894,.T.);
#1380=EDGE_CURVE('',#1662,#1505,#1895,.T.);
#1381=EDGE_CURVE('',#1664,#1510,#1896,.T.);
#1382=EDGE_CURVE('',#1665,#1509,#1897,.T.);
#1383=EDGE_CURVE('',#1666,#1508,#1898,.T.);
#1384=EDGE_CURVE('',#1667,#1507,#1899,.T.);
#1385=EDGE_CURVE('',#1668,#1500,#1900,.T.);
#1386=EDGE_CURVE('',#1669,#1668,#1901,.T.);
#1387=EDGE_CURVE('',#1669,#1499,#1902,.T.);
#1388=EDGE_CURVE('',#1670,#1504,#1903,.T.);
#1389=EDGE_CURVE('',#1668,#1670,#1904,.T.);
#1390=EDGE_CURVE('',#1671,#1503,#1905,.T.);
#1391=EDGE_CURVE('',#1670,#1671,#1906,.T.);
#1392=EDGE_CURVE('',#1672,#1502,#1907,.T.);
#1393=EDGE_CURVE('',#1671,#1672,#1908,.T.);
#1394=EDGE_CURVE('',#1673,#1501,#1909,.T.);
#1395=EDGE_CURVE('',#1672,#1673,#1910,.T.);
#1396=EDGE_CURVE('',#1673,#1669,#1911,.T.);
#1397=EDGE_CURVE('',#1674,#1675,#1912,.T.);
#1398=EDGE_CURVE('',#1675,#1676,#1913,.T.);
#1399=EDGE_CURVE('',#1676,#1677,#1914,.T.);
#1400=EDGE_CURVE('',#1677,#1678,#1915,.T.);
#1401=EDGE_CURVE('',#1678,#1679,#1916,.T.);
#1402=EDGE_CURVE('',#1679,#1674,#1917,.T.);
#1403=EDGE_CURVE('',#1675,#1494,#1918,.T.);
#1404=EDGE_CURVE('',#1674,#1493,#1919,.T.);
#1405=EDGE_CURVE('',#1676,#1498,#1920,.T.);
#1406=EDGE_CURVE('',#1677,#1497,#1921,.T.);
#1407=EDGE_CURVE('',#1678,#1496,#1922,.T.);
#1408=EDGE_CURVE('',#1679,#1495,#1923,.T.);
#1409=VERTEX_POINT('',#3740);
#1410=VERTEX_POINT('',#3741);
#1411=VERTEX_POINT('',#3743);
#1412=VERTEX_POINT('',#3745);
#1413=VERTEX_POINT('',#3749);
#1414=VERTEX_POINT('',#3750);
#1415=VERTEX_POINT('',#3752);
#1416=VERTEX_POINT('',#3754);
#1417=VERTEX_POINT('',#3759);
#1418=VERTEX_POINT('',#3761);
#1419=VERTEX_POINT('',#3763);
#1420=VERTEX_POINT('',#3765);
#1421=VERTEX_POINT('',#3770);
#1422=VERTEX_POINT('',#3772);
#1423=VERTEX_POINT('',#3776);
#1424=VERTEX_POINT('',#3778);
#1425=VERTEX_POINT('',#3781);
#1426=VERTEX_POINT('',#3783);
#1427=VERTEX_POINT('',#3786);
#1428=VERTEX_POINT('',#3788);
#1429=VERTEX_POINT('',#3791);
#1430=VERTEX_POINT('',#3793);
#1431=VERTEX_POINT('',#3796);
#1432=VERTEX_POINT('',#3797);
#1433=VERTEX_POINT('',#3799);
#1434=VERTEX_POINT('',#3801);
#1435=VERTEX_POINT('',#3805);
#1436=VERTEX_POINT('',#3807);
#1437=VERTEX_POINT('',#3808);
#1438=VERTEX_POINT('',#3810);
#1439=VERTEX_POINT('',#3812);
#1440=VERTEX_POINT('',#3814);
#1441=VERTEX_POINT('',#3816);
#1442=VERTEX_POINT('',#3818);
#1443=VERTEX_POINT('',#3820);
#1444=VERTEX_POINT('',#3822);
#1445=VERTEX_POINT('',#3824);
#1446=VERTEX_POINT('',#3827);
#1447=VERTEX_POINT('',#3828);
#1448=VERTEX_POINT('',#3830);
#1449=VERTEX_POINT('',#3832);
#1450=VERTEX_POINT('',#3834);
#1451=VERTEX_POINT('',#3836);
#1452=VERTEX_POINT('',#3840);
#1453=VERTEX_POINT('',#3842);
#1454=VERTEX_POINT('',#3843);
#1455=VERTEX_POINT('',#3845);
#1456=VERTEX_POINT('',#3847);
#1457=VERTEX_POINT('',#3849);
#1458=VERTEX_POINT('',#3851);
#1459=VERTEX_POINT('',#3853);
#1460=VERTEX_POINT('',#3855);
#1461=VERTEX_POINT('',#3857);
#1462=VERTEX_POINT('',#3859);
#1463=VERTEX_POINT('',#3861);
#1464=VERTEX_POINT('',#3864);
#1465=VERTEX_POINT('',#3865);
#1466=VERTEX_POINT('',#3867);
#1467=VERTEX_POINT('',#3869);
#1468=VERTEX_POINT('',#3871);
#1469=VERTEX_POINT('',#3873);
#1470=VERTEX_POINT('',#3875);
#1471=VERTEX_POINT('',#3877);
#1472=VERTEX_POINT('',#3879);
#1473=VERTEX_POINT('',#3883);
#1474=VERTEX_POINT('',#3884);
#1475=VERTEX_POINT('',#3886);
#1476=VERTEX_POINT('',#3888);
#1477=VERTEX_POINT('',#3890);
#1478=VERTEX_POINT('',#3892);
#1479=VERTEX_POINT('',#3894);
#1480=VERTEX_POINT('',#3896);
#1481=VERTEX_POINT('',#3899);
#1482=VERTEX_POINT('',#3900);
#1483=VERTEX_POINT('',#3902);
#1484=VERTEX_POINT('',#3904);
#1485=VERTEX_POINT('',#3906);
#1486=VERTEX_POINT('',#3908);
#1487=VERTEX_POINT('',#3910);
#1488=VERTEX_POINT('',#3912);
#1489=VERTEX_POINT('',#3914);
#1490=VERTEX_POINT('',#3917);
#1491=VERTEX_POINT('',#3920);
#1492=VERTEX_POINT('',#3922);
#1493=VERTEX_POINT('',#3924);
#1494=VERTEX_POINT('',#3925);
#1495=VERTEX_POINT('',#3927);
#1496=VERTEX_POINT('',#3929);
#1497=VERTEX_POINT('',#3931);
#1498=VERTEX_POINT('',#3933);
#1499=VERTEX_POINT('',#3936);
#1500=VERTEX_POINT('',#3937);
#1501=VERTEX_POINT('',#3939);
#1502=VERTEX_POINT('',#3941);
#1503=VERTEX_POINT('',#3943);
#1504=VERTEX_POINT('',#3945);
#1505=VERTEX_POINT('',#3948);
#1506=VERTEX_POINT('',#3949);
#1507=VERTEX_POINT('',#3951);
#1508=VERTEX_POINT('',#3953);
#1509=VERTEX_POINT('',#3955);
#1510=VERTEX_POINT('',#3957);
#1511=VERTEX_POINT('',#3960);
#1512=VERTEX_POINT('',#3961);
#1513=VERTEX_POINT('',#3963);
#1514=VERTEX_POINT('',#3965);
#1515=VERTEX_POINT('',#3967);
#1516=VERTEX_POINT('',#3969);
#1517=VERTEX_POINT('',#3972);
#1518=VERTEX_POINT('',#3973);
#1519=VERTEX_POINT('',#3975);
#1520=VERTEX_POINT('',#3977);
#1521=VERTEX_POINT('',#3979);
#1522=VERTEX_POINT('',#3981);
#1523=VERTEX_POINT('',#3983);
#1524=VERTEX_POINT('',#3985);
#1525=VERTEX_POINT('',#3987);
#1526=VERTEX_POINT('',#3989);
#1527=VERTEX_POINT('',#3991);
#1528=VERTEX_POINT('',#3994);
#1529=VERTEX_POINT('',#3996);
#1530=VERTEX_POINT('',#3998);
#1531=VERTEX_POINT('',#4000);
#1532=VERTEX_POINT('',#4003);
#1533=VERTEX_POINT('',#4006);
#1534=VERTEX_POINT('',#4007);
#1535=VERTEX_POINT('',#4009);
#1536=VERTEX_POINT('',#4011);
#1537=VERTEX_POINT('',#4013);
#1538=VERTEX_POINT('',#4015);
#1539=VERTEX_POINT('',#4017);
#1540=VERTEX_POINT('',#4019);
#1541=VERTEX_POINT('',#4022);
#1542=VERTEX_POINT('',#4024);
#1543=VERTEX_POINT('',#4025);
#1544=VERTEX_POINT('',#4027);
#1545=VERTEX_POINT('',#4029);
#1546=VERTEX_POINT('',#4031);
#1547=VERTEX_POINT('',#4033);
#1548=VERTEX_POINT('',#4036);
#1549=VERTEX_POINT('',#4037);
#1550=VERTEX_POINT('',#4039);
#1551=VERTEX_POINT('',#4041);
#1552=VERTEX_POINT('',#4043);
#1553=VERTEX_POINT('',#4045);
#1554=VERTEX_POINT('',#4047);
#1555=VERTEX_POINT('',#4049);
#1556=VERTEX_POINT('',#4051);
#1557=VERTEX_POINT('',#4053);
#1558=VERTEX_POINT('',#4056);
#1559=VERTEX_POINT('',#4058);
#1560=VERTEX_POINT('',#4059);
#1561=VERTEX_POINT('',#4061);
#1562=VERTEX_POINT('',#4063);
#1563=VERTEX_POINT('',#4065);
#1564=VERTEX_POINT('',#4067);
#1565=VERTEX_POINT('',#4069);
#1566=VERTEX_POINT('',#4071);
#1567=VERTEX_POINT('',#4073);
#1568=VERTEX_POINT('',#4076);
#1569=VERTEX_POINT('',#4077);
#1570=VERTEX_POINT('',#4079);
#1571=VERTEX_POINT('',#4081);
#1572=VERTEX_POINT('',#4083);
#1573=VERTEX_POINT('',#4085);
#1574=VERTEX_POINT('',#4087);
#1575=VERTEX_POINT('',#4089);
#1576=VERTEX_POINT('',#4092);
#1577=VERTEX_POINT('',#4093);
#1578=VERTEX_POINT('',#4095);
#1579=VERTEX_POINT('',#4097);
#1580=VERTEX_POINT('',#4099);
#1581=VERTEX_POINT('',#4101);
#1582=VERTEX_POINT('',#4103);
#1583=VERTEX_POINT('',#4105);
#1584=VERTEX_POINT('',#4107);
#1585=VERTEX_POINT('',#4143);
#1586=VERTEX_POINT('',#4145);
#1587=VERTEX_POINT('',#4147);
#1588=VERTEX_POINT('',#4149);
#1589=VERTEX_POINT('',#4165);
#1590=VERTEX_POINT('',#4167);
#1591=VERTEX_POINT('',#4171);
#1592=VERTEX_POINT('',#4173);
#1593=VERTEX_POINT('',#4183);
#1594=VERTEX_POINT('',#4202);
#1595=VERTEX_POINT('',#4204);
#1596=VERTEX_POINT('',#4208);
#1597=VERTEX_POINT('',#4210);
#1598=VERTEX_POINT('',#4226);
#1599=VERTEX_POINT('',#4230);
#1600=VERTEX_POINT('',#4240);
#1601=VERTEX_POINT('',#4242);
#1602=VERTEX_POINT('',#4263);
#1603=VERTEX_POINT('',#4265);
#1604=VERTEX_POINT('',#4285);
#1605=VERTEX_POINT('',#4295);
#1606=VERTEX_POINT('',#4299);
#1607=VERTEX_POINT('',#4309);
#1608=VERTEX_POINT('',#4311);
#1609=VERTEX_POINT('',#4337);
#1610=VERTEX_POINT('',#4346);
#1611=VERTEX_POINT('',#4353);
#1612=VERTEX_POINT('',#4357);
#1613=VERTEX_POINT('',#4363);
#1614=VERTEX_POINT('',#4365);
#1615=VERTEX_POINT('',#4390);
#1616=VERTEX_POINT('',#4392);
#1617=VERTEX_POINT('',#4406);
#1618=VERTEX_POINT('',#4408);
#1619=VERTEX_POINT('',#4433);
#1620=VERTEX_POINT('',#4435);
#1621=VERTEX_POINT('',#4451);
#1622=VERTEX_POINT('',#4453);
#1623=VERTEX_POINT('',#4489);
#1624=VERTEX_POINT('',#4490);
#1625=VERTEX_POINT('',#4492);
#1626=VERTEX_POINT('',#4494);
#1627=VERTEX_POINT('',#4498);
#1628=VERTEX_POINT('',#4500);
#1629=VERTEX_POINT('',#4504);
#1630=VERTEX_POINT('',#4506);
#1631=VERTEX_POINT('',#4510);
#1632=VERTEX_POINT('',#4512);
#1633=VERTEX_POINT('',#4516);
#1634=VERTEX_POINT('',#4518);
#1635=VERTEX_POINT('',#4522);
#1636=VERTEX_POINT('',#4524);
#1637=VERTEX_POINT('',#4528);
#1638=VERTEX_POINT('',#4530);
#1639=VERTEX_POINT('',#4534);
#1640=VERTEX_POINT('',#4536);
#1641=VERTEX_POINT('',#4540);
#1642=VERTEX_POINT('',#4542);
#1643=VERTEX_POINT('',#4552);
#1644=VERTEX_POINT('',#4554);
#1645=VERTEX_POINT('',#4558);
#1646=VERTEX_POINT('',#4560);
#1647=VERTEX_POINT('',#4564);
#1648=VERTEX_POINT('',#4566);
#1649=VERTEX_POINT('',#4570);
#1650=VERTEX_POINT('',#4572);
#1651=VERTEX_POINT('',#4576);
#1652=VERTEX_POINT('',#4578);
#1653=VERTEX_POINT('',#4582);
#1654=VERTEX_POINT('',#4584);
#1655=VERTEX_POINT('',#4595);
#1656=VERTEX_POINT('',#4601);
#1657=VERTEX_POINT('',#4603);
#1658=VERTEX_POINT('',#4607);
#1659=VERTEX_POINT('',#4611);
#1660=VERTEX_POINT('',#4615);
#1661=VERTEX_POINT('',#4619);
#1662=VERTEX_POINT('',#4626);
#1663=VERTEX_POINT('',#4627);
#1664=VERTEX_POINT('',#4629);
#1665=VERTEX_POINT('',#4631);
#1666=VERTEX_POINT('',#4633);
#1667=VERTEX_POINT('',#4635);
#1668=VERTEX_POINT('',#4651);
#1669=VERTEX_POINT('',#4653);
#1670=VERTEX_POINT('',#4657);
#1671=VERTEX_POINT('',#4661);
#1672=VERTEX_POINT('',#4665);
#1673=VERTEX_POINT('',#4669);
#1674=VERTEX_POINT('',#4676);
#1675=VERTEX_POINT('',#4677);
#1676=VERTEX_POINT('',#4679);
#1677=VERTEX_POINT('',#4681);
#1678=VERTEX_POINT('',#4683);
#1679=VERTEX_POINT('',#4685);
#1680=LINE('',#3739,#1924);
#1681=LINE('',#3742,#1925);
#1682=LINE('',#3744,#1926);
#1683=LINE('',#3746,#1927);
#1684=LINE('',#3751,#1928);
#1685=LINE('',#3760,#1929);
#1686=LINE('',#3764,#1930);
#1687=LINE('',#3773,#1931);
#1688=LINE('',#3795,#1932);
#1689=LINE('',#3800,#1933);
#1690=LINE('',#3806,#1934);
#1691=LINE('',#3811,#1935);
#1692=LINE('',#3819,#1936);
#1693=LINE('',#3823,#1937);
#1694=LINE('',#3826,#1938);
#1695=LINE('',#3835,#1939);
#1696=LINE('',#3841,#1940);
#1697=LINE('',#3846,#1941);
#1698=LINE('',#3854,#1942);
#1699=LINE('',#3858,#1943);
#1700=LINE('',#3863,#1944);
#1701=LINE('',#3870,#1945);
#1702=LINE('',#3878,#1946);
#1703=LINE('',#3882,#1947);
#1704=LINE('',#3891,#1948);
#1705=LINE('',#3898,#1949);
#1706=LINE('',#3903,#1950);
#1707=LINE('',#3909,#1951);
#1708=LINE('',#3913,#1952);
#1709=LINE('',#3923,#1953);
#1710=LINE('',#3926,#1954);
#1711=LINE('',#3928,#1955);
#1712=LINE('',#3930,#1956);
#1713=LINE('',#3932,#1957);
#1714=LINE('',#3934,#1958);
#1715=LINE('',#3935,#1959);
#1716=LINE('',#3938,#1960);
#1717=LINE('',#3940,#1961);
#1718=LINE('',#3942,#1962);
#1719=LINE('',#3944,#1963);
#1720=LINE('',#3946,#1964);
#1721=LINE('',#3947,#1965);
#1722=LINE('',#3950,#1966);
#1723=LINE('',#3952,#1967);
#1724=LINE('',#3954,#1968);
#1725=LINE('',#3956,#1969);
#1726=LINE('',#3958,#1970);
#1727=LINE('',#3959,#1971);
#1728=LINE('',#3962,#1972);
#1729=LINE('',#3964,#1973);
#1730=LINE('',#3966,#1974);
#1731=LINE('',#3968,#1975);
#1732=LINE('',#3970,#1976);
#1733=LINE('',#3976,#1977);
#1734=LINE('',#3980,#1978);
#1735=LINE('',#3986,#1979);
#1736=LINE('',#3990,#1980);
#1737=LINE('',#3995,#1981);
#1738=LINE('',#3999,#1982);
#1739=LINE('',#4004,#1983);
#1740=LINE('',#4005,#1984);
#1741=LINE('',#4014,#1985);
#1742=LINE('',#4023,#1986);
#1743=LINE('',#4028,#1987);
#1744=LINE('',#4044,#1988);
#1745=LINE('',#4052,#1989);
#1746=LINE('',#4066,#1990);
#1747=LINE('',#4072,#1991);
#1748=LINE('',#4075,#1992);
#1749=LINE('',#4084,#1993);
#1750=LINE('',#4091,#1994);
#1751=LINE('',#4096,#1995);
#1752=LINE('',#4104,#1996);
#1753=LINE('',#4110,#1997);
#1754=LINE('',#4111,#1998);
#1755=LINE('',#4113,#1999);
#1756=LINE('',#4115,#2000);
#1757=LINE('',#4117,#2001);
#1758=LINE('',#4119,#2002);
#1759=LINE('',#4121,#2003);
#1760=LINE('',#4123,#2004);
#1761=LINE('',#4125,#2005);
#1762=LINE('',#4127,#2006);
#1763=LINE('',#4128,#2007);
#1764=LINE('',#4130,#2008);
#1765=LINE('',#4132,#2009);
#1766=LINE('',#4134,#2010);
#1767=LINE('',#4136,#2011);
#1768=LINE('',#4138,#2012);
#1769=LINE('',#4140,#2013);
#1770=LINE('',#4142,#2014);
#1771=LINE('',#4144,#2015);
#1772=LINE('',#4148,#2016);
#1773=LINE('',#4150,#2017);
#1774=LINE('',#4166,#2018);
#1775=LINE('',#4168,#2019);
#1776=LINE('',#4172,#2020);
#1777=LINE('',#4174,#2021);
#1778=LINE('',#4184,#2022);
#1779=LINE('',#4191,#2023);
#1780=LINE('',#4193,#2024);
#1781=LINE('',#4195,#2025);
#1782=LINE('',#4203,#2026);
#1783=LINE('',#4205,#2027);
#1784=LINE('',#4207,#2028);
#1785=LINE('',#4211,#2029);
#1786=LINE('',#4227,#2030);
#1787=LINE('',#4231,#2031);
#1788=LINE('',#4241,#2032);
#1789=LINE('',#4243,#2033);
#1790=LINE('',#4250,#2034);
#1791=LINE('',#4252,#2035);
#1792=LINE('',#4254,#2036);
#1793=LINE('',#4256,#2037);
#1794=LINE('',#4264,#2038);
#1795=LINE('',#4266,#2039);
#1796=LINE('',#4268,#2040);
#1797=LINE('',#4269,#2041);
#1798=LINE('',#4271,#2042);
#1799=LINE('',#4273,#2043);
#1800=LINE('',#4275,#2044);
#1801=LINE('',#4277,#2045);
#1802=LINE('',#4279,#2046);
#1803=LINE('',#4286,#2047);
#1804=LINE('',#4296,#2048);
#1805=LINE('',#4300,#2049);
#1806=LINE('',#4310,#2050);
#1807=LINE('',#4312,#2051);
#1808=LINE('',#4319,#2052);
#1809=LINE('',#4321,#2053);
#1810=LINE('',#4323,#2054);
#1811=LINE('',#4325,#2055);
#1812=LINE('',#4326,#2056);
#1813=LINE('',#4328,#2057);
#1814=LINE('',#4338,#2058);
#1815=LINE('',#4347,#2059);
#1816=LINE('',#4354,#2060);
#1817=LINE('',#4356,#2061);
#1818=LINE('',#4364,#2062);
#1819=LINE('',#4366,#2063);
#1820=LINE('',#4377,#2064);
#1821=LINE('',#4379,#2065);
#1822=LINE('',#4391,#2066);
#1823=LINE('',#4393,#2067);
#1824=LINE('',#4407,#2068);
#1825=LINE('',#4409,#2069);
#1826=LINE('',#4420,#2070);
#1827=LINE('',#4422,#2071);
#1828=LINE('',#4434,#2072);
#1829=LINE('',#4436,#2073);
#1830=LINE('',#4452,#2074);
#1831=LINE('',#4454,#2075);
#1832=LINE('',#4488,#2076);
#1833=LINE('',#4491,#2077);
#1834=LINE('',#4493,#2078);
#1835=LINE('',#4495,#2079);
#1836=LINE('',#4497,#2080);
#1837=LINE('',#4499,#2081);
#1838=LINE('',#4501,#2082);
#1839=LINE('',#4505,#2083);
#1840=LINE('',#4509,#2084);
#1841=LINE('',#4511,#2085);
#1842=LINE('',#4513,#2086);
#1843=LINE('',#4515,#2087);
#1844=LINE('',#4517,#2088);
#1845=LINE('',#4519,#2089);
#1846=LINE('',#4521,#2090);
#1847=LINE('',#4523,#2091);
#1848=LINE('',#4525,#2092);
#1849=LINE('',#4529,#2093);
#1850=LINE('',#4533,#2094);
#1851=LINE('',#4535,#2095);
#1852=LINE('',#4537,#2096);
#1853=LINE('',#4539,#2097);
#1854=LINE('',#4541,#2098);
#1855=LINE('',#4543,#2099);
#1856=LINE('',#4545,#2100);
#1857=LINE('',#4546,#2101);
#1858=LINE('',#4548,#2102);
#1859=LINE('',#4549,#2103);
#1860=LINE('',#4551,#2104);
#1861=LINE('',#4553,#2105);
#1862=LINE('',#4555,#2106);
#1863=LINE('',#4559,#2107);
#1864=LINE('',#4563,#2108);
#1865=LINE('',#4565,#2109);
#1866=LINE('',#4567,#2110);
#1867=LINE('',#4569,#2111);
#1868=LINE('',#4571,#2112);
#1869=LINE('',#4573,#2113);
#1870=LINE('',#4575,#2114);
#1871=LINE('',#4577,#2115);
#1872=LINE('',#4579,#2116);
#1873=LINE('',#4583,#2117);
#1874=LINE('',#4587,#2118);
#1875=LINE('',#4588,#2119);
#1876=LINE('',#4600,#2120);
#1877=LINE('',#4602,#2121);
#1878=LINE('',#4604,#2122);
#1879=LINE('',#4606,#2123);
#1880=LINE('',#4608,#2124);
#1881=LINE('',#4610,#2125);
#1882=LINE('',#4612,#2126);
#1883=LINE('',#4614,#2127);
#1884=LINE('',#4616,#2128);
#1885=LINE('',#4618,#2129);
#1886=LINE('',#4620,#2130);
#1887=LINE('',#4622,#2131);
#1888=LINE('',#4625,#2132);
#1889=LINE('',#4628,#2133);
#1890=LINE('',#4630,#2134);
#1891=LINE('',#4632,#2135);
#1892=LINE('',#4634,#2136);
#1893=LINE('',#4636,#2137);
#1894=LINE('',#4638,#2138);
#1895=LINE('',#4639,#2139);
#1896=LINE('',#4641,#2140);
#1897=LINE('',#4643,#2141);
#1898=LINE('',#4645,#2142);
#1899=LINE('',#4647,#2143);
#1900=LINE('',#4650,#2144);
#1901=LINE('',#4652,#2145);
#1902=LINE('',#4654,#2146);
#1903=LINE('',#4656,#2147);
#1904=LINE('',#4658,#2148);
#1905=LINE('',#4660,#2149);
#1906=LINE('',#4662,#2150);
#1907=LINE('',#4664,#2151);
#1908=LINE('',#4666,#2152);
#1909=LINE('',#4668,#2153);
#1910=LINE('',#4670,#2154);
#1911=LINE('',#4672,#2155);
#1912=LINE('',#4675,#2156);
#1913=LINE('',#4678,#2157);
#1914=LINE('',#4680,#2158);
#1915=LINE('',#4682,#2159);
#1916=LINE('',#4684,#2160);
#1917=LINE('',#4686,#2161);
#1918=LINE('',#4688,#2162);
#1919=LINE('',#4689,#2163);
#1920=LINE('',#4691,#2164);
#1921=LINE('',#4693,#2165);
#1922=LINE('',#4695,#2166);
#1923=LINE('',#4697,#2167);
#1924=VECTOR('',#2985,1.);
#1925=VECTOR('',#2986,1.);
#1926=VECTOR('',#2987,1.);
#1927=VECTOR('',#2988,1.);
#1928=VECTOR('',#2993,1.);
#1929=VECTOR('',#2996,1.);
#1930=VECTOR('',#2999,1.);
#1931=VECTOR('',#3002,1.);
#1932=VECTOR('',#3029,1.);
#1933=VECTOR('',#3032,1.);
#1934=VECTOR('',#3039,1.);
#1935=VECTOR('',#3042,1.);
#1936=VECTOR('',#3049,1.);
#1937=VECTOR('',#3052,1.);
#1938=VECTOR('',#3055,1.);
#1939=VECTOR('',#3062,1.);
#1940=VECTOR('',#3069,1.);
#1941=VECTOR('',#3072,1.);
#1942=VECTOR('',#3079,1.);
#1943=VECTOR('',#3082,1.);
#1944=VECTOR('',#3087,1.);
#1945=VECTOR('',#3092,1.);
#1946=VECTOR('',#3099,1.);
#1947=VECTOR('',#3104,1.);
#1948=VECTOR('',#3111,1.);
#1949=VECTOR('',#3118,1.);
#1950=VECTOR('',#3121,1.);
#1951=VECTOR('',#3126,1.);
#1952=VECTOR('',#3129,1.);
#1953=VECTOR('',#3140,1.);
#1954=VECTOR('',#3141,1.);
#1955=VECTOR('',#3142,1.);
#1956=VECTOR('',#3143,1.);
#1957=VECTOR('',#3144,1.);
#1958=VECTOR('',#3145,1.);
#1959=VECTOR('',#3146,1.);
#1960=VECTOR('',#3147,1.);
#1961=VECTOR('',#3148,1.);
#1962=VECTOR('',#3149,1.);
#1963=VECTOR('',#3150,1.);
#1964=VECTOR('',#3151,1.);
#1965=VECTOR('',#3152,1.);
#1966=VECTOR('',#3153,1.);
#1967=VECTOR('',#3154,1.);
#1968=VECTOR('',#3155,1.);
#1969=VECTOR('',#3156,1.);
#1970=VECTOR('',#3157,1.);
#1971=VECTOR('',#3158,1.);
#1972=VECTOR('',#3159,1.);
#1973=VECTOR('',#3160,1.);
#1974=VECTOR('',#3161,1.);
#1975=VECTOR('',#3162,1.);
#1976=VECTOR('',#3163,1.);
#1977=VECTOR('',#3168,1.);
#1978=VECTOR('',#3171,1.);
#1979=VECTOR('',#3176,1.);
#1980=VECTOR('',#3179,1.);
#1981=VECTOR('',#3184,1.);
#1982=VECTOR('',#3187,1.);
#1983=VECTOR('',#3192,1.);
#1984=VECTOR('',#3193,1.);
#1985=VECTOR('',#3200,1.);
#1986=VECTOR('',#3209,1.);
#1987=VECTOR('',#3212,1.);
#1988=VECTOR('',#3227,1.);
#1989=VECTOR('',#3234,1.);
#1990=VECTOR('',#3247,1.);
#1991=VECTOR('',#3252,1.);
#1992=VECTOR('',#3255,1.);
#1993=VECTOR('',#3262,1.);
#1994=VECTOR('',#3269,1.);
#1995=VECTOR('',#3272,1.);
#1996=VECTOR('',#3279,1.);
#1997=VECTOR('',#3286,1.);
#1998=VECTOR('',#3287,1.);
#1999=VECTOR('',#3290,1.);
#2000=VECTOR('',#3293,1.);
#2001=VECTOR('',#3296,1.);
#2002=VECTOR('',#3299,1.);
#2003=VECTOR('',#3302,1.);
#2004=VECTOR('',#3305,1.);
#2005=VECTOR('',#3308,1.);
#2006=VECTOR('',#3311,1.);
#2007=VECTOR('',#3312,1.);
#2008=VECTOR('',#3315,1.);
#2009=VECTOR('',#3318,1.);
#2010=VECTOR('',#3321,1.);
#2011=VECTOR('',#3324,1.);
#2012=VECTOR('',#3327,1.);
#2013=VECTOR('',#3330,1.);
#2014=VECTOR('',#3333,1.);
#2015=VECTOR('',#3334,1.);
#2016=VECTOR('',#3337,1.);
#2017=VECTOR('',#3338,1.);
#2018=VECTOR('',#3341,1.);
#2019=VECTOR('',#3342,1.);
#2020=VECTOR('',#3347,1.);
#2021=VECTOR('',#3348,1.);
#2022=VECTOR('',#3351,1.);
#2023=VECTOR('',#3354,1.);
#2024=VECTOR('',#3357,1.);
#2025=VECTOR('',#3360,1.);
#2026=VECTOR('',#3363,1.);
#2027=VECTOR('',#3364,1.);
#2028=VECTOR('',#3367,1.);
#2029=VECTOR('',#3370,1.);
#2030=VECTOR('',#3373,1.);
#2031=VECTOR('',#3378,1.);
#2032=VECTOR('',#3381,1.);
#2033=VECTOR('',#3382,1.);
#2034=VECTOR('',#3385,1.);
#2035=VECTOR('',#3388,1.);
#2036=VECTOR('',#3391,1.);
#2037=VECTOR('',#3394,1.);
#2038=VECTOR('',#3397,1.);
#2039=VECTOR('',#3398,1.);
#2040=VECTOR('',#3401,1.);
#2041=VECTOR('',#3402,1.);
#2042=VECTOR('',#3405,1.);
#2043=VECTOR('',#3408,1.);
#2044=VECTOR('',#3411,1.);
#2045=VECTOR('',#3414,1.);
#2046=VECTOR('',#3417,1.);
#2047=VECTOR('',#3418,1.);
#2048=VECTOR('',#3421,1.);
#2049=VECTOR('',#3426,1.);
#2050=VECTOR('',#3429,1.);
#2051=VECTOR('',#3430,1.);
#2052=VECTOR('',#3433,1.);
#2053=VECTOR('',#3436,1.);
#2054=VECTOR('',#3439,1.);
#2055=VECTOR('',#3442,1.);
#2056=VECTOR('',#3443,1.);
#2057=VECTOR('',#3446,1.);
#2058=VECTOR('',#3449,1.);
#2059=VECTOR('',#3452,1.);
#2060=VECTOR('',#3455,1.);
#2061=VECTOR('',#3458,1.);
#2062=VECTOR('',#3459,1.);
#2063=VECTOR('',#3460,1.);
#2064=VECTOR('',#3463,1.);
#2065=VECTOR('',#3466,1.);
#2066=VECTOR('',#3469,1.);
#2067=VECTOR('',#3470,1.);
#2068=VECTOR('',#3475,1.);
#2069=VECTOR('',#3476,1.);
#2070=VECTOR('',#3479,1.);
#2071=VECTOR('',#3482,1.);
#2072=VECTOR('',#3485,1.);
#2073=VECTOR('',#3486,1.);
#2074=VECTOR('',#3495,1.);
#2075=VECTOR('',#3496,1.);
#2076=VECTOR('',#3517,1.);
#2077=VECTOR('',#3518,1.);
#2078=VECTOR('',#3519,1.);
#2079=VECTOR('',#3520,1.);
#2080=VECTOR('',#3523,1.);
#2081=VECTOR('',#3524,1.);
#2082=VECTOR('',#3525,1.);
#2083=VECTOR('',#3530,1.);
#2084=VECTOR('',#3535,1.);
#2085=VECTOR('',#3536,1.);
#2086=VECTOR('',#3537,1.);
#2087=VECTOR('',#3540,1.);
#2088=VECTOR('',#3541,1.);
#2089=VECTOR('',#3542,1.);
#2090=VECTOR('',#3545,1.);
#2091=VECTOR('',#3546,1.);
#2092=VECTOR('',#3547,1.);
#2093=VECTOR('',#3552,1.);
#2094=VECTOR('',#3557,1.);
#2095=VECTOR('',#3558,1.);
#2096=VECTOR('',#3559,1.);
#2097=VECTOR('',#3562,1.);
#2098=VECTOR('',#3563,1.);
#2099=VECTOR('',#3564,1.);
#2100=VECTOR('',#3567,1.);
#2101=VECTOR('',#3568,1.);
#2102=VECTOR('',#3571,1.);
#2103=VECTOR('',#3572,1.);
#2104=VECTOR('',#3575,1.);
#2105=VECTOR('',#3576,1.);
#2106=VECTOR('',#3577,1.);
#2107=VECTOR('',#3582,1.);
#2108=VECTOR('',#3587,1.);
#2109=VECTOR('',#3588,1.);
#2110=VECTOR('',#3589,1.);
#2111=VECTOR('',#3592,1.);
#2112=VECTOR('',#3593,1.);
#2113=VECTOR('',#3594,1.);
#2114=VECTOR('',#3597,1.);
#2115=VECTOR('',#3598,1.);
#2116=VECTOR('',#3599,1.);
#2117=VECTOR('',#3604,1.);
#2118=VECTOR('',#3609,1.);
#2119=VECTOR('',#3610,1.);
#2120=VECTOR('',#3631,1.);
#2121=VECTOR('',#3632,1.);
#2122=VECTOR('',#3633,1.);
#2123=VECTOR('',#3636,1.);
#2124=VECTOR('',#3637,1.);
#2125=VECTOR('',#3640,1.);
#2126=VECTOR('',#3641,1.);
#2127=VECTOR('',#3644,1.);
#2128=VECTOR('',#3645,1.);
#2129=VECTOR('',#3648,1.);
#2130=VECTOR('',#3649,1.);
#2131=VECTOR('',#3652,1.);
#2132=VECTOR('',#3657,1.);
#2133=VECTOR('',#3658,1.);
#2134=VECTOR('',#3659,1.);
#2135=VECTOR('',#3660,1.);
#2136=VECTOR('',#3661,1.);
#2137=VECTOR('',#3662,1.);
#2138=VECTOR('',#3665,1.);
#2139=VECTOR('',#3666,1.);
#2140=VECTOR('',#3669,1.);
#2141=VECTOR('',#3672,1.);
#2142=VECTOR('',#3675,1.);
#2143=VECTOR('',#3678,1.);
#2144=VECTOR('',#3683,1.);
#2145=VECTOR('',#3684,1.);
#2146=VECTOR('',#3685,1.);
#2147=VECTOR('',#3688,1.);
#2148=VECTOR('',#3689,1.);
#2149=VECTOR('',#3692,1.);
#2150=VECTOR('',#3693,1.);
#2151=VECTOR('',#3696,1.);
#2152=VECTOR('',#3697,1.);
#2153=VECTOR('',#3700,1.);
#2154=VECTOR('',#3701,1.);
#2155=VECTOR('',#3704,1.);
#2156=VECTOR('',#3709,1.);
#2157=VECTOR('',#3710,1.);
#2158=VECTOR('',#3711,1.);
#2159=VECTOR('',#3712,1.);
#2160=VECTOR('',#3713,1.);
#2161=VECTOR('',#3714,1.);
#2162=VECTOR('',#3717,1.);
#2163=VECTOR('',#3718,1.);
#2164=VECTOR('',#3721,1.);
#2165=VECTOR('',#3724,1.);
#2166=VECTOR('',#3727,1.);
#2167=VECTOR('',#3730,1.);
#2168=EDGE_LOOP('',(#227,#228,#229,#230));
#2169=EDGE_LOOP('',(#231,#232,#233,#234,#235,#236,#237,#238,#239,#240));
#2170=EDGE_LOOP('',(#241));
#2171=EDGE_LOOP('',(#242));
#2172=EDGE_LOOP('',(#243));
#2173=EDGE_LOOP('',(#244));
#2174=EDGE_LOOP('',(#245));
#2175=EDGE_LOOP('',(#246));
#2176=EDGE_LOOP('',(#247));
#2177=EDGE_LOOP('',(#248));
#2178=EDGE_LOOP('',(#249,#250,#251,#252));
#2179=EDGE_LOOP('',(#253));
#2180=EDGE_LOOP('',(#254,#255,#256,#257,#258,#259,#260,#261,#262,#263));
#2181=EDGE_LOOP('',(#264,#265,#266,#267,#268,#269));
#2182=EDGE_LOOP('',(#270));
#2183=EDGE_LOOP('',(#271,#272,#273,#274,#275,#276,#277,#278,#279,#280,#281));
#2184=EDGE_LOOP('',(#282,#283,#284,#285,#286,#287,#288,#289,#290));
#2185=EDGE_LOOP('',(#291,#292,#293,#294,#295,#296,#297,#298));
#2186=EDGE_LOOP('',(#299,#300,#301,#302,#303,#304,#305,#306,#307));
#2187=EDGE_LOOP('',(#308));
#2188=EDGE_LOOP('',(#309));
#2189=EDGE_LOOP('',(#310));
#2190=EDGE_LOOP('',(#311,#312,#313,#314,#315,#316));
#2191=EDGE_LOOP('',(#317,#318,#319,#320,#321,#322));
#2192=EDGE_LOOP('',(#323,#324,#325,#326,#327,#328));
#2193=EDGE_LOOP('',(#329,#330,#331,#332,#333,#334));
#2194=EDGE_LOOP('',(#335,#336,#337,#338,#339,#340,#341,#342,#343,#344,#345,
#346,#347,#348,#349,#350,#351,#352,#353,#354));
#2195=EDGE_LOOP('',(#355,#356,#357,#358,#359,#360,#361,#362));
#2196=EDGE_LOOP('',(#363));
#2197=EDGE_LOOP('',(#364,#365,#366,#367,#368,#369));
#2198=EDGE_LOOP('',(#370,#371,#372,#373,#374,#375,#376,#377,#378,#379));
#2199=EDGE_LOOP('',(#380));
#2200=EDGE_LOOP('',(#381,#382,#383,#384,#385,#386,#387,#388,#389));
#2201=EDGE_LOOP('',(#390,#391,#392,#393,#394,#395,#396,#397));
#2202=EDGE_LOOP('',(#398,#399,#400,#401,#402,#403,#404,#405,#406));
#2203=EDGE_LOOP('',(#407,#408,#409,#410));
#2204=EDGE_LOOP('',(#411,#412,#413,#414));
#2205=EDGE_LOOP('',(#415,#416,#417,#418));
#2206=EDGE_LOOP('',(#419,#420,#421,#422));
#2207=EDGE_LOOP('',(#423,#424,#425,#426));
#2208=EDGE_LOOP('',(#427,#428,#429,#430));
#2209=EDGE_LOOP('',(#431,#432,#433,#434));
#2210=EDGE_LOOP('',(#435,#436,#437,#438));
#2211=EDGE_LOOP('',(#439,#440,#441,#442));
#2212=EDGE_LOOP('',(#443,#444,#445,#446));
#2213=EDGE_LOOP('',(#447,#448,#449,#450));
#2214=EDGE_LOOP('',(#451,#452,#453,#454));
#2215=EDGE_LOOP('',(#455,#456,#457,#458));
#2216=EDGE_LOOP('',(#459,#460,#461,#462));
#2217=EDGE_LOOP('',(#463,#464,#465,#466));
#2218=EDGE_LOOP('',(#467,#468,#469,#470,#471,#472));
#2219=EDGE_LOOP('',(#473,#474,#475,#476,#477,#478));
#2220=EDGE_LOOP('',(#479,#480,#481,#482,#483,#484));
#2221=EDGE_LOOP('',(#485,#486,#487,#488,#489));
#2222=EDGE_LOOP('',(#490,#491,#492,#493,#494));
#2223=EDGE_LOOP('',(#495,#496,#497,#498));
#2224=EDGE_LOOP('',(#499,#500,#501,#502));
#2225=EDGE_LOOP('',(#503,#504,#505,#506,#507,#508));
#2226=EDGE_LOOP('',(#509,#510,#511,#512));
#2227=EDGE_LOOP('',(#513,#514,#515,#516));
#2228=EDGE_LOOP('',(#517,#518,#519,#520));
#2229=EDGE_LOOP('',(#521,#522,#523,#524,#525));
#2230=EDGE_LOOP('',(#526,#527,#528,#529,#530,#531));
#2231=EDGE_LOOP('',(#532,#533,#534,#535));
#2232=EDGE_LOOP('',(#536,#537,#538,#539));
#2233=EDGE_LOOP('',(#540,#541,#542,#543));
#2234=EDGE_LOOP('',(#544,#545,#546,#547,#548,#549));
#2235=EDGE_LOOP('',(#550,#551,#552,#553));
#2236=EDGE_LOOP('',(#554,#555,#556,#557));
#2237=EDGE_LOOP('',(#558,#559,#560,#561));
#2238=EDGE_LOOP('',(#562,#563,#564,#565));
#2239=EDGE_LOOP('',(#566,#567,#568,#569));
#2240=EDGE_LOOP('',(#570,#571,#572,#573,#574));
#2241=EDGE_LOOP('',(#575,#576,#577,#578));
#2242=EDGE_LOOP('',(#579,#580,#581,#582));
#2243=EDGE_LOOP('',(#583,#584,#585,#586,#587));
#2244=EDGE_LOOP('',(#588,#589,#590,#591,#592,#593));
#2245=EDGE_LOOP('',(#594,#595,#596,#597));
#2246=EDGE_LOOP('',(#598,#599,#600,#601));
#2247=EDGE_LOOP('',(#602,#603,#604,#605));
#2248=EDGE_LOOP('',(#606,#607,#608,#609));
#2249=EDGE_LOOP('',(#610,#611,#612,#613,#614));
#2250=EDGE_LOOP('',(#615,#616,#617,#618));
#2251=EDGE_LOOP('',(#619,#620,#621,#622));
#2252=EDGE_LOOP('',(#623,#624,#625,#626,#627));
#2253=EDGE_LOOP('',(#628,#629,#630,#631,#632,#633));
#2254=EDGE_LOOP('',(#634,#635,#636,#637));
#2255=EDGE_LOOP('',(#638,#639,#640,#641,#642,#643));
#2256=EDGE_LOOP('',(#644,#645,#646,#647,#648,#649));
#2257=EDGE_LOOP('',(#650,#651,#652,#653,#654,#655));
#2258=EDGE_LOOP('',(#656,#657,#658,#659,#660,#661));
#2259=EDGE_LOOP('',(#662,#663,#664,#665));
#2260=EDGE_LOOP('',(#666,#667,#668,#669,#670,#671));
#2261=EDGE_LOOP('',(#672,#673,#674,#675,#676));
#2262=EDGE_LOOP('',(#677,#678,#679,#680));
#2263=EDGE_LOOP('',(#681,#682,#683,#684,#685));
#2264=EDGE_LOOP('',(#686,#687,#688,#689));
#2265=EDGE_LOOP('',(#690,#691,#692,#693,#694,#695));
#2266=EDGE_LOOP('',(#696));
#2267=EDGE_LOOP('',(#697));
#2268=EDGE_LOOP('',(#698,#699,#700,#701,#702));
#2269=EDGE_LOOP('',(#703,#704,#705,#706));
#2270=EDGE_LOOP('',(#707));
#2271=EDGE_LOOP('',(#708));
#2272=EDGE_LOOP('',(#709,#710,#711,#712));
#2273=EDGE_LOOP('',(#713,#714,#715,#716,#717,#718));
#2274=EDGE_LOOP('',(#719,#720,#721,#722));
#2275=EDGE_LOOP('',(#723,#724,#725,#726));
#2276=EDGE_LOOP('',(#727,#728,#729,#730));
#2277=EDGE_LOOP('',(#731,#732,#733,#734));
#2278=EDGE_LOOP('',(#735,#736,#737,#738));
#2279=EDGE_LOOP('',(#739,#740,#741,#742));
#2280=EDGE_LOOP('',(#743,#744,#745,#746));
#2281=EDGE_LOOP('',(#747,#748,#749,#750));
#2282=EDGE_LOOP('',(#751,#752,#753,#754));
#2283=EDGE_LOOP('',(#755,#756,#757,#758));
#2284=EDGE_LOOP('',(#759,#760,#761,#762));
#2285=EDGE_LOOP('',(#763,#764,#765,#766));
#2286=EDGE_LOOP('',(#767,#768,#769,#770));
#2287=EDGE_LOOP('',(#771,#772,#773,#774));
#2288=EDGE_LOOP('',(#775,#776,#777,#778));
#2289=EDGE_LOOP('',(#779,#780,#781,#782));
#2290=EDGE_LOOP('',(#783,#784,#785,#786));
#2291=EDGE_LOOP('',(#787,#788,#789,#790));
#2292=EDGE_LOOP('',(#791,#792,#793,#794));
#2293=EDGE_LOOP('',(#795,#796,#797,#798,#799,#800,#801,#802,#803,#804,#805,
#806,#807,#808,#809,#810,#811,#812,#813,#814,#815,#816,#817,#818,#819,#820));
#2294=EDGE_LOOP('',(#821));
#2295=EDGE_LOOP('',(#822));
#2296=EDGE_LOOP('',(#823));
#2297=EDGE_LOOP('',(#824));
#2298=EDGE_LOOP('',(#825));
#2299=EDGE_LOOP('',(#826,#827,#828,#829,#830,#831,#832,#833,#834,#835,#836,
#837,#838,#839,#840,#841,#842,#843,#844,#845));
#2300=EDGE_LOOP('',(#846,#847,#848,#849,#850,#851,#852,#853,#854,#855,#856,
#857,#858,#859));
#2301=EDGE_LOOP('',(#860,#861,#862,#863,#864,#865,#866,#867,#868,#869,#870,
#871,#872,#873));
#2302=EDGE_LOOP('',(#874,#875,#876,#877,#878,#879,#880,#881,#882,#883,#884,
#885,#886));
#2303=EDGE_LOOP('',(#887,#888,#889,#890));
#2304=EDGE_LOOP('',(#891,#892,#893,#894));
#2305=EDGE_LOOP('',(#895,#896,#897,#898));
#2306=EDGE_LOOP('',(#899,#900,#901,#902));
#2307=EDGE_LOOP('',(#903,#904,#905,#906));
#2308=EDGE_LOOP('',(#907,#908,#909,#910));
#2309=EDGE_LOOP('',(#911));
#2310=EDGE_LOOP('',(#912,#913,#914,#915,#916,#917));
#2311=EDGE_LOOP('',(#918,#919,#920,#921,#922,#923));
#2312=EDGE_LOOP('',(#924));
#2313=EDGE_LOOP('',(#925,#926,#927,#928));
#2314=EDGE_LOOP('',(#929,#930,#931,#932));
#2315=EDGE_LOOP('',(#933,#934,#935,#936));
#2316=EDGE_LOOP('',(#937,#938,#939,#940));
#2317=EDGE_LOOP('',(#941,#942,#943,#944));
#2318=EDGE_LOOP('',(#945,#946,#947,#948));
#2319=EDGE_LOOP('',(#949,#950,#951,#952));
#2320=EDGE_LOOP('',(#953,#954,#955,#956));
#2321=EDGE_LOOP('',(#957,#958,#959,#960));
#2322=EDGE_LOOP('',(#961,#962,#963,#964));
#2323=EDGE_LOOP('',(#965,#966,#967,#968));
#2324=EDGE_LOOP('',(#969,#970,#971,#972));
#2325=EDGE_LOOP('',(#973));
#2326=EDGE_LOOP('',(#974,#975,#976,#977,#978,#979));
#2327=EDGE_LOOP('',(#980,#981,#982,#983,#984,#985));
#2328=EDGE_LOOP('',(#986));
#2329=EDGE_LOOP('',(#987,#988,#989,#990));
#2330=EDGE_LOOP('',(#991,#992,#993,#994));
#2331=EDGE_LOOP('',(#995,#996,#997,#998));
#2332=EDGE_LOOP('',(#999,#1000,#1001,#1002));
#2333=EDGE_LOOP('',(#1003,#1004,#1005,#1006));
#2334=EDGE_LOOP('',(#1007,#1008,#1009,#1010));
#2335=EDGE_LOOP('',(#1011));
#2336=EDGE_LOOP('',(#1012));
#2337=EDGE_LOOP('',(#1013));
#2338=EDGE_LOOP('',(#1014));
#2339=FACE_BOUND('',#2168,.T.);
#2340=FACE_BOUND('',#2169,.T.);
#2341=FACE_BOUND('',#2170,.T.);
#2342=FACE_BOUND('',#2171,.T.);
#2343=FACE_BOUND('',#2172,.T.);
#2344=FACE_BOUND('',#2173,.T.);
#2345=FACE_BOUND('',#2174,.T.);
#2346=FACE_BOUND('',#2175,.T.);
#2347=FACE_BOUND('',#2176,.T.);
#2348=FACE_BOUND('',#2177,.T.);
#2349=FACE_BOUND('',#2178,.T.);
#2350=FACE_BOUND('',#2179,.T.);
#2351=FACE_BOUND('',#2180,.T.);
#2352=FACE_BOUND('',#2181,.T.);
#2353=FACE_BOUND('',#2182,.T.);
#2354=FACE_BOUND('',#2183,.T.);
#2355=FACE_BOUND('',#2184,.T.);
#2356=FACE_BOUND('',#2185,.T.);
#2357=FACE_BOUND('',#2186,.T.);
#2358=FACE_BOUND('',#2187,.T.);
#2359=FACE_BOUND('',#2188,.T.);
#2360=FACE_BOUND('',#2189,.T.);
#2361=FACE_BOUND('',#2190,.T.);
#2362=FACE_BOUND('',#2191,.T.);
#2363=FACE_BOUND('',#2192,.T.);
#2364=FACE_BOUND('',#2193,.T.);
#2365=FACE_BOUND('',#2194,.T.);
#2366=FACE_BOUND('',#2195,.T.);
#2367=FACE_BOUND('',#2196,.T.);
#2368=FACE_BOUND('',#2197,.T.);
#2369=FACE_BOUND('',#2198,.T.);
#2370=FACE_BOUND('',#2199,.T.);
#2371=FACE_BOUND('',#2200,.T.);
#2372=FACE_BOUND('',#2201,.T.);
#2373=FACE_BOUND('',#2202,.T.);
#2374=FACE_BOUND('',#2203,.T.);
#2375=FACE_BOUND('',#2204,.T.);
#2376=FACE_BOUND('',#2205,.T.);
#2377=FACE_BOUND('',#2206,.T.);
#2378=FACE_BOUND('',#2207,.T.);
#2379=FACE_BOUND('',#2208,.T.);
#2380=FACE_BOUND('',#2209,.T.);
#2381=FACE_BOUND('',#2210,.T.);
#2382=FACE_BOUND('',#2211,.T.);
#2383=FACE_BOUND('',#2212,.T.);
#2384=FACE_BOUND('',#2213,.T.);
#2385=FACE_BOUND('',#2214,.T.);
#2386=FACE_BOUND('',#2215,.T.);
#2387=FACE_BOUND('',#2216,.T.);
#2388=FACE_BOUND('',#2217,.T.);
#2389=FACE_BOUND('',#2218,.T.);
#2390=FACE_BOUND('',#2219,.T.);
#2391=FACE_BOUND('',#2220,.T.);
#2392=FACE_BOUND('',#2221,.T.);
#2393=FACE_BOUND('',#2222,.T.);
#2394=FACE_BOUND('',#2223,.T.);
#2395=FACE_BOUND('',#2224,.T.);
#2396=FACE_BOUND('',#2225,.T.);
#2397=FACE_BOUND('',#2226,.T.);
#2398=FACE_BOUND('',#2227,.T.);
#2399=FACE_BOUND('',#2228,.T.);
#2400=FACE_BOUND('',#2229,.T.);
#2401=FACE_BOUND('',#2230,.T.);
#2402=FACE_BOUND('',#2231,.T.);
#2403=FACE_BOUND('',#2232,.T.);
#2404=FACE_BOUND('',#2233,.T.);
#2405=FACE_BOUND('',#2234,.T.);
#2406=FACE_BOUND('',#2235,.T.);
#2407=FACE_BOUND('',#2236,.T.);
#2408=FACE_BOUND('',#2237,.T.);
#2409=FACE_BOUND('',#2238,.T.);
#2410=FACE_BOUND('',#2239,.T.);
#2411=FACE_BOUND('',#2240,.T.);
#2412=FACE_BOUND('',#2241,.T.);
#2413=FACE_BOUND('',#2242,.T.);
#2414=FACE_BOUND('',#2243,.T.);
#2415=FACE_BOUND('',#2244,.T.);
#2416=FACE_BOUND('',#2245,.T.);
#2417=FACE_BOUND('',#2246,.T.);
#2418=FACE_BOUND('',#2247,.T.);
#2419=FACE_BOUND('',#2248,.T.);
#2420=FACE_BOUND('',#2249,.T.);
#2421=FACE_BOUND('',#2250,.T.);
#2422=FACE_BOUND('',#2251,.T.);
#2423=FACE_BOUND('',#2252,.T.);
#2424=FACE_BOUND('',#2253,.T.);
#2425=FACE_BOUND('',#2254,.T.);
#2426=FACE_BOUND('',#2255,.T.);
#2427=FACE_BOUND('',#2256,.T.);
#2428=FACE_BOUND('',#2257,.T.);
#2429=FACE_BOUND('',#2258,.T.);
#2430=FACE_BOUND('',#2259,.T.);
#2431=FACE_BOUND('',#2260,.T.);
#2432=FACE_BOUND('',#2261,.T.);
#2433=FACE_BOUND('',#2262,.T.);
#2434=FACE_BOUND('',#2263,.T.);
#2435=FACE_BOUND('',#2264,.T.);
#2436=FACE_BOUND('',#2265,.T.);
#2437=FACE_BOUND('',#2266,.T.);
#2438=FACE_BOUND('',#2267,.T.);
#2439=FACE_BOUND('',#2268,.T.);
#2440=FACE_BOUND('',#2269,.T.);
#2441=FACE_BOUND('',#2270,.T.);
#2442=FACE_BOUND('',#2271,.T.);
#2443=FACE_BOUND('',#2272,.T.);
#2444=FACE_BOUND('',#2273,.T.);
#2445=FACE_BOUND('',#2274,.T.);
#2446=FACE_BOUND('',#2275,.T.);
#2447=FACE_BOUND('',#2276,.T.);
#2448=FACE_BOUND('',#2277,.T.);
#2449=FACE_BOUND('',#2278,.T.);
#2450=FACE_BOUND('',#2279,.T.);
#2451=FACE_BOUND('',#2280,.T.);
#2452=FACE_BOUND('',#2281,.T.);
#2453=FACE_BOUND('',#2282,.T.);
#2454=FACE_BOUND('',#2283,.T.);
#2455=FACE_BOUND('',#2284,.T.);
#2456=FACE_BOUND('',#2285,.T.);
#2457=FACE_BOUND('',#2286,.T.);
#2458=FACE_BOUND('',#2287,.T.);
#2459=FACE_BOUND('',#2288,.T.);
#2460=FACE_BOUND('',#2289,.T.);
#2461=FACE_BOUND('',#2290,.T.);
#2462=FACE_BOUND('',#2291,.T.);
#2463=FACE_BOUND('',#2292,.T.);
#2464=FACE_BOUND('',#2293,.T.);
#2465=FACE_BOUND('',#2294,.T.);
#2466=FACE_BOUND('',#2295,.T.);
#2467=FACE_BOUND('',#2296,.T.);
#2468=FACE_BOUND('',#2297,.T.);
#2469=FACE_BOUND('',#2298,.T.);
#2470=FACE_BOUND('',#2299,.T.);
#2471=FACE_BOUND('',#2300,.T.);
#2472=FACE_BOUND('',#2301,.T.);
#2473=FACE_BOUND('',#2302,.T.);
#2474=FACE_BOUND('',#2303,.T.);
#2475=FACE_BOUND('',#2304,.T.);
#2476=FACE_BOUND('',#2305,.T.);
#2477=FACE_BOUND('',#2306,.T.);
#2478=FACE_BOUND('',#2307,.T.);
#2479=FACE_BOUND('',#2308,.T.);
#2480=FACE_BOUND('',#2309,.T.);
#2481=FACE_BOUND('',#2310,.T.);
#2482=FACE_BOUND('',#2311,.T.);
#2483=FACE_BOUND('',#2312,.T.);
#2484=FACE_BOUND('',#2313,.T.);
#2485=FACE_BOUND('',#2314,.T.);
#2486=FACE_BOUND('',#2315,.T.);
#2487=FACE_BOUND('',#2316,.T.);
#2488=FACE_BOUND('',#2317,.T.);
#2489=FACE_BOUND('',#2318,.T.);
#2490=FACE_BOUND('',#2319,.T.);
#2491=FACE_BOUND('',#2320,.T.);
#2492=FACE_BOUND('',#2321,.T.);
#2493=FACE_BOUND('',#2322,.T.);
#2494=FACE_BOUND('',#2323,.T.);
#2495=FACE_BOUND('',#2324,.T.);
#2496=FACE_BOUND('',#2325,.T.);
#2497=FACE_BOUND('',#2326,.T.);
#2498=FACE_BOUND('',#2327,.T.);
#2499=FACE_BOUND('',#2328,.T.);
#2500=FACE_BOUND('',#2329,.T.);
#2501=FACE_BOUND('',#2330,.T.);
#2502=FACE_BOUND('',#2331,.T.);
#2503=FACE_BOUND('',#2332,.T.);
#2504=FACE_BOUND('',#2333,.T.);
#2505=FACE_BOUND('',#2334,.T.);
#2506=FACE_BOUND('',#2335,.T.);
#2507=FACE_BOUND('',#2336,.T.);
#2508=FACE_BOUND('',#2337,.T.);
#2509=FACE_BOUND('',#2338,.T.);
#2510=PLANE('',#2726);
#2511=PLANE('',#2747);
#2512=PLANE('',#2759);
#2513=PLANE('',#2774);
#2514=PLANE('',#2787);
#2515=PLANE('',#2840);
#2516=PLANE('',#2842);
#2517=PLANE('',#2846);
#2518=PLANE('',#2848);
#2519=PLANE('',#2852);
#2520=PLANE('',#2861);
#2521=PLANE('',#2864);
#2522=PLANE('',#2871);
#2523=PLANE('',#2875);
#2524=PLANE('',#2876);
#2525=PLANE('',#2878);
#2526=PLANE('',#2881);
#2527=PLANE('',#2886);
#2528=PLANE('',#2891);
#2529=PLANE('',#2893);
#2530=PLANE('',#2895);
#2531=PLANE('',#2897);
#2532=PLANE('',#2900);
#2533=PLANE('',#2902);
#2534=PLANE('',#2914);
#2535=PLANE('',#2916);
#2536=PLANE('',#2917);
#2537=PLANE('',#2921);
#2538=PLANE('',#2922);
#2539=PLANE('',#2923);
#2540=PLANE('',#2927);
#2541=PLANE('',#2928);
#2542=PLANE('',#2929);
#2543=PLANE('',#2930);
#2544=PLANE('',#2931);
#2545=PLANE('',#2935);
#2546=PLANE('',#2936);
#2547=PLANE('',#2937);
#2548=PLANE('',#2941);
#2549=PLANE('',#2942);
#2550=PLANE('',#2946);
#2551=PLANE('',#2951);
#2552=PLANE('',#2952);
#2553=PLANE('',#2953);
#2554=PLANE('',#2954);
#2555=PLANE('',#2955);
#2556=PLANE('',#2956);
#2557=PLANE('',#2957);
#2558=PLANE('',#2958);
#2559=PLANE('',#2959);
#2560=PLANE('',#2960);
#2561=PLANE('',#2961);
#2562=PLANE('',#2962);
#2563=PLANE('',#2963);
#2564=PLANE('',#2964);
#2565=PLANE('',#2965);
#2566=PLANE('',#2966);
#2567=PLANE('',#2967);
#2568=PLANE('',#2968);
#2569=PLANE('',#2969);
#2570=PLANE('',#2970);
#2571=PLANE('',#2971);
#2572=PLANE('',#2972);
#2573=PLANE('',#2973);
#2574=PLANE('',#2974);
#2575=PLANE('',#2975);
#2576=PLANE('',#2976);
#2577=PLANE('',#2977);
#2578=PLANE('',#2978);
#2579=ADVANCED_FACE('',(#2339),#2510,.F.);
#2580=ADVANCED_FACE('',(#2340),#165,.T.);
#2581=ADVANCED_FACE('',(#2341,#2342),#166,.F.);
#2582=ADVANCED_FACE('',(#2343,#2344),#167,.F.);
#2583=ADVANCED_FACE('',(#2345,#2346),#168,.F.);
#2584=ADVANCED_FACE('',(#2347,#2348),#169,.F.);
#2585=ADVANCED_FACE('',(#2349),#170,.T.);
#2586=ADVANCED_FACE('',(#2350,#2351,#2352),#2511,.F.);
#2587=ADVANCED_FACE('',(#2353,#2354,#2355),#2512,.F.);
#2588=ADVANCED_FACE('',(#2356,#2357,#2358),#2513,.F.);
#2589=ADVANCED_FACE('',(#2359,#2360,#2361,#2362,#2363,#2364,#2365,#2366,
#2367,#2368,#2369,#2370,#2371,#2372,#2373),#2514,.T.);
#2590=ADVANCED_FACE('',(#2374),#2515,.T.);
#2591=ADVANCED_FACE('',(#2375),#171,.F.);
#2592=ADVANCED_FACE('',(#2376),#2516,.F.);
#2593=ADVANCED_FACE('',(#2377),#172,.F.);
#2594=ADVANCED_FACE('',(#2378),#173,.F.);
#2595=ADVANCED_FACE('',(#2379),#174,.F.);
#2596=ADVANCED_FACE('',(#2380),#2517,.F.);
#2597=ADVANCED_FACE('',(#2381),#175,.F.);
#2598=ADVANCED_FACE('',(#2382),#2518,.F.);
#2599=ADVANCED_FACE('',(#2383),#176,.F.);
#2600=ADVANCED_FACE('',(#2384),#177,.F.);
#2601=ADVANCED_FACE('',(#2385),#178,.F.);
#2602=ADVANCED_FACE('',(#2386),#2519,.F.);
#2603=ADVANCED_FACE('',(#2387),#179,.F.);
#2604=ADVANCED_FACE('',(#2388),#180,.T.);
#2605=ADVANCED_FACE('',(#2389),#181,.T.);
#2606=ADVANCED_FACE('',(#2390),#182,.F.);
#2607=ADVANCED_FACE('',(#2391),#183,.T.);
#2608=ADVANCED_FACE('',(#2392),#184,.F.);
#2609=ADVANCED_FACE('',(#2393),#2520,.F.);
#2610=ADVANCED_FACE('',(#2394),#185,.F.);
#2611=ADVANCED_FACE('',(#2395),#186,.T.);
#2612=ADVANCED_FACE('',(#2396),#2521,.F.);
#2613=ADVANCED_FACE('',(#2397),#187,.T.);
#2614=ADVANCED_FACE('',(#2398),#188,.F.);
#2615=ADVANCED_FACE('',(#2399),#189,.T.);
#2616=ADVANCED_FACE('',(#2400),#190,.F.);
#2617=ADVANCED_FACE('',(#2401),#2522,.F.);
#2618=ADVANCED_FACE('',(#2402),#191,.F.);
#2619=ADVANCED_FACE('',(#2403),#192,.T.);
#2620=ADVANCED_FACE('',(#2404),#193,.F.);
#2621=ADVANCED_FACE('',(#2405),#2523,.F.);
#2622=ADVANCED_FACE('',(#2406),#2524,.F.);
#2623=ADVANCED_FACE('',(#2407),#194,.F.);
#2624=ADVANCED_FACE('',(#2408),#2525,.F.);
#2625=ADVANCED_FACE('',(#2409),#195,.F.);
#2626=ADVANCED_FACE('',(#2410),#196,.T.);
#2627=ADVANCED_FACE('',(#2411),#2526,.F.);
#2628=ADVANCED_FACE('',(#2412),#197,.F.);
#2629=ADVANCED_FACE('',(#2413),#198,.T.);
#2630=ADVANCED_FACE('',(#2414),#199,.F.);
#2631=ADVANCED_FACE('',(#2415),#2527,.F.);
#2632=ADVANCED_FACE('',(#2416),#200,.F.);
#2633=ADVANCED_FACE('',(#2417),#201,.T.);
#2634=ADVANCED_FACE('',(#2418),#202,.T.);
#2635=ADVANCED_FACE('',(#2419),#203,.T.);
#2636=ADVANCED_FACE('',(#2420),#2528,.T.);
#2637=ADVANCED_FACE('',(#2421),#204,.F.);
#2638=ADVANCED_FACE('',(#2422),#2529,.F.);
#2639=ADVANCED_FACE('',(#2423),#205,.F.);
#2640=ADVANCED_FACE('',(#2424),#2530,.T.);
#2641=ADVANCED_FACE('',(#2425),#206,.T.);
#2642=ADVANCED_FACE('',(#2426),#2531,.T.);
#2643=ADVANCED_FACE('',(#2427),#207,.F.);
#2644=ADVANCED_FACE('',(#2428),#208,.F.);
#2645=ADVANCED_FACE('',(#2429),#2532,.T.);
#2646=ADVANCED_FACE('',(#2430),#209,.T.);
#2647=ADVANCED_FACE('',(#2431),#2533,.T.);
#2648=ADVANCED_FACE('',(#2432),#210,.F.);
#2649=ADVANCED_FACE('',(#2433),#211,.T.);
#2650=ADVANCED_FACE('',(#2434),#212,.F.);
#2651=ADVANCED_FACE('',(#2435),#213,.F.);
#2652=ADVANCED_FACE('',(#2436),#214,.F.);
#2653=ADVANCED_FACE('',(#2437,#2438),#215,.F.);
#2654=ADVANCED_FACE('',(#2439),#216,.F.);
#2655=ADVANCED_FACE('',(#2440),#217,.F.);
#2656=ADVANCED_FACE('',(#2441,#2442),#218,.F.);
#2657=ADVANCED_FACE('',(#2443),#219,.F.);
#2658=ADVANCED_FACE('',(#2444),#2534,.T.);
#2659=ADVANCED_FACE('',(#2445),#220,.T.);
#2660=ADVANCED_FACE('',(#2446),#2535,.T.);
#2661=ADVANCED_FACE('',(#2447),#2536,.T.);
#2662=ADVANCED_FACE('',(#2448),#221,.T.);
#2663=ADVANCED_FACE('',(#2449),#2537,.F.);
#2664=ADVANCED_FACE('',(#2450),#2538,.T.);
#2665=ADVANCED_FACE('',(#2451),#2539,.T.);
#2666=ADVANCED_FACE('',(#2452),#222,.T.);
#2667=ADVANCED_FACE('',(#2453),#2540,.F.);
#2668=ADVANCED_FACE('',(#2454),#2541,.F.);
#2669=ADVANCED_FACE('',(#2455),#2542,.F.);
#2670=ADVANCED_FACE('',(#2456),#2543,.T.);
#2671=ADVANCED_FACE('',(#2457),#2544,.T.);
#2672=ADVANCED_FACE('',(#2458),#223,.T.);
#2673=ADVANCED_FACE('',(#2459),#2545,.F.);
#2674=ADVANCED_FACE('',(#2460),#2546,.F.);
#2675=ADVANCED_FACE('',(#2461),#2547,.T.);
#2676=ADVANCED_FACE('',(#2462),#224,.T.);
#2677=ADVANCED_FACE('',(#2463),#2548,.F.);
#2678=ADVANCED_FACE('',(#2464,#2465,#2466,#2467,#2468),#2549,.T.);
#2679=ADVANCED_FACE('',(#2469,#2470),#2550,.T.);
#2680=ADVANCED_FACE('',(#2471),#12,.F.);
#2681=ADVANCED_FACE('',(#2472),#13,.F.);
#2682=ADVANCED_FACE('',(#2473),#14,.F.);
#2683=ADVANCED_FACE('',(#2474),#2551,.F.);
#2684=ADVANCED_FACE('',(#2475),#2552,.F.);
#2685=ADVANCED_FACE('',(#2476),#2553,.F.);
#2686=ADVANCED_FACE('',(#2477),#2554,.F.);
#2687=ADVANCED_FACE('',(#2478),#2555,.F.);
#2688=ADVANCED_FACE('',(#2479),#2556,.F.);
#2689=ADVANCED_FACE('',(#2480,#2481),#2557,.T.);
#2690=ADVANCED_FACE('',(#2482,#2483),#2558,.T.);
#2691=ADVANCED_FACE('',(#2484),#2559,.F.);
#2692=ADVANCED_FACE('',(#2485),#2560,.F.);
#2693=ADVANCED_FACE('',(#2486),#2561,.F.);
#2694=ADVANCED_FACE('',(#2487),#2562,.F.);
#2695=ADVANCED_FACE('',(#2488),#2563,.F.);
#2696=ADVANCED_FACE('',(#2489),#2564,.F.);
#2697=ADVANCED_FACE('',(#2490),#2565,.F.);
#2698=ADVANCED_FACE('',(#2491),#2566,.F.);
#2699=ADVANCED_FACE('',(#2492),#2567,.F.);
#2700=ADVANCED_FACE('',(#2493),#2568,.F.);
#2701=ADVANCED_FACE('',(#2494),#2569,.F.);
#2702=ADVANCED_FACE('',(#2495),#2570,.F.);
#2703=ADVANCED_FACE('',(#2496,#2497),#2571,.T.);
#2704=ADVANCED_FACE('',(#2498,#2499),#2572,.T.);
#2705=ADVANCED_FACE('',(#2500),#2573,.F.);
#2706=ADVANCED_FACE('',(#2501),#2574,.F.);
#2707=ADVANCED_FACE('',(#2502),#2575,.F.);
#2708=ADVANCED_FACE('',(#2503),#2576,.F.);
#2709=ADVANCED_FACE('',(#2504),#2577,.F.);
#2710=ADVANCED_FACE('',(#2505),#2578,.F.);
#2711=ADVANCED_FACE('',(#2506,#2507),#225,.F.);
#2712=ADVANCED_FACE('',(#2508,#2509),#226,.F.);
#2713=CLOSED_SHELL('',(#2579,#2580,#2581,#2582,#2583,#2584,#2585,#2586,
#2587,#2588,#2589,#2590,#2591,#2592,#2593,#2594,#2595,#2596,#2597,#2598,
#2599,#2600,#2601,#2602,#2603,#2604,#2605,#2606,#2607,#2608,#2609,#2610,
#2611,#2612,#2613,#2614,#2615,#2616,#2617,#2618,#2619,#2620,#2621,#2622,
#2623,#2624,#2625,#2626,#2627,#2628,#2629,#2630,#2631,#2632,#2633,#2634,
#2635,#2636,#2637,#2638,#2639,#2640,#2641,#2642,#2643,#2644,#2645,#2646,
#2647,#2648,#2649,#2650,#2651,#2652,#2653,#2654,#2655,#2656,#2657,#2658,
#2659,#2660,#2661,#2662,#2663,#2664,#2665,#2666,#2667,#2668,#2669,#2670,
#2671,#2672,#2673,#2674,#2675,#2676,#2677,#2678,#2679,#2680,#2681,#2682,
#2683,#2684,#2685,#2686,#2687,#2688,#2689,#2690,#2691,#2692,#2693,#2694,
#2695,#2696,#2697,#2698,#2699,#2700,#2701,#2702,#2703,#2704,#2705,#2706,
#2707,#2708,#2709,#2710,#2711,#2712));
#2714=STYLED_ITEM('',(#2715),#2722);
#2715=PRESENTATION_STYLE_ASSIGNMENT((#2716));
#2716=SURFACE_STYLE_USAGE(.BOTH.,#2717);
#2717=SURFACE_SIDE_STYLE('',(#2718));
#2718=SURFACE_STYLE_FILL_AREA(#2719);
#2719=FILL_AREA_STYLE('',(#2720));
#2720=FILL_AREA_STYLE_COLOUR('',#2721);
#2721=COLOUR_RGB('',0.972549019607843,0.529411764705882,0.00392156862745098);
#2722=MANIFOLD_SOLID_BREP('new base',#2713);
#2723=SHAPE_DEFINITION_REPRESENTATION(#4707,#2724);
#2724=SHAPE_REPRESENTATION('new base',(#2725),#4702);
#2725=AXIS2_PLACEMENT_3D('',#3737,#2981,#2982);
#2726=AXIS2_PLACEMENT_3D('',#3738,#2983,#2984);
#2727=AXIS2_PLACEMENT_3D('',#3747,#2989,#2990);
#2728=AXIS2_PLACEMENT_3D('',#3748,#2991,#2992);
#2729=AXIS2_PLACEMENT_3D('',#3753,#2994,#2995);
#2730=AXIS2_PLACEMENT_3D('',#3762,#2997,#2998);
#2731=AXIS2_PLACEMENT_3D('',#3771,#3000,#3001);
#2732=AXIS2_PLACEMENT_3D('',#3774,#3003,#3004);
#2733=AXIS2_PLACEMENT_3D('',#3775,#3005,#3006);
#2734=AXIS2_PLACEMENT_3D('',#3777,#3007,#3008);
#2735=AXIS2_PLACEMENT_3D('',#3779,#3009,#3010);
#2736=AXIS2_PLACEMENT_3D('',#3780,#3011,#3012);
#2737=AXIS2_PLACEMENT_3D('',#3782,#3013,#3014);
#2738=AXIS2_PLACEMENT_3D('',#3784,#3015,#3016);
#2739=AXIS2_PLACEMENT_3D('',#3785,#3017,#3018);
#2740=AXIS2_PLACEMENT_3D('',#3787,#3019,#3020);
#2741=AXIS2_PLACEMENT_3D('',#3789,#3021,#3022);
#2742=AXIS2_PLACEMENT_3D('',#3790,#3023,#3024);
#2743=AXIS2_PLACEMENT_3D('',#3792,#3025,#3026);
#2744=AXIS2_PLACEMENT_3D('',#3794,#3027,#3028);
#2745=AXIS2_PLACEMENT_3D('',#3798,#3030,#3031);
#2746=AXIS2_PLACEMENT_3D('',#3802,#3033,#3034);
#2747=AXIS2_PLACEMENT_3D('',#3803,#3035,#3036);
#2748=AXIS2_PLACEMENT_3D('',#3804,#3037,#3038);
#2749=AXIS2_PLACEMENT_3D('',#3809,#3040,#3041);
#2750=AXIS2_PLACEMENT_3D('',#3813,#3043,#3044);
#2751=AXIS2_PLACEMENT_3D('',#3815,#3045,#3046);
#2752=AXIS2_PLACEMENT_3D('',#3817,#3047,#3048);
#2753=AXIS2_PLACEMENT_3D('',#3821,#3050,#3051);
#2754=AXIS2_PLACEMENT_3D('',#3825,#3053,#3054);
#2755=AXIS2_PLACEMENT_3D('',#3829,#3056,#3057);
#2756=AXIS2_PLACEMENT_3D('',#3831,#3058,#3059);
#2757=AXIS2_PLACEMENT_3D('',#3833,#3060,#3061);
#2758=AXIS2_PLACEMENT_3D('',#3837,#3063,#3064);
#2759=AXIS2_PLACEMENT_3D('',#3838,#3065,#3066);
#2760=AXIS2_PLACEMENT_3D('',#3839,#3067,#3068);
#2761=AXIS2_PLACEMENT_3D('',#3844,#3070,#3071);
#2762=AXIS2_PLACEMENT_3D('',#3848,#3073,#3074);
#2763=AXIS2_PLACEMENT_3D('',#3850,#3075,#3076);
#2764=AXIS2_PLACEMENT_3D('',#3852,#3077,#3078);
#2765=AXIS2_PLACEMENT_3D('',#3856,#3080,#3081);
#2766=AXIS2_PLACEMENT_3D('',#3860,#3083,#3084);
#2767=AXIS2_PLACEMENT_3D('',#3862,#3085,#3086);
#2768=AXIS2_PLACEMENT_3D('',#3866,#3088,#3089);
#2769=AXIS2_PLACEMENT_3D('',#3868,#3090,#3091);
#2770=AXIS2_PLACEMENT_3D('',#3872,#3093,#3094);
#2771=AXIS2_PLACEMENT_3D('',#3874,#3095,#3096);
#2772=AXIS2_PLACEMENT_3D('',#3876,#3097,#3098);
#2773=AXIS2_PLACEMENT_3D('',#3880,#3100,#3101);
#2774=AXIS2_PLACEMENT_3D('',#3881,#3102,#3103);
#2775=AXIS2_PLACEMENT_3D('',#3885,#3105,#3106);
#2776=AXIS2_PLACEMENT_3D('',#3887,#3107,#3108);
#2777=AXIS2_PLACEMENT_3D('',#3889,#3109,#3110);
#2778=AXIS2_PLACEMENT_3D('',#3893,#3112,#3113);
#2779=AXIS2_PLACEMENT_3D('',#3895,#3114,#3115);
#2780=AXIS2_PLACEMENT_3D('',#3897,#3116,#3117);
#2781=AXIS2_PLACEMENT_3D('',#3901,#3119,#3120);
#2782=AXIS2_PLACEMENT_3D('',#3905,#3122,#3123);
#2783=AXIS2_PLACEMENT_3D('',#3907,#3124,#3125);
#2784=AXIS2_PLACEMENT_3D('',#3911,#3127,#3128);
#2785=AXIS2_PLACEMENT_3D('',#3915,#3130,#3131);
#2786=AXIS2_PLACEMENT_3D('',#3916,#3132,#3133);
#2787=AXIS2_PLACEMENT_3D('',#3918,#3134,#3135);
#2788=AXIS2_PLACEMENT_3D('',#3919,#3136,#3137);
#2789=AXIS2_PLACEMENT_3D('',#3921,#3138,#3139);
#2790=AXIS2_PLACEMENT_3D('',#3971,#3164,#3165);
#2791=AXIS2_PLACEMENT_3D('',#3974,#3166,#3167);
#2792=AXIS2_PLACEMENT_3D('',#3978,#3169,#3170);
#2793=AXIS2_PLACEMENT_3D('',#3982,#3172,#3173);
#2794=AXIS2_PLACEMENT_3D('',#3984,#3174,#3175);
#2795=AXIS2_PLACEMENT_3D('',#3988,#3177,#3178);
#2796=AXIS2_PLACEMENT_3D('',#3992,#3180,#3181);
#2797=AXIS2_PLACEMENT_3D('',#3993,#3182,#3183);
#2798=AXIS2_PLACEMENT_3D('',#3997,#3185,#3186);
#2799=AXIS2_PLACEMENT_3D('',#4001,#3188,#3189);
#2800=AXIS2_PLACEMENT_3D('',#4002,#3190,#3191);
#2801=AXIS2_PLACEMENT_3D('',#4008,#3194,#3195);
#2802=AXIS2_PLACEMENT_3D('',#4010,#3196,#3197);
#2803=AXIS2_PLACEMENT_3D('',#4012,#3198,#3199);
#2804=AXIS2_PLACEMENT_3D('',#4016,#3201,#3202);
#2805=AXIS2_PLACEMENT_3D('',#4018,#3203,#3204);
#2806=AXIS2_PLACEMENT_3D('',#4020,#3205,#3206);
#2807=AXIS2_PLACEMENT_3D('',#4021,#3207,#3208);
#2808=AXIS2_PLACEMENT_3D('',#4026,#3210,#3211);
#2809=AXIS2_PLACEMENT_3D('',#4030,#3213,#3214);
#2810=AXIS2_PLACEMENT_3D('',#4032,#3215,#3216);
#2811=AXIS2_PLACEMENT_3D('',#4034,#3217,#3218);
#2812=AXIS2_PLACEMENT_3D('',#4035,#3219,#3220);
#2813=AXIS2_PLACEMENT_3D('',#4038,#3221,#3222);
#2814=AXIS2_PLACEMENT_3D('',#4040,#3223,#3224);
#2815=AXIS2_PLACEMENT_3D('',#4042,#3225,#3226);
#2816=AXIS2_PLACEMENT_3D('',#4046,#3228,#3229);
#2817=AXIS2_PLACEMENT_3D('',#4048,#3230,#3231);
#2818=AXIS2_PLACEMENT_3D('',#4050,#3232,#3233);
#2819=AXIS2_PLACEMENT_3D('',#4054,#3235,#3236);
#2820=AXIS2_PLACEMENT_3D('',#4055,#3237,#3238);
#2821=AXIS2_PLACEMENT_3D('',#4057,#3239,#3240);
#2822=AXIS2_PLACEMENT_3D('',#4060,#3241,#3242);
#2823=AXIS2_PLACEMENT_3D('',#4062,#3243,#3244);
#2824=AXIS2_PLACEMENT_3D('',#4064,#3245,#3246);
#2825=AXIS2_PLACEMENT_3D('',#4068,#3248,#3249);
#2826=AXIS2_PLACEMENT_3D('',#4070,#3250,#3251);
#2827=AXIS2_PLACEMENT_3D('',#4074,#3253,#3254);
#2828=AXIS2_PLACEMENT_3D('',#4078,#3256,#3257);
#2829=AXIS2_PLACEMENT_3D('',#4080,#3258,#3259);
#2830=AXIS2_PLACEMENT_3D('',#4082,#3260,#3261);
#2831=AXIS2_PLACEMENT_3D('',#4086,#3263,#3264);
#2832=AXIS2_PLACEMENT_3D('',#4088,#3265,#3266);
#2833=AXIS2_PLACEMENT_3D('',#4090,#3267,#3268);
#2834=AXIS2_PLACEMENT_3D('',#4094,#3270,#3271);
#2835=AXIS2_PLACEMENT_3D('',#4098,#3273,#3274);
#2836=AXIS2_PLACEMENT_3D('',#4100,#3275,#3276);
#2837=AXIS2_PLACEMENT_3D('',#4102,#3277,#3278);
#2838=AXIS2_PLACEMENT_3D('',#4106,#3280,#3281);
#2839=AXIS2_PLACEMENT_3D('',#4108,#3282,#3283);
#2840=AXIS2_PLACEMENT_3D('',#4109,#3284,#3285);
#2841=AXIS2_PLACEMENT_3D('',#4112,#3288,#3289);
#2842=AXIS2_PLACEMENT_3D('',#4114,#3291,#3292);
#2843=AXIS2_PLACEMENT_3D('',#4116,#3294,#3295);
#2844=AXIS2_PLACEMENT_3D('',#4118,#3297,#3298);
#2845=AXIS2_PLACEMENT_3D('',#4120,#3300,#3301);
#2846=AXIS2_PLACEMENT_3D('',#4122,#3303,#3304);
#2847=AXIS2_PLACEMENT_3D('',#4124,#3306,#3307);
#2848=AXIS2_PLACEMENT_3D('',#4126,#3309,#3310);
#2849=AXIS2_PLACEMENT_3D('',#4129,#3313,#3314);
#2850=AXIS2_PLACEMENT_3D('',#4131,#3316,#3317);
#2851=AXIS2_PLACEMENT_3D('',#4133,#3319,#3320);
#2852=AXIS2_PLACEMENT_3D('',#4135,#3322,#3323);
#2853=AXIS2_PLACEMENT_3D('',#4137,#3325,#3326);
#2854=AXIS2_PLACEMENT_3D('',#4139,#3328,#3329);
#2855=AXIS2_PLACEMENT_3D('',#4141,#3331,#3332);
#2856=AXIS2_PLACEMENT_3D('',#4146,#3335,#3336);
#2857=AXIS2_PLACEMENT_3D('',#4151,#3339,#3340);
#2858=AXIS2_PLACEMENT_3D('',#4169,#3343,#3344);
#2859=AXIS2_PLACEMENT_3D('',#4170,#3345,#3346);
#2860=AXIS2_PLACEMENT_3D('',#4175,#3349,#3350);
#2861=AXIS2_PLACEMENT_3D('',#4185,#3352,#3353);
#2862=AXIS2_PLACEMENT_3D('',#4192,#3355,#3356);
#2863=AXIS2_PLACEMENT_3D('',#4194,#3358,#3359);
#2864=AXIS2_PLACEMENT_3D('',#4196,#3361,#3362);
#2865=AXIS2_PLACEMENT_3D('',#4206,#3365,#3366);
#2866=AXIS2_PLACEMENT_3D('',#4209,#3368,#3369);
#2867=AXIS2_PLACEMENT_3D('',#4212,#3371,#3372);
#2868=AXIS2_PLACEMENT_3D('',#4228,#3374,#3375);
#2869=AXIS2_PLACEMENT_3D('',#4229,#3376,#3377);
#2870=AXIS2_PLACEMENT_3D('',#4232,#3379,#3380);
#2871=AXIS2_PLACEMENT_3D('',#4244,#3383,#3384);
#2872=AXIS2_PLACEMENT_3D('',#4251,#3386,#3387);
#2873=AXIS2_PLACEMENT_3D('',#4253,#3389,#3390);
#2874=AXIS2_PLACEMENT_3D('',#4255,#3392,#3393);
#2875=AXIS2_PLACEMENT_3D('',#4257,#3395,#3396);
#2876=AXIS2_PLACEMENT_3D('',#4267,#3399,#3400);
#2877=AXIS2_PLACEMENT_3D('',#4270,#3403,#3404);
#2878=AXIS2_PLACEMENT_3D('',#4272,#3406,#3407);
#2879=AXIS2_PLACEMENT_3D('',#4274,#3409,#3410);
#2880=AXIS2_PLACEMENT_3D('',#4276,#3412,#3413);
#2881=AXIS2_PLACEMENT_3D('',#4278,#3415,#3416);
#2882=AXIS2_PLACEMENT_3D('',#4287,#3419,#3420);
#2883=AXIS2_PLACEMENT_3D('',#4297,#3422,#3423);
#2884=AXIS2_PLACEMENT_3D('',#4298,#3424,#3425);
#2885=AXIS2_PLACEMENT_3D('',#4301,#3427,#3428);
#2886=AXIS2_PLACEMENT_3D('',#4313,#3431,#3432);
#2887=AXIS2_PLACEMENT_3D('',#4320,#3434,#3435);
#2888=AXIS2_PLACEMENT_3D('',#4322,#3437,#3438);
#2889=AXIS2_PLACEMENT_3D('',#4324,#3440,#3441);
#2890=AXIS2_PLACEMENT_3D('',#4327,#3444,#3445);
#2891=AXIS2_PLACEMENT_3D('',#4329,#3447,#3448);
#2892=AXIS2_PLACEMENT_3D('',#4339,#3450,#3451);
#2893=AXIS2_PLACEMENT_3D('',#4348,#3453,#3454);
#2894=AXIS2_PLACEMENT_3D('',#4355,#3456,#3457);
#2895=AXIS2_PLACEMENT_3D('',#4367,#3461,#3462);
#2896=AXIS2_PLACEMENT_3D('',#4378,#3464,#3465);
#2897=AXIS2_PLACEMENT_3D('',#4380,#3467,#3468);
#2898=AXIS2_PLACEMENT_3D('',#4394,#3471,#3472);
#2899=AXIS2_PLACEMENT_3D('',#4400,#3473,#3474);
#2900=AXIS2_PLACEMENT_3D('',#4410,#3477,#3478);
#2901=AXIS2_PLACEMENT_3D('',#4421,#3480,#3481);
#2902=AXIS2_PLACEMENT_3D('',#4423,#3483,#3484);
#2903=AXIS2_PLACEMENT_3D('',#4437,#3487,#3488);
#2904=AXIS2_PLACEMENT_3D('',#4443,#3489,#3490);
#2905=AXIS2_PLACEMENT_3D('',#4444,#3491,#3492);
#2906=AXIS2_PLACEMENT_3D('',#4445,#3493,#3494);
#2907=AXIS2_PLACEMENT_3D('',#4455,#3497,#3498);
#2908=AXIS2_PLACEMENT_3D('',#4456,#3499,#3500);
#2909=AXIS2_PLACEMENT_3D('',#4464,#3501,#3502);
#2910=AXIS2_PLACEMENT_3D('',#4465,#3503,#3504);
#2911=AXIS2_PLACEMENT_3D('',#4473,#3505,#3506);
#2912=AXIS2_PLACEMENT_3D('',#4474,#3507,#3508);
#2913=AXIS2_PLACEMENT_3D('',#4475,#3509,#3510);
#2914=AXIS2_PLACEMENT_3D('',#4476,#3511,#3512);
#2915=AXIS2_PLACEMENT_3D('',#4486,#3513,#3514);
#2916=AXIS2_PLACEMENT_3D('',#4487,#3515,#3516);
#2917=AXIS2_PLACEMENT_3D('',#4496,#3521,#3522);
#2918=AXIS2_PLACEMENT_3D('',#4502,#3526,#3527);
#2919=AXIS2_PLACEMENT_3D('',#4503,#3528,#3529);
#2920=AXIS2_PLACEMENT_3D('',#4507,#3531,#3532);
#2921=AXIS2_PLACEMENT_3D('',#4508,#3533,#3534);
#2922=AXIS2_PLACEMENT_3D('',#4514,#3538,#3539);
#2923=AXIS2_PLACEMENT_3D('',#4520,#3543,#3544);
#2924=AXIS2_PLACEMENT_3D('',#4526,#3548,#3549);
#2925=AXIS2_PLACEMENT_3D('',#4527,#3550,#3551);
#2926=AXIS2_PLACEMENT_3D('',#4531,#3553,#3554);
#2927=AXIS2_PLACEMENT_3D('',#4532,#3555,#3556);
#2928=AXIS2_PLACEMENT_3D('',#4538,#3560,#3561);
#2929=AXIS2_PLACEMENT_3D('',#4544,#3565,#3566);
#2930=AXIS2_PLACEMENT_3D('',#4547,#3569,#3570);
#2931=AXIS2_PLACEMENT_3D('',#4550,#3573,#3574);
#2932=AXIS2_PLACEMENT_3D('',#4556,#3578,#3579);
#2933=AXIS2_PLACEMENT_3D('',#4557,#3580,#3581);
#2934=AXIS2_PLACEMENT_3D('',#4561,#3583,#3584);
#2935=AXIS2_PLACEMENT_3D('',#4562,#3585,#3586);
#2936=AXIS2_PLACEMENT_3D('',#4568,#3590,#3591);
#2937=AXIS2_PLACEMENT_3D('',#4574,#3595,#3596);
#2938=AXIS2_PLACEMENT_3D('',#4580,#3600,#3601);
#2939=AXIS2_PLACEMENT_3D('',#4581,#3602,#3603);
#2940=AXIS2_PLACEMENT_3D('',#4585,#3605,#3606);
#2941=AXIS2_PLACEMENT_3D('',#4586,#3607,#3608);
#2942=AXIS2_PLACEMENT_3D('',#4589,#3611,#3612);
#2943=AXIS2_PLACEMENT_3D('',#4590,#3613,#3614);
#2944=AXIS2_PLACEMENT_3D('',#4591,#3615,#3616);
#2945=AXIS2_PLACEMENT_3D('',#4592,#3617,#3618);
#2946=AXIS2_PLACEMENT_3D('',#4593,#3619,#3620);
#2947=AXIS2_PLACEMENT_3D('',#4594,#3621,#3622);
#2948=AXIS2_PLACEMENT_3D('',#4596,#3623,#3624);
#2949=AXIS2_PLACEMENT_3D('',#4597,#3625,#3626);
#2950=AXIS2_PLACEMENT_3D('',#4598,#3627,#3628);
#2951=AXIS2_PLACEMENT_3D('',#4599,#3629,#3630);
#2952=AXIS2_PLACEMENT_3D('',#4605,#3634,#3635);
#2953=AXIS2_PLACEMENT_3D('',#4609,#3638,#3639);
#2954=AXIS2_PLACEMENT_3D('',#4613,#3642,#3643);
#2955=AXIS2_PLACEMENT_3D('',#4617,#3646,#3647);
#2956=AXIS2_PLACEMENT_3D('',#4621,#3650,#3651);
#2957=AXIS2_PLACEMENT_3D('',#4623,#3653,#3654);
#2958=AXIS2_PLACEMENT_3D('',#4624,#3655,#3656);
#2959=AXIS2_PLACEMENT_3D('',#4637,#3663,#3664);
#2960=AXIS2_PLACEMENT_3D('',#4640,#3667,#3668);
#2961=AXIS2_PLACEMENT_3D('',#4642,#3670,#3671);
#2962=AXIS2_PLACEMENT_3D('',#4644,#3673,#3674);
#2963=AXIS2_PLACEMENT_3D('',#4646,#3676,#3677);
#2964=AXIS2_PLACEMENT_3D('',#4648,#3679,#3680);
#2965=AXIS2_PLACEMENT_3D('',#4649,#3681,#3682);
#2966=AXIS2_PLACEMENT_3D('',#4655,#3686,#3687);
#2967=AXIS2_PLACEMENT_3D('',#4659,#3690,#3691);
#2968=AXIS2_PLACEMENT_3D('',#4663,#3694,#3695);
#2969=AXIS2_PLACEMENT_3D('',#4667,#3698,#3699);
#2970=AXIS2_PLACEMENT_3D('',#4671,#3702,#3703);
#2971=AXIS2_PLACEMENT_3D('',#4673,#3705,#3706);
#2972=AXIS2_PLACEMENT_3D('',#4674,#3707,#3708);
#2973=AXIS2_PLACEMENT_3D('',#4687,#3715,#3716);
#2974=AXIS2_PLACEMENT_3D('',#4690,#3719,#3720);
#2975=AXIS2_PLACEMENT_3D('',#4692,#3722,#3723);
#2976=AXIS2_PLACEMENT_3D('',#4694,#3725,#3726);
#2977=AXIS2_PLACEMENT_3D('',#4696,#3728,#3729);
#2978=AXIS2_PLACEMENT_3D('',#4698,#3731,#3732);
#2979=AXIS2_PLACEMENT_3D('',#4699,#3733,#3734);
#2980=AXIS2_PLACEMENT_3D('',#4700,#3735,#3736);
#2981=DIRECTION('',(0.,0.,1.));
#2982=DIRECTION('',(1.,0.,0.));
#2983=DIRECTION('',(0.,1.,0.));
#2984=DIRECTION('',(0.,0.,1.));
#2985=DIRECTION('',(0.,0.,-1.));
#2986=DIRECTION('',(1.,0.,0.));
#2987=DIRECTION('',(0.,0.,-1.));
#2988=DIRECTION('',(1.,0.,0.));
#2989=DIRECTION('',(0.,0.,-1.));
#2990=DIRECTION('',(-1.,0.,0.));
#2991=DIRECTION('',(0.,0.,1.));
#2992=DIRECTION('',(1.,0.,0.));
#2993=DIRECTION('',(0.,0.,-1.));
#2994=DIRECTION('',(0.,0.,-1.));
#2995=DIRECTION('',(-0.334334126522276,-0.942454609964102,0.));
#2996=DIRECTION('',(0.,0.,-1.));
#2997=DIRECTION('',(0.,0.,-1.));
#2998=DIRECTION('',(-0.334334126522276,-0.942454609964102,0.));
#2999=DIRECTION('',(0.,0.,-1.));
#3000=DIRECTION('',(0.,0.,-1.));
#3001=DIRECTION('',(-0.334334126522276,-0.942454609964102,0.));
#3002=DIRECTION('',(0.,0.,-1.));
#3003=DIRECTION('',(0.,0.,1.));
#3004=DIRECTION('',(1.,0.,0.));
#3005=DIRECTION('',(0.,0.,1.));
#3006=DIRECTION('',(1.,0.,0.));
#3007=DIRECTION('',(0.,0.,-1.));
#3008=DIRECTION('',(-1.,0.,0.));
#3009=DIRECTION('',(0.,0.,1.));
#3010=DIRECTION('',(1.,0.,0.));
#3011=DIRECTION('',(0.,0.,-1.));
#3012=DIRECTION('',(1.,0.,0.));
#3013=DIRECTION('',(0.,0.,-1.));
#3014=DIRECTION('',(-1.,0.,0.));
#3015=DIRECTION('',(0.,0.,1.));
#3016=DIRECTION('',(1.,0.,0.));
#3017=DIRECTION('',(0.,0.,1.));
#3018=DIRECTION('',(1.,0.,0.));
#3019=DIRECTION('',(0.,0.,-1.));
#3020=DIRECTION('',(-1.,0.,0.));
#3021=DIRECTION('',(0.,0.,1.));
#3022=DIRECTION('',(1.,0.,0.));
#3023=DIRECTION('',(0.,0.,-1.));
#3024=DIRECTION('',(1.,0.,0.));
#3025=DIRECTION('',(0.,0.,-1.));
#3026=DIRECTION('',(-1.,0.,0.));
#3027=DIRECTION('',(0.,0.,-1.));
#3028=DIRECTION('',(-1.,0.,0.));
#3029=DIRECTION('',(0.,0.,-1.));
#3030=DIRECTION('',(0.,0.,-1.));
#3031=DIRECTION('',(-0.334334126522276,-0.942454609964102,0.));
#3032=DIRECTION('',(0.,0.,-1.));
#3033=DIRECTION('',(0.,0.,-1.));
#3034=DIRECTION('',(0.,1.,0.));
#3035=DIRECTION('',(0.,0.,-1.));
#3036=DIRECTION('',(1.,0.,0.));
#3037=DIRECTION('',(0.,0.,-1.));
#3038=DIRECTION('',(-1.,-1.30818445811529E-15,0.));
#3039=DIRECTION('',(0.934636925756371,0.355603454725457,0.));
#3040=DIRECTION('',(0.,0.,-1.));
#3041=DIRECTION('',(-1.,0.,0.));
#3042=DIRECTION('',(0.934636925756312,0.355603454725612,0.));
#3043=DIRECTION('',(0.,0.,1.));
#3044=DIRECTION('',(0.402289283752214,0.915512606236599,0.));
#3045=DIRECTION('',(0.,0.,1.));
#3046=DIRECTION('',(-0.959180745413227,-0.282793736897631,0.));
#3047=DIRECTION('',(0.,0.,1.));
#3048=DIRECTION('',(0.993988076538301,-0.109488372440588,0.));
#3049=DIRECTION('',(-0.775359389863165,-0.631520242392135,0.));
#3050=DIRECTION('',(0.,0.,-1.));
#3051=DIRECTION('',(-1.,0.,0.));
#3052=DIRECTION('',(-0.775359389863037,-0.631520242392292,0.));
#3053=DIRECTION('',(0.,0.,1.));
#3054=DIRECTION('',(-0.920249119878498,0.391333051712797,0.));
#3055=DIRECTION('',(0.934636925756312,0.355603454725612,0.));
#3056=DIRECTION('',(0.,0.,1.));
#3057=DIRECTION('',(0.387828418633426,0.921731586580549,0.));
#3058=DIRECTION('',(0.,0.,1.));
#3059=DIRECTION('',(-0.995388560571188,-0.0959250409643879,0.));
#3060=DIRECTION('',(0.,0.,1.));
#3061=DIRECTION('',(0.992141476038832,-0.125121107425916,0.));
#3062=DIRECTION('',(-0.775359389863165,-0.631520242392135,0.));
#3063=DIRECTION('',(0.,0.,-1.));
#3064=DIRECTION('',(0.965157699128674,0.261668904940278,0.));
#3065=DIRECTION('',(0.,0.,-1.));
#3066=DIRECTION('',(1.,0.,0.));
#3067=DIRECTION('',(0.,0.,1.));
#3068=DIRECTION('',(1.,0.,0.));
#3069=DIRECTION('',(-0.159356837412431,-0.987221048382736,0.));
#3070=DIRECTION('',(0.,0.,-1.));
#3071=DIRECTION('',(-1.,0.,0.));
#3072=DIRECTION('',(-0.159356837412268,-0.987221048382762,0.));
#3073=DIRECTION('',(0.,0.,1.));
#3074=DIRECTION('',(0.591712532609688,-0.806149042517963,0.));
#3075=DIRECTION('',(0.,0.,1.));
#3076=DIRECTION('',(-0.234683812522132,-0.972071760797564,0.));
#3077=DIRECTION('',(0.,0.,1.));
#3078=DIRECTION('',(-0.591813750221714,-0.806074739120704,0.));
#3079=DIRECTION('',(-0.159232877984113,0.987241049880371,0.));
#3080=DIRECTION('',(0.,0.,-1.));
#3081=DIRECTION('',(-1.,0.,0.));
#3082=DIRECTION('',(-0.159232877984313,0.987241049880338,0.));
#3083=DIRECTION('',(0.,0.,-1.));
#3084=DIRECTION('',(0.,1.,0.));
#3085=DIRECTION('',(0.,0.,1.));
#3086=DIRECTION('',(-1.,0.,0.));
#3087=DIRECTION('',(1.,0.,0.));
#3088=DIRECTION('',(0.,0.,1.));
#3089=DIRECTION('',(0.41462075795137,0.909994300573268,0.));
#3090=DIRECTION('',(0.,0.,1.));
#3091=DIRECTION('',(-0.604428795599897,-0.796659168684864,0.));
#3092=DIRECTION('',(-0.159232877984113,0.987241049880371,0.));
#3093=DIRECTION('',(0.,0.,1.));
#3094=DIRECTION('',(-0.803830204010247,0.59485880940005,0.));
#3095=DIRECTION('',(0.,0.,-1.));
#3096=DIRECTION('',(-0.2559669305056,-0.966685538573709,0.));
#3097=DIRECTION('',(0.,0.,1.));
#3098=DIRECTION('',(0.803904889771263,0.594757873593829,0.));
#3099=DIRECTION('',(-0.159356837412268,-0.987221048382762,0.));
#3100=DIRECTION('',(0.,0.,1.));
#3101=DIRECTION('',(0.604328760132577,-0.796735056136368,0.));
#3102=DIRECTION('',(0.,0.,-1.));
#3103=DIRECTION('',(1.,0.,0.));
#3104=DIRECTION('',(-0.775280088344045,0.631617593657151,0.));
#3105=DIRECTION('',(0.,0.,1.));
#3106=DIRECTION('',(-0.992157178766004,-0.124996530444183,0.));
#3107=DIRECTION('',(0.,0.,1.));
#3108=DIRECTION('',(0.580767802619818,-0.814069259608879,0.));
#3109=DIRECTION('',(0.,0.,1.));
#3110=DIRECTION('',(-0.387712680438933,0.921780276110776,0.));
#3111=DIRECTION('',(0.934592267847277,-0.355720807488237,0.));
#3112=DIRECTION('',(0.,0.,1.));
#3113=DIRECTION('',(0.91707794261053,0.398707972302081,0.));
#3114=DIRECTION('',(0.,0.,-1.));
#3115=DIRECTION('',(-0.709190768623074,0.70501663363343,0.));
#3116=DIRECTION('',(0.,0.,1.));
#3117=DIRECTION('',(0.11312298274744,-0.993580993565357,0.));
#3118=DIRECTION('',(-0.77528008834394,0.631617593657279,0.));
#3119=DIRECTION('',(0.,0.,-1.));
#3120=DIRECTION('',(-1.,0.,0.));
#3121=DIRECTION('',(-0.775280088344045,0.631617593657151,0.));
#3122=DIRECTION('',(0.,0.,1.));
#3123=DIRECTION('',(0.724496932891095,-0.689278023899933,0.));
#3124=DIRECTION('',(0.,0.,1.));
#3125=DIRECTION('',(-0.402174326316585,0.915563111561295,0.));
#3126=DIRECTION('',(0.934592267847277,-0.355720807488237,0.));
#3127=DIRECTION('',(0.,0.,-1.));
#3128=DIRECTION('',(-1.,0.,0.));
#3129=DIRECTION('',(0.93459226784735,-0.355720807488047,0.));
#3130=DIRECTION('',(0.,0.,1.));
#3131=DIRECTION('',(0.121220195815478,-0.992625641481449,0.));
#3132=DIRECTION('',(0.,0.,-1.));
#3133=DIRECTION('',(-1.,-1.30818445811529E-15,0.));
#3134=DIRECTION('',(0.,0.,-1.));
#3135=DIRECTION('',(1.,0.,0.));
#3136=DIRECTION('',(0.,0.,-1.));
#3137=DIRECTION('',(-1.,0.,0.));
#3138=DIRECTION('',(0.,0.,-1.));
#3139=DIRECTION('',(-1.,0.,0.));
#3140=DIRECTION('',(0.5,-0.866025403784439,0.));
#3141=DIRECTION('',(1.,7.51157299368579E-16,0.));
#3142=DIRECTION('',(0.5,0.866025403784439,0.));
#3143=DIRECTION('',(-0.5,0.866025403784439,0.));
#3144=DIRECTION('',(-1.,-1.87789324842145E-16,0.));
#3145=DIRECTION('',(-0.5,-0.866025403784439,0.));
#3146=DIRECTION('',(0.5,-0.866025403784439,0.));
#3147=DIRECTION('',(1.,3.7557864968429E-16,0.));
#3148=DIRECTION('',(0.5,0.866025403784439,0.));
#3149=DIRECTION('',(-0.5,0.866025403784439,0.));
#3150=DIRECTION('',(-1.,0.,0.));
#3151=DIRECTION('',(-0.5,-0.866025403784439,0.));
#3152=DIRECTION('',(0.5,-0.866025403784439,0.));
#3153=DIRECTION('',(1.,1.50231459873716E-15,0.));
#3154=DIRECTION('',(0.5,0.866025403784439,0.));
#3155=DIRECTION('',(-0.5,0.866025403784439,0.));
#3156=DIRECTION('',(-1.,0.,0.));
#3157=DIRECTION('',(-0.5,-0.866025403784439,0.));
#3158=DIRECTION('',(0.5,-0.866025403784438,0.));
#3159=DIRECTION('',(1.,0.,0.));
#3160=DIRECTION('',(0.5,0.866025403784439,0.));
#3161=DIRECTION('',(-0.5,0.866025403784438,0.));
#3162=DIRECTION('',(-1.,0.,0.));
#3163=DIRECTION('',(-0.5,-0.866025403784439,0.));
#3164=DIRECTION('',(0.,0.,1.));
#3165=DIRECTION('',(-1.,0.,0.));
#3166=DIRECTION('',(0.,0.,-1.));
#3167=DIRECTION('',(0.,1.,0.));
#3168=DIRECTION('',(-0.159232877984313,0.987241049880338,0.));
#3169=DIRECTION('',(0.,0.,-1.));
#3170=DIRECTION('',(-1.,0.,0.));
#3171=DIRECTION('',(0.690975071507723,-0.722878586316469,0.));
#3172=DIRECTION('',(0.,0.,-1.));
#3173=DIRECTION('',(0.,1.,0.));
#3174=DIRECTION('',(0.,0.,1.));
#3175=DIRECTION('',(0.883889163126932,0.467696426442166,0.));
#3176=DIRECTION('',(-0.77528008834394,0.631617593657279,0.));
#3177=DIRECTION('',(0.,0.,1.));
#3178=DIRECTION('',(0.121220195815478,-0.992625641481449,0.));
#3179=DIRECTION('',(0.93459226784735,-0.355720807488047,0.));
#3180=DIRECTION('',(0.,0.,1.));
#3181=DIRECTION('',(0.0368343512781057,-0.999321385023818,0.));
#3182=DIRECTION('',(0.,0.,1.));
#3183=DIRECTION('',(-0.0369075950053486,-0.999318682618774,0.));
#3184=DIRECTION('',(0.934636925756371,0.355603454725457,0.));
#3185=DIRECTION('',(0.,0.,1.));
#3186=DIRECTION('',(-0.920249119878498,0.391333051712797,0.));
#3187=DIRECTION('',(-0.775359389863037,-0.631520242392292,0.));
#3188=DIRECTION('',(0.,0.,1.));
#3189=DIRECTION('',(-0.883854881614729,0.46776120857315,0.));
#3190=DIRECTION('',(0.,0.,1.));
#3191=DIRECTION('',(-0.846981568121582,0.531622256176607,0.));
#3192=DIRECTION('',(-0.159356837412431,-0.987221048382736,0.));
#3193=DIRECTION('',(-0.159356837412268,-0.987221048382762,0.));
#3194=DIRECTION('',(0.,0.,1.));
#3195=DIRECTION('',(0.696273803836949,0.71777628136518,0.));
#3196=DIRECTION('',(0.,0.,1.));
#3197=DIRECTION('',(0.,1.,0.));
#3198=DIRECTION('',(0.,0.,1.));
#3199=DIRECTION('',(-0.696211561592824,0.717836653776109,0.));
#3200=DIRECTION('',(-0.159232877984113,0.987241049880371,0.));
#3201=DIRECTION('',(0.,0.,1.));
#3202=DIRECTION('',(-0.591813750221714,-0.806074739120704,0.));
#3203=DIRECTION('',(0.,0.,1.));
#3204=DIRECTION('',(-0.234683812522132,-0.972071760797564,0.));
#3205=DIRECTION('',(0.,0.,1.));
#3206=DIRECTION('',(0.591712532609688,-0.806149042517963,0.));
#3207=DIRECTION('',(0.,0.,-1.));
#3208=DIRECTION('',(-1.,-1.30818445811529E-15,0.));
#3209=DIRECTION('',(0.934636925756312,0.355603454725612,0.));
#3210=DIRECTION('',(0.,0.,-1.));
#3211=DIRECTION('',(0.965157699128674,0.261668904940278,0.));
#3212=DIRECTION('',(-0.775359389863165,-0.631520242392135,0.));
#3213=DIRECTION('',(0.,0.,1.));
#3214=DIRECTION('',(0.992141476038832,-0.125121107425916,0.));
#3215=DIRECTION('',(0.,0.,1.));
#3216=DIRECTION('',(-0.995388560571188,-0.0959250409643879,0.));
#3217=DIRECTION('',(0.,0.,1.));
#3218=DIRECTION('',(0.387828418633426,0.921731586580549,0.));
#3219=DIRECTION('',(0.,0.,1.));
#3220=DIRECTION('',(0.,1.,0.));
#3221=DIRECTION('',(0.,0.,1.));
#3222=DIRECTION('',(1.,1.06707541847549E-15,-1.62471662140267E-16));
#3223=DIRECTION('',(0.,0.,1.));
#3224=DIRECTION('',(0.,1.,0.));
#3225=DIRECTION('',(0.,0.,1.));
#3226=DIRECTION('',(-0.273558997141319,-0.961855225635873,0.));
#3227=DIRECTION('',(-0.775359389863165,-0.631520242392135,0.));
#3228=DIRECTION('',(0.,0.,1.));
#3229=DIRECTION('',(0.993988076538301,-0.109488372440588,0.));
#3230=DIRECTION('',(0.,0.,1.));
#3231=DIRECTION('',(-0.959180745413227,-0.282793736897631,0.));
#3232=DIRECTION('',(0.,0.,1.));
#3233=DIRECTION('',(0.402289283752214,0.915512606236599,0.));
#3234=DIRECTION('',(0.934636925756312,0.355603454725612,0.));
#3235=DIRECTION('',(0.,0.,1.));
#3236=DIRECTION('',(-0.969749395814647,0.244102661429833,0.));
#3237=DIRECTION('',(0.,0.,-1.));
#3238=DIRECTION('',(-1.,-1.30818445811529E-15,0.));
#3239=DIRECTION('',(0.,0.,1.));
#3240=DIRECTION('',(-0.673125918971383,0.739527888053541,0.));
#3241=DIRECTION('',(0.,0.,1.));
#3242=DIRECTION('',(1.,1.06707541847549E-15,-2.16628882853689E-16));
#3243=DIRECTION('',(0.,0.,1.));
#3244=DIRECTION('',(-0.673125918971383,0.739527888053541,0.));
#3245=DIRECTION('',(0.,0.,1.));
#3246=DIRECTION('',(0.969770558734137,0.244018571859768,0.));
#3247=DIRECTION('',(0.934592267847277,-0.355720807488237,0.));
#3248=DIRECTION('',(0.,0.,1.));
#3249=DIRECTION('',(-0.402174326316585,0.915563111561295,0.));
#3250=DIRECTION('',(0.,0.,1.));
#3251=DIRECTION('',(0.724496932891095,-0.689278023899933,0.));
#3252=DIRECTION('',(-0.775280088344045,0.631617593657151,0.));
#3253=DIRECTION('',(0.,0.,1.));
#3254=DIRECTION('',(0.273475591977689,-0.961878942795013,0.));
#3255=DIRECTION('',(-0.775280088344045,0.631617593657151,0.));
#3256=DIRECTION('',(0.,0.,1.));
#3257=DIRECTION('',(0.11312298274744,-0.993580993565357,0.));
#3258=DIRECTION('',(0.,0.,-1.));
#3259=DIRECTION('',(-0.709190768623074,0.70501663363343,0.));
#3260=DIRECTION('',(0.,0.,1.));
#3261=DIRECTION('',(0.91707794261053,0.398707972302081,0.));
#3262=DIRECTION('',(0.934592267847277,-0.355720807488237,0.));
#3263=DIRECTION('',(0.,0.,1.));
#3264=DIRECTION('',(-0.387712680438933,0.921780276110776,0.));
#3265=DIRECTION('',(0.,0.,1.));
#3266=DIRECTION('',(0.580767802619818,-0.814069259608879,0.));
#3267=DIRECTION('',(0.,0.,1.));
#3268=DIRECTION('',(-0.992157178766004,-0.124996530444183,0.));
#3269=DIRECTION('',(1.,0.,0.));
#3270=DIRECTION('',(0.,0.,1.));
#3271=DIRECTION('',(0.604328760132577,-0.796735056136368,0.));
#3272=DIRECTION('',(-0.159356837412268,-0.987221048382762,0.));
#3273=DIRECTION('',(0.,0.,1.));
#3274=DIRECTION('',(0.803904889771263,0.594757873593829,0.));
#3275=DIRECTION('',(0.,0.,-1.));
#3276=DIRECTION('',(-0.2559669305056,-0.966685538573709,0.));
#3277=DIRECTION('',(0.,0.,1.));
#3278=DIRECTION('',(-0.803830204010247,0.59485880940005,0.));
#3279=DIRECTION('',(-0.159232877984113,0.987241049880371,0.));
#3280=DIRECTION('',(0.,0.,1.));
#3281=DIRECTION('',(-0.604428795599897,-0.796659168684864,0.));
#3282=DIRECTION('',(0.,0.,1.));
#3283=DIRECTION('',(0.41462075795137,0.909994300573268,0.));
#3284=DIRECTION('',(0.,1.,0.));
#3285=DIRECTION('',(0.,0.,1.));
#3286=DIRECTION('',(0.,0.,-1.));
#3287=DIRECTION('',(0.,0.,-1.));
#3288=DIRECTION('',(0.,0.,-1.));
#3289=DIRECTION('',(-1.,0.,0.));
#3290=DIRECTION('',(0.,0.,-1.));
#3291=DIRECTION('',(0.987221048382762,-0.159356837412268,0.));
#3292=DIRECTION('',(0.159356837412268,0.987221048382762,0.));
#3293=DIRECTION('',(0.,0.,-1.));
#3294=DIRECTION('',(0.,0.,-1.));
#3295=DIRECTION('',(-1.,0.,0.));
#3296=DIRECTION('',(0.,0.,-1.));
#3297=DIRECTION('',(0.,0.,-1.));
#3298=DIRECTION('',(-1.,0.,0.));
#3299=DIRECTION('',(0.,0.,-1.));
#3300=DIRECTION('',(0.,0.,-1.));
#3301=DIRECTION('',(-1.,0.,0.));
#3302=DIRECTION('',(0.,0.,-1.));
#3303=DIRECTION('',(-0.987241049880371,-0.159232877984113,0.));
#3304=DIRECTION('',(0.159232877984113,-0.987241049880371,0.));
#3305=DIRECTION('',(0.,0.,-1.));
#3306=DIRECTION('',(0.,0.,-1.));
#3307=DIRECTION('',(-1.,0.,0.));
#3308=DIRECTION('',(0.,0.,-1.));
#3309=DIRECTION('',(-0.631617593657151,-0.775280088344045,0.));
#3310=DIRECTION('',(0.775280088344045,-0.631617593657151,0.));
#3311=DIRECTION('',(0.,0.,-1.));
#3312=DIRECTION('',(0.,0.,-1.));
#3313=DIRECTION('',(0.,0.,-1.));
#3314=DIRECTION('',(-1.,0.,0.));
#3315=DIRECTION('',(0.,0.,-1.));
#3316=DIRECTION('',(0.,0.,-1.));
#3317=DIRECTION('',(-1.,0.,0.));
#3318=DIRECTION('',(0.,0.,-1.));
#3319=DIRECTION('',(0.,0.,-1.));
#3320=DIRECTION('',(-1.,0.,0.));
#3321=DIRECTION('',(0.,0.,-1.));
#3322=DIRECTION('',(0.355720807488237,0.934592267847277,0.));
#3323=DIRECTION('',(-0.934592267847277,0.355720807488237,0.));
#3324=DIRECTION('',(0.,0.,-1.));
#3325=DIRECTION('',(0.,0.,-1.));
#3326=DIRECTION('',(-1.,0.,0.));
#3327=DIRECTION('',(0.,0.,-1.));
#3328=DIRECTION('',(0.,0.,-1.));
#3329=DIRECTION('',(-1.,0.,0.));
#3330=DIRECTION('',(0.,0.,-1.));
#3331=DIRECTION('',(0.,0.,-1.));
#3332=DIRECTION('',(-1.,0.,0.));
#3333=DIRECTION('',(0.,0.,-1.));
#3334=DIRECTION('',(0.,0.,-1.));
#3335=DIRECTION('',(0.,0.,-1.));
#3336=DIRECTION('',(-1.,0.,0.));
#3337=DIRECTION('',(0.,0.,-1.));
#3338=DIRECTION('',(0.,0.,-1.));
#3339=DIRECTION('',(0.,0.,-1.));
#3340=DIRECTION('',(-1.,0.,0.));
#3341=DIRECTION('',(0.,0.,-1.));
#3342=DIRECTION('',(0.,0.,-1.));
#3343=DIRECTION('',(0.,0.,-1.));
#3344=DIRECTION('',(-1.,0.,0.));
#3345=DIRECTION('',(0.,0.,-1.));
#3346=DIRECTION('',(-1.,0.,0.));
#3347=DIRECTION('',(0.,0.,-1.));
#3348=DIRECTION('',(0.,0.,-1.));
#3349=DIRECTION('',(0.,0.,-1.));
#3350=DIRECTION('',(-1.,0.,0.));
#3351=DIRECTION('',(0.,0.,-1.));
#3352=DIRECTION('',(0.355720807488237,0.934592267847277,0.));
#3353=DIRECTION('',(-0.934592267847277,0.355720807488237,0.));
#3354=DIRECTION('',(0.,0.,-1.));
#3355=DIRECTION('',(0.,0.,-1.));
#3356=DIRECTION('',(-1.,0.,0.));
#3357=DIRECTION('',(0.,0.,-1.));
#3358=DIRECTION('',(0.,0.,-1.));
#3359=DIRECTION('',(-1.,0.,0.));
#3360=DIRECTION('',(0.,0.,-1.));
#3361=DIRECTION('',(-0.631617593657151,-0.775280088344045,0.));
#3362=DIRECTION('',(0.775280088344045,-0.631617593657151,0.));
#3363=DIRECTION('',(0.,0.,1.));
#3364=DIRECTION('',(0.,0.,-1.));
#3365=DIRECTION('',(0.,0.,-1.));
#3366=DIRECTION('',(-1.,0.,0.));
#3367=DIRECTION('',(0.,0.,-1.));
#3368=DIRECTION('',(0.,0.,-1.));
#3369=DIRECTION('',(-1.,0.,0.));
#3370=DIRECTION('',(0.,0.,-1.));
#3371=DIRECTION('',(0.,0.,-1.));
#3372=DIRECTION('',(-1.,0.,0.));
#3373=DIRECTION('',(0.,0.,-1.));
#3374=DIRECTION('',(0.,0.,-1.));
#3375=DIRECTION('',(-1.,0.,0.));
#3376=DIRECTION('',(0.,0.,-1.));
#3377=DIRECTION('',(-1.,0.,0.));
#3378=DIRECTION('',(0.,0.,-1.));
#3379=DIRECTION('',(0.,0.,-1.));
#3380=DIRECTION('',(-1.,0.,0.));
#3381=DIRECTION('',(0.,0.,-1.));
#3382=DIRECTION('',(0.,0.,-1.));
#3383=DIRECTION('',(0.631520242392135,-0.775359389863165,0.));
#3384=DIRECTION('',(0.775359389863165,0.631520242392135,0.));
#3385=DIRECTION('',(0.,0.,-1.));
#3386=DIRECTION('',(0.,0.,-1.));
#3387=DIRECTION('',(-1.,0.,0.));
#3388=DIRECTION('',(0.,0.,-1.));
#3389=DIRECTION('',(0.,0.,-1.));
#3390=DIRECTION('',(-1.,0.,0.));
#3391=DIRECTION('',(0.,0.,-1.));
#3392=DIRECTION('',(0.,0.,-1.));
#3393=DIRECTION('',(-1.,0.,0.));
#3394=DIRECTION('',(0.,0.,-1.));
#3395=DIRECTION('',(-0.355603454725612,0.934636925756312,0.));
#3396=DIRECTION('',(-0.934636925756312,-0.355603454725612,0.));
#3397=DIRECTION('',(0.,0.,1.));
#3398=DIRECTION('',(0.,0.,-1.));
#3399=DIRECTION('',(-0.355603454725612,0.934636925756312,0.));
#3400=DIRECTION('',(-0.934636925756312,-0.355603454725612,0.));
#3401=DIRECTION('',(0.,0.,-1.));
#3402=DIRECTION('',(0.,0.,-1.));
#3403=DIRECTION('',(0.,0.,-1.));
#3404=DIRECTION('',(-1.,0.,0.));
#3405=DIRECTION('',(0.,0.,-1.));
#3406=DIRECTION('',(0.631520242392135,-0.775359389863165,0.));
#3407=DIRECTION('',(0.775359389863165,0.631520242392135,0.));
#3408=DIRECTION('',(0.,0.,-1.));
#3409=DIRECTION('',(0.,0.,-1.));
#3410=DIRECTION('',(-1.,0.,0.));
#3411=DIRECTION('',(0.,0.,-1.));
#3412=DIRECTION('',(0.,0.,-1.));
#3413=DIRECTION('',(-1.,0.,0.));
#3414=DIRECTION('',(0.,0.,-1.));
#3415=DIRECTION('',(0.987221048382762,-0.159356837412268,0.));
#3416=DIRECTION('',(0.159356837412268,0.987221048382762,0.));
#3417=DIRECTION('',(0.,0.,-1.));
#3418=DIRECTION('',(0.,0.,-1.));
#3419=DIRECTION('',(0.,0.,-1.));
#3420=DIRECTION('',(-1.,0.,0.));
#3421=DIRECTION('',(0.,0.,-1.));
#3422=DIRECTION('',(0.,0.,-1.));
#3423=DIRECTION('',(-1.,0.,0.));
#3424=DIRECTION('',(0.,0.,-1.));
#3425=DIRECTION('',(-1.,0.,0.));
#3426=DIRECTION('',(0.,0.,-1.));
#3427=DIRECTION('',(0.,0.,-1.));
#3428=DIRECTION('',(-1.,0.,0.));
#3429=DIRECTION('',(0.,0.,-1.));
#3430=DIRECTION('',(0.,0.,-1.));
#3431=DIRECTION('',(-0.987241049880371,-0.159232877984113,0.));
#3432=DIRECTION('',(0.159232877984113,-0.987241049880371,0.));
#3433=DIRECTION('',(0.,0.,-1.));
#3434=DIRECTION('',(0.,0.,-1.));
#3435=DIRECTION('',(-1.,0.,0.));
#3436=DIRECTION('',(0.,0.,-1.));
#3437=DIRECTION('',(0.,0.,-1.));
#3438=DIRECTION('',(-1.,0.,0.));
#3439=DIRECTION('',(0.,0.,-1.));
#3440=DIRECTION('',(0.,0.,-1.));
#3441=DIRECTION('',(-1.,0.,0.));
#3442=DIRECTION('',(0.,0.,-1.));
#3443=DIRECTION('',(0.,0.,-1.));
#3444=DIRECTION('',(0.,0.,-1.));
#3445=DIRECTION('',(-1.,0.,0.));
#3446=DIRECTION('',(0.,0.,-1.));
#3447=DIRECTION('',(-0.987241049880338,-0.159232877984313,0.));
#3448=DIRECTION('',(0.159232877984313,-0.987241049880339,0.));
#3449=DIRECTION('',(0.,0.,-1.));
#3450=DIRECTION('',(0.,0.,-1.));
#3451=DIRECTION('',(-1.,0.,0.));
#3452=DIRECTION('',(0.,0.,-1.));
#3453=DIRECTION('',(0.722878586316469,0.690975071507723,0.));
#3454=DIRECTION('',(-0.690975071507723,0.722878586316469,0.));
#3455=DIRECTION('',(0.,0.,-1.));
#3456=DIRECTION('',(0.,0.,-1.));
#3457=DIRECTION('',(-1.,0.,0.));
#3458=DIRECTION('',(0.,0.,-1.));
#3459=DIRECTION('',(0.,0.,-1.));
#3460=DIRECTION('',(0.,0.,-1.));
#3461=DIRECTION('',(-0.631617593657279,-0.77528008834394,0.));
#3462=DIRECTION('',(0.77528008834394,-0.631617593657279,0.));
#3463=DIRECTION('',(0.,0.,-1.));
#3464=DIRECTION('',(0.,0.,-1.));
#3465=DIRECTION('',(-1.,0.,0.));
#3466=DIRECTION('',(0.,0.,-1.));
#3467=DIRECTION('',(0.355720807488047,0.93459226784735,0.));
#3468=DIRECTION('',(-0.93459226784735,0.355720807488047,0.));
#3469=DIRECTION('',(0.,0.,1.));
#3470=DIRECTION('',(0.,0.,-1.));
#3471=DIRECTION('',(0.,0.,-1.));
#3472=DIRECTION('',(-1.,0.,0.));
#3473=DIRECTION('',(0.,0.,-1.));
#3474=DIRECTION('',(-1.,0.,0.));
#3475=DIRECTION('',(0.,0.,-1.));
#3476=DIRECTION('',(0.,0.,-1.));
#3477=DIRECTION('',(-0.355603454725457,0.934636925756371,0.));
#3478=DIRECTION('',(-0.934636925756371,-0.355603454725457,0.));
#3479=DIRECTION('',(0.,0.,-1.));
#3480=DIRECTION('',(0.,0.,-1.));
#3481=DIRECTION('',(-1.,0.,0.));
#3482=DIRECTION('',(0.,0.,-1.));
#3483=DIRECTION('',(0.631520242392292,-0.775359389863037,0.));
#3484=DIRECTION('',(0.775359389863037,0.631520242392292,0.));
#3485=DIRECTION('',(0.,0.,1.));
#3486=DIRECTION('',(0.,0.,-1.));
#3487=DIRECTION('',(0.,0.,-1.));
#3488=DIRECTION('',(-1.,0.,0.));
#3489=DIRECTION('',(0.,0.,-1.));
#3490=DIRECTION('',(-1.,0.,0.));
#3491=DIRECTION('',(0.,0.,-1.));
#3492=DIRECTION('',(-0.334334126522276,-0.942454609964102,0.));
#3493=DIRECTION('',(0.,0.,-1.));
#3494=DIRECTION('',(-1.,0.,0.));
#3495=DIRECTION('',(0.,0.,-1.));
#3496=DIRECTION('',(0.,0.,-1.));
#3497=DIRECTION('',(0.,0.,-1.));
#3498=DIRECTION('',(-1.,0.,0.));
#3499=DIRECTION('',(0.,0.,-1.));
#3500=DIRECTION('',(-1.,0.,0.));
#3501=DIRECTION('',(0.,0.,-1.));
#3502=DIRECTION('',(-1.,0.,0.));
#3503=DIRECTION('',(0.,0.,-1.));
#3504=DIRECTION('',(-1.,0.,0.));
#3505=DIRECTION('',(0.,0.,-1.));
#3506=DIRECTION('',(-1.,0.,0.));
#3507=DIRECTION('',(0.,0.,-1.));
#3508=DIRECTION('',(-1.,0.,0.));
#3509=DIRECTION('',(0.,0.,-1.));
#3510=DIRECTION('',(-1.,0.,0.));
#3511=DIRECTION('',(0.987221048382736,-0.159356837412431,0.));
#3512=DIRECTION('',(0.159356837412431,0.987221048382736,0.));
#3513=DIRECTION('',(0.,0.,-1.));
#3514=DIRECTION('',(-1.,0.,0.));
#3515=DIRECTION('',(0.,1.,0.));
#3516=DIRECTION('',(0.,0.,1.));
#3517=DIRECTION('',(0.,0.,-1.));
#3518=DIRECTION('',(1.,0.,0.));
#3519=DIRECTION('',(0.,0.,-1.));
#3520=DIRECTION('',(1.,0.,0.));
#3521=DIRECTION('',(1.,0.,0.));
#3522=DIRECTION('',(0.,0.,-1.));
#3523=DIRECTION('',(0.,-1.,0.));
#3524=DIRECTION('',(0.,0.,-1.));
#3525=DIRECTION('',(0.,-1.,0.));
#3526=DIRECTION('',(0.,0.,-1.));
#3527=DIRECTION('',(-1.,0.,0.));
#3528=DIRECTION('',(0.,0.,-1.));
#3529=DIRECTION('',(1.,0.,0.));
#3530=DIRECTION('',(0.,0.,-1.));
#3531=DIRECTION('',(0.,0.,-1.));
#3532=DIRECTION('',(1.,0.,0.));
#3533=DIRECTION('',(0.,-1.,0.));
#3534=DIRECTION('',(0.,0.,-1.));
#3535=DIRECTION('',(-1.,0.,0.));
#3536=DIRECTION('',(0.,0.,-1.));
#3537=DIRECTION('',(-1.,0.,0.));
#3538=DIRECTION('',(1.,-1.82602471155453E-16,0.));
#3539=DIRECTION('',(1.82602471155453E-16,1.,0.));
#3540=DIRECTION('',(-1.82602471155453E-16,-1.,0.));
#3541=DIRECTION('',(0.,0.,-1.));
#3542=DIRECTION('',(-1.82602471155453E-16,-1.,0.));
#3543=DIRECTION('',(-9.47936325670387E-17,-1.,0.));
#3544=DIRECTION('',(1.,-9.47936325670387E-17,0.));
#3545=DIRECTION('',(-1.,9.47936325670387E-17,0.));
#3546=DIRECTION('',(0.,0.,-1.));
#3547=DIRECTION('',(-1.,9.47936325670387E-17,0.));
#3548=DIRECTION('',(0.,0.,-1.));
#3549=DIRECTION('',(-1.,0.,0.));
#3550=DIRECTION('',(0.,0.,1.));
#3551=DIRECTION('',(1.,0.,0.));
#3552=DIRECTION('',(0.,0.,-1.));
#3553=DIRECTION('',(0.,0.,1.));
#3554=DIRECTION('',(1.,0.,0.));
#3555=DIRECTION('',(-1.,0.,0.));
#3556=DIRECTION('',(0.,0.,1.));
#3557=DIRECTION('',(0.,1.,0.));
#3558=DIRECTION('',(0.,0.,-1.));
#3559=DIRECTION('',(0.,1.,0.));
#3560=DIRECTION('',(0.,1.,0.));
#3561=DIRECTION('',(0.,0.,1.));
#3562=DIRECTION('',(1.,0.,0.));
#3563=DIRECTION('',(0.,0.,-1.));
#3564=DIRECTION('',(1.,0.,0.));
#3565=DIRECTION('',(-1.,0.,0.));
#3566=DIRECTION('',(0.,0.,1.));
#3567=DIRECTION('',(0.,-1.,0.));
#3568=DIRECTION('',(0.,1.,0.));
#3569=DIRECTION('',(-1.,0.,0.));
#3570=DIRECTION('',(0.,0.,1.));
#3571=DIRECTION('',(0.,-1.,0.));
#3572=DIRECTION('',(0.,1.,0.));
#3573=DIRECTION('',(-1.,0.,0.));
#3574=DIRECTION('',(0.,0.,1.));
#3575=DIRECTION('',(0.,1.,0.));
#3576=DIRECTION('',(0.,0.,-1.));
#3577=DIRECTION('',(0.,1.,0.));
#3578=DIRECTION('',(0.,0.,-1.));
#3579=DIRECTION('',(-1.,0.,0.));
#3580=DIRECTION('',(0.,0.,-1.));
#3581=DIRECTION('',(1.,0.,0.));
#3582=DIRECTION('',(0.,0.,-1.));
#3583=DIRECTION('',(0.,0.,-1.));
#3584=DIRECTION('',(1.,0.,0.));
#3585=DIRECTION('',(0.,1.,0.));
#3586=DIRECTION('',(0.,0.,1.));
#3587=DIRECTION('',(1.,0.,0.));
#3588=DIRECTION('',(0.,0.,-1.));
#3589=DIRECTION('',(1.,0.,0.));
#3590=DIRECTION('',(1.,-1.82602471155453E-16,0.));
#3591=DIRECTION('',(1.82602471155453E-16,1.,0.));
#3592=DIRECTION('',(-1.82602471155453E-16,-1.,0.));
#3593=DIRECTION('',(0.,0.,-1.));
#3594=DIRECTION('',(-1.82602471155453E-16,-1.,0.));
#3595=DIRECTION('',(0.,1.,0.));
#3596=DIRECTION('',(0.,0.,1.));
#3597=DIRECTION('',(1.,0.,0.));
#3598=DIRECTION('',(0.,0.,-1.));
#3599=DIRECTION('',(1.,0.,0.));
#3600=DIRECTION('',(0.,0.,-1.));
#3601=DIRECTION('',(-1.,0.,0.));
#3602=DIRECTION('',(0.,0.,1.));
#3603=DIRECTION('',(1.,0.,0.));
#3604=DIRECTION('',(0.,0.,-1.));
#3605=DIRECTION('',(0.,0.,1.));
#3606=DIRECTION('',(1.,0.,0.));
#3607=DIRECTION('',(1.,-3.79174530268155E-16,0.));
#3608=DIRECTION('',(3.79174530268155E-16,1.,0.));
#3609=DIRECTION('',(-3.79174530268155E-16,-1.,0.));
#3610=DIRECTION('',(-3.79174530268155E-16,-1.,0.));
#3611=DIRECTION('',(0.,0.,1.));
#3612=DIRECTION('',(1.,0.,0.));
#3613=DIRECTION('',(0.,0.,-1.));
#3614=DIRECTION('',(-0.334334126522276,-0.942454609964102,0.));
#3615=DIRECTION('',(0.,0.,-1.));
#3616=DIRECTION('',(-0.334334126522276,-0.942454609964102,0.));
#3617=DIRECTION('',(0.,0.,-1.));
#3618=DIRECTION('',(-0.334334126522276,-0.942454609964102,0.));
#3619=DIRECTION('',(0.,0.,1.));
#3620=DIRECTION('',(1.,0.,0.));
#3621=DIRECTION('',(0.,0.,1.));
#3622=DIRECTION('',(1.,0.,0.));
#3623=DIRECTION('',(0.,0.,-1.));
#3624=DIRECTION('',(-1.,0.,0.));
#3625=DIRECTION('',(0.,0.,-1.));
#3626=DIRECTION('',(-1.,0.,0.));
#3627=DIRECTION('',(0.,0.,-1.));
#3628=DIRECTION('',(-1.,0.,0.));
#3629=DIRECTION('',(0.866025403784438,0.5,0.));
#3630=DIRECTION('',(-0.5,0.866025403784438,0.));
#3631=DIRECTION('',(0.,0.,-1.));
#3632=DIRECTION('',(0.5,-0.866025403784438,0.));
#3633=DIRECTION('',(0.,0.,-1.));
#3634=DIRECTION('',(0.866025403784439,-0.5,0.));
#3635=DIRECTION('',(0.5,0.866025403784439,0.));
#3636=DIRECTION('',(0.,0.,-1.));
#3637=DIRECTION('',(-0.5,-0.866025403784439,0.));
#3638=DIRECTION('',(0.,-1.,0.));
#3639=DIRECTION('',(0.,0.,-1.));
#3640=DIRECTION('',(0.,0.,-1.));
#3641=DIRECTION('',(-1.,0.,0.));
#3642=DIRECTION('',(-0.866025403784438,-0.5,0.));
#3643=DIRECTION('',(0.5,-0.866025403784438,0.));
#3644=DIRECTION('',(0.,0.,-1.));
#3645=DIRECTION('',(-0.5,0.866025403784438,0.));
#3646=DIRECTION('',(-0.866025403784439,0.5,0.));
#3647=DIRECTION('',(-0.5,-0.866025403784439,0.));
#3648=DIRECTION('',(0.,0.,-1.));
#3649=DIRECTION('',(0.5,0.866025403784439,0.));
#3650=DIRECTION('',(0.,1.,0.));
#3651=DIRECTION('',(0.,0.,1.));
#3652=DIRECTION('',(1.,0.,0.));
#3653=DIRECTION('',(0.,0.,-1.));
#3654=DIRECTION('',(1.,0.,0.));
#3655=DIRECTION('',(0.,0.,-1.));
#3656=DIRECTION('',(1.,0.,0.));
#3657=DIRECTION('',(0.5,-0.866025403784439,0.));
#3658=DIRECTION('',(-0.5,-0.866025403784439,0.));
#3659=DIRECTION('',(-1.,0.,0.));
#3660=DIRECTION('',(-0.5,0.866025403784439,0.));
#3661=DIRECTION('',(0.5,0.866025403784439,0.));
#3662=DIRECTION('',(1.,1.50231459873716E-15,0.));
#3663=DIRECTION('',(0.866025403784439,0.5,0.));
#3664=DIRECTION('',(-0.5,0.866025403784439,0.));
#3665=DIRECTION('',(0.,0.,-1.));
#3666=DIRECTION('',(0.,0.,-1.));
#3667=DIRECTION('',(0.866025403784439,-0.5,0.));
#3668=DIRECTION('',(0.5,0.866025403784439,0.));
#3669=DIRECTION('',(0.,0.,-1.));
#3670=DIRECTION('',(0.,-1.,0.));
#3671=DIRECTION('',(0.,0.,-1.));
#3672=DIRECTION('',(0.,0.,-1.));
#3673=DIRECTION('',(-0.866025403784439,-0.5,0.));
#3674=DIRECTION('',(0.5,-0.866025403784439,0.));
#3675=DIRECTION('',(0.,0.,-1.));
#3676=DIRECTION('',(-0.866025403784439,0.5,0.));
#3677=DIRECTION('',(-0.5,-0.866025403784439,0.));
#3678=DIRECTION('',(0.,0.,-1.));
#3679=DIRECTION('',(-1.50231459873716E-15,1.,0.));
#3680=DIRECTION('',(-1.,-1.50231459873716E-15,0.));
#3681=DIRECTION('',(0.866025403784439,0.5,0.));
#3682=DIRECTION('',(-0.5,0.866025403784439,0.));
#3683=DIRECTION('',(0.,0.,-1.));
#3684=DIRECTION('',(0.5,-0.866025403784439,0.));
#3685=DIRECTION('',(0.,0.,-1.));
#3686=DIRECTION('',(0.866025403784439,-0.5,0.));
#3687=DIRECTION('',(0.5,0.866025403784439,0.));
#3688=DIRECTION('',(0.,0.,-1.));
#3689=DIRECTION('',(-0.5,-0.866025403784439,0.));
#3690=DIRECTION('',(0.,-1.,0.));
#3691=DIRECTION('',(0.,0.,-1.));
#3692=DIRECTION('',(0.,0.,-1.));
#3693=DIRECTION('',(-1.,0.,0.));
#3694=DIRECTION('',(-0.866025403784439,-0.5,0.));
#3695=DIRECTION('',(0.5,-0.866025403784439,0.));
#3696=DIRECTION('',(0.,0.,-1.));
#3697=DIRECTION('',(-0.5,0.866025403784439,0.));
#3698=DIRECTION('',(-0.866025403784439,0.5,0.));
#3699=DIRECTION('',(-0.5,-0.866025403784439,0.));
#3700=DIRECTION('',(0.,0.,-1.));
#3701=DIRECTION('',(0.5,0.866025403784439,0.));
#3702=DIRECTION('',(-3.7557864968429E-16,1.,0.));
#3703=DIRECTION('',(-1.,-3.7557864968429E-16,0.));
#3704=DIRECTION('',(1.,3.7557864968429E-16,0.));
#3705=DIRECTION('',(0.,0.,-1.));
#3706=DIRECTION('',(1.,0.,0.));
#3707=DIRECTION('',(0.,0.,-1.));
#3708=DIRECTION('',(1.,0.,0.));
#3709=DIRECTION('',(0.5,-0.866025403784439,0.));
#3710=DIRECTION('',(-0.5,-0.866025403784439,0.));
#3711=DIRECTION('',(-1.,-1.87789324842145E-16,0.));
#3712=DIRECTION('',(-0.5,0.866025403784439,0.));
#3713=DIRECTION('',(0.5,0.866025403784439,0.));
#3714=DIRECTION('',(1.,7.51157299368579E-16,0.));
#3715=DIRECTION('',(0.866025403784439,0.5,0.));
#3716=DIRECTION('',(-0.5,0.866025403784439,0.));
#3717=DIRECTION('',(0.,0.,-1.));
#3718=DIRECTION('',(0.,0.,-1.));
#3719=DIRECTION('',(0.866025403784439,-0.5,0.));
#3720=DIRECTION('',(0.5,0.866025403784439,0.));
#3721=DIRECTION('',(0.,0.,-1.));
#3722=DIRECTION('',(1.87789324842145E-16,-1.,0.));
#3723=DIRECTION('',(1.,1.87789324842145E-16,0.));
#3724=DIRECTION('',(0.,0.,-1.));
#3725=DIRECTION('',(-0.866025403784439,-0.5,0.));
#3726=DIRECTION('',(0.5,-0.866025403784439,0.));
#3727=DIRECTION('',(0.,0.,-1.));
#3728=DIRECTION('',(-0.866025403784439,0.5,0.));
#3729=DIRECTION('',(-0.5,-0.866025403784439,0.));
#3730=DIRECTION('',(0.,0.,-1.));
#3731=DIRECTION('',(-7.51157299368579E-16,1.,0.));
#3732=DIRECTION('',(-1.,-7.51157299368579E-16,0.));
#3733=DIRECTION('',(0.,0.,1.));
#3734=DIRECTION('',(1.,0.,0.));
#3735=DIRECTION('',(0.,0.,1.));
#3736=DIRECTION('',(1.,0.,0.));
#3737=CARTESIAN_POINT('',(0.,0.,0.));
#3738=CARTESIAN_POINT('',(-0.0297839025000542,0.0103881757867512,0.0353333333333333));
#3739=CARTESIAN_POINT('',(-0.0112839025000542,0.0103881757867512,0.0353333333333333));
#3740=CARTESIAN_POINT('',(-0.0112839025000542,0.0103881757867512,0.0353333333333333));
#3741=CARTESIAN_POINT('',(-0.0112839025000542,0.0103881757867512,0.00733333333333334));
#3742=CARTESIAN_POINT('',(-0.00478390250005428,0.0103881757867512,0.00733333333333334));
#3743=CARTESIAN_POINT('',(0.00171609749994569,0.0103881757867512,0.00733333333333334));
#3744=CARTESIAN_POINT('',(0.00171609749994569,0.0103881757867512,0.0353333333333333));
#3745=CARTESIAN_POINT('',(0.00171609749994569,0.0103881757867512,0.0353333333333333));
#3746=CARTESIAN_POINT('',(-0.00478390250005428,0.0103881757867512,0.0353333333333333));
#3747=CARTESIAN_POINT('',(-0.0172839025000542,-0.0177618242132488,0.0153333333333333));
#3748=CARTESIAN_POINT('',(-0.0172839025000542,-0.0177618242132488,0.00733333333333334));
#3749=CARTESIAN_POINT('',(-0.0112839025000542,0.0217856156533215,0.00733333333333334));
#3750=CARTESIAN_POINT('',(-0.0232839025000542,0.0217856156533215,0.00733333333333334));
#3751=CARTESIAN_POINT('',(-0.0112839025000542,0.0217856156533215,0.0353333333333333));
#3752=CARTESIAN_POINT('',(-0.0112839025000542,0.0217856156533215,0.0353333333333333));
#3753=CARTESIAN_POINT('',(-0.0172839025000542,-0.0177618242132488,0.0353333333333333));
#3754=CARTESIAN_POINT('',(-0.000340779799638278,0.0184725599150712,0.0353333333333333));
#3755=CARTESIAN_POINT('',(-0.000340779799638195,0.0184725599150711,0.0353333333333333));
#3756=CARTESIAN_POINT('',(-0.000340779799638195,0.0184725599150711,0.0286666666666667));
#3757=CARTESIAN_POINT('',(-0.000340779799638195,0.0184725599150711,0.022));
#3758=CARTESIAN_POINT('',(-0.000340779799638195,0.0184725599150711,0.0153333333333333));
#3759=CARTESIAN_POINT('',(-0.000340779799638278,0.0184725599150712,0.0153333333333333));
#3760=CARTESIAN_POINT('',(-0.000340779799638278,0.0184725599150712,0.0153333333333333));
#3761=CARTESIAN_POINT('',(-0.000340779799638278,0.0184725599150712,-0.002));
#3762=CARTESIAN_POINT('',(-0.0172839025000542,-0.0177618242132488,-0.002));
#3763=CARTESIAN_POINT('',(-0.0342262633906704,0.0184729161259907,-0.002));
#3764=CARTESIAN_POINT('',(-0.0342262633906704,0.0184729161259907,0.0153333333333333));
#3765=CARTESIAN_POINT('',(-0.0342262633906704,0.0184729161259907,0.0153333333333333));
#3766=CARTESIAN_POINT('',(-0.0342262633906704,0.0184729161259908,0.0153333333333333));
#3767=CARTESIAN_POINT('',(-0.0342262633906704,0.0184729161259908,0.022));
#3768=CARTESIAN_POINT('',(-0.0342262633906704,0.0184729161259908,0.0286666666666667));
#3769=CARTESIAN_POINT('',(-0.0342262633906704,0.0184729161259908,0.0353333333333333));
#3770=CARTESIAN_POINT('',(-0.0342262633906704,0.0184729161259907,0.0353333333333333));
#3771=CARTESIAN_POINT('',(-0.0172839025000542,-0.0177618242132488,0.0353333333333333));
#3772=CARTESIAN_POINT('',(-0.0232839025000542,0.0217856156533215,0.0353333333333333));
#3773=CARTESIAN_POINT('',(-0.0232839025000542,0.0217856156533215,0.0353333333333333));
#3774=CARTESIAN_POINT('',(-0.0408589025000542,0.00581317578675117,-0.272251131320192));
#3775=CARTESIAN_POINT('',(-0.0408589025000542,0.00581317578675117,0.0353333333333333));
#3776=CARTESIAN_POINT('',(-0.0379839025000542,0.00581317578675117,0.0353333333333333));
#3777=CARTESIAN_POINT('',(-0.0408589025000542,0.00581317578675117,0.002));
#3778=CARTESIAN_POINT('',(-0.0437339025000542,0.00581317578675117,0.002));
#3779=CARTESIAN_POINT('',(0.00629109749994567,0.0058131757867513,-0.272251131320192));
#3780=CARTESIAN_POINT('',(0.00629109749994567,0.0058131757867513,0.0353333333333333));
#3781=CARTESIAN_POINT('',(0.00916609749994567,0.0058131757867513,0.0353333333333333));
#3782=CARTESIAN_POINT('',(0.00629109749994567,0.0058131757867513,0.002));
#3783=CARTESIAN_POINT('',(0.00341609749994567,0.0058131757867513,0.002));
#3784=CARTESIAN_POINT('',(0.00629109749994566,-0.0413368242132489,-0.272251131320192));
#3785=CARTESIAN_POINT('',(0.00629109749994566,-0.0413368242132489,0.0353333333333333));
#3786=CARTESIAN_POINT('',(0.00916609749994566,-0.0413368242132489,0.0353333333333333));
#3787=CARTESIAN_POINT('',(0.00629109749994566,-0.0413368242132489,0.002));
#3788=CARTESIAN_POINT('',(0.00341609749994566,-0.0413368242132489,0.002));
#3789=CARTESIAN_POINT('',(-0.0408589025000542,-0.0413368242132489,-0.272251131320192));
#3790=CARTESIAN_POINT('',(-0.0408589025000542,-0.0413368242132489,0.0353333333333333));
#3791=CARTESIAN_POINT('',(-0.0379839025000542,-0.0413368242132489,0.0353333333333333));
#3792=CARTESIAN_POINT('',(-0.0408589025000542,-0.0413368242132489,0.002));
#3793=CARTESIAN_POINT('',(-0.0437339025000542,-0.0413368242132489,0.002));
#3794=CARTESIAN_POINT('',(-0.0172839025000542,-0.0177618242132488,0.0153333333333333));
#3795=CARTESIAN_POINT('',(0.0225674835785682,-0.0212066794515111,0.0153333333333333));
#3796=CARTESIAN_POINT('',(0.0225674835785682,-0.0212066794515111,0.0353333333333333));
#3797=CARTESIAN_POINT('',(0.0225674835785682,-0.0212066794515111,-0.002));
#3798=CARTESIAN_POINT('',(-0.0172839025000542,-0.0177618242132488,0.0353333333333333));
#3799=CARTESIAN_POINT('',(0.00562443329534663,-0.0505521909554059,0.0353333333333333));
#3800=CARTESIAN_POINT('',(0.00562443329534666,-0.0505521909554059,0.0153333333333333));
#3801=CARTESIAN_POINT('',(0.00562443329534666,-0.0505521909554059,-0.002));
#3802=CARTESIAN_POINT('',(-0.0172839025000542,-0.0177618242132488,-0.002));
#3803=CARTESIAN_POINT('',(-0.0172814018940055,-0.0440729951317839,0.0153333333333333));
#3804=CARTESIAN_POINT('',(0.0761800679686209,0.0361938493940705,0.0153333333333333));
#3805=CARTESIAN_POINT('',(0.0742200679686209,0.0361938493940705,0.0153333333333333));
#3806=CARTESIAN_POINT('',(0.0197018399222014,0.0239299927191704,0.0153333333333333));
#3807=CARTESIAN_POINT('',(0.0241589851625523,0.0256258129911967,0.0153333333333333));
#3808=CARTESIAN_POINT('',(0.0630738867345923,0.0404318548433519,0.0153333333333333));
#3809=CARTESIAN_POINT('',(-0.0172839025000542,-0.0177618242132488,0.0153333333333333));
#3810=CARTESIAN_POINT('',(0.0290530211570813,0.0203549635054558,0.0153333333333333));
#3811=CARTESIAN_POINT('',(-0.00462514115798865,0.00754135584881659,0.0153333333333333));
#3812=CARTESIAN_POINT('',(0.0329691439107744,0.0218449397111529,0.0153333333333333));
#3813=CARTESIAN_POINT('',(0.0339174197900428,0.0193525745758028,0.0153333333333333));
#3814=CARTESIAN_POINT('',(0.0363946447502968,0.0203397258344279,0.0153333333333333));
#3815=CARTESIAN_POINT('',(0.0761800679686209,0.0361938493940705,0.0153333333333333));
#3816=CARTESIAN_POINT('',(0.0425539519231955,0.00966994594444316,0.0153333333333333));
#3817=CARTESIAN_POINT('',(0.0404602339922081,0.00801844470721303,0.0153333333333333));
#3818=CARTESIAN_POINT('',(0.0421442879719204,0.00595081966757798,0.0153333333333333));
#3819=CARTESIAN_POINT('',(0.0203934841436249,-0.0117649300679003,0.0153333333333333));
#3820=CARTESIAN_POINT('',(0.0388960133366747,0.0033051417899055,0.0153333333333333));
#3821=CARTESIAN_POINT('',(-0.0172839025000542,-0.0177618242132488,0.0153333333333333));
#3822=CARTESIAN_POINT('',(0.04101320167159,-0.00356859888563336,0.0153333333333333));
#3823=CARTESIAN_POINT('',(0.0103195367207402,-0.028568193890335,0.0153333333333333));
#3824=CARTESIAN_POINT('',(0.0732955065141097,0.0227249228613995,0.0153333333333333));
#3825=CARTESIAN_POINT('',(0.0761800679686209,0.0361938493940705,0.0153333333333333));
#3826=CARTESIAN_POINT('',(0.0137065828482724,0.0145160689251567,0.0153333333333333));
#3827=CARTESIAN_POINT('',(0.0443839484002677,0.026187956555043,0.0153333333333333));
#3828=CARTESIAN_POINT('',(0.0613803677376655,0.032654623201509,0.0153333333333333));
#3829=CARTESIAN_POINT('',(0.0623286436169338,0.0301622580661588,0.0153333333333333));
#3830=CARTESIAN_POINT('',(0.0647735674643275,0.0312268981422206,0.0153333333333333));
#3831=CARTESIAN_POINT('',(0.0761800679686209,0.0361938493940705,0.0153333333333333));
#3832=CARTESIAN_POINT('',(0.0661743833151014,0.0288002620978372,0.0153333333333333));
#3833=CARTESIAN_POINT('',(0.0640297170338276,0.0272154852513764,0.0153333333333333));
#3834=CARTESIAN_POINT('',(0.06571377101354,0.0251478602117413,0.0153333333333333));
#3835=CARTESIAN_POINT('',(0.044305617558813,0.00771119479483935,0.0153333333333333));
#3836=CARTESIAN_POINT('',(0.0516138216490936,0.0136636329530458,0.0153333333333333));
#3837=CARTESIAN_POINT('',(0.0761800679686209,0.0361938493940705,0.0153333333333333));
#3838=CARTESIAN_POINT('',(-0.0172814018940055,-0.0440729951317839,0.0153333333333333));
#3839=CARTESIAN_POINT('',(-0.0172826700177094,-0.133692630856833,0.0153333333333333));
#3840=CARTESIAN_POINT('',(-0.0156326700177094,-0.133692630856833,0.0153333333333333));
#3841=CARTESIAN_POINT('',(0.000695555370666855,-0.0683699732480783,0.0153333333333333));
#3842=CARTESIAN_POINT('',(-0.000430550302124763,-0.0753462363374735,0.0153333333333333));
#3843=CARTESIAN_POINT('',(-0.00735089305249216,-0.118217995943897,0.0153333333333333));
#3844=CARTESIAN_POINT('',(-0.0172839025000542,-0.0177618242132488,0.0153333333333333));
#3845=CARTESIAN_POINT('',(-0.00744225785356498,-0.0769491710929006,0.0153333333333333));
#3846=CARTESIAN_POINT('',(-0.0100729674264753,-0.0932465067123331,0.0153333333333333));
#3847=CARTESIAN_POINT('',(-0.00810996198524337,-0.0810856209847859,0.0153333333333333));
#3848=CARTESIAN_POINT('',(-0.0107425514475974,-0.0806606694183531,0.0153333333333333));
#3849=CARTESIAN_POINT('',(-0.0111262658603773,-0.0832995847941343,0.0153333333333333));
#3850=CARTESIAN_POINT('',(-0.0172889037121516,-0.125681833781339,0.0153333333333333));
#3851=CARTESIAN_POINT('',(-0.0234462198843419,-0.0832988113305839,0.0153333333333333));
#3852=CARTESIAN_POINT('',(-0.0238296029446709,-0.080659847795375,0.0153333333333333));
#3853=CARTESIAN_POINT('',(-0.0264622457443518,-0.0810844688033326,0.0153333333333333));
#3854=CARTESIAN_POINT('',(-0.0313703130014372,-0.050654537917753,0.0153333333333333));
#3855=CARTESIAN_POINT('',(-0.0271293326790239,-0.0769485415119049,0.0153333333333333));
#3856=CARTESIAN_POINT('',(-0.0172839025000542,-0.0177618242132488,0.0153333333333333));
#3857=CARTESIAN_POINT('',(-0.0341407608905246,-0.0753452100567682,0.0153333333333333));
#3858=CARTESIAN_POINT('',(-0.0408853926267159,-0.0335286116219287,0.0153333333333333));
#3859=CARTESIAN_POINT('',(-0.0272286953044689,-0.118199895423264,0.0153333333333333));
#3860=CARTESIAN_POINT('',(-0.0172889037121516,-0.125681833781339,0.0153333333333333));
#3861=CARTESIAN_POINT('',(-0.0172889037131754,-0.138122848952648,0.0153333333333333));
#3862=CARTESIAN_POINT('',(-0.0172826700177094,-0.125692630856833,0.0153333333333333));
#3863=CARTESIAN_POINT('',(-0.0165866506399058,-0.113320038950417,0.0153333333333333));
#3864=CARTESIAN_POINT('',(-0.0158871594234613,-0.113320038950417,0.0153333333333333));
#3865=CARTESIAN_POINT('',(-0.0152862462795858,-0.113320038950417,0.0153333333333333));
#3866=CARTESIAN_POINT('',(-0.0172889037121516,-0.125681833781339,0.0153333333333333));
#3867=CARTESIAN_POINT('',(-0.0186890958090279,-0.113319863041019,0.0153333333333333));
#3868=CARTESIAN_POINT('',(-0.0189892196767553,-0.110670139135566,0.0153333333333333));
#3869=CARTESIAN_POINT('',(-0.0216218624764363,-0.111094760143523,0.0153333333333333));
#3870=CARTESIAN_POINT('',(-0.0260183809573994,-0.0838364226951633,0.0153333333333333));
#3871=CARTESIAN_POINT('',(-0.0241007201387194,-0.0957258861270623,0.0153333333333333));
#3872=CARTESIAN_POINT('',(-0.0214680773390384,-0.0953012651191047,0.0153333333333333));
#3873=CARTESIAN_POINT('',(-0.0218314837413764,-0.0926594765397797,0.0153333333333333));
#3874=CARTESIAN_POINT('',(-0.0172889037121516,-0.125681833781339,0.0153333333333333));
#3875=CARTESIAN_POINT('',(-0.0127421773413062,-0.0926600471788588,0.0153333333333333));
#3876=CARTESIAN_POINT('',(-0.0131059154509738,-0.0953017901070575,0.0153333333333333));
#3877=CARTESIAN_POINT('',(-0.0104733259886198,-0.0957267416734902,0.0153333333333333));
#3878=CARTESIAN_POINT('',(-0.00395757879774129,-0.0553614653713836,0.0153333333333333));
#3879=CARTESIAN_POINT('',(-0.0129541133891715,-0.111095304316657,0.0153333333333333));
#3880=CARTESIAN_POINT('',(-0.0155867028515256,-0.110670352750224,0.0153333333333333));
#3881=CARTESIAN_POINT('',(-0.0172814018940055,-0.0440729951317839,0.0153333333333333));
#3882=CARTESIAN_POINT('',(-0.0607326206127161,-0.00706222319519136,0.0153333333333333));
#3883=CARTESIAN_POINT('',(-0.0882087898802974,0.0153225022435521,0.0153333333333333));
#3884=CARTESIAN_POINT('',(-0.100277961848657,0.0251552084754017,0.0153333333333333));
#3885=CARTESIAN_POINT('',(-0.0985936482655709,0.0272226220443192,0.0153333333333333));
#3886=CARTESIAN_POINT('',(-0.100738115541024,0.0288076681684496,0.0153333333333333));
#3887=CARTESIAN_POINT('',(-0.110742871756632,0.0362025117475227,0.0153333333333333));
#3888=CARTESIAN_POINT('',(-0.0993369950062361,0.0312341283034354,0.0153333333333333));
#3889=CARTESIAN_POINT('',(-0.0968922048572347,0.0301691812444428,0.0153333333333333));
#3890=CARTESIAN_POINT('',(-0.0959436160372661,0.0326614272920355,0.0153333333333333));
#3891=CARTESIAN_POINT('',(-0.0552239220727833,0.0171628586476748,0.0153333333333333));
#3892=CARTESIAN_POINT('',(-0.0813943518803069,0.0271237439917079,0.0153333333333333));
#3893=CARTESIAN_POINT('',(-0.0823429407002756,0.024631497944115,0.0153333333333333));
#3894=CARTESIAN_POINT('',(-0.0798733814779837,0.0236253228307753,0.0153333333333333));
#3895=CARTESIAN_POINT('',(-0.110742871756632,0.0362025117475227,0.0153333333333333));
#3896=CARTESIAN_POINT('',(-0.0844185288659577,0.0157540379050735,0.0153333333333333));
#3897=CARTESIAN_POINT('',(-0.0865244762972117,0.0173899158124695,0.0153333333333333));
#3898=CARTESIAN_POINT('',(-0.0722507823102496,-0.00627746563826016,0.0153333333333333));
#3899=CARTESIAN_POINT('',(-0.0755801423605901,-0.00356504929346964,0.0153333333333333));
#3900=CARTESIAN_POINT('',(-0.107860001520072,0.0227332231276104,0.0153333333333333));
#3901=CARTESIAN_POINT('',(-0.0172839025000542,-0.0177618242132488,0.0153333333333333));
#3902=CARTESIAN_POINT('',(-0.0734624708036789,0.00330873494769824,0.0153333333333333));
#3903=CARTESIAN_POINT('',(-0.0458943159070295,-0.0191509308159118,0.0153333333333333));
#3904=CARTESIAN_POINT('',(-0.0788085957084736,0.00766420157005071,0.0153333333333333));
#3905=CARTESIAN_POINT('',(-0.110742871756632,0.0362025117475227,0.0153333333333333));
#3906=CARTESIAN_POINT('',(-0.0709594395390161,0.0203433927463944,0.0153333333333333));
#3907=CARTESIAN_POINT('',(-0.0684823385476997,0.0193559304484153,0.0153333333333333));
#3908=CARTESIAN_POINT('',(-0.0675337497277311,0.0218481764960081,0.0153333333333333));
#3909=CARTESIAN_POINT('',(-0.0988336719280047,0.0337614289189564,0.0153333333333333));
#3910=CARTESIAN_POINT('',(-0.0636183881578134,0.0203579270822529,0.0153333333333333));
#3911=CARTESIAN_POINT('',(-0.0172839025000542,-0.0177618242132488,0.0153333333333333));
#3912=CARTESIAN_POINT('',(-0.0587241482812281,0.025628336302655,0.0153333333333333));
#3913=CARTESIAN_POINT('',(-0.0212875311114055,0.0113793593450956,0.0153333333333333));
#3914=CARTESIAN_POINT('',(-0.0976361584903769,0.0404388715154741,0.0153333333333333));
#3915=CARTESIAN_POINT('',(-0.110742871756632,0.0362025117475227,0.0153333333333333));
#3916=CARTESIAN_POINT('',(-0.110742871756632,0.0362025117475227,0.0153333333333333));
#3917=CARTESIAN_POINT('',(-0.112702871756632,0.0362025117475227,0.0153333333333333));
#3918=CARTESIAN_POINT('',(-0.0172814018940055,-0.0440729951317839,-0.002));
#3919=CARTESIAN_POINT('',(-0.0172826700177094,-0.133692630856833,-0.002));
#3920=CARTESIAN_POINT('',(-0.0189326700177094,-0.133692630856833,-0.002));
#3921=CARTESIAN_POINT('',(-0.0172839025000542,-0.0177618242132488,-0.002));
#3922=CARTESIAN_POINT('',(-0.0372839025000542,-0.0177618242132488,-0.002));
#3923=CARTESIAN_POINT('',(-0.0373948008849165,0.00781317578675118,-0.002));
#3924=CARTESIAN_POINT('',(-0.0385495014232957,0.00981317578675118,-0.002));
#3925=CARTESIAN_POINT('',(-0.0362401003465372,0.00581317578675117,-0.002));
#3926=CARTESIAN_POINT('',(-0.0408589025000542,0.00981317578675118,-0.002));
#3927=CARTESIAN_POINT('',(-0.0431683035768127,0.00981317578675118,-0.002));
#3928=CARTESIAN_POINT('',(-0.044323004115192,0.00781317578675117,-0.002));
#3929=CARTESIAN_POINT('',(-0.0454777046535712,0.00581317578675117,-0.002));
#3930=CARTESIAN_POINT('',(-0.044323004115192,0.00381317578675117,-0.002));
#3931=CARTESIAN_POINT('',(-0.0431683035768127,0.00181317578675117,-0.002));
#3932=CARTESIAN_POINT('',(-0.0408589025000542,0.00181317578675117,-0.002));
#3933=CARTESIAN_POINT('',(-0.0385495014232957,0.00181317578675117,-0.002));
#3934=CARTESIAN_POINT('',(-0.0373948008849165,0.00381317578675118,-0.002));
#3935=CARTESIAN_POINT('',(0.00975519911508342,0.00781317578675131,-0.002));
#3936=CARTESIAN_POINT('',(0.00860049857670417,0.00981317578675131,-0.002));
#3937=CARTESIAN_POINT('',(0.0109098996534627,0.0058131757867513,-0.002));
#3938=CARTESIAN_POINT('',(0.00629109749994567,0.0098131757867513,-0.002));
#3939=CARTESIAN_POINT('',(0.00398169642318716,0.00981317578675131,-0.002));
#3940=CARTESIAN_POINT('',(0.00282699588480791,0.0078131757867513,-0.002));
#3941=CARTESIAN_POINT('',(0.00167229534642866,0.0058131757867513,-0.002));
#3942=CARTESIAN_POINT('',(0.00282699588480791,0.0038131757867513,-0.002));
#3943=CARTESIAN_POINT('',(0.00398169642318717,0.0018131757867513,-0.002));
#3944=CARTESIAN_POINT('',(0.00629109749994567,0.00181317578675131,-0.002));
#3945=CARTESIAN_POINT('',(0.00860049857670417,0.00181317578675131,-0.002));
#3946=CARTESIAN_POINT('',(0.00975519911508342,0.0038131757867513,-0.002));
#3947=CARTESIAN_POINT('',(0.00975519911508341,-0.039336824213249,-0.002));
#3948=CARTESIAN_POINT('',(0.00860049857670416,-0.037336824213249,-0.002));
#3949=CARTESIAN_POINT('',(0.0109098996534627,-0.0413368242132489,-0.002));
#3950=CARTESIAN_POINT('',(0.00629109749994566,-0.037336824213249,-0.002));
#3951=CARTESIAN_POINT('',(0.00398169642318716,-0.037336824213249,-0.002));
#3952=CARTESIAN_POINT('',(0.00282699588480791,-0.039336824213249,-0.002));
#3953=CARTESIAN_POINT('',(0.00167229534642865,-0.0413368242132489,-0.002));
#3954=CARTESIAN_POINT('',(0.00282699588480791,-0.0433368242132489,-0.002));
#3955=CARTESIAN_POINT('',(0.00398169642318716,-0.045336824213249,-0.002));
#3956=CARTESIAN_POINT('',(0.00629109749994566,-0.045336824213249,-0.002));
#3957=CARTESIAN_POINT('',(0.00860049857670417,-0.045336824213249,-0.002));
#3958=CARTESIAN_POINT('',(0.00975519911508342,-0.0433368242132489,-0.002));
#3959=CARTESIAN_POINT('',(-0.0373948008849165,-0.0393368242132489,-0.002));
#3960=CARTESIAN_POINT('',(-0.0385495014232957,-0.0373368242132489,-0.002));
#3961=CARTESIAN_POINT('',(-0.0362401003465372,-0.0413368242132489,-0.002));
#3962=CARTESIAN_POINT('',(-0.0408589025000542,-0.0373368242132489,-0.002));
#3963=CARTESIAN_POINT('',(-0.0431683035768127,-0.0373368242132489,-0.002));
#3964=CARTESIAN_POINT('',(-0.044323004115192,-0.0393368242132489,-0.002));
#3965=CARTESIAN_POINT('',(-0.0454777046535712,-0.0413368242132489,-0.002));
#3966=CARTESIAN_POINT('',(-0.044323004115192,-0.0433368242132488,-0.002));
#3967=CARTESIAN_POINT('',(-0.0431683035768127,-0.0453368242132488,-0.002));
#3968=CARTESIAN_POINT('',(-0.0408589025000542,-0.0453368242132488,-0.002));
#3969=CARTESIAN_POINT('',(-0.0385495014232957,-0.0453368242132488,-0.002));
#3970=CARTESIAN_POINT('',(-0.0373948008849165,-0.0433368242132488,-0.002));
#3971=CARTESIAN_POINT('',(-0.0172826700177094,-0.125692630856833,-0.002));
#3972=CARTESIAN_POINT('',(-0.0172889037131754,-0.138122848952648,-0.002));
#3973=CARTESIAN_POINT('',(-0.00735089305249216,-0.118217995943897,-0.002));
#3974=CARTESIAN_POINT('',(-0.0172889037121516,-0.125681833781339,-0.002));
#3975=CARTESIAN_POINT('',(-0.0272286953044689,-0.118199895423264,-0.002));
#3976=CARTESIAN_POINT('',(-0.0408853926267159,-0.0335286116219287,-0.002));
#3977=CARTESIAN_POINT('',(-0.0371731167818872,-0.0565446567307494,-0.002));
#3978=CARTESIAN_POINT('',(-0.0437547237810898,-0.0576062092506451,-0.002));
#3979=CARTESIAN_POINT('',(-0.0389355332056463,-0.0529997087739268,-0.002));
#3980=CARTESIAN_POINT('',(-0.0425672895791796,-0.0492002679237423,-0.002));
#3981=CARTESIAN_POINT('',(-0.046199045952713,-0.0454008270735578,-0.002));
#3982=CARTESIAN_POINT('',(-0.0172839025000542,-0.0177618242132488,-0.002));
#3983=CARTESIAN_POINT('',(-0.057135360995871,-0.0212058415994119,-0.002));
#3984=CARTESIAN_POINT('',(-0.0637772707451738,-0.0217798444971058,-0.002));
#3985=CARTESIAN_POINT('',(-0.0595664867874585,-0.0166113105748128,-0.002));
#3986=CARTESIAN_POINT('',(-0.0722507823102496,-0.00627746563826016,-0.002));
#3987=CARTESIAN_POINT('',(-0.107860001520072,0.0227332231276104,-0.002));
#3988=CARTESIAN_POINT('',(-0.110742871756632,0.0362025117475227,-0.002));
#3989=CARTESIAN_POINT('',(-0.0976361584903769,0.0404388715154741,-0.002));
#3990=CARTESIAN_POINT('',(-0.0212875311114055,0.0113793593450956,-0.002));
#3991=CARTESIAN_POINT('',(-0.0394214622556934,0.0182814243968817,-0.002));
#3992=CARTESIAN_POINT('',(-0.0370499902057732,0.024512039515864,-0.002));
#3993=CARTESIAN_POINT('',(0.00248307398376438,0.0245116239364579,-0.002));
#3994=CARTESIAN_POINT('',(0.00485376368193409,0.018280711098082,-0.002));
#3995=CARTESIAN_POINT('',(0.0197018399222014,0.0239299927191704,-0.002));
#3996=CARTESIAN_POINT('',(0.0630738867345923,0.0404318548433519,-0.002));
#3997=CARTESIAN_POINT('',(0.0761800679686209,0.0361938493940705,-0.002));
#3998=CARTESIAN_POINT('',(0.0732955065141097,0.0227249228613995,-0.002));
#3999=CARTESIAN_POINT('',(0.0103195367207402,-0.028568193890335,-0.002));
#4000=CARTESIAN_POINT('',(0.0249992463090567,-0.0166117593921346,-0.002));
#4001=CARTESIAN_POINT('',(0.0292093812583386,-0.0217808219912215,-0.002));
#4002=CARTESIAN_POINT('',(0.00944248926124682,-0.0560172520790987,-0.002));
#4003=CARTESIAN_POINT('',(0.00286101560536192,-0.0549548731630158,-0.002));
#4004=CARTESIAN_POINT('',(0.000695555370666855,-0.0683699732480783,-0.002));
#4005=CARTESIAN_POINT('',(-0.0100729674264753,-0.0932465067123331,-0.002));
#4006=CARTESIAN_POINT('',(-0.00556490408669219,-0.0653189004122476,-0.002));
#4007=CARTESIAN_POINT('',(-0.00810996198524337,-0.0810856209847859,-0.002));
#4008=CARTESIAN_POINT('',(-0.0081974935490462,-0.064893948845815,-0.002));
#4009=CARTESIAN_POINT('',(-0.00870229404632393,-0.0622754974773418,-0.002));
#4010=CARTESIAN_POINT('',(-0.0172839025000542,-0.0177618242132488,-0.002));
#4011=CARTESIAN_POINT('',(-0.0258676414011791,-0.0622750867042511,-0.002));
#4012=CARTESIAN_POINT('',(-0.0263725672188918,-0.0648935139096014,-0.002));
#4013=CARTESIAN_POINT('',(-0.0290052100185728,-0.065318134917559,-0.002));
#4014=CARTESIAN_POINT('',(-0.0313703130014372,-0.050654537917753,-0.002));
#4015=CARTESIAN_POINT('',(-0.0264622457443518,-0.0810844688033326,-0.002));
#4016=CARTESIAN_POINT('',(-0.0238296029446709,-0.080659847795375,-0.002));
#4017=CARTESIAN_POINT('',(-0.0234462198843419,-0.0832988113305839,-0.002));
#4018=CARTESIAN_POINT('',(-0.0172889037121516,-0.125681833781339,-0.002));
#4019=CARTESIAN_POINT('',(-0.0111262658603773,-0.0832995847941343,-0.002));
#4020=CARTESIAN_POINT('',(-0.0107425514475974,-0.0806606694183531,-0.002));
#4021=CARTESIAN_POINT('',(-0.110742871756632,0.0362025117475227,-0.002));
#4022=CARTESIAN_POINT('',(-0.112702871756632,0.0362025117475227,-0.002));
#4023=CARTESIAN_POINT('',(0.0137065828482724,0.0145160689251567,-0.002));
#4024=CARTESIAN_POINT('',(0.0443839484002677,0.026187956555043,-0.002));
#4025=CARTESIAN_POINT('',(0.0613803677376655,0.032654623201509,-0.002));
#4026=CARTESIAN_POINT('',(0.0761800679686209,0.0361938493940705,-0.002));
#4027=CARTESIAN_POINT('',(0.0516138216490936,0.0136636329530458,-0.002));
#4028=CARTESIAN_POINT('',(0.044305617558813,0.00771119479483935,-0.002));
#4029=CARTESIAN_POINT('',(0.06571377101354,0.0251478602117413,-0.002));
#4030=CARTESIAN_POINT('',(0.0640297170338276,0.0272154852513764,-0.002));
#4031=CARTESIAN_POINT('',(0.0661743833151014,0.0288002620978372,-0.002));
#4032=CARTESIAN_POINT('',(0.0761800679686209,0.0361938493940705,-0.002));
#4033=CARTESIAN_POINT('',(0.0647735674643275,0.0312268981422206,-0.002));
#4034=CARTESIAN_POINT('',(0.0623286436169338,0.0301622580661588,-0.002));
#4035=CARTESIAN_POINT('',(-0.0172839025000542,-0.0177618242132488,-0.002));
#4036=CARTESIAN_POINT('',(0.0187244768378167,0.00977919480521784,-0.002));
#4037=CARTESIAN_POINT('',(0.0169752651355453,0.0119269033450592,-0.002));
#4038=CARTESIAN_POINT('',(0.0252947096852869,0.00681831816894171,-0.002));
#4039=CARTESIAN_POINT('',(0.0245731230675495,-0.00035204185537536,-0.002));
#4040=CARTESIAN_POINT('',(-0.0172839025000542,-0.0177618242132488,-0.002));
#4041=CARTESIAN_POINT('',(0.0255575830730412,-0.00293892891557472,-0.002));
#4042=CARTESIAN_POINT('',(0.0280776704596912,-0.00206699389806537,-0.002));
#4043=CARTESIAN_POINT('',(0.0297617244394035,-0.00413461893770046,-0.002));
#4044=CARTESIAN_POINT('',(0.0203934841436249,-0.0117649300679003,-0.002));
#4045=CARTESIAN_POINT('',(0.0421442879719204,0.00595081966757798,-0.002));
#4046=CARTESIAN_POINT('',(0.0404602339922081,0.00801844470721303,-0.002));
#4047=CARTESIAN_POINT('',(0.0425539519231955,0.00966994594444316,-0.002));
#4048=CARTESIAN_POINT('',(0.0761800679686209,0.0361938493940705,-0.002));
#4049=CARTESIAN_POINT('',(0.0363946447502968,0.0203397258344279,-0.002));
#4050=CARTESIAN_POINT('',(0.0339174197900428,0.0193525745758028,-0.002));
#4051=CARTESIAN_POINT('',(0.0329691439107744,0.0218449397111529,-0.002));
#4052=CARTESIAN_POINT('',(-0.00462514115798865,0.00754135584881659,-0.002));
#4053=CARTESIAN_POINT('',(0.0180422344113101,0.0161656642191315,-0.002));
#4054=CARTESIAN_POINT('',(0.0189905102905784,0.0136732990837814,-0.002));
#4055=CARTESIAN_POINT('',(0.0761800679686209,0.0361938493940705,-0.002));
#4056=CARTESIAN_POINT('',(0.0742200679686209,0.0361938493940705,-0.002));
#4057=CARTESIAN_POINT('',(-0.0172839025000542,-0.0177618242132488,-0.002));
#4058=CARTESIAN_POINT('',(-0.0591393142850922,-0.000348162466779399,-0.002));
#4059=CARTESIAN_POINT('',(-0.060124678589384,-0.00293687850746408,-0.002));
#4060=CARTESIAN_POINT('',(-0.0598602363243403,0.0068222644060468,-0.002));
#4061=CARTESIAN_POINT('',(-0.0532897290801327,0.00978253207621391,-0.002));
#4062=CARTESIAN_POINT('',(-0.0172839025000542,-0.0177618242132488,-0.002));
#4063=CARTESIAN_POINT('',(-0.0515416491720247,0.0119285429800792,-0.002));
#4064=CARTESIAN_POINT('',(-0.0535568107409619,0.0136750351679201,-0.002));
#4065=CARTESIAN_POINT('',(-0.0526082219209933,0.0161672812155129,-0.002));
#4066=CARTESIAN_POINT('',(-0.0988336719280047,0.0337614289189564,-0.002));
#4067=CARTESIAN_POINT('',(-0.0675337497277311,0.0218481764960081,-0.002));
#4068=CARTESIAN_POINT('',(-0.0684823385476997,0.0193559304484153,-0.002));
#4069=CARTESIAN_POINT('',(-0.0709594395390161,0.0203433927463944,-0.002));
#4070=CARTESIAN_POINT('',(-0.110742871756632,0.0362025117475227,-0.002));
#4071=CARTESIAN_POINT('',(-0.0788085957084736,0.00766420157005071,-0.002));
#4072=CARTESIAN_POINT('',(-0.0458943159070295,-0.0191509308159118,-0.002));
#4073=CARTESIAN_POINT('',(-0.0643290378247805,-0.00413223644663047,-0.002));
#4074=CARTESIAN_POINT('',(-0.0626447242416948,-0.00206482287771297,-0.002));
#4075=CARTESIAN_POINT('',(-0.0607326206127161,-0.00706222319519136,-0.002));
#4076=CARTESIAN_POINT('',(-0.0882087898802974,0.0153225022435521,-0.002));
#4077=CARTESIAN_POINT('',(-0.100277961848657,0.0251552084754017,-0.002));
#4078=CARTESIAN_POINT('',(-0.0865244762972117,0.0173899158124695,-0.002));
#4079=CARTESIAN_POINT('',(-0.0844185288659577,0.0157540379050735,-0.002));
#4080=CARTESIAN_POINT('',(-0.110742871756632,0.0362025117475227,-0.002));
#4081=CARTESIAN_POINT('',(-0.0798733814779837,0.0236253228307753,-0.002));
#4082=CARTESIAN_POINT('',(-0.0823429407002756,0.024631497944115,-0.002));
#4083=CARTESIAN_POINT('',(-0.0813943518803069,0.0271237439917079,-0.002));
#4084=CARTESIAN_POINT('',(-0.0552239220727833,0.0171628586476748,-0.002));
#4085=CARTESIAN_POINT('',(-0.0959436160372661,0.0326614272920355,-0.002));
#4086=CARTESIAN_POINT('',(-0.0968922048572347,0.0301691812444428,-0.002));
#4087=CARTESIAN_POINT('',(-0.0993369950062361,0.0312341283034354,-0.002));
#4088=CARTESIAN_POINT('',(-0.110742871756632,0.0362025117475227,-0.002));
#4089=CARTESIAN_POINT('',(-0.100738115541024,0.0288076681684496,-0.002));
#4090=CARTESIAN_POINT('',(-0.0985936482655709,0.0272226220443192,-0.002));
#4091=CARTESIAN_POINT('',(-0.0165866506399058,-0.113320038950417,-0.002));
#4092=CARTESIAN_POINT('',(-0.0158871594234613,-0.113320038950417,-0.002));
#4093=CARTESIAN_POINT('',(-0.0152862462795858,-0.113320038950417,-0.002));
#4094=CARTESIAN_POINT('',(-0.0155867028515256,-0.110670352750224,-0.002));
#4095=CARTESIAN_POINT('',(-0.0129541133891715,-0.111095304316657,-0.002));
#4096=CARTESIAN_POINT('',(-0.00395757879774129,-0.0553614653713836,-0.002));
#4097=CARTESIAN_POINT('',(-0.0104733259886198,-0.0957267416734902,-0.002));
#4098=CARTESIAN_POINT('',(-0.0131059154509738,-0.0953017901070575,-0.002));
#4099=CARTESIAN_POINT('',(-0.0127421773413062,-0.0926600471788588,-0.002));
#4100=CARTESIAN_POINT('',(-0.0172889037121516,-0.125681833781339,-0.002));
#4101=CARTESIAN_POINT('',(-0.0218314837413764,-0.0926594765397797,-0.002));
#4102=CARTESIAN_POINT('',(-0.0214680773390384,-0.0953012651191047,-0.002));
#4103=CARTESIAN_POINT('',(-0.0241007201387194,-0.0957258861270623,-0.002));
#4104=CARTESIAN_POINT('',(-0.0260183809573994,-0.0838364226951633,-0.002));
#4105=CARTESIAN_POINT('',(-0.0216218624764363,-0.111094760143523,-0.002));
#4106=CARTESIAN_POINT('',(-0.0189892196767553,-0.110670139135566,-0.002));
#4107=CARTESIAN_POINT('',(-0.0186890958090279,-0.113319863041019,-0.002));
#4108=CARTESIAN_POINT('',(-0.0172889037121516,-0.125681833781339,-0.002));
#4109=CARTESIAN_POINT('',(-0.0165866506399058,-0.113320038950417,0.0153333333333333));
#4110=CARTESIAN_POINT('',(-0.0158871594234613,-0.113320038950417,0.0153333333333333));
#4111=CARTESIAN_POINT('',(-0.0152862462795858,-0.113320038950417,0.0153333333333333));
#4112=CARTESIAN_POINT('',(-0.0155867028515256,-0.110670352750224,0.0153333333333333));
#4113=CARTESIAN_POINT('',(-0.0129541133891715,-0.111095304316657,0.0153333333333333));
#4114=CARTESIAN_POINT('',(-0.00395757879774129,-0.0553614653713836,0.0153333333333333));
#4115=CARTESIAN_POINT('',(-0.0104733259886198,-0.0957267416734902,0.0153333333333333));
#4116=CARTESIAN_POINT('',(-0.0131059154509738,-0.0953017901070575,0.0153333333333333));
#4117=CARTESIAN_POINT('',(-0.0127421773413062,-0.0926600471788588,0.0153333333333333));
#4118=CARTESIAN_POINT('',(-0.0172889037121516,-0.125681833781339,0.0153333333333333));
#4119=CARTESIAN_POINT('',(-0.0218314837413764,-0.0926594765397797,0.0153333333333333));
#4120=CARTESIAN_POINT('',(-0.0214680773390384,-0.0953012651191047,0.0153333333333333));
#4121=CARTESIAN_POINT('',(-0.0241007201387194,-0.0957258861270623,0.0153333333333333));
#4122=CARTESIAN_POINT('',(-0.0260183809573994,-0.0838364226951633,0.0153333333333333));
#4123=CARTESIAN_POINT('',(-0.0216218624764363,-0.111094760143523,0.0153333333333333));
#4124=CARTESIAN_POINT('',(-0.0189892196767553,-0.110670139135566,0.0153333333333333));
#4125=CARTESIAN_POINT('',(-0.0186890958090279,-0.113319863041019,0.0153333333333333));
#4126=CARTESIAN_POINT('',(-0.0607326206127161,-0.00706222319519136,0.0153333333333333));
#4127=CARTESIAN_POINT('',(-0.100277961848657,0.0251552084754017,0.0153333333333333));
#4128=CARTESIAN_POINT('',(-0.0882087898802974,0.0153225022435521,0.0153333333333333));
#4129=CARTESIAN_POINT('',(-0.0865244762972117,0.0173899158124695,0.0153333333333333));
#4130=CARTESIAN_POINT('',(-0.0844185288659577,0.0157540379050735,0.0153333333333333));
#4131=CARTESIAN_POINT('',(-0.110742871756632,0.0362025117475227,0.0153333333333333));
#4132=CARTESIAN_POINT('',(-0.0798733814779837,0.0236253228307753,0.0153333333333333));
#4133=CARTESIAN_POINT('',(-0.0823429407002756,0.024631497944115,0.0153333333333333));
#4134=CARTESIAN_POINT('',(-0.0813943518803069,0.0271237439917079,0.0153333333333333));
#4135=CARTESIAN_POINT('',(-0.0552239220727833,0.0171628586476748,0.0153333333333333));
#4136=CARTESIAN_POINT('',(-0.0959436160372661,0.0326614272920355,0.0153333333333333));
#4137=CARTESIAN_POINT('',(-0.0968922048572347,0.0301691812444428,0.0153333333333333));
#4138=CARTESIAN_POINT('',(-0.0993369950062361,0.0312341283034354,0.0153333333333333));
#4139=CARTESIAN_POINT('',(-0.110742871756632,0.0362025117475227,0.0153333333333333));
#4140=CARTESIAN_POINT('',(-0.100738115541024,0.0288076681684496,0.0153333333333333));
#4141=CARTESIAN_POINT('',(-0.0172839025000542,-0.0177618242132488,0.0153333333333333));
#4142=CARTESIAN_POINT('',(-0.060124678589384,-0.00293687850746408,0.0153333333333333));
#4143=CARTESIAN_POINT('',(-0.060124678589384,-0.00293687850746408,0.0153333333333333));
#4144=CARTESIAN_POINT('',(-0.060124678589384,-0.00293687850746408,0.0153333333333333));
#4145=CARTESIAN_POINT('',(-0.060124678589384,-0.00293687850746408,0.0217359479636997));
#4146=CARTESIAN_POINT('',(-0.0172839025000542,-0.0177618242132488,0.0217359479636998));
#4147=CARTESIAN_POINT('',(-0.0591393142850922,-0.000348162466779402,0.0217359479636998));
#4148=CARTESIAN_POINT('',(-0.0591393142850922,-0.000348162466779402,0.0153333333333333));
#4149=CARTESIAN_POINT('',(-0.0591393142850922,-0.000348162466779399,0.0153333333333333));
#4150=CARTESIAN_POINT('',(-0.0591393142850922,-0.000348162466779399,0.0153333333333333));
#4151=CARTESIAN_POINT('',(-0.0598602363243403,0.0068222644060468,0.0153333333333333));
#4152=CARTESIAN_POINT('',(-0.0591393142850922,-0.000348162466779398,0.0217359479636998));
#4153=CARTESIAN_POINT('',(-0.0586184887060009,-0.000295798131262075,0.0222329350694073));
#4154=CARTESIAN_POINT('',(-0.0576215468447482,-8.27076808120804E-5,0.0232343302355988));
#4155=CARTESIAN_POINT('',(-0.0562208926864121,0.000535685328462433,0.0247245949461802));
#4156=CARTESIAN_POINT('',(-0.0550834364611452,0.0013659034289982,0.0258974858374147));
#4157=CARTESIAN_POINT('',(-0.0542138504331423,0.00230496754797654,0.0265599146388357));
#4158=CARTESIAN_POINT('',(-0.0535974984128507,0.00319952420461925,0.0267741326486391));
#4159=CARTESIAN_POINT('',(-0.0531291418667561,0.00417957560268477,0.0265646143061799));
#4160=CARTESIAN_POINT('',(-0.0527471179756623,0.00541018321886986,0.0258998404761659));
#4161=CARTESIAN_POINT('',(-0.0525965837172068,0.00679246565415836,0.0247430988539243));
#4162=CARTESIAN_POINT('',(-0.0527594033145216,0.0083350067276966,0.0232353032446728));
#4163=CARTESIAN_POINT('',(-0.0530748888480609,0.00930568016332756,0.0222325202265998));
#4164=CARTESIAN_POINT('',(-0.0532897290801327,0.0097825320762139,0.0217359479636998));
#4165=CARTESIAN_POINT('',(-0.0532897290801327,0.0097825320762139,0.0217359479636998));
#4166=CARTESIAN_POINT('',(-0.0532897290801327,0.0097825320762139,0.0153333333333333));
#4167=CARTESIAN_POINT('',(-0.0532897290801327,0.00978253207621391,0.0153333333333333));
#4168=CARTESIAN_POINT('',(-0.0532897290801327,0.00978253207621391,0.0153333333333333));
#4169=CARTESIAN_POINT('',(-0.0172839025000542,-0.0177618242132488,0.0153333333333333));
#4170=CARTESIAN_POINT('',(-0.0172839025000542,-0.0177618242132488,0.0217359479636998));
#4171=CARTESIAN_POINT('',(-0.0515416491720247,0.0119285429800791,0.0217359479636998));
#4172=CARTESIAN_POINT('',(-0.0515416491720247,0.0119285429800791,0.0153333333333333));
#4173=CARTESIAN_POINT('',(-0.0515416491720247,0.0119285429800792,0.0153333333333333));
#4174=CARTESIAN_POINT('',(-0.0515416491720247,0.0119285429800792,0.0153333333333333));
#4175=CARTESIAN_POINT('',(-0.0535568107409619,0.0136750351679201,0.0153333333333333));
#4176=CARTESIAN_POINT('',(-0.0515416491720247,0.0119285429800792,0.0217359479636998));
#4177=CARTESIAN_POINT('',(-0.0512053816015047,0.0123165398401335,0.0217359479636998));
#4178=CARTESIAN_POINT('',(-0.0508117357763262,0.0132437833023372,0.0213760669067161));
#4179=CARTESIAN_POINT('',(-0.050927351730543,0.0144863246931312,0.0204609502097213));
#4180=CARTESIAN_POINT('',(-0.0515147030316562,0.0155255047874337,0.0195011806179709));
#4181=CARTESIAN_POINT('',(-0.0522008036958216,0.0160122113042484,0.0189085093042486));
#4182=CARTESIAN_POINT('',(-0.0526082219209933,0.0161672812155128,0.0186435564867757));
#4183=CARTESIAN_POINT('',(-0.0526082219209933,0.0161672812155129,0.0186435564867756));
#4184=CARTESIAN_POINT('',(-0.0526082219209933,0.0161672812155129,0.0153333333333333));
#4185=CARTESIAN_POINT('',(-0.0988336719280047,0.0337614289189564,0.0153333333333333));
#4186=CARTESIAN_POINT('',(-0.0526082219209933,0.0161672812155128,0.0186435564867756));
#4187=CARTESIAN_POINT('',(-0.0542694869721247,0.0167995853397505,0.0175632001632922));
#4188=CARTESIAN_POINT('',(-0.0577938689070586,0.0181410216333328,0.0159257023536918));
#4189=CARTESIAN_POINT('',(-0.0616742761566154,0.0196179668721105,0.0153333333333333));
#4190=CARTESIAN_POINT('',(-0.0636183881578134,0.0203579270822529,0.0153333333333333));
#4191=CARTESIAN_POINT('',(-0.0675337497277311,0.0218481764960081,0.0153333333333333));
#4192=CARTESIAN_POINT('',(-0.0684823385476997,0.0193559304484153,0.0153333333333333));
#4193=CARTESIAN_POINT('',(-0.0709594395390161,0.0203433927463944,0.0153333333333333));
#4194=CARTESIAN_POINT('',(-0.110742871756632,0.0362025117475227,0.0153333333333333));
#4195=CARTESIAN_POINT('',(-0.0788085957084736,0.00766420157005071,0.0153333333333333));
#4196=CARTESIAN_POINT('',(-0.0458943159070295,-0.0191509308159118,0.0153333333333333));
#4197=CARTESIAN_POINT('',(-0.0734624708036789,0.00330873494769824,0.0153333333333333));
#4198=CARTESIAN_POINT('',(-0.071849522950685,0.00199467276950079,0.0153333333333334));
#4199=CARTESIAN_POINT('',(-0.068692951887701,-0.000576973076929052,0.0159031415590126));
#4200=CARTESIAN_POINT('',(-0.0657070902990437,-0.00300954259596477,0.0175631598982456));
#4201=CARTESIAN_POINT('',(-0.0643290378247805,-0.00413223644663047,0.0186434305540028));
#4202=CARTESIAN_POINT('',(-0.0643290378247805,-0.00413223644663047,0.0186434305540028));
#4203=CARTESIAN_POINT('',(-0.0643290378247805,-0.00413223644663047,0.0153333333333333));
#4204=CARTESIAN_POINT('',(-0.0643290378247805,-0.00413223644663047,0.0153333333333333));
#4205=CARTESIAN_POINT('',(-0.0643290378247805,-0.00413223644663047,0.0153333333333333));
#4206=CARTESIAN_POINT('',(-0.0172839025000542,-0.0177618242132488,0.0153333333333333));
#4207=CARTESIAN_POINT('',(0.0169752651355453,0.0119269033450592,0.0153333333333333));
#4208=CARTESIAN_POINT('',(0.0169752651355453,0.0119269033450592,0.0217359479636998));
#4209=CARTESIAN_POINT('',(-0.0172839025000542,-0.0177618242132488,0.0217359479636998));
#4210=CARTESIAN_POINT('',(0.0187244768378167,0.00977919480521784,0.0217359479636998));
#4211=CARTESIAN_POINT('',(0.0187244768378167,0.00977919480521784,0.0153333333333333));
#4212=CARTESIAN_POINT('',(0.0252947096852869,0.00681831816894171,0.0153333333333333));
#4213=CARTESIAN_POINT('',(0.0187244768378167,0.00977919480521781,0.0217359479636998));
#4214=CARTESIAN_POINT('',(0.0185094128930813,0.00930196445502531,0.0222329350694073));
#4215=CARTESIAN_POINT('',(0.0181954837058485,0.00833204225185938,0.0232343302355989));
#4216=CARTESIAN_POINT('',(0.018030700682235,0.00680984366418678,0.0247245949461803));
#4217=CARTESIAN_POINT('',(0.0181809625353471,0.00540966862714496,0.0258974858374146));
#4218=CARTESIAN_POINT('',(0.0185594229041634,0.00418705297662932,0.0265599146388356));
#4219=CARTESIAN_POINT('',(0.0190259556837947,0.00320599814106156,0.0267741326486391));
#4220=CARTESIAN_POINT('',(0.0196405268184865,0.00231036377508216,0.0265646143061798));
#4221=CARTESIAN_POINT('',(0.0205152523306466,0.00136421757244977,0.0258998404761658));
#4222=CARTESIAN_POINT('',(0.0216370769055836,0.000542709862843201,0.0247430988539242));
#4223=CARTESIAN_POINT('',(0.0230543664603062,-8.75547664172826E-5,0.0232353032446726));
#4224=CARTESIAN_POINT('',(0.0240527370811108,-0.000299672997661265,0.0222325202265998));
#4225=CARTESIAN_POINT('',(0.0245731230675494,-0.000352041855375348,0.0217359479636998));
#4226=CARTESIAN_POINT('',(0.0245731230675495,-0.00035204185537536,0.0217359479636998));
#4227=CARTESIAN_POINT('',(0.0245731230675495,-0.00035204185537536,0.0153333333333333));
#4228=CARTESIAN_POINT('',(-0.0172839025000542,-0.0177618242132488,0.0153333333333333));
#4229=CARTESIAN_POINT('',(-0.0172839025000542,-0.0177618242132488,0.0217359479636998));
#4230=CARTESIAN_POINT('',(0.0255575830730412,-0.00293892891557472,0.0217359479636998));
#4231=CARTESIAN_POINT('',(0.0255575830730412,-0.00293892891557472,0.0153333333333333));
#4232=CARTESIAN_POINT('',(0.0280776704596912,-0.00206699389806537,0.0153333333333333));
#4233=CARTESIAN_POINT('',(0.0255575830730412,-0.00293892891557472,0.0217359479636998));
#4234=CARTESIAN_POINT('',(0.0257254644251769,-0.00342414360414106,0.0217359479636998));
#4235=CARTESIAN_POINT('',(0.0263316579063491,-0.00422867261994109,0.021376066906716));
#4236=CARTESIAN_POINT('',(0.0274655382931388,-0.00474981696190364,0.0204609502097212));
#4237=CARTESIAN_POINT('',(0.0286591703044685,-0.00476074586134494,0.0195011806179709));
#4238=CARTESIAN_POINT('',(0.0294237208443001,-0.00440991851503168,0.0189085093042486));
#4239=CARTESIAN_POINT('',(0.0297617244394035,-0.00413461893770047,0.0186435564867756));
#4240=CARTESIAN_POINT('',(0.0297617244394035,-0.00413461893770048,0.0186435564867756));
#4241=CARTESIAN_POINT('',(0.0297617244394035,-0.00413461893770048,0.0153333333333333));
#4242=CARTESIAN_POINT('',(0.0297617244394035,-0.00413461893770046,0.0153333333333333));
#4243=CARTESIAN_POINT('',(0.0297617244394035,-0.00413461893770046,0.0153333333333333));
#4244=CARTESIAN_POINT('',(0.0203934841436249,-0.0117649300679003,0.0153333333333333));
#4245=CARTESIAN_POINT('',(0.0297617244394035,-0.00413461893770044,0.0186435564867756));
#4246=CARTESIAN_POINT('',(0.0311399483994767,-0.00301207326312017,0.0175632001632922));
#4247=CARTESIAN_POINT('',(0.0340638572747443,-0.000630587121619526,0.0159257023536918));
#4248=CARTESIAN_POINT('',(0.0372831329963027,0.001991471514137,0.0153333333333333));
#4249=CARTESIAN_POINT('',(0.0388960133366747,0.00330514178990552,0.0153333333333333));
#4250=CARTESIAN_POINT('',(0.0421442879719204,0.00595081966757798,0.0153333333333333));
#4251=CARTESIAN_POINT('',(0.0404602339922081,0.00801844470721303,0.0153333333333333));
#4252=CARTESIAN_POINT('',(0.0425539519231955,0.00966994594444316,0.0153333333333333));
#4253=CARTESIAN_POINT('',(0.0761800679686209,0.0361938493940705,0.0153333333333333));
#4254=CARTESIAN_POINT('',(0.0363946447502968,0.0203397258344279,0.0153333333333333));
#4255=CARTESIAN_POINT('',(0.0339174197900428,0.0193525745758028,0.0153333333333333));
#4256=CARTESIAN_POINT('',(0.0329691439107744,0.0218449397111529,0.0153333333333333));
#4257=CARTESIAN_POINT('',(-0.00462514115798865,0.00754135584881659,0.0153333333333333));
#4258=CARTESIAN_POINT('',(0.0290530211570813,0.0203549635054558,0.0153333333333333));
#4259=CARTESIAN_POINT('',(0.0271085360021131,0.0196151407788822,0.0153333333333333));
#4260=CARTESIAN_POINT('',(0.0233031398380761,0.0181672929727021,0.0159031415590126));
#4261=CARTESIAN_POINT('',(0.0197035420437908,0.0167977457442587,0.0175631598982457));
#4262=CARTESIAN_POINT('',(0.0180422344113101,0.0161656642191315,0.0186434305540029));
#4263=CARTESIAN_POINT('',(0.0180422344113101,0.0161656642191315,0.0186434305540028));
#4264=CARTESIAN_POINT('',(0.0180422344113101,0.0161656642191315,0.0153333333333333));
#4265=CARTESIAN_POINT('',(0.0180422344113101,0.0161656642191315,0.0153333333333333));
#4266=CARTESIAN_POINT('',(0.0180422344113101,0.0161656642191315,0.0153333333333333));
#4267=CARTESIAN_POINT('',(0.0137065828482724,0.0145160689251567,0.0153333333333333));
#4268=CARTESIAN_POINT('',(0.0613803677376655,0.032654623201509,0.0153333333333333));
#4269=CARTESIAN_POINT('',(0.0443839484002677,0.026187956555043,0.0153333333333333));
#4270=CARTESIAN_POINT('',(0.0761800679686209,0.0361938493940705,0.0153333333333333));
#4271=CARTESIAN_POINT('',(0.0516138216490936,0.0136636329530458,0.0153333333333333));
#4272=CARTESIAN_POINT('',(0.044305617558813,0.00771119479483935,0.0153333333333333));
#4273=CARTESIAN_POINT('',(0.06571377101354,0.0251478602117413,0.0153333333333333));
#4274=CARTESIAN_POINT('',(0.0640297170338276,0.0272154852513764,0.0153333333333333));
#4275=CARTESIAN_POINT('',(0.0661743833151014,0.0288002620978372,0.0153333333333333));
#4276=CARTESIAN_POINT('',(0.0761800679686209,0.0361938493940705,0.0153333333333333));
#4277=CARTESIAN_POINT('',(0.0647735674643275,0.0312268981422206,0.0153333333333333));
#4278=CARTESIAN_POINT('',(-0.0100729674264753,-0.0932465067123331,0.0153333333333333));
#4279=CARTESIAN_POINT('',(-0.00810996198524337,-0.0810856209847859,0.0153333333333333));
#4280=CARTESIAN_POINT('',(-0.00744225785356498,-0.0769491710929006,0.0153333333333333));
#4281=CARTESIAN_POINT('',(-0.00711072055159063,-0.0748952861881296,0.0153333333333334));
#4282=CARTESIAN_POINT('',(-0.0064618954505376,-0.0708757925355196,0.0159031415590126));
#4283=CARTESIAN_POINT('',(-0.00584815924490964,-0.0670736757880405,0.0175631598982457));
#4284=CARTESIAN_POINT('',(-0.00556490408669218,-0.0653189004122477,0.0186434305540029));
#4285=CARTESIAN_POINT('',(-0.00556490408669219,-0.0653189004122476,0.0186434305540028));
#4286=CARTESIAN_POINT('',(-0.00556490408669219,-0.0653189004122476,0.0153333333333333));
#4287=CARTESIAN_POINT('',(-0.0081974935490462,-0.064893948845815,0.0153333333333333));
#4288=CARTESIAN_POINT('',(-0.00556490408669218,-0.0653189004122476,0.0186434305540028));
#4289=CARTESIAN_POINT('',(-0.00549536721155357,-0.0648881170967001,0.0189086283572063));
#4290=CARTESIAN_POINT('',(-0.00557181538884734,-0.0640570390589577,0.0194961315297573));
#4291=CARTESIAN_POINT('',(-0.00618077308254932,-0.0630215786006682,0.0204617586016667));
#4292=CARTESIAN_POINT('',(-0.0071932997508853,-0.0623031078225254,0.0213730033873819));
#4293=CARTESIAN_POINT('',(-0.00819811162087433,-0.0621782982159196,0.0217359479636997));
#4294=CARTESIAN_POINT('',(-0.00870229404632393,-0.0622754974773418,0.0217359479636997));
#4295=CARTESIAN_POINT('',(-0.00870229404632393,-0.0622754974773418,0.0217359479636997));
#4296=CARTESIAN_POINT('',(-0.00870229404632393,-0.0622754974773418,0.0153333333333333));
#4297=CARTESIAN_POINT('',(-0.0172839025000542,-0.0177618242132488,0.0153333333333333));
#4298=CARTESIAN_POINT('',(-0.0172839025000542,-0.0177618242132488,0.0217359479636997));
#4299=CARTESIAN_POINT('',(-0.0258676414011791,-0.0622750867042511,0.0217359479636998));
#4300=CARTESIAN_POINT('',(-0.0258676414011791,-0.0622750867042511,0.0153333333333333));
#4301=CARTESIAN_POINT('',(-0.0263725672188918,-0.0648935139096014,0.0153333333333333));
#4302=CARTESIAN_POINT('',(-0.0258676414011791,-0.062275086704251,0.0217359479636998));
#4303=CARTESIAN_POINT('',(-0.0263717903238348,-0.062177868875739,0.0217359479636998));
#4304=CARTESIAN_POINT('',(-0.0273716296301854,-0.0623005833221429,0.0213760669067159));
#4305=CARTESIAN_POINT('',(-0.0283898940627583,-0.0630219803709743,0.0204609502097212));
#4306=CARTESIAN_POINT('',(-0.0289961747729747,-0.0640502315658355,0.0195011806179708));
#4307=CARTESIAN_POINT('',(-0.029074624648641,-0.0648877654289634,0.0189085093042486));
#4308=CARTESIAN_POINT('',(-0.0290052100185728,-0.065318134917559,0.0186435564867756));
#4309=CARTESIAN_POINT('',(-0.0290052100185728,-0.065318134917559,0.0186435564867756));
#4310=CARTESIAN_POINT('',(-0.0290052100185728,-0.065318134917559,0.0153333333333333));
#4311=CARTESIAN_POINT('',(-0.0290052100185728,-0.065318134917559,0.0153333333333333));
#4312=CARTESIAN_POINT('',(-0.0290052100185728,-0.065318134917559,0.0153333333333333));
#4313=CARTESIAN_POINT('',(-0.0313703130014372,-0.050654537917753,0.0153333333333333));
#4314=CARTESIAN_POINT('',(-0.0290052100185728,-0.065318134917559,0.0186435564867756));
#4315=CARTESIAN_POINT('',(-0.0287221689275146,-0.0670729847163769,0.0175632001632922));
#4316=CARTESIAN_POINT('',(-0.0281216958678482,-0.0707959071514598,0.0159257023536918));
#4317=CARTESIAN_POINT('',(-0.0274605643398499,-0.074894911025994,0.0153333333333334));
#4318=CARTESIAN_POINT('',(-0.0271293326790239,-0.0769485415119049,0.0153333333333333));
#4319=CARTESIAN_POINT('',(-0.0264622457443518,-0.0810844688033326,0.0153333333333333));
#4320=CARTESIAN_POINT('',(-0.0238296029446709,-0.080659847795375,0.0153333333333333));
#4321=CARTESIAN_POINT('',(-0.0234462198843419,-0.0832988113305839,0.0153333333333333));
#4322=CARTESIAN_POINT('',(-0.0172889037121516,-0.125681833781339,0.0153333333333333));
#4323=CARTESIAN_POINT('',(-0.0111262658603773,-0.0832995847941343,0.0153333333333333));
#4324=CARTESIAN_POINT('',(-0.0172826700177094,-0.125692630856833,0.0153333333333333));
#4325=CARTESIAN_POINT('',(-0.00735089305249216,-0.118217995943897,0.0153333333333333));
#4326=CARTESIAN_POINT('',(-0.0172889037131754,-0.138122848952648,0.0153333333333333));
#4327=CARTESIAN_POINT('',(-0.0172889037121516,-0.125681833781339,0.0153333333333333));
#4328=CARTESIAN_POINT('',(-0.0272286953044689,-0.118199895423264,0.0153333333333333));
#4329=CARTESIAN_POINT('',(-0.0408853926267159,-0.0335286116219287,0.0153333333333333));
#4330=CARTESIAN_POINT('',(-0.0341407608905246,-0.0753452100567682,0.0153333333333333));
#4331=CARTESIAN_POINT('',(-0.0344287231794615,-0.0735598489174431,0.0153333333333334));
#4332=CARTESIAN_POINT('',(-0.0349925425213489,-0.0700641788895327,0.0157218937292198));
#4333=CARTESIAN_POINT('',(-0.035816001231094,-0.0649587493360834,0.0174222062800892));
#4334=CARTESIAN_POINT('',(-0.0365548175248607,-0.0603781012767123,0.0200975507364188));
#4335=CARTESIAN_POINT('',(-0.0369848180237128,-0.057712105727868,0.0225381077424014));
#4336=CARTESIAN_POINT('',(-0.037173116781887,-0.0565446567307496,0.0239069776833831));
#4337=CARTESIAN_POINT('',(-0.0371731167818872,-0.0565446567307494,0.0239069776833827));
#4338=CARTESIAN_POINT('',(-0.0371731167818872,-0.0565446567307494,0.0153333333333333));
#4339=CARTESIAN_POINT('',(-0.0437547237810898,-0.0576062092506451,0.0153333333333333));
#4340=CARTESIAN_POINT('',(-0.0371731167818871,-0.0565446567307494,0.0239069776833827));
#4341=CARTESIAN_POINT('',(-0.0372744824345373,-0.0559161914627027,0.0246438725854328));
#4342=CARTESIAN_POINT('',(-0.0375485487656754,-0.0550270022999715,0.0257500237472837));
#4343=CARTESIAN_POINT('',(-0.0381995694902364,-0.0538730197294544,0.0271751999566244));
#4344=CARTESIAN_POINT('',(-0.0386518840520887,-0.0532964544997693,0.02782028639797));
#4345=CARTESIAN_POINT('',(-0.0389355332056463,-0.0529997087739268,0.0280887695498392));
#4346=CARTESIAN_POINT('',(-0.0389355332056463,-0.0529997087739268,0.0280887695498392));
#4347=CARTESIAN_POINT('',(-0.0389355332056463,-0.0529997087739268,0.0153333333333333));
#4348=CARTESIAN_POINT('',(-0.0425672895791796,-0.0492002679237423,0.0153333333333333));
#4349=CARTESIAN_POINT('',(-0.0389355332056463,-0.0529997087739268,0.0280887695498392));
#4350=CARTESIAN_POINT('',(-0.0413971219609566,-0.050424464205916,0.0304187433902059));
#4351=CARTESIAN_POINT('',(-0.0437981691161544,-0.047912556548464,0.0328764055191965));
#4352=CARTESIAN_POINT('',(-0.046199045952713,-0.0454008270735578,0.0353333333333333));
#4353=CARTESIAN_POINT('',(-0.046199045952713,-0.0454008270735577,0.0353333333333333));
#4354=CARTESIAN_POINT('',(-0.046199045952713,-0.0454008270735578,0.0153333333333333));
#4355=CARTESIAN_POINT('',(-0.0637772707451738,-0.0217798444971058,0.0153333333333333));
#4356=CARTESIAN_POINT('',(-0.057135360995871,-0.0212058415994119,0.0153333333333333));
#4357=CARTESIAN_POINT('',(-0.057135360995871,-0.0212058415994119,0.0353333333333333));
#4358=CARTESIAN_POINT('',(-0.0595664867874586,-0.0166113105748129,0.0260248701286097));
#4359=CARTESIAN_POINT('',(-0.0587944696224275,-0.0172402698778702,0.0275249939688596));
#4360=CARTESIAN_POINT('',(-0.0576751846326595,-0.0186981483150791,0.0305717145096366));
#4361=CARTESIAN_POINT('',(-0.0572076495151528,-0.0203693757507038,0.0337626157755966));
#4362=CARTESIAN_POINT('',(-0.057135360995871,-0.0212058415994119,0.0353333333333333));
#4363=CARTESIAN_POINT('',(-0.0595664867874586,-0.0166113105748129,0.0260248701286097));
#4364=CARTESIAN_POINT('',(-0.0595664867874586,-0.0166113105748129,0.0153333333333333));
#4365=CARTESIAN_POINT('',(-0.0595664867874585,-0.0166113105748128,0.0153333333333333));
#4366=CARTESIAN_POINT('',(-0.0595664867874585,-0.0166113105748128,0.0153333333333333));
#4367=CARTESIAN_POINT('',(-0.0722507823102496,-0.00627746563826016,0.0153333333333333));
#4368=CARTESIAN_POINT('',(-0.0595664867874586,-0.0166113105748127,0.0260248701286097));
#4369=CARTESIAN_POINT('',(-0.0604401174128989,-0.0158995671911221,0.0243272988981273));
#4370=CARTESIAN_POINT('',(-0.0620013807420672,-0.0146276121882004,0.0221002031550366));
#4371=CARTESIAN_POINT('',(-0.0645165844619965,-0.0125784857563156,0.0196345103779737));
#4372=CARTESIAN_POINT('',(-0.0665343063805504,-0.01093465576245,0.0181118193711036));
#4373=CARTESIAN_POINT('',(-0.0686829931883026,-0.00918412919606466,0.0168921754809122));
#4374=CARTESIAN_POINT('',(-0.0716935178873008,-0.00673146673946936,0.0157022419409501));
#4375=CARTESIAN_POINT('',(-0.0740035734675317,-0.00484947367820463,0.0153333333333333));
#4376=CARTESIAN_POINT('',(-0.0755801423605901,-0.00356504929346964,0.0153333333333334));
#4377=CARTESIAN_POINT('',(-0.107860001520072,0.0227332231276104,0.0153333333333333));
#4378=CARTESIAN_POINT('',(-0.110742871756632,0.0362025117475227,0.0153333333333333));
#4379=CARTESIAN_POINT('',(-0.0976361584903769,0.0404388715154741,0.0153333333333333));
#4380=CARTESIAN_POINT('',(-0.0212875311114055,0.0113793593450956,0.0153333333333333));
#4381=CARTESIAN_POINT('',(-0.058724148281228,0.0256283363026551,0.0153333333333334));
#4382=CARTESIAN_POINT('',(-0.0568236494761348,0.0249049759744822,0.0153333333333334));
#4383=CARTESIAN_POINT('',(-0.054039620889867,0.0238453300402632,0.0157022489767988));
#4384=CARTESIAN_POINT('',(-0.0504116585317337,0.0224644693762392,0.0168914718526383));
#4385=CARTESIAN_POINT('',(-0.0478222413459591,0.0214788956625075,0.0181109079985052));
#4386=CARTESIAN_POINT('',(-0.0454010054682607,0.0205573344521653,0.0196255991842924));
#4387=CARTESIAN_POINT('',(-0.0423675202742833,0.0194027413319054,0.0220873923409774));
#4388=CARTESIAN_POINT('',(-0.0404742601991094,0.0186821361804451,0.0243269156098676));
#4389=CARTESIAN_POINT('',(-0.0394214622556934,0.0182814243968817,0.026023820269512));
#4390=CARTESIAN_POINT('',(-0.0394214622556934,0.0182814243968817,0.026023820269512));
#4391=CARTESIAN_POINT('',(-0.0394214622556934,0.0182814243968817,0.0153333333333333));
#4392=CARTESIAN_POINT('',(-0.0394214622556934,0.0182814243968817,0.0153333333333333));
#4393=CARTESIAN_POINT('',(-0.0394214622556934,0.0182814243968817,0.0153333333333333));
#4394=CARTESIAN_POINT('',(-0.0370499902057732,0.024512039515864,0.0153333333333333));
#4395=CARTESIAN_POINT('',(-0.0394214622556934,0.0182814243968817,0.026023820269512));
#4396=CARTESIAN_POINT('',(-0.0384906570923741,0.0179271450221201,0.0275240963944184));
#4397=CARTESIAN_POINT('',(-0.0366682210095866,0.0176865629174244,0.0305711535285998));
#4398=CARTESIAN_POINT('',(-0.0349869046606784,0.0181172613376821,0.0337624322640046));
#4399=CARTESIAN_POINT('',(-0.0342262633906704,0.0184729161259907,0.0353333333333333));
#4400=CARTESIAN_POINT('',(0.00248307398376438,0.0245116239364579,0.0153333333333333));
#4401=CARTESIAN_POINT('',(0.00485376368193409,0.0182807110980821,0.0260248701286098));
#4402=CARTESIAN_POINT('',(0.00392306036502435,0.0179266042725362,0.0275249939688596));
#4403=CARTESIAN_POINT('',(0.00210085810718431,0.0176862142562559,0.0305717145092214));
#4404=CARTESIAN_POINT('',(0.000419765135789265,0.0181169306841591,0.033762615776427));
#4405=CARTESIAN_POINT('',(-0.000340779799638276,0.0184725599150712,0.0353333333333334));
#4406=CARTESIAN_POINT('',(0.00485376368193409,0.018280711098082,0.0260248701286097));
#4407=CARTESIAN_POINT('',(0.00485376368193409,0.018280711098082,0.0153333333333333));
#4408=CARTESIAN_POINT('',(0.00485376368193409,0.018280711098082,0.0153333333333333));
#4409=CARTESIAN_POINT('',(0.00485376368193409,0.018280711098082,0.0153333333333333));
#4410=CARTESIAN_POINT('',(0.0197018399222014,0.0239299927191704,0.0153333333333333));
#4411=CARTESIAN_POINT('',(0.00485376368193409,0.018280711098082,0.0260248701286097));
#4412=CARTESIAN_POINT('',(0.00590696684590582,0.0186814257213921,0.0243272988981273));
#4413=CARTESIAN_POINT('',(0.00778914385549096,0.0193975419249881,0.0221002031550366));
#4414=CARTESIAN_POINT('',(0.0108213412610339,0.0205512090261976,0.0196345103779737));
#4415=CARTESIAN_POINT('',(0.0132538007545013,0.0214766924685051,0.0181118193711036));
#4416=CARTESIAN_POINT('',(0.0158441446348667,0.0224622465456024,0.0168921754809122));
#4417=CARTESIAN_POINT('',(0.0194734749786856,0.0238431061853577,0.0157022419409501));
#4418=CARTESIAN_POINT('',(0.0222583565696024,0.0249026764713593,0.0153333333333333));
#4419=CARTESIAN_POINT('',(0.0241589851625523,0.0256258129911967,0.0153333333333334));
#4420=CARTESIAN_POINT('',(0.0630738867345923,0.0404318548433519,0.0153333333333333));
#4421=CARTESIAN_POINT('',(0.0761800679686209,0.0361938493940705,0.0153333333333333));
#4422=CARTESIAN_POINT('',(0.0732955065141097,0.0227249228613995,0.0153333333333333));
#4423=CARTESIAN_POINT('',(0.0103195367207402,-0.028568193890335,0.0153333333333333));
#4424=CARTESIAN_POINT('',(0.04101320167159,-0.00356859888563337,0.0153333333333334));
#4425=CARTESIAN_POINT('',(0.0394365038487559,-0.00485279896661966,0.0153333333333333));
#4426=CARTESIAN_POINT('',(0.0371268092575714,-0.00673401548008009,0.0157022489767988));
#4427=CARTESIAN_POINT('',(0.0341169676643733,-0.00918549271418526,0.0168914718526383));
#4428=CARTESIAN_POINT('',(0.0319687271980922,-0.0109352069211963,0.0181109079985052));
#4429=CARTESIAN_POINT('',(0.0299600138399443,-0.0125712780946663,0.0196255991842924));
#4430=CARTESIAN_POINT('',(0.0274433642697758,-0.0146210567745247,0.0220873923409773));
#4431=CARTESIAN_POINT('',(0.0258726718649263,-0.015900365519866,0.0243269156098676));
#4432=CARTESIAN_POINT('',(0.0249992463090567,-0.0166117593921346,0.026023820269512));
#4433=CARTESIAN_POINT('',(0.0249992463090567,-0.0166117593921346,0.026023820269512));
#4434=CARTESIAN_POINT('',(0.0249992463090567,-0.0166117593921346,0.0153333333333333));
#4435=CARTESIAN_POINT('',(0.0249992463090567,-0.0166117593921346,0.0153333333333333));
#4436=CARTESIAN_POINT('',(0.0249992463090567,-0.0166117593921346,0.0153333333333333));
#4437=CARTESIAN_POINT('',(0.0292093812583386,-0.0217808219912215,0.0153333333333333));
#4438=CARTESIAN_POINT('',(0.0249992463090567,-0.0166117593921346,0.0260238202695119));
#4439=CARTESIAN_POINT('',(0.0242270287888166,-0.0172407206221621,0.0275240963944183));
#4440=CARTESIAN_POINT('',(0.0231074605331218,-0.0186987055135719,0.0305711535289806));
#4441=CARTESIAN_POINT('',(0.0226397981317966,-0.0203701173957827,0.0337624322632429));
#4442=CARTESIAN_POINT('',(0.0225674835785682,-0.0212066794515111,0.0353333333333333));
#4443=CARTESIAN_POINT('',(-0.0172839025000542,-0.0177618242132488,0.0153333333333333));
#4444=CARTESIAN_POINT('',(-0.0172839025000542,-0.0177618242132488,0.0353333333333333));
#4445=CARTESIAN_POINT('',(0.00944248926124682,-0.0560172520790987,0.0153333333333333));
#4446=CARTESIAN_POINT('',(0.00286101560536191,-0.0549548731630158,0.0260248701286096));
#4447=CARTESIAN_POINT('',(0.00301970175724059,-0.0539718070344126,0.0275249939688596));
#4448=CARTESIAN_POINT('',(0.00372261902462684,-0.0522735385805821,0.030571714509625));
#4449=CARTESIAN_POINT('',(0.00493617688057263,-0.0510330275738847,0.0337626157756198));
#4450=CARTESIAN_POINT('',(0.00562443329534665,-0.0505521909554058,0.0353333333333333));
#4451=CARTESIAN_POINT('',(0.00286101560536191,-0.0549548731630158,0.0260248701286096));
#4452=CARTESIAN_POINT('',(0.00286101560536191,-0.0549548731630158,0.0153333333333333));
#4453=CARTESIAN_POINT('',(0.00286101560536192,-0.0549548731630158,0.0153333333333333));
#4454=CARTESIAN_POINT('',(0.00286101560536192,-0.0549548731630158,0.0153333333333333));
#4455=CARTESIAN_POINT('',(-0.0985936482655709,0.0272226220443192,0.0153333333333333));
#4456=CARTESIAN_POINT('',(-0.0626447242416948,-0.00206482287771297,0.0153333333333333));
#4457=CARTESIAN_POINT('',(-0.0643290378247805,-0.00413223644663042,0.0186434305540029));
#4458=CARTESIAN_POINT('',(-0.0639907369675592,-0.00440784880477401,0.0189086283572063));
#4459=CARTESIAN_POINT('',(-0.0632327781857,-0.00475718176003582,0.0194961315297573));
#4460=CARTESIAN_POINT('',(-0.062031564277356,-0.0047475391566047,0.0204617586016666));
#4461=CARTESIAN_POINT('',(-0.0609030869974395,-0.00422990072888786,0.0213730033873819));
#4462=CARTESIAN_POINT('',(-0.0602925927724881,-0.00342211292675622,0.0217359479636998));
#4463=CARTESIAN_POINT('',(-0.060124678589384,-0.00293687850746408,0.0217359479636998));
#4464=CARTESIAN_POINT('',(0.0761800679686209,0.0361938493940705,0.0153333333333333));
#4465=CARTESIAN_POINT('',(0.0189905102905784,0.0136732990837814,0.0153333333333333));
#4466=CARTESIAN_POINT('',(0.0180422344113101,0.0161656642191315,0.0186434305540029));
#4467=CARTESIAN_POINT('',(0.0176343966789502,0.0160104932617276,0.0189086283572064));
#4468=CARTESIAN_POINT('',(0.0169528860743848,0.015528748179247,0.0194961315297573));
#4469=CARTESIAN_POINT('',(0.0163606298597428,0.0144836451175263,0.0204617586016666));
#4470=CARTESIAN_POINT('',(0.0162446792481623,0.0132475359116667,0.0213730033873819));
#4471=CARTESIAN_POINT('',(0.0166389968931998,0.0123149385029291,0.0217359479636998));
#4472=CARTESIAN_POINT('',(0.0169752651355453,0.0119269033450592,0.0217359479636998));
#4473=CARTESIAN_POINT('',(0.0623286436169338,0.0301622580661588,0.0153333333333333));
#4474=CARTESIAN_POINT('',(-0.110742871756632,0.0362025117475227,0.0153333333333333));
#4475=CARTESIAN_POINT('',(-0.0107425514475974,-0.0806606694183531,0.0153333333333333));
#4476=CARTESIAN_POINT('',(0.000695555370666855,-0.0683699732480783,0.0153333333333333));
#4477=CARTESIAN_POINT('',(0.00286101560536192,-0.0549548731630158,0.0260248701286096));
#4478=CARTESIAN_POINT('',(0.00268144306683047,-0.0560673311700165,0.0243272988981272));
#4479=CARTESIAN_POINT('',(0.00236052938641372,-0.0580554023765343,0.0221002031550366));
#4480=CARTESIAN_POINT('',(0.00184353570079996,-0.0612581959096285,0.0196345103779737));
#4481=CARTESIAN_POINT('',(0.00142879812588646,-0.0638275093458016,0.0181118193711036));
#4482=CARTESIAN_POINT('',(0.000987141053273363,-0.0665635899892842,0.0168921754809122));
#4483=CARTESIAN_POINT('',(0.000368335408452615,-0.0703971120856347,0.0157022419409501));
#4484=CARTESIAN_POINT('',(-0.000106490602233255,-0.0733386754329011,0.0153333333333333));
#4485=CARTESIAN_POINT('',(-0.000430550302124764,-0.0753462363374735,0.0153333333333333));
#4486=CARTESIAN_POINT('',(-0.0172889037121516,-0.125681833781339,0.0153333333333333));
#4487=CARTESIAN_POINT('',(-0.0172839025000542,-0.0459118242132488,0.0353333333333333));
#4488=CARTESIAN_POINT('',(0.00171609749994568,-0.0459118242132488,0.0353333333333333));
#4489=CARTESIAN_POINT('',(0.00171609749994568,-0.0459118242132488,0.0353333333333333));
#4490=CARTESIAN_POINT('',(0.00171609749994568,-0.0459118242132488,0.00733333333333334));
#4491=CARTESIAN_POINT('',(-0.0172839025000542,-0.0459118242132488,0.00733333333333334));
#4492=CARTESIAN_POINT('',(-0.0362839025000542,-0.0459118242132488,0.00733333333333334));
#4493=CARTESIAN_POINT('',(-0.0362839025000542,-0.0459118242132488,0.0353333333333333));
#4494=CARTESIAN_POINT('',(-0.0362839025000542,-0.0459118242132488,0.0353333333333333));
#4495=CARTESIAN_POINT('',(-0.0172839025000542,-0.0459118242132488,0.0353333333333333));
#4496=CARTESIAN_POINT('',(-0.0362839025000542,-0.0436243242132488,0.0353333333333333));
#4497=CARTESIAN_POINT('',(-0.0362839025000542,-0.0436243242132488,0.00733333333333334));
#4498=CARTESIAN_POINT('',(-0.0362839025000542,-0.0413368242132489,0.00733333333333334));
#4499=CARTESIAN_POINT('',(-0.0362839025000542,-0.0413368242132489,0.0353333333333333));
#4500=CARTESIAN_POINT('',(-0.0362839025000542,-0.0413368242132489,0.0353333333333333));
#4501=CARTESIAN_POINT('',(-0.0362839025000542,-0.0436243242132488,0.0353333333333333));
#4502=CARTESIAN_POINT('',(-0.0408589025000542,-0.0413368242132489,0.0353333333333333));
#4503=CARTESIAN_POINT('',(-0.0408589025000542,-0.0413368242132489,0.00733333333333334));
#4504=CARTESIAN_POINT('',(-0.0408589025000542,-0.0367618242132489,0.00733333333333334));
#4505=CARTESIAN_POINT('',(-0.0408589025000542,-0.0367618242132489,0.0353333333333333));
#4506=CARTESIAN_POINT('',(-0.0408589025000542,-0.0367618242132489,0.0353333333333333));
#4507=CARTESIAN_POINT('',(-0.0408589025000542,-0.0413368242132489,0.0353333333333333));
#4508=CARTESIAN_POINT('',(-0.0431464025000542,-0.0367618242132488,0.0353333333333333));
#4509=CARTESIAN_POINT('',(-0.0431464025000542,-0.0367618242132488,0.00733333333333334));
#4510=CARTESIAN_POINT('',(-0.0454339025000542,-0.0367618242132488,0.00733333333333334));
#4511=CARTESIAN_POINT('',(-0.0454339025000542,-0.0367618242132488,0.0353333333333333));
#4512=CARTESIAN_POINT('',(-0.0454339025000542,-0.0367618242132488,0.0353333333333333));
#4513=CARTESIAN_POINT('',(-0.0431464025000542,-0.0367618242132488,0.0353333333333333));
#4514=CARTESIAN_POINT('',(-0.0454339025000542,-0.0177618242132488,0.0353333333333333));
#4515=CARTESIAN_POINT('',(-0.0454339025000542,-0.0177618242132488,0.00733333333333334));
#4516=CARTESIAN_POINT('',(-0.0454339025000542,0.00123817578675118,0.00733333333333334));
#4517=CARTESIAN_POINT('',(-0.0454339025000542,0.00123817578675118,0.0353333333333333));
#4518=CARTESIAN_POINT('',(-0.0454339025000542,0.00123817578675118,0.0353333333333333));
#4519=CARTESIAN_POINT('',(-0.0454339025000542,-0.0177618242132488,0.0353333333333333));
#4520=CARTESIAN_POINT('',(-0.0431464025000542,0.00123817578675118,0.0353333333333333));
#4521=CARTESIAN_POINT('',(-0.0431464025000542,0.00123817578675118,0.00733333333333334));
#4522=CARTESIAN_POINT('',(-0.0408589025000542,0.00123817578675118,0.00733333333333334));
#4523=CARTESIAN_POINT('',(-0.0408589025000542,0.00123817578675118,0.0353333333333333));
#4524=CARTESIAN_POINT('',(-0.0408589025000542,0.00123817578675118,0.0353333333333333));
#4525=CARTESIAN_POINT('',(-0.0431464025000542,0.00123817578675118,0.0353333333333333));
#4526=CARTESIAN_POINT('',(-0.0408589025000542,0.00581317578675117,0.0353333333333333));
#4527=CARTESIAN_POINT('',(-0.0408589025000542,0.00581317578675117,0.00733333333333334));
#4528=CARTESIAN_POINT('',(-0.0362839025000542,0.00581317578675117,0.00733333333333334));
#4529=CARTESIAN_POINT('',(-0.0362839025000542,0.00581317578675117,0.0353333333333333));
#4530=CARTESIAN_POINT('',(-0.0362839025000542,0.00581317578675117,0.0353333333333333));
#4531=CARTESIAN_POINT('',(-0.0408589025000542,0.00581317578675117,0.0353333333333333));
#4532=CARTESIAN_POINT('',(-0.0362839025000542,0.00810067578675117,0.0353333333333333));
#4533=CARTESIAN_POINT('',(-0.0362839025000542,0.00810067578675117,0.00733333333333334));
#4534=CARTESIAN_POINT('',(-0.0362839025000542,0.0103881757867512,0.00733333333333334));
#4535=CARTESIAN_POINT('',(-0.0362839025000542,0.0103881757867512,0.0353333333333333));
#4536=CARTESIAN_POINT('',(-0.0362839025000542,0.0103881757867512,0.0353333333333333));
#4537=CARTESIAN_POINT('',(-0.0362839025000542,0.00810067578675117,0.0353333333333333));
#4538=CARTESIAN_POINT('',(-0.0297839025000542,0.0103881757867512,0.0353333333333333));
#4539=CARTESIAN_POINT('',(-0.00478390250005428,0.0103881757867512,0.00733333333333334));
#4540=CARTESIAN_POINT('',(-0.0232839025000542,0.0103881757867512,0.00733333333333334));
#4541=CARTESIAN_POINT('',(-0.0232839025000542,0.0103881757867512,0.0353333333333333));
#4542=CARTESIAN_POINT('',(-0.0232839025000542,0.0103881757867512,0.0353333333333333));
#4543=CARTESIAN_POINT('',(-0.0297839025000542,0.0103881757867512,0.0353333333333333));
#4544=CARTESIAN_POINT('',(-0.0232839025000542,0.0160868957200364,0.0353333333333333));
#4545=CARTESIAN_POINT('',(-0.0232839025000542,0.0160868957200364,0.00733333333333334));
#4546=CARTESIAN_POINT('',(-0.0232839025000542,0.0160868957200364,0.0353333333333333));
#4547=CARTESIAN_POINT('',(-0.0112839025000542,0.0160868957200364,0.0353333333333333));
#4548=CARTESIAN_POINT('',(-0.0112839025000542,0.0160868957200364,0.00733333333333334));
#4549=CARTESIAN_POINT('',(-0.0112839025000542,0.0160868957200364,0.0353333333333333));
#4550=CARTESIAN_POINT('',(0.00171609749994569,0.00810067578675117,0.0353333333333333));
#4551=CARTESIAN_POINT('',(0.00171609749994569,0.00810067578675117,0.00733333333333334));
#4552=CARTESIAN_POINT('',(0.00171609749994569,0.00581317578675117,0.00733333333333334));
#4553=CARTESIAN_POINT('',(0.00171609749994569,0.00581317578675117,0.0353333333333333));
#4554=CARTESIAN_POINT('',(0.00171609749994569,0.00581317578675117,0.0353333333333333));
#4555=CARTESIAN_POINT('',(0.00171609749994569,0.00810067578675117,0.0353333333333333));
#4556=CARTESIAN_POINT('',(0.00629109749994569,0.00581317578675117,0.0353333333333333));
#4557=CARTESIAN_POINT('',(0.00629109749994569,0.00581317578675117,0.00733333333333334));
#4558=CARTESIAN_POINT('',(0.00629109749994569,0.00123817578675118,0.00733333333333334));
#4559=CARTESIAN_POINT('',(0.00629109749994569,0.00123817578675118,0.0353333333333333));
#4560=CARTESIAN_POINT('',(0.00629109749994569,0.00123817578675118,0.0353333333333333));
#4561=CARTESIAN_POINT('',(0.00629109749994569,0.00581317578675117,0.0353333333333333));
#4562=CARTESIAN_POINT('',(0.00857859749994574,0.00123817578675118,0.0353333333333333));
#4563=CARTESIAN_POINT('',(0.00857859749994574,0.00123817578675118,0.00733333333333334));
#4564=CARTESIAN_POINT('',(0.0108660974999458,0.00123817578675118,0.00733333333333334));
#4565=CARTESIAN_POINT('',(0.0108660974999458,0.00123817578675118,0.0353333333333333));
#4566=CARTESIAN_POINT('',(0.0108660974999458,0.00123817578675118,0.0353333333333333));
#4567=CARTESIAN_POINT('',(0.00857859749994574,0.00123817578675118,0.0353333333333333));
#4568=CARTESIAN_POINT('',(0.0108660974999458,-0.0177618242132488,0.0353333333333333));
#4569=CARTESIAN_POINT('',(0.0108660974999458,-0.0177618242132488,0.00733333333333334));
#4570=CARTESIAN_POINT('',(0.0108660974999458,-0.0367618242132489,0.00733333333333334));
#4571=CARTESIAN_POINT('',(0.0108660974999458,-0.0367618242132489,0.0353333333333333));
#4572=CARTESIAN_POINT('',(0.0108660974999458,-0.0367618242132489,0.0353333333333333));
#4573=CARTESIAN_POINT('',(0.0108660974999458,-0.0177618242132488,0.0353333333333333));
#4574=CARTESIAN_POINT('',(0.00857859749994573,-0.0367618242132489,0.0353333333333333));
#4575=CARTESIAN_POINT('',(0.00857859749994573,-0.0367618242132489,0.00733333333333334));
#4576=CARTESIAN_POINT('',(0.00629109749994569,-0.0367618242132489,0.00733333333333334));
#4577=CARTESIAN_POINT('',(0.00629109749994569,-0.0367618242132489,0.0353333333333333));
#4578=CARTESIAN_POINT('',(0.00629109749994569,-0.0367618242132489,0.0353333333333333));
#4579=CARTESIAN_POINT('',(0.00857859749994573,-0.0367618242132489,0.0353333333333333));
#4580=CARTESIAN_POINT('',(0.00629109749994569,-0.0413368242132489,0.0353333333333333));
#4581=CARTESIAN_POINT('',(0.00629109749994569,-0.0413368242132489,0.00733333333333334));
#4582=CARTESIAN_POINT('',(0.00171609749994568,-0.0413368242132489,0.00733333333333334));
#4583=CARTESIAN_POINT('',(0.00171609749994568,-0.0413368242132489,0.0353333333333333));
#4584=CARTESIAN_POINT('',(0.00171609749994568,-0.0413368242132489,0.0353333333333333));
#4585=CARTESIAN_POINT('',(0.00629109749994569,-0.0413368242132489,0.0353333333333333));
#4586=CARTESIAN_POINT('',(0.00171609749994568,-0.0436243242132489,0.0353333333333333));
#4587=CARTESIAN_POINT('',(0.00171609749994568,-0.0436243242132489,0.00733333333333334));
#4588=CARTESIAN_POINT('',(0.00171609749994568,-0.0436243242132489,0.0353333333333333));
#4589=CARTESIAN_POINT('',(-0.0172814018940054,-0.0440729826317837,0.0353333333333333));
#4590=CARTESIAN_POINT('',(-0.0172839025000542,-0.0177618242132488,0.0353333333333333));
#4591=CARTESIAN_POINT('',(-0.0172839025000542,-0.0177618242132488,0.0353333333333333));
#4592=CARTESIAN_POINT('',(-0.0172839025000542,-0.0177618242132488,0.0353333333333333));
#4593=CARTESIAN_POINT('',(-0.0172814018940054,-0.0440729826317837,0.00733333333333334));
#4594=CARTESIAN_POINT('',(-0.0172839025000542,-0.0177618242132488,0.00733333333333334));
#4595=CARTESIAN_POINT('',(0.0027160974999458,-0.0177618242132488,0.00733333333333334));
#4596=CARTESIAN_POINT('',(-0.0172839025000542,-0.0177618242132488,0.0353333333333333));
#4597=CARTESIAN_POINT('',(-0.0172839025000542,-0.0177618242132488,0.0353333333333333));
#4598=CARTESIAN_POINT('',(-0.0172839025000542,-0.0177618242132488,0.0353333333333333));
#4599=CARTESIAN_POINT('',(-0.0373948008849165,-0.0393368242132489,0.002));
#4600=CARTESIAN_POINT('',(-0.0362401003465372,-0.0413368242132489,0.002));
#4601=CARTESIAN_POINT('',(-0.0362401003465372,-0.0413368242132489,0.002));
#4602=CARTESIAN_POINT('',(-0.0373948008849165,-0.0393368242132489,0.002));
#4603=CARTESIAN_POINT('',(-0.0385495014232957,-0.0373368242132489,0.002));
#4604=CARTESIAN_POINT('',(-0.0385495014232957,-0.0373368242132489,0.002));
#4605=CARTESIAN_POINT('',(-0.0373948008849165,-0.0433368242132488,0.002));
#4606=CARTESIAN_POINT('',(-0.0385495014232957,-0.0453368242132488,0.002));
#4607=CARTESIAN_POINT('',(-0.0385495014232957,-0.0453368242132488,0.002));
#4608=CARTESIAN_POINT('',(-0.0373948008849165,-0.0433368242132488,0.002));
#4609=CARTESIAN_POINT('',(-0.0408589025000542,-0.0453368242132488,0.002));
#4610=CARTESIAN_POINT('',(-0.0431683035768127,-0.0453368242132488,0.002));
#4611=CARTESIAN_POINT('',(-0.0431683035768127,-0.0453368242132488,0.002));
#4612=CARTESIAN_POINT('',(-0.0408589025000542,-0.0453368242132488,0.002));
#4613=CARTESIAN_POINT('',(-0.044323004115192,-0.0433368242132488,0.002));
#4614=CARTESIAN_POINT('',(-0.0454777046535712,-0.0413368242132489,0.002));
#4615=CARTESIAN_POINT('',(-0.0454777046535712,-0.0413368242132489,0.002));
#4616=CARTESIAN_POINT('',(-0.044323004115192,-0.0433368242132488,0.002));
#4617=CARTESIAN_POINT('',(-0.044323004115192,-0.0393368242132489,0.002));
#4618=CARTESIAN_POINT('',(-0.0431683035768127,-0.0373368242132489,0.002));
#4619=CARTESIAN_POINT('',(-0.0431683035768127,-0.0373368242132489,0.002));
#4620=CARTESIAN_POINT('',(-0.044323004115192,-0.0393368242132489,0.002));
#4621=CARTESIAN_POINT('',(-0.0408589025000542,-0.0373368242132489,0.002));
#4622=CARTESIAN_POINT('',(-0.0408589025000542,-0.0373368242132489,0.002));
#4623=CARTESIAN_POINT('',(-0.0408589025000542,-0.0413368242132489,0.002));
#4624=CARTESIAN_POINT('',(0.00629109749994566,-0.0413368242132489,0.002));
#4625=CARTESIAN_POINT('',(0.00975519911508341,-0.039336824213249,0.002));
#4626=CARTESIAN_POINT('',(0.00860049857670416,-0.037336824213249,0.002));
#4627=CARTESIAN_POINT('',(0.0109098996534627,-0.0413368242132489,0.002));
#4628=CARTESIAN_POINT('',(0.00975519911508342,-0.0433368242132489,0.002));
#4629=CARTESIAN_POINT('',(0.00860049857670417,-0.045336824213249,0.002));
#4630=CARTESIAN_POINT('',(0.00629109749994566,-0.045336824213249,0.002));
#4631=CARTESIAN_POINT('',(0.00398169642318716,-0.045336824213249,0.002));
#4632=CARTESIAN_POINT('',(0.00282699588480791,-0.0433368242132489,0.002));
#4633=CARTESIAN_POINT('',(0.00167229534642865,-0.0413368242132489,0.002));
#4634=CARTESIAN_POINT('',(0.00282699588480791,-0.039336824213249,0.002));
#4635=CARTESIAN_POINT('',(0.00398169642318716,-0.037336824213249,0.002));
#4636=CARTESIAN_POINT('',(0.00629109749994566,-0.037336824213249,0.002));
#4637=CARTESIAN_POINT('',(0.00975519911508341,-0.039336824213249,0.002));
#4638=CARTESIAN_POINT('',(0.0109098996534627,-0.0413368242132489,0.002));
#4639=CARTESIAN_POINT('',(0.00860049857670416,-0.037336824213249,0.002));
#4640=CARTESIAN_POINT('',(0.00975519911508342,-0.0433368242132489,0.002));
#4641=CARTESIAN_POINT('',(0.00860049857670417,-0.045336824213249,0.002));
#4642=CARTESIAN_POINT('',(0.00629109749994566,-0.045336824213249,0.002));
#4643=CARTESIAN_POINT('',(0.00398169642318716,-0.045336824213249,0.002));
#4644=CARTESIAN_POINT('',(0.00282699588480791,-0.0433368242132489,0.002));
#4645=CARTESIAN_POINT('',(0.00167229534642865,-0.0413368242132489,0.002));
#4646=CARTESIAN_POINT('',(0.00282699588480791,-0.039336824213249,0.002));
#4647=CARTESIAN_POINT('',(0.00398169642318716,-0.037336824213249,0.002));
#4648=CARTESIAN_POINT('',(0.00629109749994566,-0.037336824213249,0.002));
#4649=CARTESIAN_POINT('',(0.00975519911508342,0.00781317578675131,0.002));
#4650=CARTESIAN_POINT('',(0.0109098996534627,0.0058131757867513,0.002));
#4651=CARTESIAN_POINT('',(0.0109098996534627,0.0058131757867513,0.002));
#4652=CARTESIAN_POINT('',(0.00975519911508342,0.00781317578675131,0.002));
#4653=CARTESIAN_POINT('',(0.00860049857670417,0.00981317578675131,0.002));
#4654=CARTESIAN_POINT('',(0.00860049857670417,0.00981317578675131,0.002));
#4655=CARTESIAN_POINT('',(0.00975519911508342,0.0038131757867513,0.002));
#4656=CARTESIAN_POINT('',(0.00860049857670417,0.00181317578675131,0.002));
#4657=CARTESIAN_POINT('',(0.00860049857670417,0.00181317578675131,0.002));
#4658=CARTESIAN_POINT('',(0.00975519911508342,0.0038131757867513,0.002));
#4659=CARTESIAN_POINT('',(0.00629109749994567,0.00181317578675131,0.002));
#4660=CARTESIAN_POINT('',(0.00398169642318717,0.0018131757867513,0.002));
#4661=CARTESIAN_POINT('',(0.00398169642318717,0.0018131757867513,0.002));
#4662=CARTESIAN_POINT('',(0.00629109749994567,0.00181317578675131,0.002));
#4663=CARTESIAN_POINT('',(0.00282699588480791,0.0038131757867513,0.002));
#4664=CARTESIAN_POINT('',(0.00167229534642866,0.0058131757867513,0.002));
#4665=CARTESIAN_POINT('',(0.00167229534642866,0.0058131757867513,0.002));
#4666=CARTESIAN_POINT('',(0.00282699588480791,0.0038131757867513,0.002));
#4667=CARTESIAN_POINT('',(0.00282699588480791,0.0078131757867513,0.002));
#4668=CARTESIAN_POINT('',(0.00398169642318716,0.0098131757867513,0.002));
#4669=CARTESIAN_POINT('',(0.00398169642318716,0.0098131757867513,0.002));
#4670=CARTESIAN_POINT('',(0.00282699588480791,0.0078131757867513,0.002));
#4671=CARTESIAN_POINT('',(0.00629109749994567,0.0098131757867513,0.002));
#4672=CARTESIAN_POINT('',(0.00629109749994567,0.0098131757867513,0.002));
#4673=CARTESIAN_POINT('',(0.00629109749994567,0.00581317578675131,0.002));
#4674=CARTESIAN_POINT('',(-0.0408589025000542,0.00581317578675117,0.002));
#4675=CARTESIAN_POINT('',(-0.0373948008849165,0.00781317578675118,0.002));
#4676=CARTESIAN_POINT('',(-0.0385495014232957,0.00981317578675118,0.002));
#4677=CARTESIAN_POINT('',(-0.0362401003465372,0.00581317578675117,0.002));
#4678=CARTESIAN_POINT('',(-0.0373948008849165,0.00381317578675118,0.002));
#4679=CARTESIAN_POINT('',(-0.0385495014232957,0.00181317578675117,0.002));
#4680=CARTESIAN_POINT('',(-0.0408589025000542,0.00181317578675117,0.002));
#4681=CARTESIAN_POINT('',(-0.0431683035768127,0.00181317578675117,0.002));
#4682=CARTESIAN_POINT('',(-0.044323004115192,0.00381317578675117,0.002));
#4683=CARTESIAN_POINT('',(-0.0454777046535712,0.00581317578675117,0.002));
#4684=CARTESIAN_POINT('',(-0.044323004115192,0.00781317578675117,0.002));
#4685=CARTESIAN_POINT('',(-0.0431683035768127,0.00981317578675117,0.002));
#4686=CARTESIAN_POINT('',(-0.0408589025000542,0.00981317578675118,0.002));
#4687=CARTESIAN_POINT('',(-0.0373948008849165,0.00781317578675118,0.002));
#4688=CARTESIAN_POINT('',(-0.0362401003465372,0.00581317578675117,0.002));
#4689=CARTESIAN_POINT('',(-0.0385495014232957,0.00981317578675118,0.002));
#4690=CARTESIAN_POINT('',(-0.0373948008849165,0.00381317578675118,0.002));
#4691=CARTESIAN_POINT('',(-0.0385495014232957,0.00181317578675117,0.002));
#4692=CARTESIAN_POINT('',(-0.0408589025000542,0.00181317578675117,0.002));
#4693=CARTESIAN_POINT('',(-0.0431683035768127,0.00181317578675117,0.002));
#4694=CARTESIAN_POINT('',(-0.044323004115192,0.00381317578675117,0.002));
#4695=CARTESIAN_POINT('',(-0.0454777046535712,0.00581317578675117,0.002));
#4696=CARTESIAN_POINT('',(-0.044323004115192,0.00781317578675117,0.002));
#4697=CARTESIAN_POINT('',(-0.0431683035768127,0.00981317578675117,0.002));
#4698=CARTESIAN_POINT('',(-0.0408589025000542,0.00981317578675118,0.002));
#4699=CARTESIAN_POINT('',(-0.0172839025000542,-0.0177618242132488,-0.0176666666666666));
#4700=CARTESIAN_POINT('',(-0.0172826700177094,-0.133692630856833,-0.00966666666666666));
#4701=MECHANICAL_DESIGN_GEOMETRIC_PRESENTATION_REPRESENTATION('',(#2714),
#4702);
#4702=(
GEOMETRIC_REPRESENTATION_CONTEXT(3)
GLOBAL_UNCERTAINTY_ASSIGNED_CONTEXT((#4703))
GLOBAL_UNIT_ASSIGNED_CONTEXT((#4706,#4705,#4704))
REPRESENTATION_CONTEXT('new base','TOP_LEVEL_ASSEMBLY_PART')
);
#4703=UNCERTAINTY_MEASURE_WITH_UNIT(LENGTH_MEASURE(5.E-6),#4706,
'DISTANCE_ACCURACY_VALUE','Maximum Tolerance applied to model');
#4704=(
NAMED_UNIT(*)
SI_UNIT($,.STERADIAN.)
SOLID_ANGLE_UNIT()
);
#4705=(
NAMED_UNIT(*)
PLANE_ANGLE_UNIT()
SI_UNIT($,.RADIAN.)
);
#4706=(
LENGTH_UNIT()
NAMED_UNIT(*)
SI_UNIT($,.METRE.)
);
#4707=PRODUCT_DEFINITION_SHAPE('','',#4708);
#4708=PRODUCT_DEFINITION('','',#4710,#4709);
#4709=PRODUCT_DEFINITION_CONTEXT('',#4716,'design');
#4710=PRODUCT_DEFINITION_FORMATION_WITH_SPECIFIED_SOURCE('','',#4712,
 .NOT_KNOWN.);
#4711=PRODUCT_RELATED_PRODUCT_CATEGORY('','',(#4712));
#4712=PRODUCT('new base','new base','new base',(#4714));
#4713=PRODUCT_CATEGORY('','');
#4714=PRODUCT_CONTEXT('',#4716,'mechanical');
#4715=APPLICATION_PROTOCOL_DEFINITION('international standard',
'ap242_managed_model_based_3d_engineering',2011,#4716);
#4716=APPLICATION_CONTEXT('managed model based 3d engineering');
ENDSEC;
END-ISO-10303-21;
