ISO-10303-21;
HEADER;
/* Generated by software containing ST-Developer
 * from STEP Tools, Inc. (www.steptools.com) 
 */
/* OPTION: using custom renumber hook */

FILE_DESCRIPTION(
/* description */ ('STEP AP242',
'CAx-IF Rec.Pracs.---Representation and Presentation of Product Manufa
cturing Information (PMI)---4.0---2014-10-13',
'CAx-IF Rec.Pracs.---3D Tessellated Geometry---0.4---2014-09-14','2;1'),

/* implementation_level */ '2;1');

FILE_NAME(
/* name */ '66789d4eb9c7367681b240d6',
/* time_stamp */ '2024-06-23T22:10:22Z',
/* author */ (''),
/* organization */ (''),
/* preprocessor_version */ 'ST-DEVELOPER v20',
/* originating_system */ '  ',
/* authorisation */ '  ');

FILE_SCHEMA (('AP242_MANAGED_MODEL_BASED_3D_ENGINEERING_MIM_LF { 1 0 10303 442 1 1 4 }'));
ENDSEC;

DATA;
#10=SHAPE_REPRESENTATION_RELATIONSHIP('','',#1434,#11);
#11=ADVANCED_BREP_SHAPE_REPRESENTATION('',(#1432),#2500);
#12=SPHERICAL_SURFACE('',#1567,0.003);
#13=SPHERICAL_SURFACE('',#1569,0.003);
#14=ELLIPSE('',#1555,0.0219827581844742,0.016965);
#15=ELLIPSE('',#1558,0.00314558737542243,0.003);
#16=ELLIPSE('',#1560,0.00314558737542243,0.003);
#17=(
BOUNDED_SURFACE()
B_SPLINE_SURFACE(3,3,((#2388,#2389,#2390,#2391),(#2392,#2393,#2394,#2395),
(#2396,#2397,#2398,#2399),(#2400,#2401,#2402,#2403),(#2404,#2405,#2406,
#2407),(#2408,#2409,#2410,#2411),(#2412,#2413,#2414,#2415)),
 .UNSPECIFIED.,.F.,.F.,.F.)
B_SPLINE_SURFACE_WITH_KNOTS((4,3,4),(4,4),(0.926613827714107,1.,1.04407449677331),
(0.29360382765784,1.),.PIECEWISE_BEZIER_KNOTS.)
GEOMETRIC_REPRESENTATION_ITEM()
RATIONAL_B_SPLINE_SURFACE(((0.749539553118626,0.749539553118626,0.749539553118626,
0.749539553118626),(0.818664954658352,0.818664954658352,0.818664954658352,
0.818664954658352),(0.902151770285476,0.902151770285476,0.902151770285476,
0.902151770285476),(1.,1.,1.,1.),(0.94123400430225,0.94123400430225,0.94123400430225,
0.94123400430225),(0.887648171980022,0.887648171980022,0.887648171980022,
0.887648171980022),(0.839242503033316,0.839242503033316,0.839242503033316,
0.839242503033316)))
REPRESENTATION_ITEM('')
SURFACE()
);
#18=(
BOUNDED_SURFACE()
B_SPLINE_SURFACE(3,2,((#2452,#2453,#2454),(#2455,#2456,#2457),(#2458,#2459,
#2460),(#2461,#2462,#2463)),.UNSPECIFIED.,.F.,.F.,.F.)
B_SPLINE_SURFACE_WITH_KNOTS((4,4),(3,3),(0.00647407522839482,0.0103756486021973),
(0.,1.),.PIECEWISE_BEZIER_KNOTS.)
GEOMETRIC_REPRESENTATION_ITEM()
RATIONAL_B_SPLINE_SURFACE(((1.,0.597148875883996,1.),(1.,0.610936294483011,
1.),(1.,0.621616510177459,1.),(1.,0.630327332527904,1.)))
REPRESENTATION_ITEM('')
SURFACE()
);
#19=(
BOUNDED_SURFACE()
B_SPLINE_SURFACE(3,2,((#2465,#2466,#2467),(#2468,#2469,#2470),(#2471,#2472,
#2473),(#2474,#2475,#2476)),.UNSPECIFIED.,.F.,.F.,.F.)
B_SPLINE_SURFACE_WITH_KNOTS((4,4),(3,3),(0.0116987187067864,0.0147965455289038),
(0.,1.),.PIECEWISE_BEZIER_KNOTS.)
GEOMETRIC_REPRESENTATION_ITEM()
RATIONAL_B_SPLINE_SURFACE(((1.,0.645662105206783,1.),(1.,0.652407007954437,
1.),(1.,0.65764079495706,1.),(1.,0.662003841668317,1.)))
REPRESENTATION_ITEM('')
SURFACE()
);
#20=(
BOUNDED_SURFACE()
B_SPLINE_SURFACE(3,2,((#2484,#2485,#2486),(#2487,#2488,#2489),(#2490,#2491,
#2492),(#2493,#2494,#2495),(#2496,#2497,#2498)),.UNSPECIFIED.,.F.,.F.,.F.)
B_SPLINE_SURFACE_WITH_KNOTS((4,1,4),(3,3),(0.0128765216596112,0.0179180509195438,
0.0229595801794763),(0.,1.),.UNSPECIFIED.)
GEOMETRIC_REPRESENTATION_ITEM()
RATIONAL_B_SPLINE_SURFACE(((1.,0.958408342493089,1.),(1.,0.956092407756673,
1.),(1.,0.95292022292591,1.),(1.,0.953853349301044,1.),(1.,0.955265129917782,
1.)))
REPRESENTATION_ITEM('')
SURFACE()
);
#21=B_SPLINE_SURFACE_WITH_KNOTS('',3,3,((#2240,#2241,#2242,#2243),(#2244,
#2245,#2246,#2247),(#2248,#2249,#2250,#2251),(#2252,#2253,#2254,#2255),
(#2256,#2257,#2258,#2259)),.UNSPECIFIED.,.F.,.F.,.F.,(4,1,4),(4,4),(0.,
0.5,1.),(1.60976174459196,1.88340663784279),.UNSPECIFIED.);
#22=CYLINDRICAL_SURFACE('',#1458,0.034606);
#23=CYLINDRICAL_SURFACE('',#1466,0.00683149619667032);
#24=CYLINDRICAL_SURFACE('',#1473,0.002662);
#25=CYLINDRICAL_SURFACE('',#1481,0.0763581124833876);
#26=CYLINDRICAL_SURFACE('',#1483,0.0022);
#27=CYLINDRICAL_SURFACE('',#1485,0.0022);
#28=CYLINDRICAL_SURFACE('',#1487,0.0352715);
#29=CYLINDRICAL_SURFACE('',#1495,0.0046585);
#30=CYLINDRICAL_SURFACE('',#1497,0.0046585);
#31=CYLINDRICAL_SURFACE('',#1499,0.0046585);
#32=CYLINDRICAL_SURFACE('',#1501,0.0046585);
#33=CYLINDRICAL_SURFACE('',#1504,0.0763581124833876);
#34=CYLINDRICAL_SURFACE('',#1505,0.00822215944962448);
#35=CYLINDRICAL_SURFACE('',#1506,0.002662);
#36=CYLINDRICAL_SURFACE('',#1531,0.005662);
#37=CYLINDRICAL_SURFACE('',#1533,0.005662);
#38=CYLINDRICAL_SURFACE('',#1534,0.005662);
#39=CYLINDRICAL_SURFACE('',#1536,0.005662);
#40=CYLINDRICAL_SURFACE('',#1540,0.0838581124833876);
#41=CYLINDRICAL_SURFACE('',#1541,0.00256305);
#42=CYLINDRICAL_SURFACE('',#1542,0.00256305);
#43=CYLINDRICAL_SURFACE('',#1543,0.00256305);
#44=CYLINDRICAL_SURFACE('',#1544,0.00256305);
#45=CYLINDRICAL_SURFACE('',#1553,0.001963225);
#46=CYLINDRICAL_SURFACE('',#1556,0.016965);
#47=CYLINDRICAL_SURFACE('',#1557,0.003);
#48=CYLINDRICAL_SURFACE('',#1559,0.003);
#49=CYLINDRICAL_SURFACE('',#1561,0.003);
#50=CYLINDRICAL_SURFACE('',#1565,0.003);
#51=B_SPLINE_CURVE_WITH_KNOTS('',3,(#2020,#2021,#2022,#2023),
 .UNSPECIFIED.,.F.,.F.,(4,4),(0.,0.00288775977219942),.UNSPECIFIED.);
#52=B_SPLINE_CURVE_WITH_KNOTS('',3,(#2055,#2056,#2057,#2058,#2059),
 .UNSPECIFIED.,.F.,.F.,(4,1,4),(0.,0.00235559494451931,0.00471118988903861),
 .UNSPECIFIED.);
#53=B_SPLINE_CURVE_WITH_KNOTS('',3,(#2062,#2063,#2064,#2065),
 .UNSPECIFIED.,.F.,.F.,(4,4),(0.,0.00363789245951798),.UNSPECIFIED.);
#54=B_SPLINE_CURVE_WITH_KNOTS('',3,(#2066,#2067,#2068,#2069),
 .UNSPECIFIED.,.F.,.F.,(4,4),(0.,1.),.UNSPECIFIED.);
#55=B_SPLINE_CURVE_WITH_KNOTS('',3,(#2090,#2091,#2092,#2093,#2094),
 .UNSPECIFIED.,.F.,.F.,(4,1,4),(0.,0.00506397540631017,0.0101279508126203),
 .UNSPECIFIED.);
#56=B_SPLINE_CURVE_WITH_KNOTS('',3,(#2230,#2231,#2232,#2233),
 .UNSPECIFIED.,.F.,.F.,(4,4),(0.,1.),.UNSPECIFIED.);
#57=B_SPLINE_CURVE_WITH_KNOTS('',3,(#2235,#2236,#2237,#2238,#2239),
 .UNSPECIFIED.,.F.,.F.,(4,1,4),(0.,0.5,1.),.UNSPECIFIED.);
#58=B_SPLINE_CURVE_WITH_KNOTS('',3,(#2352,#2353,#2354,#2355),
 .UNSPECIFIED.,.F.,.F.,(4,4),(0.,0.00385525304282438),.UNSPECIFIED.);
#59=B_SPLINE_CURVE_WITH_KNOTS('',3,(#2366,#2367,#2368,#2369),
 .UNSPECIFIED.,.F.,.F.,(4,4),(0.,0.00307968949828083),.UNSPECIFIED.);
#60=B_SPLINE_CURVE_WITH_KNOTS('',3,(#2416,#2417,#2418,#2419,#2420),
 .UNSPECIFIED.,.F.,.F.,(4,1,4),(0.,0.00460423168199123,0.00920846336398245),
 .UNSPECIFIED.);
#61=B_SPLINE_CURVE_WITH_KNOTS('',3,(#2423,#2424,#2425,#2426),
 .UNSPECIFIED.,.F.,.F.,(4,4),(0.,0.00209267686447239),.UNSPECIFIED.);
#62=B_SPLINE_CURVE_WITH_KNOTS('',3,(#2430,#2431,#2432,#2433),
 .UNSPECIFIED.,.F.,.F.,(4,4),(0.,0.00218545699693557),.UNSPECIFIED.);
#63=B_SPLINE_CURVE_WITH_KNOTS('',3,(#2435,#2436,#2437,#2438,#2439,#2440),
 .UNSPECIFIED.,.F.,.F.,(4,1,1,4),(0.,0.00142808435017225,0.0028561687003445,
0.00571233740068901),.UNSPECIFIED.);
#64=B_SPLINE_CURVE_WITH_KNOTS('',3,(#2441,#2442,#2443,#2444,#2445),
 .UNSPECIFIED.,.F.,.F.,(4,1,4),(0.,0.00262319008746358,0.00524638017492715),
 .UNSPECIFIED.);
#65=LINE('',#1978,#184);
#66=LINE('',#1983,#185);
#67=LINE('',#1987,#186);
#68=LINE('',#1991,#187);
#69=LINE('',#1995,#188);
#70=LINE('',#1999,#189);
#71=LINE('',#2003,#190);
#72=LINE('',#2007,#191);
#73=LINE('',#2011,#192);
#74=LINE('',#2013,#193);
#75=LINE('',#2025,#194);
#76=LINE('',#2029,#195);
#77=LINE('',#2032,#196);
#78=LINE('',#2036,#197);
#79=LINE('',#2037,#198);
#80=LINE('',#2039,#199);
#81=LINE('',#2041,#200);
#82=LINE('',#2043,#201);
#83=LINE('',#2045,#202);
#84=LINE('',#2047,#203);
#85=LINE('',#2049,#204);
#86=LINE('',#2051,#205);
#87=LINE('',#2053,#206);
#88=LINE('',#2072,#207);
#89=LINE('',#2077,#208);
#90=LINE('',#2084,#209);
#91=LINE('',#2086,#210);
#92=LINE('',#2088,#211);
#93=LINE('',#2096,#212);
#94=LINE('',#2098,#213);
#95=LINE('',#2099,#214);
#96=LINE('',#2101,#215);
#97=LINE('',#2104,#216);
#98=LINE('',#2106,#217);
#99=LINE('',#2108,#218);
#100=LINE('',#2110,#219);
#101=LINE('',#2112,#220);
#102=LINE('',#2113,#221);
#103=LINE('',#2116,#222);
#104=LINE('',#2118,#223);
#105=LINE('',#2120,#224);
#106=LINE('',#2122,#225);
#107=LINE('',#2124,#226);
#108=LINE('',#2125,#227);
#109=LINE('',#2130,#228);
#110=LINE('',#2132,#229);
#111=LINE('',#2134,#230);
#112=LINE('',#2138,#231);
#113=LINE('',#2143,#232);
#114=LINE('',#2145,#233);
#115=LINE('',#2146,#234);
#116=LINE('',#2149,#235);
#117=LINE('',#2151,#236);
#118=LINE('',#2153,#237);
#119=LINE('',#2155,#238);
#120=LINE('',#2160,#239);
#121=LINE('',#2162,#240);
#122=LINE('',#2166,#241);
#123=LINE('',#2170,#242);
#124=LINE('',#2174,#243);
#125=LINE('',#2178,#244);
#126=LINE('',#2180,#245);
#127=LINE('',#2182,#246);
#128=LINE('',#2183,#247);
#129=LINE('',#2185,#248);
#130=LINE('',#2187,#249);
#131=LINE('',#2188,#250);
#132=LINE('',#2196,#251);
#133=LINE('',#2208,#252);
#134=LINE('',#2224,#253);
#135=LINE('',#2226,#254);
#136=LINE('',#2228,#255);
#137=LINE('',#2261,#256);
#138=LINE('',#2264,#257);
#139=LINE('',#2266,#258);
#140=LINE('',#2268,#259);
#141=LINE('',#2270,#260);
#142=LINE('',#2272,#261);
#143=LINE('',#2274,#262);
#144=LINE('',#2275,#263);
#145=LINE('',#2277,#264);
#146=LINE('',#2279,#265);
#147=LINE('',#2281,#266);
#148=LINE('',#2283,#267);
#149=LINE('',#2286,#268);
#150=LINE('',#2289,#269);
#151=LINE('',#2291,#270);
#152=LINE('',#2293,#271);
#153=LINE('',#2295,#272);
#154=LINE('',#2297,#273);
#155=LINE('',#2299,#274);
#156=LINE('',#2300,#275);
#157=LINE('',#2302,#276);
#158=LINE('',#2304,#277);
#159=LINE('',#2306,#278);
#160=LINE('',#2308,#279);
#161=LINE('',#2311,#280);
#162=LINE('',#2313,#281);
#163=LINE('',#2327,#282);
#164=LINE('',#2328,#283);
#165=LINE('',#2330,#284);
#166=LINE('',#2332,#285);
#167=LINE('',#2334,#286);
#168=LINE('',#2335,#287);
#169=LINE('',#2337,#288);
#170=LINE('',#2339,#289);
#171=LINE('',#2349,#290);
#172=LINE('',#2357,#291);
#173=LINE('',#2358,#292);
#174=LINE('',#2360,#293);
#175=LINE('',#2363,#294);
#176=LINE('',#2364,#295);
#177=LINE('',#2371,#296);
#178=LINE('',#2373,#297);
#179=LINE('',#2375,#298);
#180=LINE('',#2377,#299);
#181=LINE('',#2378,#300);
#182=LINE('',#2386,#301);
#183=LINE('',#2387,#302);
#184=VECTOR('',#1589,1.);
#185=VECTOR('',#1592,1.);
#186=VECTOR('',#1595,1.);
#187=VECTOR('',#1598,1.);
#188=VECTOR('',#1601,1.);
#189=VECTOR('',#1604,1.);
#190=VECTOR('',#1607,1.);
#191=VECTOR('',#1610,1.);
#192=VECTOR('',#1613,1.);
#193=VECTOR('',#1616,1.);
#194=VECTOR('',#1621,1.);
#195=VECTOR('',#1626,1.);
#196=VECTOR('',#1627,1.);
#197=VECTOR('',#1630,1.);
#198=VECTOR('',#1631,1.);
#199=VECTOR('',#1632,1.);
#200=VECTOR('',#1633,1.);
#201=VECTOR('',#1634,1.);
#202=VECTOR('',#1635,1.);
#203=VECTOR('',#1636,1.);
#204=VECTOR('',#1637,1.);
#205=VECTOR('',#1638,1.);
#206=VECTOR('',#1641,1.);
#207=VECTOR('',#1646,1.);
#208=VECTOR('',#1651,1.);
#209=VECTOR('',#1660,1.);
#210=VECTOR('',#1663,1.);
#211=VECTOR('',#1664,1.);
#212=VECTOR('',#1665,1.);
#213=VECTOR('',#1666,1.);
#214=VECTOR('',#1667,1.);
#215=VECTOR('',#1670,1.);
#216=VECTOR('',#1671,1.);
#217=VECTOR('',#1672,1.);
#218=VECTOR('',#1673,1.);
#219=VECTOR('',#1674,1.);
#220=VECTOR('',#1675,1.);
#221=VECTOR('',#1676,1.);
#222=VECTOR('',#1677,1.);
#223=VECTOR('',#1678,1.);
#224=VECTOR('',#1679,1.);
#225=VECTOR('',#1680,1.);
#226=VECTOR('',#1681,1.);
#227=VECTOR('',#1682,1.);
#228=VECTOR('',#1685,1.);
#229=VECTOR('',#1686,1.);
#230=VECTOR('',#1687,1.);
#231=VECTOR('',#1690,1.);
#232=VECTOR('',#1695,1.);
#233=VECTOR('',#1696,1.);
#234=VECTOR('',#1697,1.);
#235=VECTOR('',#1698,1.);
#236=VECTOR('',#1699,1.);
#237=VECTOR('',#1700,1.);
#238=VECTOR('',#1703,1.);
#239=VECTOR('',#1708,1.);
#240=VECTOR('',#1709,1.);
#241=VECTOR('',#1712,1.);
#242=VECTOR('',#1715,1.);
#243=VECTOR('',#1718,1.);
#244=VECTOR('',#1721,1.);
#245=VECTOR('',#1722,1.);
#246=VECTOR('',#1725,1.);
#247=VECTOR('',#1726,1.);
#248=VECTOR('',#1729,1.);
#249=VECTOR('',#1732,1.);
#250=VECTOR('',#1733,1.);
#251=VECTOR('',#1744,1.);
#252=VECTOR('',#1757,1.);
#253=VECTOR('',#1778,1.);
#254=VECTOR('',#1781,1.);
#255=VECTOR('',#1784,1.);
#256=VECTOR('',#1789,1.);
#257=VECTOR('',#1790,1.);
#258=VECTOR('',#1791,1.);
#259=VECTOR('',#1792,1.);
#260=VECTOR('',#1793,1.);
#261=VECTOR('',#1794,1.);
#262=VECTOR('',#1797,1.);
#263=VECTOR('',#1798,1.);
#264=VECTOR('',#1801,1.);
#265=VECTOR('',#1804,1.);
#266=VECTOR('',#1807,1.);
#267=VECTOR('',#1810,1.);
#268=VECTOR('',#1815,1.);
#269=VECTOR('',#1816,1.);
#270=VECTOR('',#1817,1.);
#271=VECTOR('',#1818,1.);
#272=VECTOR('',#1819,1.);
#273=VECTOR('',#1820,1.);
#274=VECTOR('',#1823,1.);
#275=VECTOR('',#1824,1.);
#276=VECTOR('',#1827,1.);
#277=VECTOR('',#1830,1.);
#278=VECTOR('',#1833,1.);
#279=VECTOR('',#1836,1.);
#280=VECTOR('',#1841,1.);
#281=VECTOR('',#1844,1.);
#282=VECTOR('',#1863,1.);
#283=VECTOR('',#1864,1.);
#284=VECTOR('',#1867,1.);
#285=VECTOR('',#1870,1.);
#286=VECTOR('',#1873,1.);
#287=VECTOR('',#1874,1.);
#288=VECTOR('',#1877,1.);
#289=VECTOR('',#1880,1.);
#290=VECTOR('',#1899,1.);
#291=VECTOR('',#1900,1.);
#292=VECTOR('',#1901,1.);
#293=VECTOR('',#1904,1.);
#294=VECTOR('',#1905,1.);
#295=VECTOR('',#1906,1.);
#296=VECTOR('',#1909,1.);
#297=VECTOR('',#1910,1.);
#298=VECTOR('',#1911,1.);
#299=VECTOR('',#1914,1.);
#300=VECTOR('',#1915,1.);
#301=VECTOR('',#1928,1.);
#302=VECTOR('',#1929,1.);
#303=ORIENTED_EDGE('',*,*,#689,.F.);
#304=ORIENTED_EDGE('',*,*,#690,.F.);
#305=ORIENTED_EDGE('',*,*,#691,.T.);
#306=ORIENTED_EDGE('',*,*,#692,.T.);
#307=ORIENTED_EDGE('',*,*,#693,.T.);
#308=ORIENTED_EDGE('',*,*,#694,.T.);
#309=ORIENTED_EDGE('',*,*,#695,.T.);
#310=ORIENTED_EDGE('',*,*,#696,.F.);
#311=ORIENTED_EDGE('',*,*,#697,.T.);
#312=ORIENTED_EDGE('',*,*,#698,.T.);
#313=ORIENTED_EDGE('',*,*,#699,.T.);
#314=ORIENTED_EDGE('',*,*,#700,.T.);
#315=ORIENTED_EDGE('',*,*,#701,.T.);
#316=ORIENTED_EDGE('',*,*,#702,.T.);
#317=ORIENTED_EDGE('',*,*,#703,.T.);
#318=ORIENTED_EDGE('',*,*,#704,.F.);
#319=ORIENTED_EDGE('',*,*,#705,.T.);
#320=ORIENTED_EDGE('',*,*,#706,.T.);
#321=ORIENTED_EDGE('',*,*,#707,.T.);
#322=ORIENTED_EDGE('',*,*,#708,.F.);
#323=ORIENTED_EDGE('',*,*,#709,.T.);
#324=ORIENTED_EDGE('',*,*,#710,.F.);
#325=ORIENTED_EDGE('',*,*,#711,.T.);
#326=ORIENTED_EDGE('',*,*,#712,.T.);
#327=ORIENTED_EDGE('',*,*,#713,.F.);
#328=ORIENTED_EDGE('',*,*,#714,.T.);
#329=ORIENTED_EDGE('',*,*,#715,.F.);
#330=ORIENTED_EDGE('',*,*,#716,.T.);
#331=ORIENTED_EDGE('',*,*,#717,.F.);
#332=ORIENTED_EDGE('',*,*,#718,.F.);
#333=ORIENTED_EDGE('',*,*,#719,.T.);
#334=ORIENTED_EDGE('',*,*,#720,.T.);
#335=ORIENTED_EDGE('',*,*,#721,.T.);
#336=ORIENTED_EDGE('',*,*,#722,.T.);
#337=ORIENTED_EDGE('',*,*,#712,.F.);
#338=ORIENTED_EDGE('',*,*,#723,.T.);
#339=ORIENTED_EDGE('',*,*,#724,.F.);
#340=ORIENTED_EDGE('',*,*,#725,.T.);
#341=ORIENTED_EDGE('',*,*,#726,.T.);
#342=ORIENTED_EDGE('',*,*,#727,.T.);
#343=ORIENTED_EDGE('',*,*,#728,.F.);
#344=ORIENTED_EDGE('',*,*,#729,.T.);
#345=ORIENTED_EDGE('',*,*,#730,.T.);
#346=ORIENTED_EDGE('',*,*,#731,.F.);
#347=ORIENTED_EDGE('',*,*,#732,.T.);
#348=ORIENTED_EDGE('',*,*,#733,.T.);
#349=ORIENTED_EDGE('',*,*,#719,.F.);
#350=ORIENTED_EDGE('',*,*,#734,.T.);
#351=ORIENTED_EDGE('',*,*,#717,.T.);
#352=ORIENTED_EDGE('',*,*,#735,.F.);
#353=ORIENTED_EDGE('',*,*,#727,.F.);
#354=ORIENTED_EDGE('',*,*,#736,.T.);
#355=ORIENTED_EDGE('',*,*,#737,.T.);
#356=ORIENTED_EDGE('',*,*,#699,.F.);
#357=ORIENTED_EDGE('',*,*,#738,.T.);
#358=ORIENTED_EDGE('',*,*,#739,.T.);
#359=ORIENTED_EDGE('',*,*,#740,.F.);
#360=ORIENTED_EDGE('',*,*,#729,.F.);
#361=ORIENTED_EDGE('',*,*,#741,.T.);
#362=ORIENTED_EDGE('',*,*,#742,.F.);
#363=ORIENTED_EDGE('',*,*,#740,.T.);
#364=ORIENTED_EDGE('',*,*,#743,.T.);
#365=ORIENTED_EDGE('',*,*,#718,.T.);
#366=ORIENTED_EDGE('',*,*,#734,.F.);
#367=ORIENTED_EDGE('',*,*,#730,.F.);
#368=ORIENTED_EDGE('',*,*,#744,.F.);
#369=ORIENTED_EDGE('',*,*,#745,.T.);
#370=ORIENTED_EDGE('',*,*,#746,.T.);
#371=ORIENTED_EDGE('',*,*,#747,.T.);
#372=ORIENTED_EDGE('',*,*,#748,.F.);
#373=ORIENTED_EDGE('',*,*,#749,.F.);
#374=ORIENTED_EDGE('',*,*,#750,.F.);
#375=ORIENTED_EDGE('',*,*,#751,.F.);
#376=ORIENTED_EDGE('',*,*,#752,.F.);
#377=ORIENTED_EDGE('',*,*,#753,.F.);
#378=ORIENTED_EDGE('',*,*,#754,.F.);
#379=ORIENTED_EDGE('',*,*,#755,.F.);
#380=ORIENTED_EDGE('',*,*,#756,.F.);
#381=ORIENTED_EDGE('',*,*,#757,.F.);
#382=ORIENTED_EDGE('',*,*,#758,.F.);
#383=ORIENTED_EDGE('',*,*,#759,.F.);
#384=ORIENTED_EDGE('',*,*,#760,.F.);
#385=ORIENTED_EDGE('',*,*,#761,.F.);
#386=ORIENTED_EDGE('',*,*,#762,.F.);
#387=ORIENTED_EDGE('',*,*,#763,.T.);
#388=ORIENTED_EDGE('',*,*,#764,.T.);
#389=ORIENTED_EDGE('',*,*,#765,.T.);
#390=ORIENTED_EDGE('',*,*,#766,.F.);
#391=ORIENTED_EDGE('',*,*,#767,.T.);
#392=ORIENTED_EDGE('',*,*,#768,.T.);
#393=ORIENTED_EDGE('',*,*,#769,.F.);
#394=ORIENTED_EDGE('',*,*,#724,.T.);
#395=ORIENTED_EDGE('',*,*,#770,.T.);
#396=ORIENTED_EDGE('',*,*,#771,.T.);
#397=ORIENTED_EDGE('',*,*,#772,.F.);
#398=ORIENTED_EDGE('',*,*,#773,.F.);
#399=ORIENTED_EDGE('',*,*,#774,.F.);
#400=ORIENTED_EDGE('',*,*,#775,.T.);
#401=ORIENTED_EDGE('',*,*,#776,.T.);
#402=ORIENTED_EDGE('',*,*,#714,.F.);
#403=ORIENTED_EDGE('',*,*,#749,.T.);
#404=ORIENTED_EDGE('',*,*,#738,.F.);
#405=ORIENTED_EDGE('',*,*,#777,.T.);
#406=ORIENTED_EDGE('',*,*,#778,.F.);
#407=ORIENTED_EDGE('',*,*,#779,.T.);
#408=ORIENTED_EDGE('',*,*,#780,.T.);
#409=ORIENTED_EDGE('',*,*,#781,.F.);
#410=ORIENTED_EDGE('',*,*,#782,.T.);
#411=ORIENTED_EDGE('',*,*,#783,.F.);
#412=ORIENTED_EDGE('',*,*,#784,.F.);
#413=ORIENTED_EDGE('',*,*,#785,.F.);
#414=ORIENTED_EDGE('',*,*,#786,.T.);
#415=ORIENTED_EDGE('',*,*,#787,.F.);
#416=ORIENTED_EDGE('',*,*,#788,.F.);
#417=ORIENTED_EDGE('',*,*,#789,.T.);
#418=ORIENTED_EDGE('',*,*,#790,.F.);
#419=ORIENTED_EDGE('',*,*,#762,.T.);
#420=ORIENTED_EDGE('',*,*,#791,.F.);
#421=ORIENTED_EDGE('',*,*,#779,.F.);
#422=ORIENTED_EDGE('',*,*,#723,.F.);
#423=ORIENTED_EDGE('',*,*,#711,.F.);
#424=ORIENTED_EDGE('',*,*,#792,.T.);
#425=ORIENTED_EDGE('',*,*,#770,.F.);
#426=ORIENTED_EDGE('',*,*,#765,.F.);
#427=ORIENTED_EDGE('',*,*,#793,.T.);
#428=ORIENTED_EDGE('',*,*,#788,.T.);
#429=ORIENTED_EDGE('',*,*,#794,.T.);
#430=ORIENTED_EDGE('',*,*,#795,.F.);
#431=ORIENTED_EDGE('',*,*,#689,.T.);
#432=ORIENTED_EDGE('',*,*,#796,.F.);
#433=ORIENTED_EDGE('',*,*,#690,.T.);
#434=ORIENTED_EDGE('',*,*,#769,.T.);
#435=ORIENTED_EDGE('',*,*,#797,.F.);
#436=ORIENTED_EDGE('',*,*,#798,.F.);
#437=ORIENTED_EDGE('',*,*,#725,.F.);
#438=ORIENTED_EDGE('',*,*,#799,.T.);
#439=ORIENTED_EDGE('',*,*,#800,.T.);
#440=ORIENTED_EDGE('',*,*,#801,.T.);
#441=ORIENTED_EDGE('',*,*,#802,.T.);
#442=ORIENTED_EDGE('',*,*,#798,.T.);
#443=ORIENTED_EDGE('',*,*,#803,.F.);
#444=ORIENTED_EDGE('',*,*,#736,.F.);
#445=ORIENTED_EDGE('',*,*,#726,.F.);
#446=ORIENTED_EDGE('',*,*,#804,.T.);
#447=ORIENTED_EDGE('',*,*,#805,.T.);
#448=ORIENTED_EDGE('',*,*,#691,.F.);
#449=ORIENTED_EDGE('',*,*,#806,.T.);
#450=ORIENTED_EDGE('',*,*,#692,.F.);
#451=ORIENTED_EDGE('',*,*,#807,.T.);
#452=ORIENTED_EDGE('',*,*,#693,.F.);
#453=ORIENTED_EDGE('',*,*,#808,.T.);
#454=ORIENTED_EDGE('',*,*,#694,.F.);
#455=ORIENTED_EDGE('',*,*,#797,.T.);
#456=ORIENTED_EDGE('',*,*,#768,.F.);
#457=ORIENTED_EDGE('',*,*,#809,.T.);
#458=ORIENTED_EDGE('',*,*,#700,.F.);
#459=ORIENTED_EDGE('',*,*,#737,.F.);
#460=ORIENTED_EDGE('',*,*,#803,.T.);
#461=ORIENTED_EDGE('',*,*,#810,.F.);
#462=ORIENTED_EDGE('',*,*,#701,.F.);
#463=ORIENTED_EDGE('',*,*,#809,.F.);
#464=ORIENTED_EDGE('',*,*,#767,.F.);
#465=ORIENTED_EDGE('',*,*,#811,.F.);
#466=ORIENTED_EDGE('',*,*,#812,.F.);
#467=ORIENTED_EDGE('',*,*,#715,.T.);
#468=ORIENTED_EDGE('',*,*,#777,.F.);
#469=ORIENTED_EDGE('',*,*,#742,.T.);
#470=ORIENTED_EDGE('',*,*,#741,.F.);
#471=ORIENTED_EDGE('',*,*,#728,.T.);
#472=ORIENTED_EDGE('',*,*,#813,.F.);
#473=ORIENTED_EDGE('',*,*,#811,.T.);
#474=ORIENTED_EDGE('',*,*,#716,.F.);
#475=ORIENTED_EDGE('',*,*,#812,.T.);
#476=ORIENTED_EDGE('',*,*,#813,.T.);
#477=ORIENTED_EDGE('',*,*,#735,.T.);
#478=ORIENTED_EDGE('',*,*,#814,.T.);
#479=ORIENTED_EDGE('',*,*,#815,.T.);
#480=ORIENTED_EDGE('',*,*,#816,.T.);
#481=ORIENTED_EDGE('',*,*,#817,.T.);
#482=ORIENTED_EDGE('',*,*,#818,.T.);
#483=ORIENTED_EDGE('',*,*,#819,.T.);
#484=ORIENTED_EDGE('',*,*,#796,.T.);
#485=ORIENTED_EDGE('',*,*,#751,.T.);
#486=ORIENTED_EDGE('',*,*,#820,.F.);
#487=ORIENTED_EDGE('',*,*,#814,.F.);
#488=ORIENTED_EDGE('',*,*,#821,.T.);
#489=ORIENTED_EDGE('',*,*,#750,.T.);
#490=ORIENTED_EDGE('',*,*,#822,.F.);
#491=ORIENTED_EDGE('',*,*,#815,.F.);
#492=ORIENTED_EDGE('',*,*,#820,.T.);
#493=ORIENTED_EDGE('',*,*,#755,.T.);
#494=ORIENTED_EDGE('',*,*,#823,.F.);
#495=ORIENTED_EDGE('',*,*,#816,.F.);
#496=ORIENTED_EDGE('',*,*,#822,.T.);
#497=ORIENTED_EDGE('',*,*,#754,.T.);
#498=ORIENTED_EDGE('',*,*,#824,.F.);
#499=ORIENTED_EDGE('',*,*,#817,.F.);
#500=ORIENTED_EDGE('',*,*,#823,.T.);
#501=ORIENTED_EDGE('',*,*,#753,.T.);
#502=ORIENTED_EDGE('',*,*,#825,.F.);
#503=ORIENTED_EDGE('',*,*,#818,.F.);
#504=ORIENTED_EDGE('',*,*,#824,.T.);
#505=ORIENTED_EDGE('',*,*,#752,.T.);
#506=ORIENTED_EDGE('',*,*,#821,.F.);
#507=ORIENTED_EDGE('',*,*,#819,.F.);
#508=ORIENTED_EDGE('',*,*,#825,.T.);
#509=ORIENTED_EDGE('',*,*,#826,.T.);
#510=ORIENTED_EDGE('',*,*,#827,.T.);
#511=ORIENTED_EDGE('',*,*,#828,.T.);
#512=ORIENTED_EDGE('',*,*,#829,.T.);
#513=ORIENTED_EDGE('',*,*,#830,.T.);
#514=ORIENTED_EDGE('',*,*,#831,.T.);
#515=ORIENTED_EDGE('',*,*,#795,.T.);
#516=ORIENTED_EDGE('',*,*,#757,.T.);
#517=ORIENTED_EDGE('',*,*,#832,.F.);
#518=ORIENTED_EDGE('',*,*,#826,.F.);
#519=ORIENTED_EDGE('',*,*,#833,.T.);
#520=ORIENTED_EDGE('',*,*,#756,.T.);
#521=ORIENTED_EDGE('',*,*,#834,.F.);
#522=ORIENTED_EDGE('',*,*,#827,.F.);
#523=ORIENTED_EDGE('',*,*,#832,.T.);
#524=ORIENTED_EDGE('',*,*,#761,.T.);
#525=ORIENTED_EDGE('',*,*,#835,.F.);
#526=ORIENTED_EDGE('',*,*,#828,.F.);
#527=ORIENTED_EDGE('',*,*,#834,.T.);
#528=ORIENTED_EDGE('',*,*,#760,.T.);
#529=ORIENTED_EDGE('',*,*,#836,.F.);
#530=ORIENTED_EDGE('',*,*,#829,.F.);
#531=ORIENTED_EDGE('',*,*,#835,.T.);
#532=ORIENTED_EDGE('',*,*,#759,.T.);
#533=ORIENTED_EDGE('',*,*,#837,.F.);
#534=ORIENTED_EDGE('',*,*,#830,.F.);
#535=ORIENTED_EDGE('',*,*,#836,.T.);
#536=ORIENTED_EDGE('',*,*,#758,.T.);
#537=ORIENTED_EDGE('',*,*,#833,.F.);
#538=ORIENTED_EDGE('',*,*,#831,.F.);
#539=ORIENTED_EDGE('',*,*,#837,.T.);
#540=ORIENTED_EDGE('',*,*,#791,.T.);
#541=ORIENTED_EDGE('',*,*,#772,.T.);
#542=ORIENTED_EDGE('',*,*,#838,.F.);
#543=ORIENTED_EDGE('',*,*,#780,.F.);
#544=ORIENTED_EDGE('',*,*,#839,.F.);
#545=ORIENTED_EDGE('',*,*,#789,.F.);
#546=ORIENTED_EDGE('',*,*,#793,.F.);
#547=ORIENTED_EDGE('',*,*,#764,.F.);
#548=ORIENTED_EDGE('',*,*,#840,.F.);
#549=ORIENTED_EDGE('',*,*,#808,.F.);
#550=ORIENTED_EDGE('',*,*,#841,.F.);
#551=ORIENTED_EDGE('',*,*,#807,.F.);
#552=ORIENTED_EDGE('',*,*,#842,.F.);
#553=ORIENTED_EDGE('',*,*,#806,.F.);
#554=ORIENTED_EDGE('',*,*,#843,.F.);
#555=ORIENTED_EDGE('',*,*,#805,.F.);
#556=ORIENTED_EDGE('',*,*,#838,.T.);
#557=ORIENTED_EDGE('',*,*,#844,.T.);
#558=ORIENTED_EDGE('',*,*,#709,.F.);
#559=ORIENTED_EDGE('',*,*,#845,.T.);
#560=ORIENTED_EDGE('',*,*,#781,.T.);
#561=ORIENTED_EDGE('',*,*,#845,.F.);
#562=ORIENTED_EDGE('',*,*,#708,.T.);
#563=ORIENTED_EDGE('',*,*,#846,.F.);
#564=ORIENTED_EDGE('',*,*,#782,.F.);
#565=ORIENTED_EDGE('',*,*,#846,.T.);
#566=ORIENTED_EDGE('',*,*,#707,.F.);
#567=ORIENTED_EDGE('',*,*,#847,.T.);
#568=ORIENTED_EDGE('',*,*,#783,.T.);
#569=ORIENTED_EDGE('',*,*,#848,.T.);
#570=ORIENTED_EDGE('',*,*,#703,.F.);
#571=ORIENTED_EDGE('',*,*,#849,.F.);
#572=ORIENTED_EDGE('',*,*,#794,.F.);
#573=ORIENTED_EDGE('',*,*,#787,.T.);
#574=ORIENTED_EDGE('',*,*,#850,.F.);
#575=ORIENTED_EDGE('',*,*,#704,.T.);
#576=ORIENTED_EDGE('',*,*,#848,.F.);
#577=ORIENTED_EDGE('',*,*,#786,.F.);
#578=ORIENTED_EDGE('',*,*,#851,.T.);
#579=ORIENTED_EDGE('',*,*,#705,.F.);
#580=ORIENTED_EDGE('',*,*,#850,.T.);
#581=ORIENTED_EDGE('',*,*,#785,.T.);
#582=ORIENTED_EDGE('',*,*,#784,.T.);
#583=ORIENTED_EDGE('',*,*,#847,.F.);
#584=ORIENTED_EDGE('',*,*,#706,.F.);
#585=ORIENTED_EDGE('',*,*,#851,.F.);
#586=ORIENTED_EDGE('',*,*,#849,.T.);
#587=ORIENTED_EDGE('',*,*,#702,.F.);
#588=ORIENTED_EDGE('',*,*,#810,.T.);
#589=ORIENTED_EDGE('',*,*,#766,.T.);
#590=ORIENTED_EDGE('',*,*,#792,.F.);
#591=ORIENTED_EDGE('',*,*,#710,.T.);
#592=ORIENTED_EDGE('',*,*,#844,.F.);
#593=ORIENTED_EDGE('',*,*,#771,.F.);
#594=ORIENTED_EDGE('',*,*,#790,.T.);
#595=ORIENTED_EDGE('',*,*,#778,.T.);
#596=ORIENTED_EDGE('',*,*,#839,.T.);
#597=ORIENTED_EDGE('',*,*,#763,.F.);
#598=ORIENTED_EDGE('',*,*,#801,.F.);
#599=ORIENTED_EDGE('',*,*,#843,.T.);
#600=ORIENTED_EDGE('',*,*,#802,.F.);
#601=ORIENTED_EDGE('',*,*,#842,.T.);
#602=ORIENTED_EDGE('',*,*,#799,.F.);
#603=ORIENTED_EDGE('',*,*,#841,.T.);
#604=ORIENTED_EDGE('',*,*,#800,.F.);
#605=ORIENTED_EDGE('',*,*,#840,.T.);
#606=ORIENTED_EDGE('',*,*,#852,.T.);
#607=ORIENTED_EDGE('',*,*,#853,.T.);
#608=ORIENTED_EDGE('',*,*,#854,.T.);
#609=ORIENTED_EDGE('',*,*,#696,.T.);
#610=ORIENTED_EDGE('',*,*,#722,.F.);
#611=ORIENTED_EDGE('',*,*,#855,.T.);
#612=ORIENTED_EDGE('',*,*,#856,.T.);
#613=ORIENTED_EDGE('',*,*,#857,.T.);
#614=ORIENTED_EDGE('',*,*,#731,.T.);
#615=ORIENTED_EDGE('',*,*,#698,.F.);
#616=ORIENTED_EDGE('',*,*,#858,.F.);
#617=ORIENTED_EDGE('',*,*,#859,.T.);
#618=ORIENTED_EDGE('',*,*,#860,.T.);
#619=ORIENTED_EDGE('',*,*,#775,.F.);
#620=ORIENTED_EDGE('',*,*,#861,.F.);
#621=ORIENTED_EDGE('',*,*,#862,.T.);
#622=ORIENTED_EDGE('',*,*,#863,.F.);
#623=ORIENTED_EDGE('',*,*,#862,.F.);
#624=ORIENTED_EDGE('',*,*,#864,.T.);
#625=ORIENTED_EDGE('',*,*,#773,.T.);
#626=ORIENTED_EDGE('',*,*,#861,.T.);
#627=ORIENTED_EDGE('',*,*,#774,.T.);
#628=ORIENTED_EDGE('',*,*,#864,.F.);
#629=ORIENTED_EDGE('',*,*,#860,.F.);
#630=ORIENTED_EDGE('',*,*,#863,.T.);
#631=ORIENTED_EDGE('',*,*,#776,.F.);
#632=ORIENTED_EDGE('',*,*,#865,.F.);
#633=ORIENTED_EDGE('',*,*,#865,.T.);
#634=ORIENTED_EDGE('',*,*,#695,.F.);
#635=ORIENTED_EDGE('',*,*,#733,.F.);
#636=ORIENTED_EDGE('',*,*,#866,.T.);
#637=ORIENTED_EDGE('',*,*,#744,.T.);
#638=ORIENTED_EDGE('',*,*,#713,.T.);
#639=ORIENTED_EDGE('',*,*,#743,.F.);
#640=ORIENTED_EDGE('',*,*,#739,.F.);
#641=ORIENTED_EDGE('',*,*,#748,.T.);
#642=ORIENTED_EDGE('',*,*,#867,.T.);
#643=ORIENTED_EDGE('',*,*,#720,.F.);
#644=ORIENTED_EDGE('',*,*,#868,.T.);
#645=ORIENTED_EDGE('',*,*,#869,.T.);
#646=ORIENTED_EDGE('',*,*,#870,.F.);
#647=ORIENTED_EDGE('',*,*,#871,.T.);
#648=ORIENTED_EDGE('',*,*,#854,.F.);
#649=ORIENTED_EDGE('',*,*,#872,.T.);
#650=ORIENTED_EDGE('',*,*,#870,.T.);
#651=ORIENTED_EDGE('',*,*,#873,.T.);
#652=ORIENTED_EDGE('',*,*,#858,.T.);
#653=ORIENTED_EDGE('',*,*,#697,.F.);
#654=ORIENTED_EDGE('',*,*,#804,.F.);
#655=ORIENTED_EDGE('',*,*,#721,.F.);
#656=ORIENTED_EDGE('',*,*,#867,.F.);
#657=ORIENTED_EDGE('',*,*,#874,.F.);
#658=ORIENTED_EDGE('',*,*,#855,.F.);
#659=ORIENTED_EDGE('',*,*,#732,.F.);
#660=ORIENTED_EDGE('',*,*,#857,.F.);
#661=ORIENTED_EDGE('',*,*,#875,.F.);
#662=ORIENTED_EDGE('',*,*,#866,.F.);
#663=ORIENTED_EDGE('',*,*,#874,.T.);
#664=ORIENTED_EDGE('',*,*,#747,.F.);
#665=ORIENTED_EDGE('',*,*,#876,.F.);
#666=ORIENTED_EDGE('',*,*,#852,.F.);
#667=ORIENTED_EDGE('',*,*,#872,.F.);
#668=ORIENTED_EDGE('',*,*,#853,.F.);
#669=ORIENTED_EDGE('',*,*,#877,.F.);
#670=ORIENTED_EDGE('',*,*,#871,.F.);
#671=ORIENTED_EDGE('',*,*,#873,.F.);
#672=ORIENTED_EDGE('',*,*,#869,.F.);
#673=ORIENTED_EDGE('',*,*,#878,.F.);
#674=ORIENTED_EDGE('',*,*,#859,.F.);
#675=ORIENTED_EDGE('',*,*,#875,.T.);
#676=ORIENTED_EDGE('',*,*,#856,.F.);
#677=ORIENTED_EDGE('',*,*,#879,.F.);
#678=ORIENTED_EDGE('',*,*,#745,.F.);
#679=ORIENTED_EDGE('',*,*,#877,.T.);
#680=ORIENTED_EDGE('',*,*,#876,.T.);
#681=ORIENTED_EDGE('',*,*,#880,.F.);
#682=ORIENTED_EDGE('',*,*,#879,.T.);
#683=ORIENTED_EDGE('',*,*,#878,.T.);
#684=ORIENTED_EDGE('',*,*,#881,.F.);
#685=ORIENTED_EDGE('',*,*,#880,.T.);
#686=ORIENTED_EDGE('',*,*,#746,.F.);
#687=ORIENTED_EDGE('',*,*,#881,.T.);
#688=ORIENTED_EDGE('',*,*,#868,.F.);
#689=EDGE_CURVE('',#882,#882,#1014,.T.);
#690=EDGE_CURVE('',#883,#883,#1015,.T.);
#691=EDGE_CURVE('',#884,#884,#1016,.T.);
#692=EDGE_CURVE('',#885,#885,#1017,.T.);
#693=EDGE_CURVE('',#886,#886,#1018,.T.);
#694=EDGE_CURVE('',#887,#887,#1019,.T.);
#695=EDGE_CURVE('',#888,#888,#1020,.T.);
#696=EDGE_CURVE('',#889,#890,#65,.T.);
#697=EDGE_CURVE('',#889,#891,#1021,.F.);
#698=EDGE_CURVE('',#891,#892,#66,.T.);
#699=EDGE_CURVE('',#892,#893,#1022,.T.);
#700=EDGE_CURVE('',#893,#894,#67,.T.);
#701=EDGE_CURVE('',#894,#895,#1023,.T.);
#702=EDGE_CURVE('',#895,#896,#68,.T.);
#703=EDGE_CURVE('',#896,#897,#1024,.F.);
#704=EDGE_CURVE('',#898,#897,#69,.F.);
#705=EDGE_CURVE('',#898,#899,#1025,.T.);
#706=EDGE_CURVE('',#899,#900,#70,.T.);
#707=EDGE_CURVE('',#900,#901,#1026,.F.);
#708=EDGE_CURVE('',#902,#901,#71,.F.);
#709=EDGE_CURVE('',#902,#903,#1027,.T.);
#710=EDGE_CURVE('',#904,#903,#72,.T.);
#711=EDGE_CURVE('',#904,#905,#1028,.T.);
#712=EDGE_CURVE('',#905,#890,#73,.F.);
#713=EDGE_CURVE('',#906,#907,#74,.T.);
#714=EDGE_CURVE('',#906,#908,#1029,.T.);
#715=EDGE_CURVE('',#909,#908,#1030,.T.);
#716=EDGE_CURVE('',#909,#910,#51,.T.);
#717=EDGE_CURVE('',#911,#910,#75,.T.);
#718=EDGE_CURVE('',#907,#911,#1031,.T.);
#719=EDGE_CURVE('',#912,#913,#76,.T.);
#720=EDGE_CURVE('',#913,#914,#77,.T.);
#721=EDGE_CURVE('',#914,#915,#1032,.F.);
#722=EDGE_CURVE('',#915,#890,#78,.T.);
#723=EDGE_CURVE('',#905,#916,#79,.T.);
#724=EDGE_CURVE('',#917,#916,#80,.T.);
#725=EDGE_CURVE('',#917,#918,#81,.T.);
#726=EDGE_CURVE('',#918,#919,#82,.T.);
#727=EDGE_CURVE('',#919,#920,#83,.T.);
#728=EDGE_CURVE('',#921,#920,#84,.T.);
#729=EDGE_CURVE('',#921,#922,#85,.T.);
#730=EDGE_CURVE('',#922,#912,#86,.T.);
#731=EDGE_CURVE('',#923,#892,#87,.T.);
#732=EDGE_CURVE('',#923,#924,#52,.T.);
#733=EDGE_CURVE('',#924,#913,#1033,.F.);
#734=EDGE_CURVE('',#912,#911,#53,.T.);
#735=EDGE_CURVE('',#920,#910,#54,.F.);
#736=EDGE_CURVE('',#919,#925,#1034,.T.);
#737=EDGE_CURVE('',#925,#893,#88,.T.);
#738=EDGE_CURVE('',#926,#927,#1035,.T.);
#739=EDGE_CURVE('',#927,#928,#89,.T.);
#740=EDGE_CURVE('',#922,#928,#1036,.T.);
#741=EDGE_CURVE('',#921,#929,#1037,.T.);
#742=EDGE_CURVE('',#926,#929,#1038,.T.);
#743=EDGE_CURVE('',#928,#907,#90,.F.);
#744=EDGE_CURVE('',#930,#906,#91,.T.);
#745=EDGE_CURVE('',#930,#931,#92,.T.);
#746=EDGE_CURVE('',#931,#932,#55,.T.);
#747=EDGE_CURVE('',#932,#933,#93,.F.);
#748=EDGE_CURVE('',#927,#933,#94,.T.);
#749=EDGE_CURVE('',#906,#927,#95,.F.);
#750=EDGE_CURVE('',#934,#935,#96,.T.);
#751=EDGE_CURVE('',#936,#934,#97,.T.);
#752=EDGE_CURVE('',#937,#936,#98,.T.);
#753=EDGE_CURVE('',#938,#937,#99,.T.);
#754=EDGE_CURVE('',#939,#938,#100,.T.);
#755=EDGE_CURVE('',#935,#939,#101,.T.);
#756=EDGE_CURVE('',#940,#941,#102,.T.);
#757=EDGE_CURVE('',#942,#940,#103,.T.);
#758=EDGE_CURVE('',#943,#942,#104,.T.);
#759=EDGE_CURVE('',#944,#943,#105,.T.);
#760=EDGE_CURVE('',#945,#944,#106,.T.);
#761=EDGE_CURVE('',#941,#945,#107,.T.);
#762=EDGE_CURVE('',#946,#947,#108,.T.);
#763=EDGE_CURVE('',#946,#948,#1039,.T.);
#764=EDGE_CURVE('',#948,#949,#109,.T.);
#765=EDGE_CURVE('',#949,#950,#110,.T.);
#766=EDGE_CURVE('',#951,#950,#111,.T.);
#767=EDGE_CURVE('',#951,#952,#1040,.F.);
#768=EDGE_CURVE('',#952,#953,#112,.T.);
#769=EDGE_CURVE('',#917,#953,#1041,.T.);
#770=EDGE_CURVE('',#916,#954,#1042,.F.);
#771=EDGE_CURVE('',#954,#955,#113,.T.);
#772=EDGE_CURVE('',#947,#955,#114,.T.);
#773=EDGE_CURVE('',#956,#957,#115,.T.);
#774=EDGE_CURVE('',#958,#956,#116,.T.);
#775=EDGE_CURVE('',#958,#959,#117,.T.);
#776=EDGE_CURVE('',#959,#957,#118,.T.);
#777=EDGE_CURVE('',#926,#908,#119,.T.);
#778=EDGE_CURVE('',#960,#961,#1043,.T.);
#779=EDGE_CURVE('',#960,#962,#120,.F.);
#780=EDGE_CURVE('',#962,#963,#121,.T.);
#781=EDGE_CURVE('',#964,#963,#1044,.T.);
#782=EDGE_CURVE('',#964,#965,#122,.F.);
#783=EDGE_CURVE('',#966,#965,#1045,.F.);
#784=EDGE_CURVE('',#967,#966,#123,.T.);
#785=EDGE_CURVE('',#968,#967,#1046,.T.);
#786=EDGE_CURVE('',#968,#969,#124,.F.);
#787=EDGE_CURVE('',#970,#969,#1047,.F.);
#788=EDGE_CURVE('',#971,#970,#125,.T.);
#789=EDGE_CURVE('',#971,#961,#126,.F.);
#790=EDGE_CURVE('',#946,#960,#127,.T.);
#791=EDGE_CURVE('',#962,#947,#128,.T.);
#792=EDGE_CURVE('',#904,#954,#129,.T.);
#793=EDGE_CURVE('',#949,#971,#130,.F.);
#794=EDGE_CURVE('',#970,#950,#131,.F.);
#795=EDGE_CURVE('',#972,#972,#1048,.F.);
#796=EDGE_CURVE('',#973,#973,#1049,.F.);
#797=EDGE_CURVE('',#974,#953,#132,.T.);
#798=EDGE_CURVE('',#918,#974,#1050,.T.);
#799=EDGE_CURVE('',#975,#975,#1051,.F.);
#800=EDGE_CURVE('',#976,#976,#1052,.F.);
#801=EDGE_CURVE('',#977,#977,#1053,.F.);
#802=EDGE_CURVE('',#978,#978,#1054,.F.);
#803=EDGE_CURVE('',#925,#974,#133,.T.);
#804=EDGE_CURVE('',#979,#979,#1055,.T.);
#805=EDGE_CURVE('',#980,#980,#1056,.T.);
#806=EDGE_CURVE('',#981,#981,#1057,.T.);
#807=EDGE_CURVE('',#982,#982,#1058,.T.);
#808=EDGE_CURVE('',#983,#983,#1059,.T.);
#809=EDGE_CURVE('',#952,#894,#134,.F.);
#810=EDGE_CURVE('',#895,#951,#135,.T.);
#811=EDGE_CURVE('',#984,#929,#136,.T.);
#812=EDGE_CURVE('',#909,#984,#56,.F.);
#813=EDGE_CURVE('',#984,#920,#57,.F.);
#814=EDGE_CURVE('',#985,#986,#137,.T.);
#815=EDGE_CURVE('',#986,#987,#138,.T.);
#816=EDGE_CURVE('',#987,#988,#139,.T.);
#817=EDGE_CURVE('',#988,#989,#140,.T.);
#818=EDGE_CURVE('',#989,#990,#141,.T.);
#819=EDGE_CURVE('',#990,#985,#142,.T.);
#820=EDGE_CURVE('',#986,#934,#143,.T.);
#821=EDGE_CURVE('',#985,#936,#144,.T.);
#822=EDGE_CURVE('',#987,#935,#145,.T.);
#823=EDGE_CURVE('',#988,#939,#146,.T.);
#824=EDGE_CURVE('',#989,#938,#147,.T.);
#825=EDGE_CURVE('',#990,#937,#148,.T.);
#826=EDGE_CURVE('',#991,#992,#149,.T.);
#827=EDGE_CURVE('',#992,#993,#150,.T.);
#828=EDGE_CURVE('',#993,#994,#151,.T.);
#829=EDGE_CURVE('',#994,#995,#152,.T.);
#830=EDGE_CURVE('',#995,#996,#153,.T.);
#831=EDGE_CURVE('',#996,#991,#154,.T.);
#832=EDGE_CURVE('',#992,#940,#155,.T.);
#833=EDGE_CURVE('',#991,#942,#156,.T.);
#834=EDGE_CURVE('',#993,#941,#157,.T.);
#835=EDGE_CURVE('',#994,#945,#158,.T.);
#836=EDGE_CURVE('',#995,#944,#159,.T.);
#837=EDGE_CURVE('',#996,#943,#160,.T.);
#838=EDGE_CURVE('',#963,#955,#161,.T.);
#839=EDGE_CURVE('',#961,#948,#162,.F.);
#840=EDGE_CURVE('',#997,#997,#1060,.F.);
#841=EDGE_CURVE('',#998,#998,#1061,.F.);
#842=EDGE_CURVE('',#999,#999,#1062,.F.);
#843=EDGE_CURVE('',#1000,#1000,#1063,.F.);
#844=EDGE_CURVE('',#955,#903,#163,.T.);
#845=EDGE_CURVE('',#902,#964,#164,.F.);
#846=EDGE_CURVE('',#965,#901,#165,.F.);
#847=EDGE_CURVE('',#900,#966,#166,.T.);
#848=EDGE_CURVE('',#969,#897,#167,.F.);
#849=EDGE_CURVE('',#950,#896,#168,.F.);
#850=EDGE_CURVE('',#898,#968,#169,.F.);
#851=EDGE_CURVE('',#967,#899,#170,.T.);
#852=EDGE_CURVE('',#1001,#1002,#171,.T.);
#853=EDGE_CURVE('',#1002,#1003,#58,.T.);
#854=EDGE_CURVE('',#1003,#889,#172,.T.);
#855=EDGE_CURVE('',#915,#1001,#173,.F.);
#856=EDGE_CURVE('',#1004,#1005,#174,.F.);
#857=EDGE_CURVE('',#1005,#923,#175,.T.);
#858=EDGE_CURVE('',#1006,#891,#176,.T.);
#859=EDGE_CURVE('',#1006,#1004,#59,.T.);
#860=EDGE_CURVE('',#1007,#959,#177,.T.);
#861=EDGE_CURVE('',#1008,#958,#178,.T.);
#862=EDGE_CURVE('',#1008,#1007,#179,.T.);
#863=EDGE_CURVE('',#1007,#957,#180,.T.);
#864=EDGE_CURVE('',#1008,#956,#181,.T.);
#865=EDGE_CURVE('',#1009,#1009,#1064,.T.);
#866=EDGE_CURVE('',#924,#930,#182,.F.);
#867=EDGE_CURVE('',#933,#914,#183,.T.);
#868=EDGE_CURVE('',#1010,#1011,#60,.T.);
#869=EDGE_CURVE('',#1011,#1012,#61,.T.);
#870=EDGE_CURVE('',#1013,#1012,#14,.F.);
#871=EDGE_CURVE('',#1013,#1010,#62,.T.);
#872=EDGE_CURVE('',#1003,#1013,#63,.T.);
#873=EDGE_CURVE('',#1012,#1006,#64,.T.);
#874=EDGE_CURVE('',#1001,#933,#15,.F.);
#875=EDGE_CURVE('',#930,#1005,#16,.T.);
#876=EDGE_CURVE('',#1002,#932,#1065,.T.);
#877=EDGE_CURVE('',#1010,#1002,#1066,.T.);
#878=EDGE_CURVE('',#1004,#1011,#1067,.T.);
#879=EDGE_CURVE('',#931,#1004,#1068,.T.);
#880=EDGE_CURVE('',#1010,#932,#1069,.F.);
#881=EDGE_CURVE('',#931,#1011,#1070,.F.);
#882=VERTEX_POINT('',#1965);
#883=VERTEX_POINT('',#1967);
#884=VERTEX_POINT('',#1969);
#885=VERTEX_POINT('',#1971);
#886=VERTEX_POINT('',#1973);
#887=VERTEX_POINT('',#1975);
#888=VERTEX_POINT('',#1977);
#889=VERTEX_POINT('',#1979);
#890=VERTEX_POINT('',#1980);
#891=VERTEX_POINT('',#1982);
#892=VERTEX_POINT('',#1984);
#893=VERTEX_POINT('',#1986);
#894=VERTEX_POINT('',#1988);
#895=VERTEX_POINT('',#1990);
#896=VERTEX_POINT('',#1992);
#897=VERTEX_POINT('',#1994);
#898=VERTEX_POINT('',#1996);
#899=VERTEX_POINT('',#1998);
#900=VERTEX_POINT('',#2000);
#901=VERTEX_POINT('',#2002);
#902=VERTEX_POINT('',#2004);
#903=VERTEX_POINT('',#2006);
#904=VERTEX_POINT('',#2008);
#905=VERTEX_POINT('',#2010);
#906=VERTEX_POINT('',#2014);
#907=VERTEX_POINT('',#2015);
#908=VERTEX_POINT('',#2017);
#909=VERTEX_POINT('',#2019);
#910=VERTEX_POINT('',#2024);
#911=VERTEX_POINT('',#2026);
#912=VERTEX_POINT('',#2030);
#913=VERTEX_POINT('',#2031);
#914=VERTEX_POINT('',#2033);
#915=VERTEX_POINT('',#2035);
#916=VERTEX_POINT('',#2038);
#917=VERTEX_POINT('',#2040);
#918=VERTEX_POINT('',#2042);
#919=VERTEX_POINT('',#2044);
#920=VERTEX_POINT('',#2046);
#921=VERTEX_POINT('',#2048);
#922=VERTEX_POINT('',#2050);
#923=VERTEX_POINT('',#2054);
#924=VERTEX_POINT('',#2060);
#925=VERTEX_POINT('',#2071);
#926=VERTEX_POINT('',#2075);
#927=VERTEX_POINT('',#2076);
#928=VERTEX_POINT('',#2078);
#929=VERTEX_POINT('',#2081);
#930=VERTEX_POINT('',#2087);
#931=VERTEX_POINT('',#2089);
#932=VERTEX_POINT('',#2095);
#933=VERTEX_POINT('',#2097);
#934=VERTEX_POINT('',#2102);
#935=VERTEX_POINT('',#2103);
#936=VERTEX_POINT('',#2105);
#937=VERTEX_POINT('',#2107);
#938=VERTEX_POINT('',#2109);
#939=VERTEX_POINT('',#2111);
#940=VERTEX_POINT('',#2114);
#941=VERTEX_POINT('',#2115);
#942=VERTEX_POINT('',#2117);
#943=VERTEX_POINT('',#2119);
#944=VERTEX_POINT('',#2121);
#945=VERTEX_POINT('',#2123);
#946=VERTEX_POINT('',#2126);
#947=VERTEX_POINT('',#2127);
#948=VERTEX_POINT('',#2129);
#949=VERTEX_POINT('',#2131);
#950=VERTEX_POINT('',#2133);
#951=VERTEX_POINT('',#2135);
#952=VERTEX_POINT('',#2137);
#953=VERTEX_POINT('',#2139);
#954=VERTEX_POINT('',#2142);
#955=VERTEX_POINT('',#2144);
#956=VERTEX_POINT('',#2147);
#957=VERTEX_POINT('',#2148);
#958=VERTEX_POINT('',#2150);
#959=VERTEX_POINT('',#2152);
#960=VERTEX_POINT('',#2158);
#961=VERTEX_POINT('',#2159);
#962=VERTEX_POINT('',#2161);
#963=VERTEX_POINT('',#2163);
#964=VERTEX_POINT('',#2165);
#965=VERTEX_POINT('',#2167);
#966=VERTEX_POINT('',#2169);
#967=VERTEX_POINT('',#2171);
#968=VERTEX_POINT('',#2173);
#969=VERTEX_POINT('',#2175);
#970=VERTEX_POINT('',#2177);
#971=VERTEX_POINT('',#2179);
#972=VERTEX_POINT('',#2191);
#973=VERTEX_POINT('',#2194);
#974=VERTEX_POINT('',#2197);
#975=VERTEX_POINT('',#2201);
#976=VERTEX_POINT('',#2203);
#977=VERTEX_POINT('',#2205);
#978=VERTEX_POINT('',#2207);
#979=VERTEX_POINT('',#2210);
#980=VERTEX_POINT('',#2213);
#981=VERTEX_POINT('',#2216);
#982=VERTEX_POINT('',#2219);
#983=VERTEX_POINT('',#2222);
#984=VERTEX_POINT('',#2229);
#985=VERTEX_POINT('',#2262);
#986=VERTEX_POINT('',#2263);
#987=VERTEX_POINT('',#2265);
#988=VERTEX_POINT('',#2267);
#989=VERTEX_POINT('',#2269);
#990=VERTEX_POINT('',#2271);
#991=VERTEX_POINT('',#2287);
#992=VERTEX_POINT('',#2288);
#993=VERTEX_POINT('',#2290);
#994=VERTEX_POINT('',#2292);
#995=VERTEX_POINT('',#2294);
#996=VERTEX_POINT('',#2296);
#997=VERTEX_POINT('',#2316);
#998=VERTEX_POINT('',#2319);
#999=VERTEX_POINT('',#2322);
#1000=VERTEX_POINT('',#2325);
#1001=VERTEX_POINT('',#2350);
#1002=VERTEX_POINT('',#2351);
#1003=VERTEX_POINT('',#2356);
#1004=VERTEX_POINT('',#2361);
#1005=VERTEX_POINT('',#2362);
#1006=VERTEX_POINT('',#2365);
#1007=VERTEX_POINT('',#2372);
#1008=VERTEX_POINT('',#2374);
#1009=VERTEX_POINT('',#2383);
#1010=VERTEX_POINT('',#2421);
#1011=VERTEX_POINT('',#2422);
#1012=VERTEX_POINT('',#2427);
#1013=VERTEX_POINT('',#2429);
#1014=CIRCLE('',#1437,0.0022);
#1015=CIRCLE('',#1438,0.0022);
#1016=CIRCLE('',#1439,0.0046585);
#1017=CIRCLE('',#1440,0.0046585);
#1018=CIRCLE('',#1441,0.0046585);
#1019=CIRCLE('',#1442,0.0046585);
#1020=CIRCLE('',#1443,0.001963225);
#1021=CIRCLE('',#1444,0.016965);
#1022=CIRCLE('',#1445,0.034606);
#1023=CIRCLE('',#1446,0.0763581124833876);
#1024=CIRCLE('',#1447,0.005662);
#1025=CIRCLE('',#1448,0.005662);
#1026=CIRCLE('',#1449,0.005662);
#1027=CIRCLE('',#1450,0.005662);
#1028=CIRCLE('',#1451,0.0763581124833876);
#1029=CIRCLE('',#1453,0.002662);
#1030=CIRCLE('',#1454,0.00822215944962448);
#1031=CIRCLE('',#1455,0.00683149619667032);
#1032=CIRCLE('',#1457,0.003);
#1033=CIRCLE('',#1459,0.034606);
#1034=CIRCLE('',#1460,0.034606);
#1035=CIRCLE('',#1462,0.002662);
#1036=CIRCLE('',#1463,0.00683149619667032);
#1037=CIRCLE('',#1464,0.002662);
#1038=CIRCLE('',#1465,0.00822215944962448);
#1039=CIRCLE('',#1469,0.0838581124833876);
#1040=CIRCLE('',#1470,0.0763581124833876);
#1041=CIRCLE('',#1471,0.0352715);
#1042=CIRCLE('',#1472,0.0763581124833876);
#1043=CIRCLE('',#1475,0.0838581124833876);
#1044=CIRCLE('',#1476,0.005662);
#1045=CIRCLE('',#1477,0.005662);
#1046=CIRCLE('',#1478,0.005662);
#1047=CIRCLE('',#1479,0.005662);
#1048=CIRCLE('',#1484,0.0022);
#1049=CIRCLE('',#1486,0.0022);
#1050=CIRCLE('',#1488,0.0352715);
#1051=CIRCLE('',#1490,0.00256305);
#1052=CIRCLE('',#1491,0.00256305);
#1053=CIRCLE('',#1492,0.00256305);
#1054=CIRCLE('',#1493,0.00256305);
#1055=CIRCLE('',#1494,0.016965);
#1056=CIRCLE('',#1496,0.0046585);
#1057=CIRCLE('',#1498,0.0046585);
#1058=CIRCLE('',#1500,0.0046585);
#1059=CIRCLE('',#1502,0.0046585);
#1060=CIRCLE('',#1524,0.00256305);
#1061=CIRCLE('',#1526,0.00256305);
#1062=CIRCLE('',#1528,0.00256305);
#1063=CIRCLE('',#1530,0.00256305);
#1064=CIRCLE('',#1552,0.001963225);
#1065=CIRCLE('',#1562,0.003);
#1066=CIRCLE('',#1563,0.003);
#1067=CIRCLE('',#1564,0.003);
#1068=CIRCLE('',#1566,0.003);
#1069=CIRCLE('',#1568,0.003);
#1070=CIRCLE('',#1570,0.003);
#1071=EDGE_LOOP('',(#303));
#1072=EDGE_LOOP('',(#304));
#1073=EDGE_LOOP('',(#305));
#1074=EDGE_LOOP('',(#306));
#1075=EDGE_LOOP('',(#307));
#1076=EDGE_LOOP('',(#308));
#1077=EDGE_LOOP('',(#309));
#1078=EDGE_LOOP('',(#310,#311,#312,#313,#314,#315,#316,#317,#318,#319,#320,
#321,#322,#323,#324,#325,#326));
#1079=EDGE_LOOP('',(#327,#328,#329,#330,#331,#332));
#1080=EDGE_LOOP('',(#333,#334,#335,#336,#337,#338,#339,#340,#341,#342,#343,
#344,#345));
#1081=EDGE_LOOP('',(#346,#347,#348,#349,#350,#351,#352,#353,#354,#355,#356));
#1082=EDGE_LOOP('',(#357,#358,#359,#360,#361,#362));
#1083=EDGE_LOOP('',(#363,#364,#365,#366,#367));
#1084=EDGE_LOOP('',(#368,#369,#370,#371,#372,#373));
#1085=EDGE_LOOP('',(#374,#375,#376,#377,#378,#379));
#1086=EDGE_LOOP('',(#380,#381,#382,#383,#384,#385));
#1087=EDGE_LOOP('',(#386,#387,#388,#389,#390,#391,#392,#393,#394,#395,#396,
#397));
#1088=EDGE_LOOP('',(#398,#399,#400,#401));
#1089=EDGE_LOOP('',(#402,#403,#404,#405));
#1090=EDGE_LOOP('',(#406,#407,#408,#409,#410,#411,#412,#413,#414,#415,#416,
#417));
#1091=EDGE_LOOP('',(#418,#419,#420,#421));
#1092=EDGE_LOOP('',(#422,#423,#424,#425));
#1093=EDGE_LOOP('',(#426,#427,#428,#429));
#1094=EDGE_LOOP('',(#430));
#1095=EDGE_LOOP('',(#431));
#1096=EDGE_LOOP('',(#432));
#1097=EDGE_LOOP('',(#433));
#1098=EDGE_LOOP('',(#434,#435,#436,#437));
#1099=EDGE_LOOP('',(#438));
#1100=EDGE_LOOP('',(#439));
#1101=EDGE_LOOP('',(#440));
#1102=EDGE_LOOP('',(#441));
#1103=EDGE_LOOP('',(#442,#443,#444,#445));
#1104=EDGE_LOOP('',(#446));
#1105=EDGE_LOOP('',(#447));
#1106=EDGE_LOOP('',(#448));
#1107=EDGE_LOOP('',(#449));
#1108=EDGE_LOOP('',(#450));
#1109=EDGE_LOOP('',(#451));
#1110=EDGE_LOOP('',(#452));
#1111=EDGE_LOOP('',(#453));
#1112=EDGE_LOOP('',(#454));
#1113=EDGE_LOOP('',(#455,#456,#457,#458,#459,#460));
#1114=EDGE_LOOP('',(#461,#462,#463,#464));
#1115=EDGE_LOOP('',(#465,#466,#467,#468,#469));
#1116=EDGE_LOOP('',(#470,#471,#472,#473));
#1117=EDGE_LOOP('',(#474,#475,#476,#477));
#1118=EDGE_LOOP('',(#478,#479,#480,#481,#482,#483));
#1119=EDGE_LOOP('',(#484));
#1120=EDGE_LOOP('',(#485,#486,#487,#488));
#1121=EDGE_LOOP('',(#489,#490,#491,#492));
#1122=EDGE_LOOP('',(#493,#494,#495,#496));
#1123=EDGE_LOOP('',(#497,#498,#499,#500));
#1124=EDGE_LOOP('',(#501,#502,#503,#504));
#1125=EDGE_LOOP('',(#505,#506,#507,#508));
#1126=EDGE_LOOP('',(#509,#510,#511,#512,#513,#514));
#1127=EDGE_LOOP('',(#515));
#1128=EDGE_LOOP('',(#516,#517,#518,#519));
#1129=EDGE_LOOP('',(#520,#521,#522,#523));
#1130=EDGE_LOOP('',(#524,#525,#526,#527));
#1131=EDGE_LOOP('',(#528,#529,#530,#531));
#1132=EDGE_LOOP('',(#532,#533,#534,#535));
#1133=EDGE_LOOP('',(#536,#537,#538,#539));
#1134=EDGE_LOOP('',(#540,#541,#542,#543));
#1135=EDGE_LOOP('',(#544,#545,#546,#547));
#1136=EDGE_LOOP('',(#548));
#1137=EDGE_LOOP('',(#549));
#1138=EDGE_LOOP('',(#550));
#1139=EDGE_LOOP('',(#551));
#1140=EDGE_LOOP('',(#552));
#1141=EDGE_LOOP('',(#553));
#1142=EDGE_LOOP('',(#554));
#1143=EDGE_LOOP('',(#555));
#1144=EDGE_LOOP('',(#556,#557,#558,#559,#560));
#1145=EDGE_LOOP('',(#561,#562,#563,#564));
#1146=EDGE_LOOP('',(#565,#566,#567,#568));
#1147=EDGE_LOOP('',(#569,#570,#571,#572,#573));
#1148=EDGE_LOOP('',(#574,#575,#576,#577));
#1149=EDGE_LOOP('',(#578,#579,#580,#581));
#1150=EDGE_LOOP('',(#582,#583,#584,#585));
#1151=EDGE_LOOP('',(#586,#587,#588,#589));
#1152=EDGE_LOOP('',(#590,#591,#592,#593));
#1153=EDGE_LOOP('',(#594,#595,#596,#597));
#1154=EDGE_LOOP('',(#598));
#1155=EDGE_LOOP('',(#599));
#1156=EDGE_LOOP('',(#600));
#1157=EDGE_LOOP('',(#601));
#1158=EDGE_LOOP('',(#602));
#1159=EDGE_LOOP('',(#603));
#1160=EDGE_LOOP('',(#604));
#1161=EDGE_LOOP('',(#605));
#1162=EDGE_LOOP('',(#606,#607,#608,#609,#610,#611));
#1163=EDGE_LOOP('',(#612,#613,#614,#615,#616,#617));
#1164=EDGE_LOOP('',(#618,#619,#620,#621));
#1165=EDGE_LOOP('',(#622,#623,#624,#625));
#1166=EDGE_LOOP('',(#626,#627,#628));
#1167=EDGE_LOOP('',(#629,#630,#631));
#1168=EDGE_LOOP('',(#632));
#1169=EDGE_LOOP('',(#633));
#1170=EDGE_LOOP('',(#634));
#1171=EDGE_LOOP('',(#635,#636,#637,#638,#639,#640,#641,#642,#643));
#1172=EDGE_LOOP('',(#644,#645,#646,#647));
#1173=EDGE_LOOP('',(#648,#649,#650,#651,#652,#653));
#1174=EDGE_LOOP('',(#654));
#1175=EDGE_LOOP('',(#655,#656,#657,#658));
#1176=EDGE_LOOP('',(#659,#660,#661,#662));
#1177=EDGE_LOOP('',(#663,#664,#665,#666));
#1178=EDGE_LOOP('',(#667,#668,#669,#670));
#1179=EDGE_LOOP('',(#671,#672,#673,#674));
#1180=EDGE_LOOP('',(#675,#676,#677,#678));
#1181=EDGE_LOOP('',(#679,#680,#681));
#1182=EDGE_LOOP('',(#682,#683,#684));
#1183=EDGE_LOOP('',(#685,#686,#687,#688));
#1184=FACE_BOUND('',#1071,.T.);
#1185=FACE_BOUND('',#1072,.T.);
#1186=FACE_BOUND('',#1073,.T.);
#1187=FACE_BOUND('',#1074,.T.);
#1188=FACE_BOUND('',#1075,.T.);
#1189=FACE_BOUND('',#1076,.T.);
#1190=FACE_BOUND('',#1077,.T.);
#1191=FACE_BOUND('',#1078,.T.);
#1192=FACE_BOUND('',#1079,.T.);
#1193=FACE_BOUND('',#1080,.T.);
#1194=FACE_BOUND('',#1081,.T.);
#1195=FACE_BOUND('',#1082,.T.);
#1196=FACE_BOUND('',#1083,.T.);
#1197=FACE_BOUND('',#1084,.T.);
#1198=FACE_BOUND('',#1085,.T.);
#1199=FACE_BOUND('',#1086,.T.);
#1200=FACE_BOUND('',#1087,.T.);
#1201=FACE_BOUND('',#1088,.T.);
#1202=FACE_BOUND('',#1089,.T.);
#1203=FACE_BOUND('',#1090,.T.);
#1204=FACE_BOUND('',#1091,.T.);
#1205=FACE_BOUND('',#1092,.T.);
#1206=FACE_BOUND('',#1093,.T.);
#1207=FACE_BOUND('',#1094,.T.);
#1208=FACE_BOUND('',#1095,.T.);
#1209=FACE_BOUND('',#1096,.T.);
#1210=FACE_BOUND('',#1097,.T.);
#1211=FACE_BOUND('',#1098,.T.);
#1212=FACE_BOUND('',#1099,.T.);
#1213=FACE_BOUND('',#1100,.T.);
#1214=FACE_BOUND('',#1101,.T.);
#1215=FACE_BOUND('',#1102,.T.);
#1216=FACE_BOUND('',#1103,.T.);
#1217=FACE_BOUND('',#1104,.T.);
#1218=FACE_BOUND('',#1105,.T.);
#1219=FACE_BOUND('',#1106,.T.);
#1220=FACE_BOUND('',#1107,.T.);
#1221=FACE_BOUND('',#1108,.T.);
#1222=FACE_BOUND('',#1109,.T.);
#1223=FACE_BOUND('',#1110,.T.);
#1224=FACE_BOUND('',#1111,.T.);
#1225=FACE_BOUND('',#1112,.T.);
#1226=FACE_BOUND('',#1113,.T.);
#1227=FACE_BOUND('',#1114,.T.);
#1228=FACE_BOUND('',#1115,.T.);
#1229=FACE_BOUND('',#1116,.T.);
#1230=FACE_BOUND('',#1117,.T.);
#1231=FACE_BOUND('',#1118,.T.);
#1232=FACE_BOUND('',#1119,.T.);
#1233=FACE_BOUND('',#1120,.T.);
#1234=FACE_BOUND('',#1121,.T.);
#1235=FACE_BOUND('',#1122,.T.);
#1236=FACE_BOUND('',#1123,.T.);
#1237=FACE_BOUND('',#1124,.T.);
#1238=FACE_BOUND('',#1125,.T.);
#1239=FACE_BOUND('',#1126,.T.);
#1240=FACE_BOUND('',#1127,.T.);
#1241=FACE_BOUND('',#1128,.T.);
#1242=FACE_BOUND('',#1129,.T.);
#1243=FACE_BOUND('',#1130,.T.);
#1244=FACE_BOUND('',#1131,.T.);
#1245=FACE_BOUND('',#1132,.T.);
#1246=FACE_BOUND('',#1133,.T.);
#1247=FACE_BOUND('',#1134,.T.);
#1248=FACE_BOUND('',#1135,.T.);
#1249=FACE_BOUND('',#1136,.T.);
#1250=FACE_BOUND('',#1137,.T.);
#1251=FACE_BOUND('',#1138,.T.);
#1252=FACE_BOUND('',#1139,.T.);
#1253=FACE_BOUND('',#1140,.T.);
#1254=FACE_BOUND('',#1141,.T.);
#1255=FACE_BOUND('',#1142,.T.);
#1256=FACE_BOUND('',#1143,.T.);
#1257=FACE_BOUND('',#1144,.T.);
#1258=FACE_BOUND('',#1145,.T.);
#1259=FACE_BOUND('',#1146,.T.);
#1260=FACE_BOUND('',#1147,.T.);
#1261=FACE_BOUND('',#1148,.T.);
#1262=FACE_BOUND('',#1149,.T.);
#1263=FACE_BOUND('',#1150,.T.);
#1264=FACE_BOUND('',#1151,.T.);
#1265=FACE_BOUND('',#1152,.T.);
#1266=FACE_BOUND('',#1153,.T.);
#1267=FACE_BOUND('',#1154,.T.);
#1268=FACE_BOUND('',#1155,.T.);
#1269=FACE_BOUND('',#1156,.T.);
#1270=FACE_BOUND('',#1157,.T.);
#1271=FACE_BOUND('',#1158,.T.);
#1272=FACE_BOUND('',#1159,.T.);
#1273=FACE_BOUND('',#1160,.T.);
#1274=FACE_BOUND('',#1161,.T.);
#1275=FACE_BOUND('',#1162,.T.);
#1276=FACE_BOUND('',#1163,.T.);
#1277=FACE_BOUND('',#1164,.T.);
#1278=FACE_BOUND('',#1165,.T.);
#1279=FACE_BOUND('',#1166,.T.);
#1280=FACE_BOUND('',#1167,.T.);
#1281=FACE_BOUND('',#1168,.T.);
#1282=FACE_BOUND('',#1169,.T.);
#1283=FACE_BOUND('',#1170,.T.);
#1284=FACE_BOUND('',#1171,.T.);
#1285=FACE_BOUND('',#1172,.T.);
#1286=FACE_BOUND('',#1173,.T.);
#1287=FACE_BOUND('',#1174,.T.);
#1288=FACE_BOUND('',#1175,.T.);
#1289=FACE_BOUND('',#1176,.T.);
#1290=FACE_BOUND('',#1177,.T.);
#1291=FACE_BOUND('',#1178,.T.);
#1292=FACE_BOUND('',#1179,.T.);
#1293=FACE_BOUND('',#1180,.T.);
#1294=FACE_BOUND('',#1181,.T.);
#1295=FACE_BOUND('',#1182,.T.);
#1296=FACE_BOUND('',#1183,.T.);
#1297=PLANE('',#1436);
#1298=PLANE('',#1452);
#1299=PLANE('',#1456);
#1300=PLANE('',#1461);
#1301=PLANE('',#1467);
#1302=PLANE('',#1468);
#1303=PLANE('',#1474);
#1304=PLANE('',#1480);
#1305=PLANE('',#1482);
#1306=PLANE('',#1489);
#1307=PLANE('',#1503);
#1308=PLANE('',#1507);
#1309=PLANE('',#1508);
#1310=PLANE('',#1509);
#1311=PLANE('',#1510);
#1312=PLANE('',#1511);
#1313=PLANE('',#1512);
#1314=PLANE('',#1513);
#1315=PLANE('',#1514);
#1316=PLANE('',#1515);
#1317=PLANE('',#1516);
#1318=PLANE('',#1517);
#1319=PLANE('',#1518);
#1320=PLANE('',#1519);
#1321=PLANE('',#1520);
#1322=PLANE('',#1521);
#1323=PLANE('',#1522);
#1324=PLANE('',#1523);
#1325=PLANE('',#1525);
#1326=PLANE('',#1527);
#1327=PLANE('',#1529);
#1328=PLANE('',#1532);
#1329=PLANE('',#1535);
#1330=PLANE('',#1537);
#1331=PLANE('',#1538);
#1332=PLANE('',#1539);
#1333=PLANE('',#1545);
#1334=PLANE('',#1546);
#1335=PLANE('',#1547);
#1336=PLANE('',#1548);
#1337=PLANE('',#1549);
#1338=PLANE('',#1550);
#1339=PLANE('',#1551);
#1340=PLANE('',#1554);
#1341=ADVANCED_FACE('',(#1184,#1185,#1186,#1187,#1188,#1189,#1190,#1191),
#1297,.T.);
#1342=ADVANCED_FACE('',(#1192),#1298,.F.);
#1343=ADVANCED_FACE('',(#1193),#1299,.T.);
#1344=ADVANCED_FACE('',(#1194),#22,.T.);
#1345=ADVANCED_FACE('',(#1195),#1300,.T.);
#1346=ADVANCED_FACE('',(#1196),#23,.T.);
#1347=ADVANCED_FACE('',(#1197),#1301,.F.);
#1348=ADVANCED_FACE('',(#1198,#1199,#1200,#1201),#1302,.F.);
#1349=ADVANCED_FACE('',(#1202),#24,.T.);
#1350=ADVANCED_FACE('',(#1203),#1303,.F.);
#1351=ADVANCED_FACE('',(#1204),#1304,.T.);
#1352=ADVANCED_FACE('',(#1205),#25,.T.);
#1353=ADVANCED_FACE('',(#1206),#1305,.T.);
#1354=ADVANCED_FACE('',(#1207,#1208),#26,.F.);
#1355=ADVANCED_FACE('',(#1209,#1210),#27,.F.);
#1356=ADVANCED_FACE('',(#1211),#28,.T.);
#1357=ADVANCED_FACE('',(#1212,#1213,#1214,#1215,#1216,#1217),#1306,.F.);
#1358=ADVANCED_FACE('',(#1218,#1219),#29,.F.);
#1359=ADVANCED_FACE('',(#1220,#1221),#30,.F.);
#1360=ADVANCED_FACE('',(#1222,#1223),#31,.F.);
#1361=ADVANCED_FACE('',(#1224,#1225),#32,.F.);
#1362=ADVANCED_FACE('',(#1226),#1307,.T.);
#1363=ADVANCED_FACE('',(#1227),#33,.T.);
#1364=ADVANCED_FACE('',(#1228),#34,.F.);
#1365=ADVANCED_FACE('',(#1229),#35,.T.);
#1366=ADVANCED_FACE('',(#1230),#21,.F.);
#1367=ADVANCED_FACE('',(#1231,#1232),#1308,.T.);
#1368=ADVANCED_FACE('',(#1233),#1309,.F.);
#1369=ADVANCED_FACE('',(#1234),#1310,.F.);
#1370=ADVANCED_FACE('',(#1235),#1311,.F.);
#1371=ADVANCED_FACE('',(#1236),#1312,.F.);
#1372=ADVANCED_FACE('',(#1237),#1313,.F.);
#1373=ADVANCED_FACE('',(#1238),#1314,.F.);
#1374=ADVANCED_FACE('',(#1239,#1240),#1315,.T.);
#1375=ADVANCED_FACE('',(#1241),#1316,.F.);
#1376=ADVANCED_FACE('',(#1242),#1317,.F.);
#1377=ADVANCED_FACE('',(#1243),#1318,.F.);
#1378=ADVANCED_FACE('',(#1244),#1319,.F.);
#1379=ADVANCED_FACE('',(#1245),#1320,.F.);
#1380=ADVANCED_FACE('',(#1246),#1321,.F.);
#1381=ADVANCED_FACE('',(#1247),#1322,.T.);
#1382=ADVANCED_FACE('',(#1248),#1323,.T.);
#1383=ADVANCED_FACE('',(#1249,#1250),#1324,.T.);
#1384=ADVANCED_FACE('',(#1251,#1252),#1325,.T.);
#1385=ADVANCED_FACE('',(#1253,#1254),#1326,.T.);
#1386=ADVANCED_FACE('',(#1255,#1256),#1327,.T.);
#1387=ADVANCED_FACE('',(#1257),#36,.T.);
#1388=ADVANCED_FACE('',(#1258),#1328,.T.);
#1389=ADVANCED_FACE('',(#1259),#37,.T.);
#1390=ADVANCED_FACE('',(#1260),#38,.T.);
#1391=ADVANCED_FACE('',(#1261),#1329,.T.);
#1392=ADVANCED_FACE('',(#1262),#39,.T.);
#1393=ADVANCED_FACE('',(#1263),#1330,.T.);
#1394=ADVANCED_FACE('',(#1264),#1331,.F.);
#1395=ADVANCED_FACE('',(#1265),#1332,.T.);
#1396=ADVANCED_FACE('',(#1266),#40,.F.);
#1397=ADVANCED_FACE('',(#1267,#1268),#41,.F.);
#1398=ADVANCED_FACE('',(#1269,#1270),#42,.F.);
#1399=ADVANCED_FACE('',(#1271,#1272),#43,.F.);
#1400=ADVANCED_FACE('',(#1273,#1274),#44,.F.);
#1401=ADVANCED_FACE('',(#1275),#1333,.T.);
#1402=ADVANCED_FACE('',(#1276),#1334,.F.);
#1403=ADVANCED_FACE('',(#1277),#1335,.F.);
#1404=ADVANCED_FACE('',(#1278),#1336,.T.);
#1405=ADVANCED_FACE('',(#1279),#1337,.T.);
#1406=ADVANCED_FACE('',(#1280),#1338,.F.);
#1407=ADVANCED_FACE('',(#1281),#1339,.T.);
#1408=ADVANCED_FACE('',(#1282,#1283),#45,.F.);
#1409=ADVANCED_FACE('',(#1284),#1340,.T.);
#1410=ADVANCED_FACE('',(#1285),#17,.T.);
#1411=ADVANCED_FACE('',(#1286,#1287),#46,.F.);
#1412=ADVANCED_FACE('',(#1288),#47,.F.);
#1413=ADVANCED_FACE('',(#1289),#48,.F.);
#1414=ADVANCED_FACE('',(#1290),#49,.F.);
#1415=ADVANCED_FACE('',(#1291),#18,.F.);
#1416=ADVANCED_FACE('',(#1292),#19,.F.);
#1417=ADVANCED_FACE('',(#1293),#50,.F.);
#1418=ADVANCED_FACE('',(#1294),#12,.F.);
#1419=ADVANCED_FACE('',(#1295),#13,.F.);
#1420=ADVANCED_FACE('',(#1296),#20,.F.);
#1421=CLOSED_SHELL('',(#1341,#1342,#1343,#1344,#1345,#1346,#1347,#1348,
#1349,#1350,#1351,#1352,#1353,#1354,#1355,#1356,#1357,#1358,#1359,#1360,
#1361,#1362,#1363,#1364,#1365,#1366,#1367,#1368,#1369,#1370,#1371,#1372,
#1373,#1374,#1375,#1376,#1377,#1378,#1379,#1380,#1381,#1382,#1383,#1384,
#1385,#1386,#1387,#1388,#1389,#1390,#1391,#1392,#1393,#1394,#1395,#1396,
#1397,#1398,#1399,#1400,#1401,#1402,#1403,#1404,#1405,#1406,#1407,#1408,
#1409,#1410,#1411,#1412,#1413,#1414,#1415,#1416,#1417,#1418,#1419,#1420));
#1422=STYLED_ITEM('',(#1423),#1432);
#1423=PRESENTATION_STYLE_ASSIGNMENT((#1424));
#1424=SURFACE_STYLE_USAGE(.BOTH.,#1425);
#1425=SURFACE_SIDE_STYLE('',(#1428,#1426));
#1426=SURFACE_STYLE_RENDERING_WITH_PROPERTIES(.CONSTANT_SHADING.,#1431,
(#1427));
#1427=SURFACE_STYLE_TRANSPARENT(0.443137254901961);
#1428=SURFACE_STYLE_FILL_AREA(#1429);
#1429=FILL_AREA_STYLE('',(#1430));
#1430=FILL_AREA_STYLE_COLOUR('',#1431);
#1431=COLOUR_RGB('',0.792156862745098,0.819607843137255,0.933333333333333);
#1432=MANIFOLD_SOLID_BREP('pan arm',#1421);
#1433=SHAPE_DEFINITION_REPRESENTATION(#2505,#1434);
#1434=SHAPE_REPRESENTATION('pan arm',(#1435),#2500);
#1435=AXIS2_PLACEMENT_3D('',#1962,#1571,#1572);
#1436=AXIS2_PLACEMENT_3D('',#1963,#1573,#1574);
#1437=AXIS2_PLACEMENT_3D('',#1964,#1575,#1576);
#1438=AXIS2_PLACEMENT_3D('',#1966,#1577,#1578);
#1439=AXIS2_PLACEMENT_3D('',#1968,#1579,#1580);
#1440=AXIS2_PLACEMENT_3D('',#1970,#1581,#1582);
#1441=AXIS2_PLACEMENT_3D('',#1972,#1583,#1584);
#1442=AXIS2_PLACEMENT_3D('',#1974,#1585,#1586);
#1443=AXIS2_PLACEMENT_3D('',#1976,#1587,#1588);
#1444=AXIS2_PLACEMENT_3D('',#1981,#1590,#1591);
#1445=AXIS2_PLACEMENT_3D('',#1985,#1593,#1594);
#1446=AXIS2_PLACEMENT_3D('',#1989,#1596,#1597);
#1447=AXIS2_PLACEMENT_3D('',#1993,#1599,#1600);
#1448=AXIS2_PLACEMENT_3D('',#1997,#1602,#1603);
#1449=AXIS2_PLACEMENT_3D('',#2001,#1605,#1606);
#1450=AXIS2_PLACEMENT_3D('',#2005,#1608,#1609);
#1451=AXIS2_PLACEMENT_3D('',#2009,#1611,#1612);
#1452=AXIS2_PLACEMENT_3D('',#2012,#1614,#1615);
#1453=AXIS2_PLACEMENT_3D('',#2016,#1617,#1618);
#1454=AXIS2_PLACEMENT_3D('',#2018,#1619,#1620);
#1455=AXIS2_PLACEMENT_3D('',#2027,#1622,#1623);
#1456=AXIS2_PLACEMENT_3D('',#2028,#1624,#1625);
#1457=AXIS2_PLACEMENT_3D('',#2034,#1628,#1629);
#1458=AXIS2_PLACEMENT_3D('',#2052,#1639,#1640);
#1459=AXIS2_PLACEMENT_3D('',#2061,#1642,#1643);
#1460=AXIS2_PLACEMENT_3D('',#2070,#1644,#1645);
#1461=AXIS2_PLACEMENT_3D('',#2073,#1647,#1648);
#1462=AXIS2_PLACEMENT_3D('',#2074,#1649,#1650);
#1463=AXIS2_PLACEMENT_3D('',#2079,#1652,#1653);
#1464=AXIS2_PLACEMENT_3D('',#2080,#1654,#1655);
#1465=AXIS2_PLACEMENT_3D('',#2082,#1656,#1657);
#1466=AXIS2_PLACEMENT_3D('',#2083,#1658,#1659);
#1467=AXIS2_PLACEMENT_3D('',#2085,#1661,#1662);
#1468=AXIS2_PLACEMENT_3D('',#2100,#1668,#1669);
#1469=AXIS2_PLACEMENT_3D('',#2128,#1683,#1684);
#1470=AXIS2_PLACEMENT_3D('',#2136,#1688,#1689);
#1471=AXIS2_PLACEMENT_3D('',#2140,#1691,#1692);
#1472=AXIS2_PLACEMENT_3D('',#2141,#1693,#1694);
#1473=AXIS2_PLACEMENT_3D('',#2154,#1701,#1702);
#1474=AXIS2_PLACEMENT_3D('',#2156,#1704,#1705);
#1475=AXIS2_PLACEMENT_3D('',#2157,#1706,#1707);
#1476=AXIS2_PLACEMENT_3D('',#2164,#1710,#1711);
#1477=AXIS2_PLACEMENT_3D('',#2168,#1713,#1714);
#1478=AXIS2_PLACEMENT_3D('',#2172,#1716,#1717);
#1479=AXIS2_PLACEMENT_3D('',#2176,#1719,#1720);
#1480=AXIS2_PLACEMENT_3D('',#2181,#1723,#1724);
#1481=AXIS2_PLACEMENT_3D('',#2184,#1727,#1728);
#1482=AXIS2_PLACEMENT_3D('',#2186,#1730,#1731);
#1483=AXIS2_PLACEMENT_3D('',#2189,#1734,#1735);
#1484=AXIS2_PLACEMENT_3D('',#2190,#1736,#1737);
#1485=AXIS2_PLACEMENT_3D('',#2192,#1738,#1739);
#1486=AXIS2_PLACEMENT_3D('',#2193,#1740,#1741);
#1487=AXIS2_PLACEMENT_3D('',#2195,#1742,#1743);
#1488=AXIS2_PLACEMENT_3D('',#2198,#1745,#1746);
#1489=AXIS2_PLACEMENT_3D('',#2199,#1747,#1748);
#1490=AXIS2_PLACEMENT_3D('',#2200,#1749,#1750);
#1491=AXIS2_PLACEMENT_3D('',#2202,#1751,#1752);
#1492=AXIS2_PLACEMENT_3D('',#2204,#1753,#1754);
#1493=AXIS2_PLACEMENT_3D('',#2206,#1755,#1756);
#1494=AXIS2_PLACEMENT_3D('',#2209,#1758,#1759);
#1495=AXIS2_PLACEMENT_3D('',#2211,#1760,#1761);
#1496=AXIS2_PLACEMENT_3D('',#2212,#1762,#1763);
#1497=AXIS2_PLACEMENT_3D('',#2214,#1764,#1765);
#1498=AXIS2_PLACEMENT_3D('',#2215,#1766,#1767);
#1499=AXIS2_PLACEMENT_3D('',#2217,#1768,#1769);
#1500=AXIS2_PLACEMENT_3D('',#2218,#1770,#1771);
#1501=AXIS2_PLACEMENT_3D('',#2220,#1772,#1773);
#1502=AXIS2_PLACEMENT_3D('',#2221,#1774,#1775);
#1503=AXIS2_PLACEMENT_3D('',#2223,#1776,#1777);
#1504=AXIS2_PLACEMENT_3D('',#2225,#1779,#1780);
#1505=AXIS2_PLACEMENT_3D('',#2227,#1782,#1783);
#1506=AXIS2_PLACEMENT_3D('',#2234,#1785,#1786);
#1507=AXIS2_PLACEMENT_3D('',#2260,#1787,#1788);
#1508=AXIS2_PLACEMENT_3D('',#2273,#1795,#1796);
#1509=AXIS2_PLACEMENT_3D('',#2276,#1799,#1800);
#1510=AXIS2_PLACEMENT_3D('',#2278,#1802,#1803);
#1511=AXIS2_PLACEMENT_3D('',#2280,#1805,#1806);
#1512=AXIS2_PLACEMENT_3D('',#2282,#1808,#1809);
#1513=AXIS2_PLACEMENT_3D('',#2284,#1811,#1812);
#1514=AXIS2_PLACEMENT_3D('',#2285,#1813,#1814);
#1515=AXIS2_PLACEMENT_3D('',#2298,#1821,#1822);
#1516=AXIS2_PLACEMENT_3D('',#2301,#1825,#1826);
#1517=AXIS2_PLACEMENT_3D('',#2303,#1828,#1829);
#1518=AXIS2_PLACEMENT_3D('',#2305,#1831,#1832);
#1519=AXIS2_PLACEMENT_3D('',#2307,#1834,#1835);
#1520=AXIS2_PLACEMENT_3D('',#2309,#1837,#1838);
#1521=AXIS2_PLACEMENT_3D('',#2310,#1839,#1840);
#1522=AXIS2_PLACEMENT_3D('',#2312,#1842,#1843);
#1523=AXIS2_PLACEMENT_3D('',#2314,#1845,#1846);
#1524=AXIS2_PLACEMENT_3D('',#2315,#1847,#1848);
#1525=AXIS2_PLACEMENT_3D('',#2317,#1849,#1850);
#1526=AXIS2_PLACEMENT_3D('',#2318,#1851,#1852);
#1527=AXIS2_PLACEMENT_3D('',#2320,#1853,#1854);
#1528=AXIS2_PLACEMENT_3D('',#2321,#1855,#1856);
#1529=AXIS2_PLACEMENT_3D('',#2323,#1857,#1858);
#1530=AXIS2_PLACEMENT_3D('',#2324,#1859,#1860);
#1531=AXIS2_PLACEMENT_3D('',#2326,#1861,#1862);
#1532=AXIS2_PLACEMENT_3D('',#2329,#1865,#1866);
#1533=AXIS2_PLACEMENT_3D('',#2331,#1868,#1869);
#1534=AXIS2_PLACEMENT_3D('',#2333,#1871,#1872);
#1535=AXIS2_PLACEMENT_3D('',#2336,#1875,#1876);
#1536=AXIS2_PLACEMENT_3D('',#2338,#1878,#1879);
#1537=AXIS2_PLACEMENT_3D('',#2340,#1881,#1882);
#1538=AXIS2_PLACEMENT_3D('',#2341,#1883,#1884);
#1539=AXIS2_PLACEMENT_3D('',#2342,#1885,#1886);
#1540=AXIS2_PLACEMENT_3D('',#2343,#1887,#1888);
#1541=AXIS2_PLACEMENT_3D('',#2344,#1889,#1890);
#1542=AXIS2_PLACEMENT_3D('',#2345,#1891,#1892);
#1543=AXIS2_PLACEMENT_3D('',#2346,#1893,#1894);
#1544=AXIS2_PLACEMENT_3D('',#2347,#1895,#1896);
#1545=AXIS2_PLACEMENT_3D('',#2348,#1897,#1898);
#1546=AXIS2_PLACEMENT_3D('',#2359,#1902,#1903);
#1547=AXIS2_PLACEMENT_3D('',#2370,#1907,#1908);
#1548=AXIS2_PLACEMENT_3D('',#2376,#1912,#1913);
#1549=AXIS2_PLACEMENT_3D('',#2379,#1916,#1917);
#1550=AXIS2_PLACEMENT_3D('',#2380,#1918,#1919);
#1551=AXIS2_PLACEMENT_3D('',#2381,#1920,#1921);
#1552=AXIS2_PLACEMENT_3D('',#2382,#1922,#1923);
#1553=AXIS2_PLACEMENT_3D('',#2384,#1924,#1925);
#1554=AXIS2_PLACEMENT_3D('',#2385,#1926,#1927);
#1555=AXIS2_PLACEMENT_3D('',#2428,#1930,#1931);
#1556=AXIS2_PLACEMENT_3D('',#2434,#1932,#1933);
#1557=AXIS2_PLACEMENT_3D('',#2446,#1934,#1935);
#1558=AXIS2_PLACEMENT_3D('',#2447,#1936,#1937);
#1559=AXIS2_PLACEMENT_3D('',#2448,#1938,#1939);
#1560=AXIS2_PLACEMENT_3D('',#2449,#1940,#1941);
#1561=AXIS2_PLACEMENT_3D('',#2450,#1942,#1943);
#1562=AXIS2_PLACEMENT_3D('',#2451,#1944,#1945);
#1563=AXIS2_PLACEMENT_3D('',#2464,#1946,#1947);
#1564=AXIS2_PLACEMENT_3D('',#2477,#1948,#1949);
#1565=AXIS2_PLACEMENT_3D('',#2478,#1950,#1951);
#1566=AXIS2_PLACEMENT_3D('',#2479,#1952,#1953);
#1567=AXIS2_PLACEMENT_3D('',#2480,#1954,#1955);
#1568=AXIS2_PLACEMENT_3D('',#2481,#1956,#1957);
#1569=AXIS2_PLACEMENT_3D('',#2482,#1958,#1959);
#1570=AXIS2_PLACEMENT_3D('',#2483,#1960,#1961);
#1571=DIRECTION('',(0.,0.,1.));
#1572=DIRECTION('',(1.,0.,0.));
#1573=DIRECTION('',(0.,0.,1.));
#1574=DIRECTION('',(0.,1.,0.));
#1575=DIRECTION('',(0.,0.,1.));
#1576=DIRECTION('',(1.,0.,0.));
#1577=DIRECTION('',(0.,0.,1.));
#1578=DIRECTION('',(1.,0.,0.));
#1579=DIRECTION('',(0.,0.,-1.));
#1580=DIRECTION('',(-1.,0.,0.));
#1581=DIRECTION('',(0.,0.,-1.));
#1582=DIRECTION('',(-1.,0.,0.));
#1583=DIRECTION('',(0.,0.,-1.));
#1584=DIRECTION('',(-1.,0.,0.));
#1585=DIRECTION('',(0.,0.,-1.));
#1586=DIRECTION('',(-1.,0.,0.));
#1587=DIRECTION('',(0.,0.,-1.));
#1588=DIRECTION('',(-1.,0.,0.));
#1589=DIRECTION('',(-1.,0.,0.));
#1590=DIRECTION('',(0.,0.,1.));
#1591=DIRECTION('',(1.,0.,0.));
#1592=DIRECTION('',(-1.,0.,0.));
#1593=DIRECTION('',(0.,0.,1.));
#1594=DIRECTION('',(1.,0.,0.));
#1595=DIRECTION('',(0.,1.,0.));
#1596=DIRECTION('',(0.,0.,1.));
#1597=DIRECTION('',(1.,0.,0.));
#1598=DIRECTION('',(0.,1.,0.));
#1599=DIRECTION('',(0.,0.,-1.));
#1600=DIRECTION('',(-1.,0.,0.));
#1601=DIRECTION('',(-0.707106781186546,0.707106781186549,0.));
#1602=DIRECTION('',(0.,0.,1.));
#1603=DIRECTION('',(1.,0.,0.));
#1604=DIRECTION('',(-1.,0.,0.));
#1605=DIRECTION('',(0.,0.,-1.));
#1606=DIRECTION('',(-1.,0.,0.));
#1607=DIRECTION('',(-0.707106781186548,-0.707106781186548,0.));
#1608=DIRECTION('',(0.,0.,1.));
#1609=DIRECTION('',(1.,0.,0.));
#1610=DIRECTION('',(0.,1.,0.));
#1611=DIRECTION('',(0.,0.,1.));
#1612=DIRECTION('',(1.,0.,0.));
#1613=DIRECTION('',(0.,1.,0.));
#1614=DIRECTION('',(0.,-1.,0.));
#1615=DIRECTION('',(0.,0.,1.));
#1616=DIRECTION('',(-1.,0.,0.));
#1617=DIRECTION('',(0.,-1.,0.));
#1618=DIRECTION('',(-0.537991905851524,0.,0.842950003996824));
#1619=DIRECTION('',(0.,-1.,0.));
#1620=DIRECTION('',(0.,0.,1.));
#1621=DIRECTION('',(0.,0.,-1.));
#1622=DIRECTION('',(0.,1.,0.));
#1623=DIRECTION('',(0.,0.,-1.));
#1624=DIRECTION('',(-1.,0.,0.));
#1625=DIRECTION('',(0.,-1.,0.));
#1626=DIRECTION('',(0.,0.,1.));
#1627=DIRECTION('',(0.,1.,0.));
#1628=DIRECTION('',(-1.,0.,0.));
#1629=DIRECTION('',(0.,0.,1.));
#1630=DIRECTION('',(0.,0.,1.));
#1631=DIRECTION('',(0.,0.,-1.));
#1632=DIRECTION('',(0.,1.,0.));
#1633=DIRECTION('',(0.,0.,-1.));
#1634=DIRECTION('',(0.,-1.,0.));
#1635=DIRECTION('',(0.,0.,1.));
#1636=DIRECTION('',(0.,-1.,0.));
#1637=DIRECTION('',(0.,0.,1.));
#1638=DIRECTION('',(0.,-1.,0.));
#1639=DIRECTION('',(0.,0.,1.));
#1640=DIRECTION('',(-1.,0.,0.));
#1641=DIRECTION('',(0.,0.,1.));
#1642=DIRECTION('',(0.,0.,1.));
#1643=DIRECTION('',(1.,0.,0.));
#1644=DIRECTION('',(0.,0.,1.));
#1645=DIRECTION('',(-1.,0.,0.));
#1646=DIRECTION('',(0.,0.,1.));
#1647=DIRECTION('',(0.,-1.,0.));
#1648=DIRECTION('',(0.,0.,1.));
#1649=DIRECTION('',(0.,1.,0.));
#1650=DIRECTION('',(-0.537991905851524,0.,0.842950003996824));
#1651=DIRECTION('',(-1.,0.,0.));
#1652=DIRECTION('',(0.,-1.,0.));
#1653=DIRECTION('',(0.,0.,-1.));
#1654=DIRECTION('',(0.,1.,0.));
#1655=DIRECTION('',(-0.851637425259458,0.,0.524131372746796));
#1656=DIRECTION('',(0.,1.,0.));
#1657=DIRECTION('',(0.,0.,1.));
#1658=DIRECTION('',(0.,1.,0.));
#1659=DIRECTION('',(0.,0.,-1.));
#1660=DIRECTION('',(0.,1.,0.));
#1661=DIRECTION('',(-0.573576436351046,0.,-0.819152044288992));
#1662=DIRECTION('',(-0.819152044288992,0.,0.573576436351046));
#1663=DIRECTION('',(0.,1.,0.));
#1664=DIRECTION('',(0.819152044288992,0.,-0.573576436351046));
#1665=DIRECTION('',(0.819152044288992,0.,-0.573576436351046));
#1666=DIRECTION('',(0.,1.,0.));
#1667=DIRECTION('',(0.,-1.,0.));
#1668=DIRECTION('',(0.,0.,1.));
#1669=DIRECTION('',(0.,1.,0.));
#1670=DIRECTION('',(-0.866025403784439,0.5,0.));
#1671=DIRECTION('',(-0.866025403784439,-0.5,0.));
#1672=DIRECTION('',(6.43849113744497E-16,-1.,0.));
#1673=DIRECTION('',(0.866025403784439,-0.5,0.));
#1674=DIRECTION('',(0.866025403784438,0.5,0.));
#1675=DIRECTION('',(0.,1.,0.));
#1676=DIRECTION('',(-0.866025403784439,0.5,0.));
#1677=DIRECTION('',(-0.866025403784439,-0.5,0.));
#1678=DIRECTION('',(0.,-1.,0.));
#1679=DIRECTION('',(0.866025403784439,-0.5,0.));
#1680=DIRECTION('',(0.866025403784439,0.5,0.));
#1681=DIRECTION('',(0.,1.,0.));
#1682=DIRECTION('',(1.86558007642378E-15,1.,0.));
#1683=DIRECTION('',(0.,0.,-1.));
#1684=DIRECTION('',(-1.,0.,0.));
#1685=DIRECTION('',(1.86558007642378E-15,1.,0.));
#1686=DIRECTION('',(1.,-1.86558007642378E-15,0.));
#1687=DIRECTION('',(1.86558007642378E-15,1.,0.));
#1688=DIRECTION('',(0.,0.,1.));
#1689=DIRECTION('',(0.,1.,0.));
#1690=DIRECTION('',(0.,-1.,0.));
#1691=DIRECTION('',(0.,0.,-1.));
#1692=DIRECTION('',(0.981132075471698,-0.193338693697352,0.));
#1693=DIRECTION('',(0.,0.,1.));
#1694=DIRECTION('',(0.,1.,0.));
#1695=DIRECTION('',(1.86558007642378E-15,1.,0.));
#1696=DIRECTION('',(-1.,1.86558007642378E-15,0.));
#1697=DIRECTION('',(0.,-1.,0.));
#1698=DIRECTION('',(1.,0.,0.));
#1699=DIRECTION('',(0.,-1.,0.));
#1700=DIRECTION('',(1.,0.,0.));
#1701=DIRECTION('',(0.,-1.,0.));
#1702=DIRECTION('',(-0.537991905851524,0.,0.842950003996824));
#1703=DIRECTION('',(0.,-1.,0.));
#1704=DIRECTION('',(0.,0.,1.));
#1705=DIRECTION('',(0.,1.,0.));
#1706=DIRECTION('',(0.,0.,-1.));
#1707=DIRECTION('',(-1.,0.,0.));
#1708=DIRECTION('',(0.,-1.,0.));
#1709=DIRECTION('',(-1.,0.,0.));
#1710=DIRECTION('',(0.,0.,1.));
#1711=DIRECTION('',(1.,0.,0.));
#1712=DIRECTION('',(-0.707106781186548,-0.707106781186548,0.));
#1713=DIRECTION('',(0.,0.,-1.));
#1714=DIRECTION('',(-1.,0.,0.));
#1715=DIRECTION('',(-1.,0.,0.));
#1716=DIRECTION('',(0.,0.,1.));
#1717=DIRECTION('',(1.,0.,0.));
#1718=DIRECTION('',(-0.707106781186546,0.707106781186549,0.));
#1719=DIRECTION('',(0.,0.,-1.));
#1720=DIRECTION('',(-1.,0.,0.));
#1721=DIRECTION('',(1.,-1.86558007642378E-15,0.));
#1722=DIRECTION('',(1.86558007642378E-15,1.,0.));
#1723=DIRECTION('',(-1.,0.,0.));
#1724=DIRECTION('',(0.,-1.,0.));
#1725=DIRECTION('',(0.,0.,-1.));
#1726=DIRECTION('',(0.,0.,1.));
#1727=DIRECTION('',(0.,0.,-1.));
#1728=DIRECTION('',(0.357317014862146,-0.933983164136273,0.));
#1729=DIRECTION('',(0.,0.,-1.));
#1730=DIRECTION('',(-1.86558007642378E-15,-1.,0.));
#1731=DIRECTION('',(0.,0.,-1.));
#1732=DIRECTION('',(0.,0.,1.));
#1733=DIRECTION('',(0.,0.,-1.));
#1734=DIRECTION('',(0.,0.,-1.));
#1735=DIRECTION('',(-1.,0.,0.));
#1736=DIRECTION('',(0.,0.,-1.));
#1737=DIRECTION('',(-1.,0.,0.));
#1738=DIRECTION('',(0.,0.,-1.));
#1739=DIRECTION('',(-1.,0.,0.));
#1740=DIRECTION('',(0.,0.,-1.));
#1741=DIRECTION('',(-1.,0.,0.));
#1742=DIRECTION('',(0.,0.,1.));
#1743=DIRECTION('',(0.981132075471698,-0.193338693697352,0.));
#1744=DIRECTION('',(0.,0.,1.));
#1745=DIRECTION('',(0.,0.,-1.));
#1746=DIRECTION('',(0.981132075471698,-0.193338693697352,0.));
#1747=DIRECTION('',(0.,0.,1.));
#1748=DIRECTION('',(0.,1.,0.));
#1749=DIRECTION('',(0.,0.,-1.));
#1750=DIRECTION('',(-1.,0.,0.));
#1751=DIRECTION('',(0.,0.,-1.));
#1752=DIRECTION('',(-1.,0.,0.));
#1753=DIRECTION('',(0.,0.,-1.));
#1754=DIRECTION('',(-1.,0.,0.));
#1755=DIRECTION('',(0.,0.,-1.));
#1756=DIRECTION('',(-1.,0.,0.));
#1757=DIRECTION('',(0.,1.,0.));
#1758=DIRECTION('',(0.,0.,1.));
#1759=DIRECTION('',(1.,0.,0.));
#1760=DIRECTION('',(0.,0.,-1.));
#1761=DIRECTION('',(0.,-1.,0.));
#1762=DIRECTION('',(0.,0.,-1.));
#1763=DIRECTION('',(-1.,0.,0.));
#1764=DIRECTION('',(0.,0.,-1.));
#1765=DIRECTION('',(0.,-1.,0.));
#1766=DIRECTION('',(0.,0.,-1.));
#1767=DIRECTION('',(-1.,0.,0.));
#1768=DIRECTION('',(0.,0.,-1.));
#1769=DIRECTION('',(0.,-1.,0.));
#1770=DIRECTION('',(0.,0.,-1.));
#1771=DIRECTION('',(-1.,0.,0.));
#1772=DIRECTION('',(0.,0.,-1.));
#1773=DIRECTION('',(0.,-1.,0.));
#1774=DIRECTION('',(0.,0.,-1.));
#1775=DIRECTION('',(-1.,0.,0.));
#1776=DIRECTION('',(1.,0.,0.));
#1777=DIRECTION('',(0.,1.,0.));
#1778=DIRECTION('',(0.,0.,-1.));
#1779=DIRECTION('',(0.,0.,-1.));
#1780=DIRECTION('',(0.357317014862146,-0.933983164136273,0.));
#1781=DIRECTION('',(0.,0.,-1.));
#1782=DIRECTION('',(0.,1.,0.));
#1783=DIRECTION('',(0.,0.,1.));
#1784=DIRECTION('',(0.,1.,0.));
#1785=DIRECTION('',(0.,1.,0.));
#1786=DIRECTION('',(-0.851637425259458,0.,0.524131372746796));
#1787=DIRECTION('',(0.,0.,-1.));
#1788=DIRECTION('',(1.,0.,0.));
#1789=DIRECTION('',(-0.866025403784439,-0.5,0.));
#1790=DIRECTION('',(-0.866025403784439,0.5,0.));
#1791=DIRECTION('',(0.,1.,0.));
#1792=DIRECTION('',(0.866025403784438,0.5,0.));
#1793=DIRECTION('',(0.866025403784439,-0.5,0.));
#1794=DIRECTION('',(6.43849113744497E-16,-1.,0.));
#1795=DIRECTION('',(0.5,-0.866025403784439,0.));
#1796=DIRECTION('',(0.866025403784439,0.5,0.));
#1797=DIRECTION('',(0.,0.,-1.));
#1798=DIRECTION('',(0.,0.,-1.));
#1799=DIRECTION('',(-0.5,-0.866025403784439,0.));
#1800=DIRECTION('',(0.866025403784439,-0.5,0.));
#1801=DIRECTION('',(0.,0.,-1.));
#1802=DIRECTION('',(-1.,0.,0.));
#1803=DIRECTION('',(0.,0.,1.));
#1804=DIRECTION('',(0.,0.,-1.));
#1805=DIRECTION('',(-0.5,0.866025403784438,0.));
#1806=DIRECTION('',(-0.866025403784438,-0.5,0.));
#1807=DIRECTION('',(0.,0.,-1.));
#1808=DIRECTION('',(0.5,0.866025403784439,0.));
#1809=DIRECTION('',(-0.866025403784439,0.5,0.));
#1810=DIRECTION('',(0.,0.,-1.));
#1811=DIRECTION('',(1.,6.43849113744497E-16,0.));
#1812=DIRECTION('',(-6.43849113744497E-16,1.,0.));
#1813=DIRECTION('',(0.,0.,-1.));
#1814=DIRECTION('',(1.,0.,0.));
#1815=DIRECTION('',(-0.866025403784439,-0.5,0.));
#1816=DIRECTION('',(-0.866025403784439,0.5,0.));
#1817=DIRECTION('',(0.,1.,0.));
#1818=DIRECTION('',(0.866025403784439,0.5,0.));
#1819=DIRECTION('',(0.866025403784439,-0.5,0.));
#1820=DIRECTION('',(0.,-1.,0.));
#1821=DIRECTION('',(0.5,-0.866025403784438,0.));
#1822=DIRECTION('',(0.866025403784438,0.5,0.));
#1823=DIRECTION('',(0.,0.,-1.));
#1824=DIRECTION('',(0.,0.,-1.));
#1825=DIRECTION('',(-0.5,-0.866025403784439,0.));
#1826=DIRECTION('',(0.866025403784439,-0.5,0.));
#1827=DIRECTION('',(0.,0.,-1.));
#1828=DIRECTION('',(-1.,0.,0.));
#1829=DIRECTION('',(0.,0.,1.));
#1830=DIRECTION('',(0.,0.,-1.));
#1831=DIRECTION('',(-0.5,0.866025403784438,0.));
#1832=DIRECTION('',(-0.866025403784438,-0.5,0.));
#1833=DIRECTION('',(0.,0.,-1.));
#1834=DIRECTION('',(0.5,0.866025403784439,0.));
#1835=DIRECTION('',(-0.866025403784439,0.5,0.));
#1836=DIRECTION('',(0.,0.,-1.));
#1837=DIRECTION('',(1.,0.,0.));
#1838=DIRECTION('',(0.,0.,-1.));
#1839=DIRECTION('',(0.,-1.,0.));
#1840=DIRECTION('',(0.,0.,1.));
#1841=DIRECTION('',(0.,0.,1.));
#1842=DIRECTION('',(1.,-1.86558007642378E-15,0.));
#1843=DIRECTION('',(1.86558007642378E-15,1.,0.));
#1844=DIRECTION('',(0.,0.,-1.));
#1845=DIRECTION('',(0.,0.,1.));
#1846=DIRECTION('',(0.,1.,0.));
#1847=DIRECTION('',(0.,0.,-1.));
#1848=DIRECTION('',(-1.,0.,0.));
#1849=DIRECTION('',(0.,0.,1.));
#1850=DIRECTION('',(0.,1.,0.));
#1851=DIRECTION('',(0.,0.,-1.));
#1852=DIRECTION('',(-1.,0.,0.));
#1853=DIRECTION('',(0.,0.,1.));
#1854=DIRECTION('',(0.,1.,0.));
#1855=DIRECTION('',(0.,0.,-1.));
#1856=DIRECTION('',(-1.,0.,0.));
#1857=DIRECTION('',(0.,0.,1.));
#1858=DIRECTION('',(0.,1.,0.));
#1859=DIRECTION('',(0.,0.,-1.));
#1860=DIRECTION('',(-1.,0.,0.));
#1861=DIRECTION('',(0.,0.,1.));
#1862=DIRECTION('',(-0.923879532511287,0.38268343236509,0.));
#1863=DIRECTION('',(0.,0.,1.));
#1864=DIRECTION('',(0.,0.,1.));
#1865=DIRECTION('',(-0.707106781186548,0.707106781186548,0.));
#1866=DIRECTION('',(0.,0.,-1.));
#1867=DIRECTION('',(0.,0.,-1.));
#1868=DIRECTION('',(0.,0.,-1.));
#1869=DIRECTION('',(-0.382683432365087,0.923879532511288,0.));
#1870=DIRECTION('',(0.,0.,-1.));
#1871=DIRECTION('',(0.,0.,-1.));
#1872=DIRECTION('',(0.923879532511286,0.382683432365092,0.));
#1873=DIRECTION('',(0.,0.,-1.));
#1874=DIRECTION('',(0.,0.,-1.));
#1875=DIRECTION('',(0.707106781186549,0.707106781186546,0.));
#1876=DIRECTION('',(0.,0.,-1.));
#1877=DIRECTION('',(0.,0.,1.));
#1878=DIRECTION('',(0.,0.,1.));
#1879=DIRECTION('',(0.382683432365089,0.923879532511287,0.));
#1880=DIRECTION('',(0.,0.,1.));
#1881=DIRECTION('',(0.,1.,0.));
#1882=DIRECTION('',(-1.,0.,0.));
#1883=DIRECTION('',(-1.,1.86558007642378E-15,0.));
#1884=DIRECTION('',(-1.86558007642378E-15,-1.,0.));
#1885=DIRECTION('',(-1.,1.86558007642378E-15,0.));
#1886=DIRECTION('',(-1.86558007642378E-15,-1.,0.));
#1887=DIRECTION('',(0.,0.,-1.));
#1888=DIRECTION('',(0.357317014862146,-0.933983164136273,0.));
#1889=DIRECTION('',(0.,0.,-1.));
#1890=DIRECTION('',(0.,-1.,0.));
#1891=DIRECTION('',(0.,0.,-1.));
#1892=DIRECTION('',(0.,-1.,0.));
#1893=DIRECTION('',(0.,0.,-1.));
#1894=DIRECTION('',(0.,-1.,0.));
#1895=DIRECTION('',(0.,0.,-1.));
#1896=DIRECTION('',(0.,-1.,0.));
#1897=DIRECTION('',(0.,-1.,0.));
#1898=DIRECTION('',(1.,0.,0.));
#1899=DIRECTION('',(0.819152044288992,0.,-0.573576436351046));
#1900=DIRECTION('',(0.,0.,1.));
#1901=DIRECTION('',(-1.,0.,0.));
#1902=DIRECTION('',(0.,-1.,0.));
#1903=DIRECTION('',(1.,0.,0.));
#1904=DIRECTION('',(0.819152044288992,0.,-0.573576436351046));
#1905=DIRECTION('',(-1.,0.,0.));
#1906=DIRECTION('',(0.,0.,1.));
#1907=DIRECTION('',(0.233333333333333,0.,0.972396809720988));
#1908=DIRECTION('',(0.972396809720988,0.,-0.233333333333333));
#1909=DIRECTION('',(-0.972396809720988,0.,0.233333333333333));
#1910=DIRECTION('',(-0.972396809720988,0.,0.233333333333333));
#1911=DIRECTION('',(0.,-1.,0.));
#1912=DIRECTION('',(0.233333333333333,0.,-0.972396809720988));
#1913=DIRECTION('',(-0.972396809720988,0.,-0.233333333333333));
#1914=DIRECTION('',(0.972396809720988,0.,0.233333333333333));
#1915=DIRECTION('',(0.972396809720988,0.,0.233333333333333));
#1916=DIRECTION('',(0.,1.,0.));
#1917=DIRECTION('',(-1.,0.,0.));
#1918=DIRECTION('',(0.,1.,0.));
#1919=DIRECTION('',(-1.,0.,0.));
#1920=DIRECTION('',(0.,0.,1.));
#1921=DIRECTION('',(0.,1.,0.));
#1922=DIRECTION('',(0.,0.,-1.));
#1923=DIRECTION('',(0.,-1.,0.));
#1924=DIRECTION('',(0.,0.,-1.));
#1925=DIRECTION('',(0.,-1.,0.));
#1926=DIRECTION('',(0.,0.,1.));
#1927=DIRECTION('',(1.,0.,0.));
#1928=DIRECTION('',(-1.,0.,0.));
#1929=DIRECTION('',(-1.,0.,0.));
#1930=DIRECTION('',(-0.635936736557029,0.,-0.771741191784653));
#1931=DIRECTION('',(-0.771741191784653,0.,0.635936736557028));
#1932=DIRECTION('',(0.,0.,1.));
#1933=DIRECTION('',(0.,1.,0.));
#1934=DIRECTION('',(1.,0.,0.));
#1935=DIRECTION('',(0.,0.,-1.));
#1936=DIRECTION('',(0.953716950748227,0.,-0.300705799504274));
#1937=DIRECTION('',(0.300705799504273,0.,0.953716950748227));
#1938=DIRECTION('',(-1.,0.,0.));
#1939=DIRECTION('',(0.,0.,1.));
#1940=DIRECTION('',(-0.953716950748227,0.,0.300705799504274));
#1941=DIRECTION('',(0.300705799504273,0.,0.953716950748227));
#1942=DIRECTION('',(0.819152044288992,0.,-0.573576436351046));
#1943=DIRECTION('',(-0.573576436351046,0.,-0.819152044288992));
#1944=DIRECTION('',(-0.819152044288984,0.,0.573576436351057));
#1945=DIRECTION('',(0.573576436351057,0.,0.819152044288984));
#1946=DIRECTION('',(0.997806390638782,2.30789089376104E-15,-0.0661997492473143));
#1947=DIRECTION('',(-0.0661997492473143,0.,-0.997806390638782));
#1948=DIRECTION('',(0.999763655640404,0.,-0.021740120987128));
#1949=DIRECTION('',(-0.021740120987128,0.,-0.999763655640404));
#1950=DIRECTION('',(-0.819152044288992,0.,0.573576436351046));
#1951=DIRECTION('',(0.573576436351046,0.,0.819152044288992));
#1952=DIRECTION('',(-0.819152044288992,0.,0.573576436351046));
#1953=DIRECTION('',(0.573576436351046,0.,0.819152044288992));
#1954=DIRECTION('',(9.25185853854296E-15,1.,4.62592926927148E-15));
#1955=DIRECTION('',(-1.,9.25185853854296E-15,0.));
#1956=DIRECTION('',(-0.307522276087681,-0.926856673043306,0.215329415884002));
#1957=DIRECTION('',(0.949121672253217,-0.314909592199503,0.));
#1958=DIRECTION('',(1.38777878078144E-14,-1.,-9.25185853854296E-15));
#1959=DIRECTION('',(1.,1.38777878078144E-14,0.));
#1960=DIRECTION('',(-0.179043295980875,0.975820934780289,0.125367465511701));
#1961=DIRECTION('',(-0.983581018983273,-0.180467113613055,0.));
#1962=CARTESIAN_POINT('',(0.,0.,0.));
#1963=CARTESIAN_POINT('',(-0.0172839025000542,-0.0417062749033072,0.104801026004728));
#1964=CARTESIAN_POINT('',(-0.0268339025000542,-0.0201963607737064,0.104801026004728));
#1965=CARTESIAN_POINT('',(-0.0246339025000542,-0.0201963607737064,0.104801026004728));
#1966=CARTESIAN_POINT('',(-0.00773390250005422,-0.0201963607737064,0.104801026004728));
#1967=CARTESIAN_POINT('',(-0.00553390250005422,-0.0201963607737064,0.104801026004728));
#1968=CARTESIAN_POINT('',(-0.0372489025000542,-0.100888182734955,0.104801026004728));
#1969=CARTESIAN_POINT('',(-0.0419074025000542,-0.100888182734955,0.104801026004728));
#1970=CARTESIAN_POINT('',(0.00268109749994581,-0.0623843670716595,0.104801026004728));
#1971=CARTESIAN_POINT('',(-0.0019774025000542,-0.0623843670716595,0.104801026004728));
#1972=CARTESIAN_POINT('',(-0.0365358103317018,-0.0616712749033072,0.104801026004728));
#1973=CARTESIAN_POINT('',(-0.0411943103317019,-0.0616712749033072,0.104801026004728));
#1974=CARTESIAN_POINT('',(0.00196800533159348,-0.101601274903307,0.104801026004728));
#1975=CARTESIAN_POINT('',(-0.00269049466840652,-0.101601274903307,0.104801026004728));
#1976=CARTESIAN_POINT('',(-0.0172839025000542,-0.109371400288967,0.104801026004728));
#1977=CARTESIAN_POINT('',(-0.0192471275000542,-0.109371400288967,0.104801026004728));
#1978=CARTESIAN_POINT('',(-0.0172839025000542,-0.0722824752025564,0.104801026004728));
#1979=CARTESIAN_POINT('',(-0.0314372645090694,-0.0722824752025564,0.104801026004728));
#1980=CARTESIAN_POINT('',(-0.0518899025000542,-0.0722824752025684,0.104801026004728));
#1981=CARTESIAN_POINT('',(-0.0172839025000542,-0.0816362749033072,0.104801026004728));
#1982=CARTESIAN_POINT('',(-0.0328928501449872,-0.0882824752025564,0.104801026004728));
#1983=CARTESIAN_POINT('',(-0.0172839025000542,-0.0882824752025564,0.104801026004728));
#1984=CARTESIAN_POINT('',(-0.051245693642193,-0.0882824752025564,0.104801026004728));
#1985=CARTESIAN_POINT('',(-0.0172839025000542,-0.0816362749033072,0.104801026004728));
#1986=CARTESIAN_POINT('',(0.0173220974999458,-0.0816362749033072,0.104801026004728));
#1987=CARTESIAN_POINT('',(0.0173220974999458,-0.0417062749033072,0.104801026004728));
#1988=CARTESIAN_POINT('',(0.0173220974999458,-0.0135697719157455,0.104801026004728));
#1989=CARTESIAN_POINT('',(-0.0172853496869821,-0.081635078359114,0.104801026004728));
#1990=CARTESIAN_POINT('',(0.0136670974999458,-0.0118317306230196,0.104801026004728));
#1991=CARTESIAN_POINT('',(0.0136670974999458,-0.0417062749033072,0.104801026004728));
#1992=CARTESIAN_POINT('',(0.0136670974999458,-0.000938085206270575,0.104801026004728));
#1993=CARTESIAN_POINT('',(0.0080050974999458,-0.000938085206270575,0.104801026004728));
#1994=CARTESIAN_POINT('',(0.012008736095024,0.00306555338880765,0.104801026004728));
#1995=CARTESIAN_POINT('',(0.00938017915486654,0.00569411032896517,0.104801026004728));
#1996=CARTESIAN_POINT('',(0.00741712221470894,0.00765716726912276,0.104801026004728));
#1997=CARTESIAN_POINT('',(0.00341348361963078,0.00365352867404445,0.104801026004728));
#1998=CARTESIAN_POINT('',(0.00341348361963078,0.00931552867404445,0.104801026004728));
#1999=CARTESIAN_POINT('',(-0.0172839025000542,0.00931552867404445,0.104801026004728));
#2000=CARTESIAN_POINT('',(-0.0379812886197391,0.00931552867404445,0.104801026004728));
#2001=CARTESIAN_POINT('',(-0.0379812886197391,0.00365352867404445,0.104801026004728));
#2002=CARTESIAN_POINT('',(-0.0419849272148173,0.00765716726912269,0.104801026004728));
#2003=CARTESIAN_POINT('',(-0.0439479841549748,0.00569411032896517,0.104801026004728));
#2004=CARTESIAN_POINT('',(-0.0465765410951324,0.00306555338880773,0.104801026004728));
#2005=CARTESIAN_POINT('',(-0.0425729025000542,-0.000938085206270575,0.104801026004728));
#2006=CARTESIAN_POINT('',(-0.0482349025000542,-0.000938085206270464,0.104801026004728));
#2007=CARTESIAN_POINT('',(-0.0482349025000542,-0.0417062749033072,0.104801026004728));
#2008=CARTESIAN_POINT('',(-0.0482349025000542,-0.0118304472613385,0.104801026004728));
#2009=CARTESIAN_POINT('',(-0.0172853496869821,-0.081635078359114,0.104801026004728));
#2010=CARTESIAN_POINT('',(-0.0518899025000542,-0.0135683003640232,0.104801026004728));
#2011=CARTESIAN_POINT('',(-0.0518899025000542,-0.0417062749033072,0.104801026004728));
#2012=CARTESIAN_POINT('',(-0.0541320066113919,-0.0852684752025564,0.101722665744354));
#2013=CARTESIAN_POINT('',(-0.0541320066113919,-0.0852684752025564,0.0990196217960752));
#2014=CARTESIAN_POINT('',(-0.0461441070500857,-0.0852684752025564,0.0990196217960752));
#2015=CARTESIAN_POINT('',(-0.0478580211397165,-0.0852684752025564,0.0990196217960752));
#2016=CARTESIAN_POINT('',(-0.0442600679131333,-0.0852684752025564,0.0971390260047282));
#2017=CARTESIAN_POINT('',(-0.0466745033995292,-0.0852684752025564,0.0982600725167126));
#2018=CARTESIAN_POINT('',(-0.0541320066113919,-0.0852684752025564,0.101722665744354));
#2019=CARTESIAN_POINT('',(-0.050270824067851,-0.0852684752025461,0.0944635214848351));
#2020=CARTESIAN_POINT('',(-0.0502708240678493,-0.0852684752025564,0.0944635214848361));
#2021=CARTESIAN_POINT('',(-0.051132991216447,-0.0852684752025564,0.0940049295868424));
#2022=CARTESIAN_POINT('',(-0.0516987737610582,-0.0852684752025564,0.0930736754049922));
#2023=CARTESIAN_POINT('',(-0.0516987564119407,-0.0852684752025564,0.0920970230058404));
#2024=CARTESIAN_POINT('',(-0.0516987591318391,-0.0852684752025328,0.0920970230057921));
#2025=CARTESIAN_POINT('',(-0.0516987591318366,-0.0852684752025564,0.0891530260047282));
#2026=CARTESIAN_POINT('',(-0.0516987591318366,-0.0852684752025565,0.0953391990538825));
#2027=CARTESIAN_POINT('',(-0.0541320066113919,-0.0852684752025564,0.101722665744354));
#2028=CARTESIAN_POINT('',(-0.0518899025000542,-0.00177627490330718,0.0891530260047282));
#2029=CARTESIAN_POINT('',(-0.0518899025000542,-0.0816362749033072,0.0891530260047282));
#2030=CARTESIAN_POINT('',(-0.0518899025000542,-0.0816362749033072,0.0952695804792235));
#2031=CARTESIAN_POINT('',(-0.0518899025000542,-0.0816362749033072,0.0990196217960752));
#2032=CARTESIAN_POINT('',(-0.0518899025000542,-0.0812754752025564,0.0990196217960752));
#2033=CARTESIAN_POINT('',(-0.0518899025000542,-0.0752824752025564,0.0990196217960752));
#2034=CARTESIAN_POINT('',(-0.0518899025000542,-0.0752824752025564,0.102019621796075));
#2035=CARTESIAN_POINT('',(-0.0518899025000542,-0.0722824752025564,0.102019621796075));
#2036=CARTESIAN_POINT('',(-0.0518899025000542,-0.0722824752025564,0.102301026004728));
#2037=CARTESIAN_POINT('',(-0.0518899025000542,-0.0135683003640232,0.0998010260047281));
#2038=CARTESIAN_POINT('',(-0.0518899025000542,-0.0135683003640232,0.0918150260047282));
#2039=CARTESIAN_POINT('',(-0.0518899025000542,-0.0441926147662921,0.0918150260047282));
#2040=CARTESIAN_POINT('',(-0.0518899025000542,-0.074816929168561,0.0918150260047282));
#2041=CARTESIAN_POINT('',(-0.0518899025000542,-0.074816929168561,0.0891530260047282));
#2042=CARTESIAN_POINT('',(-0.0518899025000542,-0.074816929168561,0.0891530260047282));
#2043=CARTESIAN_POINT('',(-0.0518899025000542,-0.00177627490330718,0.0891530260047282));
#2044=CARTESIAN_POINT('',(-0.0518899025000542,-0.0816362749033072,0.0891530260047282));
#2045=CARTESIAN_POINT('',(-0.0518899025000542,-0.0816362749033072,0.0891530260047282));
#2046=CARTESIAN_POINT('',(-0.0518899025000542,-0.0816362749033072,0.0920059435712129));
#2047=CARTESIAN_POINT('',(-0.0518899025000542,-0.0852684752025564,0.0920059435712129));
#2048=CARTESIAN_POINT('',(-0.0518899025000542,-0.0772824752025564,0.0920059435712129));
#2049=CARTESIAN_POINT('',(-0.0518899025000542,-0.0772824752025564,0.095437845874541));
#2050=CARTESIAN_POINT('',(-0.0518899025000542,-0.0772824752025564,0.0952695804792235));
#2051=CARTESIAN_POINT('',(-0.0518899025000542,-0.0852684752025564,0.0952695804792235));
#2052=CARTESIAN_POINT('',(-0.0172839025000542,-0.0816362749033072,0.0891530260047282));
#2053=CARTESIAN_POINT('',(-0.051245693642193,-0.0882824752025564,0.0891530260047282));
#2054=CARTESIAN_POINT('',(-0.051245693642193,-0.0882824752025564,0.102019621796075));
#2055=CARTESIAN_POINT('',(-0.051245693642193,-0.0882824752025564,0.102019621796075));
#2056=CARTESIAN_POINT('',(-0.051245693642193,-0.0882824752025564,0.101223000632101));
#2057=CARTESIAN_POINT('',(-0.051383358512682,-0.0876227275331613,0.0996688955356481));
#2058=CARTESIAN_POINT('',(-0.0516133675958876,-0.0860744402903177,0.0990196217960752));
#2059=CARTESIAN_POINT('',(-0.0516972786694706,-0.0852824752025564,0.0990196217960752));
#2060=CARTESIAN_POINT('',(-0.0516972786694706,-0.0852824752025564,0.0990196217960752));
#2061=CARTESIAN_POINT('',(-0.0172839025000542,-0.0816362749033072,0.0990196217960752));
#2062=CARTESIAN_POINT('',(-0.0518899025000542,-0.0816362749033072,0.0952695804792235));
#2063=CARTESIAN_POINT('',(-0.0518899025000542,-0.0828508060833702,0.0952695804792235));
#2064=CARTESIAN_POINT('',(-0.0518261370508268,-0.0840615778789127,0.0952906451856848));
#2065=CARTESIAN_POINT('',(-0.0516987591318366,-0.0852684752025565,0.0953391990538825));
#2066=CARTESIAN_POINT('',(-0.0516987590597275,-0.0852684758857852,0.0920970095953208));
#2067=CARTESIAN_POINT('',(-0.0518231707043045,-0.0840896840394291,0.0920362989125822));
#2068=CARTESIAN_POINT('',(-0.0518899025000542,-0.0828768713876329,0.0920059435712129));
#2069=CARTESIAN_POINT('',(-0.0518899025000542,-0.0816362749033072,0.0920059435712129));
#2070=CARTESIAN_POINT('',(-0.0172839025000542,-0.0816362749033072,0.0891530260047282));
#2071=CARTESIAN_POINT('',(0.0173220974999458,-0.0816362749033072,0.0891530260047282));
#2072=CARTESIAN_POINT('',(0.0173220974999458,-0.0816362749033072,0.0891530260047282));
#2073=CARTESIAN_POINT('',(-0.0541320066113919,-0.0772824752025564,0.101722665744354));
#2074=CARTESIAN_POINT('',(-0.0442600679131333,-0.0772824752025564,0.0971390260047282));
#2075=CARTESIAN_POINT('',(-0.0466745033995292,-0.0772824752025564,0.0982600725167126));
#2076=CARTESIAN_POINT('',(-0.0461441070500857,-0.0772824752025564,0.0990196217960752));
#2077=CARTESIAN_POINT('',(-0.0541320066113919,-0.0772824752025564,0.0990196217960752));
#2078=CARTESIAN_POINT('',(-0.0478580211397165,-0.0772824752025564,0.0990196217960752));
#2079=CARTESIAN_POINT('',(-0.0541320066113919,-0.0772824752025564,0.101722665744354));
#2080=CARTESIAN_POINT('',(-0.0492279025000542,-0.0772824752025564,0.0920059435712129));
#2081=CARTESIAN_POINT('',(-0.0504273267830962,-0.0772824752025564,0.0943824168803937));
#2082=CARTESIAN_POINT('',(-0.0541320066113919,-0.0772824752025564,0.101722665744354));
#2083=CARTESIAN_POINT('',(-0.0541320066113919,-0.0852684752025564,0.101722665744354));
#2084=CARTESIAN_POINT('',(-0.0478580211397165,-0.0852684752025564,0.0990196217960752));
#2085=CARTESIAN_POINT('',(-0.040545068496171,-0.0722824752025564,0.0950991327938973));
#2086=CARTESIAN_POINT('',(-0.0461441070500857,-0.0722824752025564,0.0990196217960752));
#2087=CARTESIAN_POINT('',(-0.0461441070500857,-0.0852824752025564,0.0990196217960752));
#2088=CARTESIAN_POINT('',(-0.0361101938656487,-0.0852824752025564,0.0919938001465906));
#2089=CARTESIAN_POINT('',(-0.0376921208844691,-0.0852824752025564,0.0931014773700663));
#2090=CARTESIAN_POINT('',(-0.0376921208844691,-0.0852824752025564,0.0931014773700663));
#2091=CARTESIAN_POINT('',(-0.0379981066335415,-0.0836147931033552,0.0933157308981515));
#2092=CARTESIAN_POINT('',(-0.038188619860371,-0.0802198344668411,0.0934491296957061));
#2093=CARTESIAN_POINT('',(-0.0375237842385697,-0.076866382901401,0.0929836067816506));
#2094=CARTESIAN_POINT('',(-0.0369982586477983,-0.0752824752025564,0.0926156298014703));
#2095=CARTESIAN_POINT('',(-0.0369982586477983,-0.0752824752025564,0.0926156298014703));
#2096=CARTESIAN_POINT('',(-0.040545068496171,-0.0752824752025564,0.0950991327938973));
#2097=CARTESIAN_POINT('',(-0.0461441070500857,-0.0752824752025564,0.0990196217960752));
#2098=CARTESIAN_POINT('',(-0.0461441070500857,-0.0722824752025564,0.0990196217960752));
#2099=CARTESIAN_POINT('',(-0.0461441070500857,-0.0852684752025564,0.0990196217960752));
#2100=CARTESIAN_POINT('',(-0.0172839025000542,-0.0254840836312226,0.0918150260047282));
#2101=CARTESIAN_POINT('',(-0.00948390250005422,-0.0232274496869518,0.0918150260047282));
#2102=CARTESIAN_POINT('',(-0.00773390250005422,-0.0242378126580337,0.0918150260047282));
#2103=CARTESIAN_POINT('',(-0.0112339025000542,-0.02221708671587,0.0918150260047282));
#2104=CARTESIAN_POINT('',(-0.00598390250005422,-0.0232274496869518,0.0918150260047282));
#2105=CARTESIAN_POINT('',(-0.00423390250005422,-0.02221708671587,0.0918150260047282));
#2106=CARTESIAN_POINT('',(-0.00423390250005422,-0.0201963607737064,0.0918150260047282));
#2107=CARTESIAN_POINT('',(-0.00423390250005422,-0.0181756348315427,0.0918150260047282));
#2108=CARTESIAN_POINT('',(-0.00598390250005422,-0.0171652718604608,0.0918150260047282));
#2109=CARTESIAN_POINT('',(-0.00773390250005422,-0.0161549088893789,0.0918150260047282));
#2110=CARTESIAN_POINT('',(-0.00948390250005422,-0.0171652718604608,0.0918150260047282));
#2111=CARTESIAN_POINT('',(-0.0112339025000542,-0.0181756348315427,0.0918150260047282));
#2112=CARTESIAN_POINT('',(-0.0112339025000542,-0.0201963607737064,0.0918150260047282));
#2113=CARTESIAN_POINT('',(-0.0285839025000542,-0.0232274496869518,0.0918150260047282));
#2114=CARTESIAN_POINT('',(-0.0268339025000542,-0.0242378126580337,0.0918150260047282));
#2115=CARTESIAN_POINT('',(-0.0303339025000542,-0.02221708671587,0.0918150260047282));
#2116=CARTESIAN_POINT('',(-0.0250839025000542,-0.0232274496869518,0.0918150260047282));
#2117=CARTESIAN_POINT('',(-0.0233339025000542,-0.02221708671587,0.0918150260047282));
#2118=CARTESIAN_POINT('',(-0.0233339025000542,-0.0201963607737064,0.0918150260047282));
#2119=CARTESIAN_POINT('',(-0.0233339025000542,-0.0181756348315427,0.0918150260047282));
#2120=CARTESIAN_POINT('',(-0.0250839025000542,-0.0171652718604608,0.0918150260047282));
#2121=CARTESIAN_POINT('',(-0.0268339025000542,-0.0161549088893789,0.0918150260047282));
#2122=CARTESIAN_POINT('',(-0.0285839025000542,-0.0171652718604608,0.0918150260047282));
#2123=CARTESIAN_POINT('',(-0.0303339025000542,-0.0181756348315427,0.0918150260047282));
#2124=CARTESIAN_POINT('',(-0.0303339025000542,-0.0201963607737064,0.0918150260047282));
#2125=CARTESIAN_POINT('',(-0.0402349025000544,-0.116244274903307,0.0918150260047282));
#2126=CARTESIAN_POINT('',(-0.0402349025000542,-0.000978391996751593,0.0918150260047282));
#2127=CARTESIAN_POINT('',(-0.0402349025000542,-0.000938085206270575,0.0918150260047282));
#2128=CARTESIAN_POINT('',(-0.0172853496869821,-0.081635078359114,0.0918150260047282));
#2129=CARTESIAN_POINT('',(0.00566709749994582,-0.000979215600057426,0.0918150260047282));
#2130=CARTESIAN_POINT('',(0.00566709749994561,-0.116244274903307,0.0918150260047282));
#2131=CARTESIAN_POINT('',(0.00566709749994582,-0.000938085206270567,0.0918150260047282));
#2132=CARTESIAN_POINT('',(0.00816709749994583,-0.000938085206270571,0.0918150260047282));
#2133=CARTESIAN_POINT('',(0.0136670974999458,-0.000938085206270575,0.0918150260047282));
#2134=CARTESIAN_POINT('',(0.0136670974999456,-0.116244274903307,0.0918150260047282));
#2135=CARTESIAN_POINT('',(0.0136670974999458,-0.0118317306230196,0.0918150260047282));
#2136=CARTESIAN_POINT('',(-0.0172853496869821,-0.081635078359114,0.0918150260047282));
#2137=CARTESIAN_POINT('',(0.0173220974999458,-0.0135697719157454,0.0918150260047282));
#2138=CARTESIAN_POINT('',(0.0173220974999458,-0.0441933505421532,0.0918150260047282));
#2139=CARTESIAN_POINT('',(0.0173220974999458,-0.074816929168561,0.0918150260047282));
#2140=CARTESIAN_POINT('',(-0.0172839025000542,-0.0816362749033072,0.0918150260047282));
#2141=CARTESIAN_POINT('',(-0.0172853496869821,-0.081635078359114,0.0918150260047282));
#2142=CARTESIAN_POINT('',(-0.0482349025000542,-0.0118304472613385,0.0918150260047282));
#2143=CARTESIAN_POINT('',(-0.0482349025000544,-0.116244274903307,0.0918150260047282));
#2144=CARTESIAN_POINT('',(-0.0482349025000542,-0.000938085206270465,0.0918150260047282));
#2145=CARTESIAN_POINT('',(-0.0427349025000542,-0.000938085206270476,0.0918150260047282));
#2146=CARTESIAN_POINT('',(-0.00269795035423937,-0.0268618242132488,0.0918150260047282));
#2147=CARTESIAN_POINT('',(-0.00269795035423937,-0.0268618242132488,0.0918150260047282));
#2148=CARTESIAN_POINT('',(-0.00269795035423937,-0.0448618242132488,0.0918150260047282));
#2149=CARTESIAN_POINT('',(-0.0172839025000542,-0.0268618242132488,0.0918150260047282));
#2150=CARTESIAN_POINT('',(-0.031869854645869,-0.0268618242132488,0.0918150260047282));
#2151=CARTESIAN_POINT('',(-0.031869854645869,-0.0268618242132488,0.0918150260047282));
#2152=CARTESIAN_POINT('',(-0.031869854645869,-0.0448618242132488,0.0918150260047282));
#2153=CARTESIAN_POINT('',(-0.0172839025000542,-0.0448618242132488,0.0918150260047282));
#2154=CARTESIAN_POINT('',(-0.0442600679131333,-0.0852684752025564,0.0971390260047282));
#2155=CARTESIAN_POINT('',(-0.0466745033995292,-0.0852684752025564,0.0982600725167126));
#2156=CARTESIAN_POINT('',(-0.0172837127142449,-0.000103666280038855,0.0808430260047282));
#2157=CARTESIAN_POINT('',(-0.0172853496869821,-0.081635078359114,0.0808430260047282));
#2158=CARTESIAN_POINT('',(-0.0402349025000542,-0.000978391996751593,0.0808430260047282));
#2159=CARTESIAN_POINT('',(0.00566709749994582,-0.000979215600057426,0.0808430260047282));
#2160=CARTESIAN_POINT('',(-0.0402349025000542,0.00631552867404445,0.0808430260047282));
#2161=CARTESIAN_POINT('',(-0.0402349025000542,-0.000938085206270575,0.0808430260047282));
#2162=CARTESIAN_POINT('',(-0.0452349025000542,-0.000938085206270575,0.0808430260047282));
#2163=CARTESIAN_POINT('',(-0.0482349025000542,-0.000938085206270575,0.0808430260047282));
#2164=CARTESIAN_POINT('',(-0.0425729025000542,-0.000938085206270575,0.0808430260047282));
#2165=CARTESIAN_POINT('',(-0.0465765410951324,0.0030655533888076,0.0808430260047282));
#2166=CARTESIAN_POINT('',(-0.0439479841549748,0.00569411032896517,0.0808430260047282));
#2167=CARTESIAN_POINT('',(-0.0419849272148173,0.00765716726912269,0.0808430260047282));
#2168=CARTESIAN_POINT('',(-0.0379812886197391,0.00365352867404445,0.0808430260047282));
#2169=CARTESIAN_POINT('',(-0.0379812886197391,0.00931552867404445,0.0808430260047282));
#2170=CARTESIAN_POINT('',(0.0100015974999458,0.00931552867404445,0.0808430260047282));
#2171=CARTESIAN_POINT('',(0.00341348361963078,0.00931552867404445,0.0808430260047282));
#2172=CARTESIAN_POINT('',(0.00341348361963078,0.00365352867404445,0.0808430260047282));
#2173=CARTESIAN_POINT('',(0.00741712221470903,0.00765716726912267,0.0808430260047282));
#2174=CARTESIAN_POINT('',(0.00938017915486654,0.00569411032896517,0.0808430260047282));
#2175=CARTESIAN_POINT('',(0.012008736095024,0.00306555338880764,0.0808430260047282));
#2176=CARTESIAN_POINT('',(0.0080050974999458,-0.000938085206270575,0.0808430260047282));
#2177=CARTESIAN_POINT('',(0.0136670974999458,-0.000938085206270576,0.0808430260047282));
#2178=CARTESIAN_POINT('',(0.0106670974999458,-0.00093808520627058,0.0808430260047282));
#2179=CARTESIAN_POINT('',(0.00566709749994582,-0.000938085206270572,0.0808430260047282));
#2180=CARTESIAN_POINT('',(0.0056670974999458,-0.010318355957048,0.0808430260047282));
#2181=CARTESIAN_POINT('',(-0.0402349025000542,0.00631552867404445,0.0998010260047281));
#2182=CARTESIAN_POINT('',(-0.0402349025000542,-0.000978391996751593,0.0918150260047282));
#2183=CARTESIAN_POINT('',(-0.0402349025000542,-0.000938085206270575,0.0998010260047281));
#2184=CARTESIAN_POINT('',(-0.0172853496869821,-0.081635078359114,0.0918150260047282));
#2185=CARTESIAN_POINT('',(-0.0482349025000542,-0.0118304472613385,0.0918150260047282));
#2186=CARTESIAN_POINT('',(0.0106670974999458,-0.000938085206270575,0.0998010260047281));
#2187=CARTESIAN_POINT('',(0.00566709749994582,-0.000938085206270567,0.0998010260047281));
#2188=CARTESIAN_POINT('',(0.0136670974999458,-0.000938085206270575,0.0998010260047281));
#2189=CARTESIAN_POINT('',(-0.0268339025000542,-0.0201963607737064,0.465671190938086));
#2190=CARTESIAN_POINT('',(-0.0268339025000542,-0.0201963607737064,0.0950150260047282));
#2191=CARTESIAN_POINT('',(-0.0290339025000542,-0.0201963607737064,0.0950150260047282));
#2192=CARTESIAN_POINT('',(-0.00773390250005422,-0.0201963607737064,0.465671190938086));
#2193=CARTESIAN_POINT('',(-0.00773390250005422,-0.0201963607737064,0.0950150260047282));
#2194=CARTESIAN_POINT('',(-0.00993390250005422,-0.0201963607737064,0.0950150260047282));
#2195=CARTESIAN_POINT('',(-0.0172839025000542,-0.0816362749033072,0.0891530260047282));
#2196=CARTESIAN_POINT('',(0.0173220974999458,-0.074816929168561,0.0891530260047282));
#2197=CARTESIAN_POINT('',(0.0173220974999458,-0.074816929168561,0.0891530260047282));
#2198=CARTESIAN_POINT('',(-0.0172839025000542,-0.0816362749033072,0.0891530260047282));
#2199=CARTESIAN_POINT('',(-0.0172839025000542,-0.0417062749033072,0.0891530260047282));
#2200=CARTESIAN_POINT('',(-0.0365358103317018,-0.0616712749033072,0.0891530260047282));
#2201=CARTESIAN_POINT('',(-0.0390988603317018,-0.0616712749033072,0.0891530260047282));
#2202=CARTESIAN_POINT('',(0.00196800533159348,-0.101601274903307,0.0891530260047282));
#2203=CARTESIAN_POINT('',(-0.00059504466840652,-0.101601274903307,0.0891530260047282));
#2204=CARTESIAN_POINT('',(-0.0372489025000542,-0.100888182734955,0.0891530260047282));
#2205=CARTESIAN_POINT('',(-0.0398119525000542,-0.100888182734955,0.0891530260047282));
#2206=CARTESIAN_POINT('',(0.00268109749994581,-0.0623843670716595,0.0891530260047282));
#2207=CARTESIAN_POINT('',(0.000118047499945805,-0.0623843670716595,0.0891530260047282));
#2208=CARTESIAN_POINT('',(0.0173220974999458,-0.0816362749033072,0.0891530260047282));
#2209=CARTESIAN_POINT('',(-0.0172839025000542,-0.0816362749033072,0.0891530260047282));
#2210=CARTESIAN_POINT('',(-0.000318902500054199,-0.0816362749033072,0.0891530260047282));
#2211=CARTESIAN_POINT('',(-0.0372489025000542,-0.100888182734955,0.0998010260047281));
#2212=CARTESIAN_POINT('',(-0.0372489025000542,-0.100888182734955,0.0968080260047282));
#2213=CARTESIAN_POINT('',(-0.0419074025000542,-0.100888182734955,0.0968080260047282));
#2214=CARTESIAN_POINT('',(0.00268109749994581,-0.0623843670716595,0.0998010260047281));
#2215=CARTESIAN_POINT('',(0.00268109749994581,-0.0623843670716595,0.0968080260047282));
#2216=CARTESIAN_POINT('',(-0.0019774025000542,-0.0623843670716595,0.0968080260047282));
#2217=CARTESIAN_POINT('',(-0.0365358103317018,-0.0616712749033072,0.0998010260047281));
#2218=CARTESIAN_POINT('',(-0.0365358103317018,-0.0616712749033072,0.0968080260047282));
#2219=CARTESIAN_POINT('',(-0.0411943103317019,-0.0616712749033072,0.0968080260047282));
#2220=CARTESIAN_POINT('',(0.00196800533159348,-0.101601274903307,0.0998010260047281));
#2221=CARTESIAN_POINT('',(0.00196800533159348,-0.101601274903307,0.0968080260047282));
#2222=CARTESIAN_POINT('',(-0.00269049466840652,-0.101601274903307,0.0968080260047282));
#2223=CARTESIAN_POINT('',(0.0173220974999458,-0.0816362749033072,0.0891530260047282));
#2224=CARTESIAN_POINT('',(0.0173220974999458,-0.0135697719157454,0.0944770260047282));
#2225=CARTESIAN_POINT('',(-0.0172853496869821,-0.081635078359114,0.0918150260047282));
#2226=CARTESIAN_POINT('',(0.0136670974999458,-0.0118317306230196,0.0918150260047282));
#2227=CARTESIAN_POINT('',(-0.0541320066113919,-0.0852684752025564,0.101722665744354));
#2228=CARTESIAN_POINT('',(-0.0504273267830962,-0.0852684752025564,0.0943824168803937));
#2229=CARTESIAN_POINT('',(-0.0504273267830962,-0.0816362749033072,0.0943824168803937));
#2230=CARTESIAN_POINT('',(-0.0504273267830962,-0.0816362749033071,0.0943824168803939));
#2231=CARTESIAN_POINT('',(-0.0504273267830962,-0.082857697319049,0.0943824168803939));
#2232=CARTESIAN_POINT('',(-0.0503745756200086,-0.0840684307521321,0.0944083354094888));
#2233=CARTESIAN_POINT('',(-0.0502708240678493,-0.0852684752025564,0.0944635214848362));
#2234=CARTESIAN_POINT('',(-0.0492279025000542,-0.0852684752025564,0.0920059435712129));
#2235=CARTESIAN_POINT('',(-0.0518899025000542,-0.0816362749033071,0.0920059435712129));
#2236=CARTESIAN_POINT('',(-0.0518899025000542,-0.0816362749033071,0.0924954807952316));
#2237=CARTESIAN_POINT('',(-0.0516127933324157,-0.0816362749033072,0.0934736997650369));
#2238=CARTESIAN_POINT('',(-0.050864356139494,-0.0816362749033071,0.0941618448165542));
#2239=CARTESIAN_POINT('',(-0.0504273267830962,-0.0816362749033071,0.0943824168803938));
#2240=CARTESIAN_POINT('',(-0.0502708240678493,-0.0852684752025564,0.0944635214848361));
#2241=CARTESIAN_POINT('',(-0.0503749180479624,-0.0840644700521995,0.0944081532699982));
#2242=CARTESIAN_POINT('',(-0.0504273267830962,-0.0828503460796967,0.0943824168803937));
#2243=CARTESIAN_POINT('',(-0.0504273267830962,-0.0816362749033072,0.0943824168803937));
#2244=CARTESIAN_POINT('',(-0.050692449189369,-0.0853303813367683,0.0942392565438278));
#2245=CARTESIAN_POINT('',(-0.0508068082292858,-0.0841061396979375,0.0941862508134048));
#2246=CARTESIAN_POINT('',(-0.050864356139494,-0.0828711954904829,0.0941618448165541));
#2247=CARTESIAN_POINT('',(-0.050864356139494,-0.0816362749033072,0.0941618448165541));
#2248=CARTESIAN_POINT('',(-0.0514090703243618,-0.0854540830081219,0.0935544767483289));
#2249=CARTESIAN_POINT('',(-0.0515443688777203,-0.0841894349811686,0.0934988839281371));
#2250=CARTESIAN_POINT('',(-0.0516126613264227,-0.0829128092128096,0.0934736185233249));
#2251=CARTESIAN_POINT('',(-0.0516126613264227,-0.0816362749033072,0.0934736185233249));
#2252=CARTESIAN_POINT('',(-0.0516687718475194,-0.085542275557751,0.0925939828566269));
#2253=CARTESIAN_POINT('',(-0.0518158449792686,-0.0842479908307638,0.0925266241933471));
#2254=CARTESIAN_POINT('',(-0.0518899025000542,-0.0829421753781052,0.0924954807952316));
#2255=CARTESIAN_POINT('',(-0.0518899025000542,-0.0816362749033072,0.0924954807952316));
#2256=CARTESIAN_POINT('',(-0.0516654662603281,-0.0855711585608272,0.0921133065398171));
#2257=CARTESIAN_POINT('',(-0.0518147445743679,-0.0842668196479405,0.0920400123544599));
#2258=CARTESIAN_POINT('',(-0.0518899025000542,-0.0829515186777291,0.0920059435712129));
#2259=CARTESIAN_POINT('',(-0.0518899025000542,-0.0816362749033072,0.0920059435712129));
#2260=CARTESIAN_POINT('',(-0.00773390250005422,-0.0201963607737064,0.0950150260047282));
#2261=CARTESIAN_POINT('',(-0.00598390250005422,-0.0232274496869518,0.0950150260047282));
#2262=CARTESIAN_POINT('',(-0.00423390250005422,-0.02221708671587,0.0950150260047282));
#2263=CARTESIAN_POINT('',(-0.00773390250005422,-0.0242378126580337,0.0950150260047282));
#2264=CARTESIAN_POINT('',(-0.00948390250005422,-0.0232274496869518,0.0950150260047282));
#2265=CARTESIAN_POINT('',(-0.0112339025000542,-0.02221708671587,0.0950150260047282));
#2266=CARTESIAN_POINT('',(-0.0112339025000542,-0.0201963607737064,0.0950150260047282));
#2267=CARTESIAN_POINT('',(-0.0112339025000542,-0.0181756348315427,0.0950150260047282));
#2268=CARTESIAN_POINT('',(-0.00948390250005422,-0.0171652718604608,0.0950150260047282));
#2269=CARTESIAN_POINT('',(-0.00773390250005422,-0.0161549088893789,0.0950150260047282));
#2270=CARTESIAN_POINT('',(-0.00598390250005422,-0.0171652718604608,0.0950150260047282));
#2271=CARTESIAN_POINT('',(-0.00423390250005422,-0.0181756348315427,0.0950150260047282));
#2272=CARTESIAN_POINT('',(-0.00423390250005422,-0.0201963607737064,0.0950150260047282));
#2273=CARTESIAN_POINT('',(-0.00598390250005422,-0.0232274496869518,0.0950150260047282));
#2274=CARTESIAN_POINT('',(-0.00773390250005422,-0.0242378126580337,0.0950150260047282));
#2275=CARTESIAN_POINT('',(-0.00423390250005422,-0.02221708671587,0.0950150260047282));
#2276=CARTESIAN_POINT('',(-0.00948390250005422,-0.0232274496869518,0.0950150260047282));
#2277=CARTESIAN_POINT('',(-0.0112339025000542,-0.02221708671587,0.0950150260047282));
#2278=CARTESIAN_POINT('',(-0.0112339025000542,-0.0201963607737064,0.0950150260047282));
#2279=CARTESIAN_POINT('',(-0.0112339025000542,-0.0181756348315427,0.0950150260047282));
#2280=CARTESIAN_POINT('',(-0.00948390250005422,-0.0171652718604608,0.0950150260047282));
#2281=CARTESIAN_POINT('',(-0.00773390250005422,-0.0161549088893789,0.0950150260047282));
#2282=CARTESIAN_POINT('',(-0.00598390250005422,-0.0171652718604608,0.0950150260047282));
#2283=CARTESIAN_POINT('',(-0.00423390250005422,-0.0181756348315427,0.0950150260047282));
#2284=CARTESIAN_POINT('',(-0.00423390250005422,-0.0201963607737064,0.0950150260047282));
#2285=CARTESIAN_POINT('',(-0.0268339025000542,-0.0201963607737064,0.0950150260047282));
#2286=CARTESIAN_POINT('',(-0.0250839025000542,-0.0232274496869518,0.0950150260047282));
#2287=CARTESIAN_POINT('',(-0.0233339025000542,-0.02221708671587,0.0950150260047282));
#2288=CARTESIAN_POINT('',(-0.0268339025000542,-0.0242378126580337,0.0950150260047282));
#2289=CARTESIAN_POINT('',(-0.0285839025000542,-0.0232274496869518,0.0950150260047282));
#2290=CARTESIAN_POINT('',(-0.0303339025000542,-0.02221708671587,0.0950150260047282));
#2291=CARTESIAN_POINT('',(-0.0303339025000542,-0.0201963607737064,0.0950150260047282));
#2292=CARTESIAN_POINT('',(-0.0303339025000542,-0.0181756348315427,0.0950150260047282));
#2293=CARTESIAN_POINT('',(-0.0285839025000542,-0.0171652718604608,0.0950150260047282));
#2294=CARTESIAN_POINT('',(-0.0268339025000542,-0.0161549088893789,0.0950150260047282));
#2295=CARTESIAN_POINT('',(-0.0250839025000542,-0.0171652718604608,0.0950150260047282));
#2296=CARTESIAN_POINT('',(-0.0233339025000542,-0.0181756348315427,0.0950150260047282));
#2297=CARTESIAN_POINT('',(-0.0233339025000542,-0.0201963607737064,0.0950150260047282));
#2298=CARTESIAN_POINT('',(-0.0250839025000542,-0.0232274496869518,0.0950150260047282));
#2299=CARTESIAN_POINT('',(-0.0268339025000542,-0.0242378126580337,0.0950150260047282));
#2300=CARTESIAN_POINT('',(-0.0233339025000542,-0.02221708671587,0.0950150260047282));
#2301=CARTESIAN_POINT('',(-0.0285839025000542,-0.0232274496869518,0.0950150260047282));
#2302=CARTESIAN_POINT('',(-0.0303339025000542,-0.02221708671587,0.0950150260047282));
#2303=CARTESIAN_POINT('',(-0.0303339025000542,-0.0201963607737064,0.0950150260047282));
#2304=CARTESIAN_POINT('',(-0.0303339025000542,-0.0181756348315427,0.0950150260047282));
#2305=CARTESIAN_POINT('',(-0.0285839025000542,-0.0171652718604608,0.0950150260047282));
#2306=CARTESIAN_POINT('',(-0.0268339025000542,-0.0161549088893789,0.0950150260047282));
#2307=CARTESIAN_POINT('',(-0.0250839025000542,-0.0171652718604608,0.0950150260047282));
#2308=CARTESIAN_POINT('',(-0.0233339025000542,-0.0181756348315427,0.0950150260047282));
#2309=CARTESIAN_POINT('',(-0.0233339025000542,-0.0201963607737064,0.0950150260047282));
#2310=CARTESIAN_POINT('',(-0.0452349025000542,-0.000938085206270575,0.0998010260047281));
#2311=CARTESIAN_POINT('',(-0.0482349025000542,-0.000938085206270575,0.0998010260047281));
#2312=CARTESIAN_POINT('',(0.0056670974999458,-0.010318355957048,0.0998010260047281));
#2313=CARTESIAN_POINT('',(0.00566709749994582,-0.000979215600057426,0.0918150260047282));
#2314=CARTESIAN_POINT('',(0.00196800533159348,-0.101601274903307,0.0968080260047282));
#2315=CARTESIAN_POINT('',(0.00196800533159348,-0.101601274903307,0.0968080260047282));
#2316=CARTESIAN_POINT('',(-0.00059504466840652,-0.101601274903307,0.0968080260047282));
#2317=CARTESIAN_POINT('',(0.00196800533159348,-0.101601274903307,0.0968080260047282));
#2318=CARTESIAN_POINT('',(-0.0365358103317018,-0.0616712749033072,0.0968080260047282));
#2319=CARTESIAN_POINT('',(-0.0390988603317018,-0.0616712749033072,0.0968080260047282));
#2320=CARTESIAN_POINT('',(0.00196800533159348,-0.101601274903307,0.0968080260047282));
#2321=CARTESIAN_POINT('',(0.00268109749994581,-0.0623843670716595,0.0968080260047282));
#2322=CARTESIAN_POINT('',(0.000118047499945805,-0.0623843670716595,0.0968080260047282));
#2323=CARTESIAN_POINT('',(0.00196800533159348,-0.101601274903307,0.0968080260047282));
#2324=CARTESIAN_POINT('',(-0.0372489025000542,-0.100888182734955,0.0968080260047282));
#2325=CARTESIAN_POINT('',(-0.0398119525000542,-0.100888182734955,0.0968080260047282));
#2326=CARTESIAN_POINT('',(-0.0425729025000542,-0.000938085206270575,0.0998010260047281));
#2327=CARTESIAN_POINT('',(-0.0482349025000542,-0.000938085206270465,0.0958080260047282));
#2328=CARTESIAN_POINT('',(-0.0465765410951323,0.00306555338880778,0.0998010260047281));
#2329=CARTESIAN_POINT('',(-0.0439479841549748,0.00569411032896517,0.0998010260047281));
#2330=CARTESIAN_POINT('',(-0.0419849272148173,0.00765716726912265,0.0998010260047281));
#2331=CARTESIAN_POINT('',(-0.0379812886197391,0.00365352867404445,0.0998010260047281));
#2332=CARTESIAN_POINT('',(-0.0379812886197391,0.00931552867404445,0.0998010260047281));
#2333=CARTESIAN_POINT('',(0.0080050974999458,-0.000938085206270575,0.0998010260047281));
#2334=CARTESIAN_POINT('',(0.0120087360950241,0.00306555338880764,0.0998010260047281));
#2335=CARTESIAN_POINT('',(0.0136670974999458,-0.000938085206270575,0.0998010260047281));
#2336=CARTESIAN_POINT('',(0.00938017915486654,0.00569411032896517,0.0998010260047281));
#2337=CARTESIAN_POINT('',(0.00741712221470904,0.00765716726912266,0.0998010260047281));
#2338=CARTESIAN_POINT('',(0.00341348361963078,0.00365352867404445,0.0998010260047281));
#2339=CARTESIAN_POINT('',(0.00341348361963078,0.00931552867404445,0.0998010260047281));
#2340=CARTESIAN_POINT('',(0.0100015974999458,0.00931552867404445,0.0998010260047281));
#2341=CARTESIAN_POINT('',(0.0136670974999456,-0.116244274903307,0.0998010260047281));
#2342=CARTESIAN_POINT('',(-0.0482349025000544,-0.116244274903307,0.0958080260047282));
#2343=CARTESIAN_POINT('',(-0.0172853496869821,-0.081635078359114,0.0918150260047282));
#2344=CARTESIAN_POINT('',(-0.0372489025000542,-0.100888182734955,0.0998010260047281));
#2345=CARTESIAN_POINT('',(0.00268109749994581,-0.0623843670716595,0.0998010260047281));
#2346=CARTESIAN_POINT('',(-0.0365358103317018,-0.0616712749033072,0.0998010260047281));
#2347=CARTESIAN_POINT('',(0.00196800533159348,-0.101601274903307,0.0998010260047281));
#2348=CARTESIAN_POINT('',(-0.0246060662500542,-0.0722824752025564,0.0934537285454456));
#2349=CARTESIAN_POINT('',(-0.027356021032477,-0.0722824752025564,0.0895263861042975));
#2350=CARTESIAN_POINT('',(-0.0451982106834487,-0.0722824752025564,0.102019621796075));
#2351=CARTESIAN_POINT('',(-0.0352775293387451,-0.0722824752025564,0.0950730859343372));
#2352=CARTESIAN_POINT('',(-0.0352775293387451,-0.0722824752025564,0.0950730859343372));
#2353=CARTESIAN_POINT('',(-0.0339952522250339,-0.0722824752025564,0.0949880128939261));
#2354=CARTESIAN_POINT('',(-0.0327141356094696,-0.0722824752025564,0.0948827361268674));
#2355=CARTESIAN_POINT('',(-0.0314372645090694,-0.0722824752025564,0.0947374803822276));
#2356=CARTESIAN_POINT('',(-0.0314372645090694,-0.0722824752025564,0.0947374803822275));
#2357=CARTESIAN_POINT('',(-0.0314372645090694,-0.0722824752025564,0.0648298455155121));
#2358=CARTESIAN_POINT('',(-0.0461441070500857,-0.0722824752025564,0.102019621796075));
#2359=CARTESIAN_POINT('',(-0.0246060662500542,-0.0882824752025564,0.0934537285454456));
#2360=CARTESIAN_POINT('',(-0.0444233777410325,-0.0882824752025564,0.101477077928942));
#2361=CARTESIAN_POINT('',(-0.035971391575416,-0.0882824752025564,0.0955589335029333));
#2362=CARTESIAN_POINT('',(-0.0451982106834487,-0.0882824752025564,0.102019621796075));
#2363=CARTESIAN_POINT('',(-0.0246060662500542,-0.0882824752025564,0.102019621796075));
#2364=CARTESIAN_POINT('',(-0.0328928501449872,-0.0882824752025564,0.0648298455155121));
#2365=CARTESIAN_POINT('',(-0.0328928501449872,-0.0882824752025564,0.0954752672983546));
#2366=CARTESIAN_POINT('',(-0.0328928501449872,-0.0882824752025564,0.0954752672983546));
#2367=CARTESIAN_POINT('',(-0.0339188351011759,-0.0882824752025564,0.0955098529897368));
#2368=CARTESIAN_POINT('',(-0.0349450674026837,-0.0882824752025564,0.0955366158165868));
#2369=CARTESIAN_POINT('',(-0.035971391575416,-0.0882824752025564,0.0955589335029333));
#2370=CARTESIAN_POINT('',(-0.0245768785729616,-0.0268618242132488,0.0900650260047282));
#2371=CARTESIAN_POINT('',(-0.0245768785729616,-0.0448618242132488,0.0900650260047282));
#2372=CARTESIAN_POINT('',(-0.0172839025000542,-0.0448618242132488,0.0883150260047282));
#2373=CARTESIAN_POINT('',(-0.0245768785729616,-0.0268618242132488,0.0900650260047282));
#2374=CARTESIAN_POINT('',(-0.0172839025000542,-0.0268618242132488,0.0883150260047282));
#2375=CARTESIAN_POINT('',(-0.0172839025000542,-0.0268618242132488,0.0883150260047282));
#2376=CARTESIAN_POINT('',(-0.00999092642714679,-0.0268618242132488,0.0900650260047282));
#2377=CARTESIAN_POINT('',(-0.00999092642714679,-0.0448618242132488,0.0900650260047282));
#2378=CARTESIAN_POINT('',(-0.00999092642714679,-0.0268618242132488,0.0900650260047282));
#2379=CARTESIAN_POINT('',(-0.0172839025000542,-0.0268618242132488,0.0900650260047282));
#2380=CARTESIAN_POINT('',(-0.0172839025000542,-0.0448618242132488,0.0900650260047282));
#2381=CARTESIAN_POINT('',(-0.0172839025000542,-0.109371400288967,0.0904840260047282));
#2382=CARTESIAN_POINT('',(-0.0172839025000542,-0.109371400288967,0.0904840260047282));
#2383=CARTESIAN_POINT('',(-0.0172839025000542,-0.111334625288967,0.0904840260047282));
#2384=CARTESIAN_POINT('',(-0.0172839025000542,-0.109371400288967,0.0998010260047281));
#2385=CARTESIAN_POINT('',(-0.0268899025000542,-0.0812754752025564,0.0990196217960752));
#2386=CARTESIAN_POINT('',(-0.0268899025000542,-0.0852824752025564,0.0990196217960752));
#2387=CARTESIAN_POINT('',(-0.0518899025000542,-0.0752824752025564,0.0990196217960752));
#2388=CARTESIAN_POINT('',(-0.0352711138155121,-0.0752592473475828,0.0919875693889665));
#2389=CARTESIAN_POINT('',(-0.0346053219631096,-0.0754952913298703,0.0919875693889665));
#2390=CARTESIAN_POINT('',(-0.0339395301107072,-0.0757313353121578,0.0919875693889665));
#2391=CARTESIAN_POINT('',(-0.0332737382583047,-0.0759673792944453,0.0919875693889665));
#2392=CARTESIAN_POINT('',(-0.0360333070101979,-0.0774091094794645,0.0925458948912848));
#2393=CARTESIAN_POINT('',(-0.0353393027790071,-0.0775655768855895,0.0925458948912848));
#2394=CARTESIAN_POINT('',(-0.0346452985478162,-0.0777220442917145,0.0925458948912848));
#2395=CARTESIAN_POINT('',(-0.0339512943166254,-0.0778785116978395,0.0925458948912848));
#2396=CARTESIAN_POINT('',(-0.0363680910170807,-0.0795663858630869,0.0927911325162258));
#2397=CARTESIAN_POINT('',(-0.0356616948447385,-0.0796430022564892,0.0927911325162258));
#2398=CARTESIAN_POINT('',(-0.0349552986723964,-0.0797196186498915,0.0927911325162258));
#2399=CARTESIAN_POINT('',(-0.0342489025000542,-0.0797962350432938,0.0927911325162258));
#2400=CARTESIAN_POINT('',(-0.0363680910170807,-0.0816362749033072,0.0927911325162258));
#2401=CARTESIAN_POINT('',(-0.0356616948447385,-0.0816362749033072,0.0927911325162258));
#2402=CARTESIAN_POINT('',(-0.0349552986723964,-0.0816362749033072,0.0927911325162258));
#2403=CARTESIAN_POINT('',(-0.0342489025000542,-0.0816362749033072,0.0927911325162258));
#2404=CARTESIAN_POINT('',(-0.0363680910170807,-0.0828277972401123,0.0927911325162258));
#2405=CARTESIAN_POINT('',(-0.0356616948447385,-0.0827836933570874,0.0927911325162258));
#2406=CARTESIAN_POINT('',(-0.0349552986723964,-0.0827395894740626,0.0927911325162258));
#2407=CARTESIAN_POINT('',(-0.0342489025000542,-0.0826954855910377,0.0927911325162258));
#2408=CARTESIAN_POINT('',(-0.0362567189470105,-0.084051807919483,0.0927095497004781));
#2409=CARTESIAN_POINT('',(-0.0355544451822799,-0.0839623976060567,0.0927095497004781));
#2410=CARTESIAN_POINT('',(-0.0348521714175493,-0.0838729872926305,0.0927095497004781));
#2411=CARTESIAN_POINT('',(-0.0341498976528187,-0.0837835769792043,0.0927095497004781));
#2412=CARTESIAN_POINT('',(-0.0360147037158532,-0.0852918647555239,0.0925322675147453));
#2413=CARTESIAN_POINT('',(-0.0353213880806645,-0.0851565540674663,0.0925322675147453));
#2414=CARTESIAN_POINT('',(-0.0346280724454758,-0.0850212433794088,0.0925322675147453));
#2415=CARTESIAN_POINT('',(-0.0339347568102872,-0.0848859326913513,0.0925322675147453));
#2416=CARTESIAN_POINT('',(-0.0354718951206729,-0.0758985999257659,0.0921434763582562));
#2417=CARTESIAN_POINT('',(-0.0358977260718648,-0.0773361041663573,0.092474049031165));
#2418=CARTESIAN_POINT('',(-0.0364357207284733,-0.0803556605593572,0.0928950944861522));
#2419=CARTESIAN_POINT('',(-0.0362827780698865,-0.0834088362404308,0.0927750839907343));
#2420=CARTESIAN_POINT('',(-0.036036112633767,-0.084911969720858,0.0925826040734787));
#2421=CARTESIAN_POINT('',(-0.0354718951206729,-0.0758985999257659,0.0921434763582562));
#2422=CARTESIAN_POINT('',(-0.036036112633767,-0.0849119697208581,0.0925826040734787));
#2423=CARTESIAN_POINT('',(-0.036036112633767,-0.0849119697208581,0.0925826040734787));
#2424=CARTESIAN_POINT('',(-0.0353390559058833,-0.0848884527642794,0.0925703738789734));
#2425=CARTESIAN_POINT('',(-0.034642130025109,-0.0848618043266149,0.0925566866348247));
#2426=CARTESIAN_POINT('',(-0.0339454369046822,-0.0848307226307547,0.0925410682169082));
#2427=CARTESIAN_POINT('',(-0.0339454369046822,-0.0848307226307548,0.0925410682169082));
#2428=CARTESIAN_POINT('',(-0.0172839025000542,-0.0816362749033072,0.0788114890158689));
#2429=CARTESIAN_POINT('',(-0.0332946686125549,-0.0760267657009972,0.0920048165973811));
#2430=CARTESIAN_POINT('',(-0.0332946686125549,-0.0760267657009972,0.0920048165973811));
#2431=CARTESIAN_POINT('',(-0.0340196285934301,-0.0759785218922836,0.0920577239264805));
#2432=CARTESIAN_POINT('',(-0.0347454991495431,-0.0759362637905769,0.0921032044791637));
#2433=CARTESIAN_POINT('',(-0.0354718951206729,-0.0758985999257659,0.0921434763582562));
#2434=CARTESIAN_POINT('',(-0.0172839025000542,-0.0816362749033072,0.0891530260047282));
#2435=CARTESIAN_POINT('',(-0.0314372645090694,-0.0722824752025564,0.0947374803822275));
#2436=CARTESIAN_POINT('',(-0.0314372645090694,-0.0722824752025564,0.0942542220871175));
#2437=CARTESIAN_POINT('',(-0.031598294780075,-0.0725208772840245,0.0933100872490156));
#2438=CARTESIAN_POINT('',(-0.0323518170008105,-0.073759948000929,0.0919649855503065));
#2439=CARTESIAN_POINT('',(-0.0329870394562568,-0.0751487248077142,0.0917513214051994));
#2440=CARTESIAN_POINT('',(-0.0332946686125549,-0.0760267657009972,0.0920048165973811));
#2441=CARTESIAN_POINT('',(-0.0339454369046822,-0.0848307226307548,0.0925410682169082));
#2442=CARTESIAN_POINT('',(-0.0337803347296122,-0.0856918591416364,0.0924050193192594));
#2443=CARTESIAN_POINT('',(-0.033269948647121,-0.0874551762816623,0.0929002347067897));
#2444=CARTESIAN_POINT('',(-0.0328928501449874,-0.0882824752025559,0.0945869103067486));
#2445=CARTESIAN_POINT('',(-0.0328928501449875,-0.0882824752025558,0.0954752672983549));
#2446=CARTESIAN_POINT('',(-0.0268899025000542,-0.0752824752025564,0.102019621796075));
#2447=CARTESIAN_POINT('',(-0.0451982106834487,-0.0752824752025564,0.102019621796075));
#2448=CARTESIAN_POINT('',(-0.0246060662500542,-0.0852824752025564,0.102019621796075));
#2449=CARTESIAN_POINT('',(-0.0451982106834487,-0.0852824752025564,0.102019621796075));
#2450=CARTESIAN_POINT('',(-0.0273560210324771,-0.0752824752025564,0.0895263861042975));
#2451=CARTESIAN_POINT('',(-0.0352775293387451,-0.0752824752025564,0.0950730859343372));
#2452=CARTESIAN_POINT('',(-0.0317042457011671,-0.0761429545227393,0.0918753377121541));
#2453=CARTESIAN_POINT('',(-0.0318360785746632,-0.0722824752025564,0.0907270269942454));
#2454=CARTESIAN_POINT('',(-0.0313764526299,-0.0722824752025564,0.0947305307077267));
#2455=CARTESIAN_POINT('',(-0.0329398917050215,-0.0760441568240942,0.0919874221920939));
#2456=CARTESIAN_POINT('',(-0.0329995744530998,-0.0722824752025508,0.0910028767316634));
#2457=CARTESIAN_POINT('',(-0.032671927322626,-0.0722824752025564,0.0948792588760524));
#2458=CARTESIAN_POINT('',(-0.0342011598357313,-0.0759644879589548,0.0920730259430355));
#2459=CARTESIAN_POINT('',(-0.0342488642249138,-0.0722824752025751,0.0912157293940839));
#2460=CARTESIAN_POINT('',(-0.0339746609680923,-0.0722824752025564,0.0949866467617561));
#2461=CARTESIAN_POINT('',(-0.0354718951206729,-0.0758985999257659,0.0921434763582562));
#2462=CARTESIAN_POINT('',(-0.0355221299482906,-0.0722824752025564,0.0913863038221137));
#2463=CARTESIAN_POINT('',(-0.035277529338745,-0.0722824752025564,0.0950730859343372));
#2464=CARTESIAN_POINT('',(-0.0352775293387451,-0.0752824752025564,0.0950730859343372));
#2465=CARTESIAN_POINT('',(-0.032863033624328,-0.0882824752025564,0.0954742599266189));
#2466=CARTESIAN_POINT('',(-0.0329831095693986,-0.0882824752025564,0.0919281985455012));
#2467=CARTESIAN_POINT('',(-0.0329631480372063,-0.0847837525271567,0.0925176989518754));
#2468=CARTESIAN_POINT('',(-0.0338989518452281,-0.0882824752025564,0.0955093379596735));
#2469=CARTESIAN_POINT('',(-0.0339876210061678,-0.0882824752025222,0.092025155408118));
#2470=CARTESIAN_POINT('',(-0.0339837214030446,-0.0848360116645066,0.0925434421336251));
#2471=CARTESIAN_POINT('',(-0.0349351255717874,-0.0882824752025564,0.0955363996289646));
#2472=CARTESIAN_POINT('',(-0.0350133100818179,-0.0882824752024604,0.0921006659320849));
#2473=CARTESIAN_POINT('',(-0.0350087621542596,-0.0848773094765283,0.0925645787167158));
#2474=CARTESIAN_POINT('',(-0.0359713915754161,-0.0882824752025564,0.0955589335029333));
#2475=CARTESIAN_POINT('',(-0.0360452320697398,-0.0882824752025564,0.0921632282728152));
#2476=CARTESIAN_POINT('',(-0.036036112633767,-0.0849119697208581,0.0925826040734787));
#2477=CARTESIAN_POINT('',(-0.035971391575416,-0.0852824752025564,0.0955589335029333));
#2478=CARTESIAN_POINT('',(-0.0388243391871178,-0.0852824752025564,0.0975565889267643));
#2479=CARTESIAN_POINT('',(-0.035971391575416,-0.0852824752025564,0.0955589335029333));
#2480=CARTESIAN_POINT('',(-0.0352775293387452,-0.0752824752025564,0.0950730859343372));
#2481=CARTESIAN_POINT('',(-0.0352775293387452,-0.0752824752025564,0.0950730859343373));
#2482=CARTESIAN_POINT('',(-0.035971391575416,-0.0852824752025564,0.0955589335029333));
#2483=CARTESIAN_POINT('',(-0.035971391575416,-0.0852824752025564,0.0955589335029333));
#2484=CARTESIAN_POINT('',(-0.0354718951206729,-0.0758985999257659,0.0921434763582562));
#2485=CARTESIAN_POINT('',(-0.0363199888030905,-0.0756178554413507,0.0921407001432656));
#2486=CARTESIAN_POINT('',(-0.0369982586477982,-0.0752824752025564,0.0926156298014703));
#2487=CARTESIAN_POINT('',(-0.0358992125224721,-0.0773411220688753,0.0924752029627203));
#2488=CARTESIAN_POINT('',(-0.0367966388755706,-0.0771252217077161,0.0924744541171198));
#2489=CARTESIAN_POINT('',(-0.0375202576744428,-0.0768557540115581,0.0929811374548649));
#2490=CARTESIAN_POINT('',(-0.0364367711814359,-0.0803808929606887,0.0928959201386498));
#2491=CARTESIAN_POINT('',(-0.0373992092049041,-0.0803158369647934,0.0928963784039654));
#2492=CARTESIAN_POINT('',(-0.0381910555118701,-0.0802283814941567,0.0934508351572463));
#2493=CARTESIAN_POINT('',(-0.0362826967293287,-0.0834093319110268,0.0927750205188894));
#2494=CARTESIAN_POINT('',(-0.0372261319462581,-0.0835008797636601,0.0927751884028726));
#2495=CARTESIAN_POINT('',(-0.0379974583537921,-0.0836183263522789,0.0933152769677842));
#2496=CARTESIAN_POINT('',(-0.0360361126337669,-0.0849119697208581,0.0925826040734787));
#2497=CARTESIAN_POINT('',(-0.0369496868064081,-0.08507946550124,0.0925816194319843));
#2498=CARTESIAN_POINT('',(-0.0376921208844691,-0.0852824752025564,0.0931014773700663));
#2499=MECHANICAL_DESIGN_GEOMETRIC_PRESENTATION_REPRESENTATION('',(#1422),
#2500);
#2500=(
GEOMETRIC_REPRESENTATION_CONTEXT(3)
GLOBAL_UNCERTAINTY_ASSIGNED_CONTEXT((#2501))
GLOBAL_UNIT_ASSIGNED_CONTEXT((#2504,#2503,#2502))
REPRESENTATION_CONTEXT('pan arm','TOP_LEVEL_ASSEMBLY_PART')
);
#2501=UNCERTAINTY_MEASURE_WITH_UNIT(LENGTH_MEASURE(5.E-6),#2504,
'DISTANCE_ACCURACY_VALUE','Maximum Tolerance applied to model');
#2502=(
NAMED_UNIT(*)
SI_UNIT($,.STERADIAN.)
SOLID_ANGLE_UNIT()
);
#2503=(
NAMED_UNIT(*)
PLANE_ANGLE_UNIT()
SI_UNIT($,.RADIAN.)
);
#2504=(
LENGTH_UNIT()
NAMED_UNIT(*)
SI_UNIT($,.METRE.)
);
#2505=PRODUCT_DEFINITION_SHAPE('','',#2506);
#2506=PRODUCT_DEFINITION('','',#2508,#2507);
#2507=PRODUCT_DEFINITION_CONTEXT('',#2514,'design');
#2508=PRODUCT_DEFINITION_FORMATION_WITH_SPECIFIED_SOURCE('','',#2510,
 .NOT_KNOWN.);
#2509=PRODUCT_RELATED_PRODUCT_CATEGORY('','',(#2510));
#2510=PRODUCT('pan arm','pan arm','pan arm',(#2512));
#2511=PRODUCT_CATEGORY('','');
#2512=PRODUCT_CONTEXT('',#2514,'mechanical');
#2513=APPLICATION_PROTOCOL_DEFINITION('international standard',
'ap242_managed_model_based_3d_engineering',2011,#2514);
#2514=APPLICATION_CONTEXT('managed model based 3d engineering');
ENDSEC;
END-ISO-10303-21;
