ISO-10303-21;
HEADER;
/* Generated by software containing ST-Developer
 * from STEP Tools, Inc. (www.steptools.com) 
 */
/* OPTION: using custom renumber hook */

FILE_DESCRIPTION(
/* description */ ('STEP AP242',
'CAx-IF Rec.Pracs.---Representation and Presentation of Product Manufa
cturing Information (PMI)---4.0---2014-10-13',
'CAx-IF Rec.Pracs.---3D Tessellated Geometry---0.4---2014-09-14','2;1'),

/* implementation_level */ '2;1');

FILE_NAME(
/* name */ '66789e99b9c7367681b24332',
/* time_stamp */ '2024-06-23T22:15:54Z',
/* author */ (''),
/* organization */ (''),
/* preprocessor_version */ 'ST-DEVELOPER v20',
/* originating_system */ '  ',
/* authorisation */ '  ');

FILE_SCHEMA (('AP242_MANAGED_MODEL_BASED_3D_ENGINEERING_MIM_LF { 1 0 10303 442 1 1 4 }'));
ENDSEC;

DATA;
#10=SHAPE_REPRESENTATION_RELATIONSHIP('','',#10685,#11);
#11=ADVANCED_BREP_SHAPE_REPRESENTATION('',(#10683),#19943);
#12=CONICAL_SURFACE('',#12533,0.0359063270249522,0.78539816339745);
#13=CONICAL_SURFACE('',#12534,0.0359063270249522,0.78539816339745);
#14=LINE('',#18774,#470);
#15=LINE('',#18776,#471);
#16=LINE('',#18778,#472);
#17=LINE('',#18780,#473);
#18=LINE('',#18781,#474);
#19=LINE('',#18785,#475);
#20=LINE('',#18787,#476);
#21=LINE('',#18789,#477);
#22=LINE('',#18791,#478);
#23=LINE('',#18795,#479);
#24=LINE('',#18797,#480);
#25=LINE('',#18799,#481);
#26=LINE('',#18801,#482);
#27=LINE('',#18805,#483);
#28=LINE('',#18807,#484);
#29=LINE('',#18809,#485);
#30=LINE('',#18811,#486);
#31=LINE('',#18815,#487);
#32=LINE('',#18817,#488);
#33=LINE('',#18819,#489);
#34=LINE('',#18821,#490);
#35=LINE('',#18825,#491);
#36=LINE('',#18827,#492);
#37=LINE('',#18829,#493);
#38=LINE('',#18831,#494);
#39=LINE('',#18835,#495);
#40=LINE('',#18837,#496);
#41=LINE('',#18839,#497);
#42=LINE('',#18841,#498);
#43=LINE('',#18845,#499);
#44=LINE('',#18847,#500);
#45=LINE('',#18849,#501);
#46=LINE('',#18851,#502);
#47=LINE('',#18855,#503);
#48=LINE('',#18857,#504);
#49=LINE('',#18859,#505);
#50=LINE('',#18861,#506);
#51=LINE('',#18865,#507);
#52=LINE('',#18867,#508);
#53=LINE('',#18869,#509);
#54=LINE('',#18871,#510);
#55=LINE('',#18875,#511);
#56=LINE('',#18877,#512);
#57=LINE('',#18879,#513);
#58=LINE('',#18881,#514);
#59=LINE('',#18885,#515);
#60=LINE('',#18887,#516);
#61=LINE('',#18889,#517);
#62=LINE('',#18891,#518);
#63=LINE('',#18895,#519);
#64=LINE('',#18897,#520);
#65=LINE('',#18899,#521);
#66=LINE('',#18901,#522);
#67=LINE('',#18905,#523);
#68=LINE('',#18907,#524);
#69=LINE('',#18909,#525);
#70=LINE('',#18911,#526);
#71=LINE('',#18915,#527);
#72=LINE('',#18917,#528);
#73=LINE('',#18919,#529);
#74=LINE('',#18921,#530);
#75=LINE('',#18925,#531);
#76=LINE('',#18927,#532);
#77=LINE('',#18929,#533);
#78=LINE('',#18931,#534);
#79=LINE('',#18935,#535);
#80=LINE('',#18937,#536);
#81=LINE('',#18939,#537);
#82=LINE('',#18941,#538);
#83=LINE('',#18945,#539);
#84=LINE('',#18947,#540);
#85=LINE('',#18949,#541);
#86=LINE('',#18951,#542);
#87=LINE('',#18955,#543);
#88=LINE('',#18957,#544);
#89=LINE('',#18959,#545);
#90=LINE('',#18961,#546);
#91=LINE('',#18965,#547);
#92=LINE('',#18967,#548);
#93=LINE('',#18969,#549);
#94=LINE('',#18971,#550);
#95=LINE('',#18975,#551);
#96=LINE('',#18977,#552);
#97=LINE('',#18979,#553);
#98=LINE('',#18981,#554);
#99=LINE('',#18985,#555);
#100=LINE('',#18987,#556);
#101=LINE('',#18989,#557);
#102=LINE('',#18991,#558);
#103=LINE('',#18995,#559);
#104=LINE('',#18997,#560);
#105=LINE('',#18999,#561);
#106=LINE('',#19001,#562);
#107=LINE('',#19005,#563);
#108=LINE('',#19007,#564);
#109=LINE('',#19009,#565);
#110=LINE('',#19011,#566);
#111=LINE('',#19015,#567);
#112=LINE('',#19017,#568);
#113=LINE('',#19019,#569);
#114=LINE('',#19021,#570);
#115=LINE('',#19025,#571);
#116=LINE('',#19027,#572);
#117=LINE('',#19029,#573);
#118=LINE('',#19031,#574);
#119=LINE('',#19035,#575);
#120=LINE('',#19037,#576);
#121=LINE('',#19039,#577);
#122=LINE('',#19041,#578);
#123=LINE('',#19045,#579);
#124=LINE('',#19047,#580);
#125=LINE('',#19049,#581);
#126=LINE('',#19051,#582);
#127=LINE('',#19055,#583);
#128=LINE('',#19057,#584);
#129=LINE('',#19059,#585);
#130=LINE('',#19061,#586);
#131=LINE('',#19065,#587);
#132=LINE('',#19067,#588);
#133=LINE('',#19069,#589);
#134=LINE('',#19071,#590);
#135=LINE('',#19075,#591);
#136=LINE('',#19077,#592);
#137=LINE('',#19079,#593);
#138=LINE('',#19081,#594);
#139=LINE('',#19085,#595);
#140=LINE('',#19087,#596);
#141=LINE('',#19089,#597);
#142=LINE('',#19091,#598);
#143=LINE('',#19095,#599);
#144=LINE('',#19097,#600);
#145=LINE('',#19099,#601);
#146=LINE('',#19101,#602);
#147=LINE('',#19105,#603);
#148=LINE('',#19107,#604);
#149=LINE('',#19109,#605);
#150=LINE('',#19111,#606);
#151=LINE('',#19115,#607);
#152=LINE('',#19117,#608);
#153=LINE('',#19119,#609);
#154=LINE('',#19121,#610);
#155=LINE('',#19125,#611);
#156=LINE('',#19127,#612);
#157=LINE('',#19129,#613);
#158=LINE('',#19131,#614);
#159=LINE('',#19135,#615);
#160=LINE('',#19137,#616);
#161=LINE('',#19139,#617);
#162=LINE('',#19141,#618);
#163=LINE('',#19145,#619);
#164=LINE('',#19147,#620);
#165=LINE('',#19149,#621);
#166=LINE('',#19151,#622);
#167=LINE('',#19155,#623);
#168=LINE('',#19157,#624);
#169=LINE('',#19159,#625);
#170=LINE('',#19161,#626);
#171=LINE('',#19165,#627);
#172=LINE('',#19167,#628);
#173=LINE('',#19169,#629);
#174=LINE('',#19171,#630);
#175=LINE('',#19175,#631);
#176=LINE('',#19177,#632);
#177=LINE('',#19179,#633);
#178=LINE('',#19181,#634);
#179=LINE('',#19185,#635);
#180=LINE('',#19187,#636);
#181=LINE('',#19189,#637);
#182=LINE('',#19191,#638);
#183=LINE('',#19195,#639);
#184=LINE('',#19197,#640);
#185=LINE('',#19199,#641);
#186=LINE('',#19201,#642);
#187=LINE('',#19205,#643);
#188=LINE('',#19207,#644);
#189=LINE('',#19209,#645);
#190=LINE('',#19211,#646);
#191=LINE('',#19215,#647);
#192=LINE('',#19217,#648);
#193=LINE('',#19219,#649);
#194=LINE('',#19221,#650);
#195=LINE('',#19225,#651);
#196=LINE('',#19227,#652);
#197=LINE('',#19229,#653);
#198=LINE('',#19231,#654);
#199=LINE('',#19235,#655);
#200=LINE('',#19237,#656);
#201=LINE('',#19239,#657);
#202=LINE('',#19241,#658);
#203=LINE('',#19245,#659);
#204=LINE('',#19247,#660);
#205=LINE('',#19249,#661);
#206=LINE('',#19251,#662);
#207=LINE('',#19255,#663);
#208=LINE('',#19257,#664);
#209=LINE('',#19259,#665);
#210=LINE('',#19261,#666);
#211=LINE('',#19265,#667);
#212=LINE('',#19267,#668);
#213=LINE('',#19269,#669);
#214=LINE('',#19271,#670);
#215=LINE('',#19275,#671);
#216=LINE('',#19277,#672);
#217=LINE('',#19279,#673);
#218=LINE('',#19281,#674);
#219=LINE('',#19285,#675);
#220=LINE('',#19287,#676);
#221=LINE('',#19289,#677);
#222=LINE('',#19291,#678);
#223=LINE('',#19295,#679);
#224=LINE('',#19297,#680);
#225=LINE('',#19299,#681);
#226=LINE('',#19301,#682);
#227=LINE('',#19305,#683);
#228=LINE('',#19307,#684);
#229=LINE('',#19309,#685);
#230=LINE('',#19311,#686);
#231=LINE('',#19315,#687);
#232=LINE('',#19317,#688);
#233=LINE('',#19319,#689);
#234=LINE('',#19321,#690);
#235=LINE('',#19325,#691);
#236=LINE('',#19327,#692);
#237=LINE('',#19329,#693);
#238=LINE('',#19331,#694);
#239=LINE('',#19335,#695);
#240=LINE('',#19337,#696);
#241=LINE('',#19339,#697);
#242=LINE('',#19341,#698);
#243=LINE('',#19345,#699);
#244=LINE('',#19347,#700);
#245=LINE('',#19349,#701);
#246=LINE('',#19351,#702);
#247=LINE('',#19355,#703);
#248=LINE('',#19357,#704);
#249=LINE('',#19359,#705);
#250=LINE('',#19361,#706);
#251=LINE('',#19365,#707);
#252=LINE('',#19367,#708);
#253=LINE('',#19369,#709);
#254=LINE('',#19371,#710);
#255=LINE('',#19375,#711);
#256=LINE('',#19377,#712);
#257=LINE('',#19379,#713);
#258=LINE('',#19381,#714);
#259=LINE('',#19385,#715);
#260=LINE('',#19387,#716);
#261=LINE('',#19389,#717);
#262=LINE('',#19391,#718);
#263=LINE('',#19395,#719);
#264=LINE('',#19397,#720);
#265=LINE('',#19399,#721);
#266=LINE('',#19401,#722);
#267=LINE('',#19405,#723);
#268=LINE('',#19407,#724);
#269=LINE('',#19409,#725);
#270=LINE('',#19411,#726);
#271=LINE('',#19415,#727);
#272=LINE('',#19417,#728);
#273=LINE('',#19419,#729);
#274=LINE('',#19421,#730);
#275=LINE('',#19425,#731);
#276=LINE('',#19427,#732);
#277=LINE('',#19429,#733);
#278=LINE('',#19431,#734);
#279=LINE('',#19435,#735);
#280=LINE('',#19437,#736);
#281=LINE('',#19439,#737);
#282=LINE('',#19441,#738);
#283=LINE('',#19445,#739);
#284=LINE('',#19447,#740);
#285=LINE('',#19449,#741);
#286=LINE('',#19451,#742);
#287=LINE('',#19455,#743);
#288=LINE('',#19457,#744);
#289=LINE('',#19459,#745);
#290=LINE('',#19461,#746);
#291=LINE('',#19465,#747);
#292=LINE('',#19467,#748);
#293=LINE('',#19469,#749);
#294=LINE('',#19471,#750);
#295=LINE('',#19475,#751);
#296=LINE('',#19477,#752);
#297=LINE('',#19479,#753);
#298=LINE('',#19481,#754);
#299=LINE('',#19485,#755);
#300=LINE('',#19487,#756);
#301=LINE('',#19489,#757);
#302=LINE('',#19491,#758);
#303=LINE('',#19495,#759);
#304=LINE('',#19497,#760);
#305=LINE('',#19499,#761);
#306=LINE('',#19501,#762);
#307=LINE('',#19505,#763);
#308=LINE('',#19507,#764);
#309=LINE('',#19509,#765);
#310=LINE('',#19511,#766);
#311=LINE('',#19515,#767);
#312=LINE('',#19517,#768);
#313=LINE('',#19519,#769);
#314=LINE('',#19521,#770);
#315=LINE('',#19525,#771);
#316=LINE('',#19527,#772);
#317=LINE('',#19529,#773);
#318=LINE('',#19531,#774);
#319=LINE('',#19535,#775);
#320=LINE('',#19537,#776);
#321=LINE('',#19539,#777);
#322=LINE('',#19541,#778);
#323=LINE('',#19545,#779);
#324=LINE('',#19547,#780);
#325=LINE('',#19549,#781);
#326=LINE('',#19551,#782);
#327=LINE('',#19555,#783);
#328=LINE('',#19557,#784);
#329=LINE('',#19559,#785);
#330=LINE('',#19561,#786);
#331=LINE('',#19565,#787);
#332=LINE('',#19567,#788);
#333=LINE('',#19569,#789);
#334=LINE('',#19571,#790);
#335=LINE('',#19575,#791);
#336=LINE('',#19577,#792);
#337=LINE('',#19579,#793);
#338=LINE('',#19581,#794);
#339=LINE('',#19585,#795);
#340=LINE('',#19587,#796);
#341=LINE('',#19589,#797);
#342=LINE('',#19591,#798);
#343=LINE('',#19595,#799);
#344=LINE('',#19597,#800);
#345=LINE('',#19599,#801);
#346=LINE('',#19601,#802);
#347=LINE('',#19605,#803);
#348=LINE('',#19607,#804);
#349=LINE('',#19609,#805);
#350=LINE('',#19611,#806);
#351=LINE('',#19615,#807);
#352=LINE('',#19617,#808);
#353=LINE('',#19619,#809);
#354=LINE('',#19621,#810);
#355=LINE('',#19625,#811);
#356=LINE('',#19627,#812);
#357=LINE('',#19629,#813);
#358=LINE('',#19631,#814);
#359=LINE('',#19635,#815);
#360=LINE('',#19637,#816);
#361=LINE('',#19639,#817);
#362=LINE('',#19641,#818);
#363=LINE('',#19645,#819);
#364=LINE('',#19647,#820);
#365=LINE('',#19649,#821);
#366=LINE('',#19651,#822);
#367=LINE('',#19655,#823);
#368=LINE('',#19657,#824);
#369=LINE('',#19659,#825);
#370=LINE('',#19661,#826);
#371=LINE('',#19665,#827);
#372=LINE('',#19667,#828);
#373=LINE('',#19669,#829);
#374=LINE('',#19671,#830);
#375=LINE('',#19675,#831);
#376=LINE('',#19677,#832);
#377=LINE('',#19679,#833);
#378=LINE('',#19681,#834);
#379=LINE('',#19685,#835);
#380=LINE('',#19687,#836);
#381=LINE('',#19689,#837);
#382=LINE('',#19691,#838);
#383=LINE('',#19695,#839);
#384=LINE('',#19697,#840);
#385=LINE('',#19699,#841);
#386=LINE('',#19701,#842);
#387=LINE('',#19705,#843);
#388=LINE('',#19707,#844);
#389=LINE('',#19709,#845);
#390=LINE('',#19711,#846);
#391=LINE('',#19715,#847);
#392=LINE('',#19717,#848);
#393=LINE('',#19719,#849);
#394=LINE('',#19721,#850);
#395=LINE('',#19725,#851);
#396=LINE('',#19727,#852);
#397=LINE('',#19729,#853);
#398=LINE('',#19731,#854);
#399=LINE('',#19735,#855);
#400=LINE('',#19737,#856);
#401=LINE('',#19739,#857);
#402=LINE('',#19741,#858);
#403=LINE('',#19745,#859);
#404=LINE('',#19747,#860);
#405=LINE('',#19749,#861);
#406=LINE('',#19751,#862);
#407=LINE('',#19755,#863);
#408=LINE('',#19757,#864);
#409=LINE('',#19759,#865);
#410=LINE('',#19761,#866);
#411=LINE('',#19765,#867);
#412=LINE('',#19767,#868);
#413=LINE('',#19769,#869);
#414=LINE('',#19771,#870);
#415=LINE('',#19775,#871);
#416=LINE('',#19777,#872);
#417=LINE('',#19779,#873);
#418=LINE('',#19781,#874);
#419=LINE('',#19785,#875);
#420=LINE('',#19787,#876);
#421=LINE('',#19789,#877);
#422=LINE('',#19791,#878);
#423=LINE('',#19795,#879);
#424=LINE('',#19797,#880);
#425=LINE('',#19799,#881);
#426=LINE('',#19801,#882);
#427=LINE('',#19805,#883);
#428=LINE('',#19807,#884);
#429=LINE('',#19809,#885);
#430=LINE('',#19811,#886);
#431=LINE('',#19815,#887);
#432=LINE('',#19817,#888);
#433=LINE('',#19819,#889);
#434=LINE('',#19821,#890);
#435=LINE('',#19825,#891);
#436=LINE('',#19827,#892);
#437=LINE('',#19829,#893);
#438=LINE('',#19831,#894);
#439=LINE('',#19835,#895);
#440=LINE('',#19837,#896);
#441=LINE('',#19839,#897);
#442=LINE('',#19841,#898);
#443=LINE('',#19845,#899);
#444=LINE('',#19847,#900);
#445=LINE('',#19849,#901);
#446=LINE('',#19851,#902);
#447=LINE('',#19855,#903);
#448=LINE('',#19857,#904);
#449=LINE('',#19859,#905);
#450=LINE('',#19861,#906);
#451=LINE('',#19865,#907);
#452=LINE('',#19867,#908);
#453=LINE('',#19869,#909);
#454=LINE('',#19871,#910);
#455=LINE('',#19875,#911);
#456=LINE('',#19877,#912);
#457=LINE('',#19879,#913);
#458=LINE('',#19881,#914);
#459=LINE('',#19885,#915);
#460=LINE('',#19887,#916);
#461=LINE('',#19889,#917);
#462=LINE('',#19891,#918);
#463=LINE('',#19895,#919);
#464=LINE('',#19897,#920);
#465=LINE('',#19899,#921);
#466=LINE('',#19901,#922);
#467=LINE('',#19905,#923);
#468=LINE('',#19908,#924);
#469=LINE('',#19909,#925);
#470=VECTOR('',#14844,1.);
#471=VECTOR('',#14847,1.);
#472=VECTOR('',#14850,1.);
#473=VECTOR('',#14853,1.);
#474=VECTOR('',#14854,1.);
#475=VECTOR('',#14861,1.);
#476=VECTOR('',#14864,1.);
#477=VECTOR('',#14867,1.);
#478=VECTOR('',#14870,1.);
#479=VECTOR('',#14877,1.);
#480=VECTOR('',#14880,1.);
#481=VECTOR('',#14883,1.);
#482=VECTOR('',#14886,1.);
#483=VECTOR('',#14893,1.);
#484=VECTOR('',#14896,1.);
#485=VECTOR('',#14899,1.);
#486=VECTOR('',#14902,1.);
#487=VECTOR('',#14909,1.);
#488=VECTOR('',#14912,1.);
#489=VECTOR('',#14915,1.);
#490=VECTOR('',#14918,1.);
#491=VECTOR('',#14925,1.);
#492=VECTOR('',#14928,1.);
#493=VECTOR('',#14931,1.);
#494=VECTOR('',#14934,1.);
#495=VECTOR('',#14941,1.);
#496=VECTOR('',#14944,1.);
#497=VECTOR('',#14947,1.);
#498=VECTOR('',#14950,1.);
#499=VECTOR('',#14957,1.);
#500=VECTOR('',#14960,1.);
#501=VECTOR('',#14963,1.);
#502=VECTOR('',#14966,1.);
#503=VECTOR('',#14973,1.);
#504=VECTOR('',#14976,1.);
#505=VECTOR('',#14979,1.);
#506=VECTOR('',#14982,1.);
#507=VECTOR('',#14989,1.);
#508=VECTOR('',#14992,1.);
#509=VECTOR('',#14995,1.);
#510=VECTOR('',#14998,1.);
#511=VECTOR('',#15005,1.);
#512=VECTOR('',#15008,1.);
#513=VECTOR('',#15011,1.);
#514=VECTOR('',#15014,1.);
#515=VECTOR('',#15021,1.);
#516=VECTOR('',#15024,1.);
#517=VECTOR('',#15027,1.);
#518=VECTOR('',#15030,1.);
#519=VECTOR('',#15037,1.);
#520=VECTOR('',#15040,1.);
#521=VECTOR('',#15043,1.);
#522=VECTOR('',#15046,1.);
#523=VECTOR('',#15053,1.);
#524=VECTOR('',#15056,1.);
#525=VECTOR('',#15059,1.);
#526=VECTOR('',#15062,1.);
#527=VECTOR('',#15069,1.);
#528=VECTOR('',#15072,1.);
#529=VECTOR('',#15075,1.);
#530=VECTOR('',#15078,1.);
#531=VECTOR('',#15085,1.);
#532=VECTOR('',#15088,1.);
#533=VECTOR('',#15091,1.);
#534=VECTOR('',#15094,1.);
#535=VECTOR('',#15101,1.);
#536=VECTOR('',#15104,1.);
#537=VECTOR('',#15107,1.);
#538=VECTOR('',#15110,1.);
#539=VECTOR('',#15117,1.);
#540=VECTOR('',#15120,1.);
#541=VECTOR('',#15123,1.);
#542=VECTOR('',#15126,1.);
#543=VECTOR('',#15133,1.);
#544=VECTOR('',#15136,1.);
#545=VECTOR('',#15139,1.);
#546=VECTOR('',#15142,1.);
#547=VECTOR('',#15149,1.);
#548=VECTOR('',#15152,1.);
#549=VECTOR('',#15155,1.);
#550=VECTOR('',#15158,1.);
#551=VECTOR('',#15165,1.);
#552=VECTOR('',#15168,1.);
#553=VECTOR('',#15171,1.);
#554=VECTOR('',#15174,1.);
#555=VECTOR('',#15181,1.);
#556=VECTOR('',#15184,1.);
#557=VECTOR('',#15187,1.);
#558=VECTOR('',#15190,1.);
#559=VECTOR('',#15197,1.);
#560=VECTOR('',#15200,1.);
#561=VECTOR('',#15203,1.);
#562=VECTOR('',#15206,1.);
#563=VECTOR('',#15213,1.);
#564=VECTOR('',#15216,1.);
#565=VECTOR('',#15219,1.);
#566=VECTOR('',#15222,1.);
#567=VECTOR('',#15229,1.);
#568=VECTOR('',#15232,1.);
#569=VECTOR('',#15235,1.);
#570=VECTOR('',#15238,1.);
#571=VECTOR('',#15245,1.);
#572=VECTOR('',#15248,1.);
#573=VECTOR('',#15251,1.);
#574=VECTOR('',#15254,1.);
#575=VECTOR('',#15261,1.);
#576=VECTOR('',#15264,1.);
#577=VECTOR('',#15267,1.);
#578=VECTOR('',#15270,1.);
#579=VECTOR('',#15277,1.);
#580=VECTOR('',#15280,1.);
#581=VECTOR('',#15283,1.);
#582=VECTOR('',#15286,1.);
#583=VECTOR('',#15293,1.);
#584=VECTOR('',#15296,1.);
#585=VECTOR('',#15299,1.);
#586=VECTOR('',#15302,1.);
#587=VECTOR('',#15309,1.);
#588=VECTOR('',#15312,1.);
#589=VECTOR('',#15315,1.);
#590=VECTOR('',#15318,1.);
#591=VECTOR('',#15325,1.);
#592=VECTOR('',#15328,1.);
#593=VECTOR('',#15331,1.);
#594=VECTOR('',#15334,1.);
#595=VECTOR('',#15341,1.);
#596=VECTOR('',#15344,1.);
#597=VECTOR('',#15347,1.);
#598=VECTOR('',#15350,1.);
#599=VECTOR('',#15357,1.);
#600=VECTOR('',#15360,1.);
#601=VECTOR('',#15363,1.);
#602=VECTOR('',#15366,1.);
#603=VECTOR('',#15373,1.);
#604=VECTOR('',#15376,1.);
#605=VECTOR('',#15379,1.);
#606=VECTOR('',#15382,1.);
#607=VECTOR('',#15389,1.);
#608=VECTOR('',#15392,1.);
#609=VECTOR('',#15395,1.);
#610=VECTOR('',#15398,1.);
#611=VECTOR('',#15405,1.);
#612=VECTOR('',#15408,1.);
#613=VECTOR('',#15411,1.);
#614=VECTOR('',#15414,1.);
#615=VECTOR('',#15421,1.);
#616=VECTOR('',#15424,1.);
#617=VECTOR('',#15427,1.);
#618=VECTOR('',#15430,1.);
#619=VECTOR('',#15437,1.);
#620=VECTOR('',#15440,1.);
#621=VECTOR('',#15443,1.);
#622=VECTOR('',#15446,1.);
#623=VECTOR('',#15453,1.);
#624=VECTOR('',#15456,1.);
#625=VECTOR('',#15459,1.);
#626=VECTOR('',#15462,1.);
#627=VECTOR('',#15469,1.);
#628=VECTOR('',#15472,1.);
#629=VECTOR('',#15475,1.);
#630=VECTOR('',#15478,1.);
#631=VECTOR('',#15485,1.);
#632=VECTOR('',#15488,1.);
#633=VECTOR('',#15491,1.);
#634=VECTOR('',#15494,1.);
#635=VECTOR('',#15501,1.);
#636=VECTOR('',#15504,1.);
#637=VECTOR('',#15507,1.);
#638=VECTOR('',#15510,1.);
#639=VECTOR('',#15517,1.);
#640=VECTOR('',#15520,1.);
#641=VECTOR('',#15523,1.);
#642=VECTOR('',#15526,1.);
#643=VECTOR('',#15533,1.);
#644=VECTOR('',#15536,1.);
#645=VECTOR('',#15539,1.);
#646=VECTOR('',#15542,1.);
#647=VECTOR('',#15549,1.);
#648=VECTOR('',#15552,1.);
#649=VECTOR('',#15555,1.);
#650=VECTOR('',#15558,1.);
#651=VECTOR('',#15565,1.);
#652=VECTOR('',#15568,1.);
#653=VECTOR('',#15571,1.);
#654=VECTOR('',#15574,1.);
#655=VECTOR('',#15581,1.);
#656=VECTOR('',#15584,1.);
#657=VECTOR('',#15587,1.);
#658=VECTOR('',#15590,1.);
#659=VECTOR('',#15597,1.);
#660=VECTOR('',#15600,1.);
#661=VECTOR('',#15603,1.);
#662=VECTOR('',#15606,1.);
#663=VECTOR('',#15613,1.);
#664=VECTOR('',#15616,1.);
#665=VECTOR('',#15619,1.);
#666=VECTOR('',#15622,1.);
#667=VECTOR('',#15629,1.);
#668=VECTOR('',#15632,1.);
#669=VECTOR('',#15635,1.);
#670=VECTOR('',#15638,1.);
#671=VECTOR('',#15645,1.);
#672=VECTOR('',#15648,1.);
#673=VECTOR('',#15651,1.);
#674=VECTOR('',#15654,1.);
#675=VECTOR('',#15661,1.);
#676=VECTOR('',#15664,1.);
#677=VECTOR('',#15667,1.);
#678=VECTOR('',#15670,1.);
#679=VECTOR('',#15677,1.);
#680=VECTOR('',#15680,1.);
#681=VECTOR('',#15683,1.);
#682=VECTOR('',#15686,1.);
#683=VECTOR('',#15693,1.);
#684=VECTOR('',#15696,1.);
#685=VECTOR('',#15699,1.);
#686=VECTOR('',#15702,1.);
#687=VECTOR('',#15709,1.);
#688=VECTOR('',#15712,1.);
#689=VECTOR('',#15715,1.);
#690=VECTOR('',#15718,1.);
#691=VECTOR('',#15725,1.);
#692=VECTOR('',#15728,1.);
#693=VECTOR('',#15731,1.);
#694=VECTOR('',#15734,1.);
#695=VECTOR('',#15741,1.);
#696=VECTOR('',#15744,1.);
#697=VECTOR('',#15747,1.);
#698=VECTOR('',#15750,1.);
#699=VECTOR('',#15757,1.);
#700=VECTOR('',#15760,1.);
#701=VECTOR('',#15763,1.);
#702=VECTOR('',#15766,1.);
#703=VECTOR('',#15773,1.);
#704=VECTOR('',#15776,1.);
#705=VECTOR('',#15779,1.);
#706=VECTOR('',#15782,1.);
#707=VECTOR('',#15789,1.);
#708=VECTOR('',#15792,1.);
#709=VECTOR('',#15795,1.);
#710=VECTOR('',#15798,1.);
#711=VECTOR('',#15805,1.);
#712=VECTOR('',#15808,1.);
#713=VECTOR('',#15811,1.);
#714=VECTOR('',#15814,1.);
#715=VECTOR('',#15821,1.);
#716=VECTOR('',#15824,1.);
#717=VECTOR('',#15827,1.);
#718=VECTOR('',#15830,1.);
#719=VECTOR('',#15837,1.);
#720=VECTOR('',#15840,1.);
#721=VECTOR('',#15843,1.);
#722=VECTOR('',#15846,1.);
#723=VECTOR('',#15853,1.);
#724=VECTOR('',#15856,1.);
#725=VECTOR('',#15859,1.);
#726=VECTOR('',#15862,1.);
#727=VECTOR('',#15869,1.);
#728=VECTOR('',#15872,1.);
#729=VECTOR('',#15875,1.);
#730=VECTOR('',#15878,1.);
#731=VECTOR('',#15885,1.);
#732=VECTOR('',#15888,1.);
#733=VECTOR('',#15891,1.);
#734=VECTOR('',#15894,1.);
#735=VECTOR('',#15901,1.);
#736=VECTOR('',#15904,1.);
#737=VECTOR('',#15907,1.);
#738=VECTOR('',#15910,1.);
#739=VECTOR('',#15917,1.);
#740=VECTOR('',#15920,1.);
#741=VECTOR('',#15923,1.);
#742=VECTOR('',#15926,1.);
#743=VECTOR('',#15933,1.);
#744=VECTOR('',#15936,1.);
#745=VECTOR('',#15939,1.);
#746=VECTOR('',#15942,1.);
#747=VECTOR('',#15949,1.);
#748=VECTOR('',#15952,1.);
#749=VECTOR('',#15955,1.);
#750=VECTOR('',#15958,1.);
#751=VECTOR('',#15965,1.);
#752=VECTOR('',#15968,1.);
#753=VECTOR('',#15971,1.);
#754=VECTOR('',#15974,1.);
#755=VECTOR('',#15981,1.);
#756=VECTOR('',#15984,1.);
#757=VECTOR('',#15987,1.);
#758=VECTOR('',#15990,1.);
#759=VECTOR('',#15997,1.);
#760=VECTOR('',#16000,1.);
#761=VECTOR('',#16003,1.);
#762=VECTOR('',#16006,1.);
#763=VECTOR('',#16013,1.);
#764=VECTOR('',#16016,1.);
#765=VECTOR('',#16019,1.);
#766=VECTOR('',#16022,1.);
#767=VECTOR('',#16029,1.);
#768=VECTOR('',#16032,1.);
#769=VECTOR('',#16035,1.);
#770=VECTOR('',#16038,1.);
#771=VECTOR('',#16045,1.);
#772=VECTOR('',#16048,1.);
#773=VECTOR('',#16051,1.);
#774=VECTOR('',#16054,1.);
#775=VECTOR('',#16061,1.);
#776=VECTOR('',#16064,1.);
#777=VECTOR('',#16067,1.);
#778=VECTOR('',#16070,1.);
#779=VECTOR('',#16077,1.);
#780=VECTOR('',#16080,1.);
#781=VECTOR('',#16083,1.);
#782=VECTOR('',#16086,1.);
#783=VECTOR('',#16093,1.);
#784=VECTOR('',#16096,1.);
#785=VECTOR('',#16099,1.);
#786=VECTOR('',#16102,1.);
#787=VECTOR('',#16109,1.);
#788=VECTOR('',#16112,1.);
#789=VECTOR('',#16115,1.);
#790=VECTOR('',#16118,1.);
#791=VECTOR('',#16125,1.);
#792=VECTOR('',#16128,1.);
#793=VECTOR('',#16131,1.);
#794=VECTOR('',#16134,1.);
#795=VECTOR('',#16141,1.);
#796=VECTOR('',#16144,1.);
#797=VECTOR('',#16147,1.);
#798=VECTOR('',#16150,1.);
#799=VECTOR('',#16157,1.);
#800=VECTOR('',#16160,1.);
#801=VECTOR('',#16163,1.);
#802=VECTOR('',#16166,1.);
#803=VECTOR('',#16173,1.);
#804=VECTOR('',#16176,1.);
#805=VECTOR('',#16179,1.);
#806=VECTOR('',#16182,1.);
#807=VECTOR('',#16189,1.);
#808=VECTOR('',#16192,1.);
#809=VECTOR('',#16195,1.);
#810=VECTOR('',#16198,1.);
#811=VECTOR('',#16205,1.);
#812=VECTOR('',#16208,1.);
#813=VECTOR('',#16211,1.);
#814=VECTOR('',#16214,1.);
#815=VECTOR('',#16221,1.);
#816=VECTOR('',#16224,1.);
#817=VECTOR('',#16227,1.);
#818=VECTOR('',#16230,1.);
#819=VECTOR('',#16237,1.);
#820=VECTOR('',#16240,1.);
#821=VECTOR('',#16243,1.);
#822=VECTOR('',#16246,1.);
#823=VECTOR('',#16253,1.);
#824=VECTOR('',#16256,1.);
#825=VECTOR('',#16259,1.);
#826=VECTOR('',#16262,1.);
#827=VECTOR('',#16269,1.);
#828=VECTOR('',#16272,1.);
#829=VECTOR('',#16275,1.);
#830=VECTOR('',#16278,1.);
#831=VECTOR('',#16285,1.);
#832=VECTOR('',#16288,1.);
#833=VECTOR('',#16291,1.);
#834=VECTOR('',#16294,1.);
#835=VECTOR('',#16301,1.);
#836=VECTOR('',#16304,1.);
#837=VECTOR('',#16307,1.);
#838=VECTOR('',#16310,1.);
#839=VECTOR('',#16317,1.);
#840=VECTOR('',#16320,1.);
#841=VECTOR('',#16323,1.);
#842=VECTOR('',#16326,1.);
#843=VECTOR('',#16333,1.);
#844=VECTOR('',#16336,1.);
#845=VECTOR('',#16339,1.);
#846=VECTOR('',#16342,1.);
#847=VECTOR('',#16349,1.);
#848=VECTOR('',#16352,1.);
#849=VECTOR('',#16355,1.);
#850=VECTOR('',#16358,1.);
#851=VECTOR('',#16365,1.);
#852=VECTOR('',#16368,1.);
#853=VECTOR('',#16371,1.);
#854=VECTOR('',#16374,1.);
#855=VECTOR('',#16381,1.);
#856=VECTOR('',#16384,1.);
#857=VECTOR('',#16387,1.);
#858=VECTOR('',#16390,1.);
#859=VECTOR('',#16397,1.);
#860=VECTOR('',#16400,1.);
#861=VECTOR('',#16403,1.);
#862=VECTOR('',#16406,1.);
#863=VECTOR('',#16413,1.);
#864=VECTOR('',#16416,1.);
#865=VECTOR('',#16419,1.);
#866=VECTOR('',#16422,1.);
#867=VECTOR('',#16429,1.);
#868=VECTOR('',#16432,1.);
#869=VECTOR('',#16435,1.);
#870=VECTOR('',#16438,1.);
#871=VECTOR('',#16445,1.);
#872=VECTOR('',#16448,1.);
#873=VECTOR('',#16451,1.);
#874=VECTOR('',#16454,1.);
#875=VECTOR('',#16461,1.);
#876=VECTOR('',#16464,1.);
#877=VECTOR('',#16467,1.);
#878=VECTOR('',#16470,1.);
#879=VECTOR('',#16477,1.);
#880=VECTOR('',#16480,1.);
#881=VECTOR('',#16483,1.);
#882=VECTOR('',#16486,1.);
#883=VECTOR('',#16493,1.);
#884=VECTOR('',#16496,1.);
#885=VECTOR('',#16499,1.);
#886=VECTOR('',#16502,1.);
#887=VECTOR('',#16509,1.);
#888=VECTOR('',#16512,1.);
#889=VECTOR('',#16515,1.);
#890=VECTOR('',#16518,1.);
#891=VECTOR('',#16525,1.);
#892=VECTOR('',#16528,1.);
#893=VECTOR('',#16531,1.);
#894=VECTOR('',#16534,1.);
#895=VECTOR('',#16541,1.);
#896=VECTOR('',#16544,1.);
#897=VECTOR('',#16547,1.);
#898=VECTOR('',#16550,1.);
#899=VECTOR('',#16557,1.);
#900=VECTOR('',#16560,1.);
#901=VECTOR('',#16563,1.);
#902=VECTOR('',#16566,1.);
#903=VECTOR('',#16573,1.);
#904=VECTOR('',#16576,1.);
#905=VECTOR('',#16579,1.);
#906=VECTOR('',#16582,1.);
#907=VECTOR('',#16589,1.);
#908=VECTOR('',#16592,1.);
#909=VECTOR('',#16595,1.);
#910=VECTOR('',#16598,1.);
#911=VECTOR('',#16605,1.);
#912=VECTOR('',#16608,1.);
#913=VECTOR('',#16611,1.);
#914=VECTOR('',#16614,1.);
#915=VECTOR('',#16621,1.);
#916=VECTOR('',#16624,1.);
#917=VECTOR('',#16627,1.);
#918=VECTOR('',#16630,1.);
#919=VECTOR('',#16637,1.);
#920=VECTOR('',#16640,1.);
#921=VECTOR('',#16643,1.);
#922=VECTOR('',#16646,1.);
#923=VECTOR('',#16653,1.);
#924=VECTOR('',#16658,1.);
#925=VECTOR('',#16659,1.);
#926=PLANE('',#10690);
#927=PLANE('',#10695);
#928=PLANE('',#10700);
#929=PLANE('',#10705);
#930=PLANE('',#10710);
#931=PLANE('',#10715);
#932=PLANE('',#10720);
#933=PLANE('',#10725);
#934=PLANE('',#10730);
#935=PLANE('',#10735);
#936=PLANE('',#10740);
#937=PLANE('',#10745);
#938=PLANE('',#10750);
#939=PLANE('',#10755);
#940=PLANE('',#10760);
#941=PLANE('',#10765);
#942=PLANE('',#10770);
#943=PLANE('',#10775);
#944=PLANE('',#10780);
#945=PLANE('',#10785);
#946=PLANE('',#10790);
#947=PLANE('',#10795);
#948=PLANE('',#10800);
#949=PLANE('',#10805);
#950=PLANE('',#10810);
#951=PLANE('',#10815);
#952=PLANE('',#10820);
#953=PLANE('',#10825);
#954=PLANE('',#10830);
#955=PLANE('',#10835);
#956=PLANE('',#10840);
#957=PLANE('',#10845);
#958=PLANE('',#10850);
#959=PLANE('',#10855);
#960=PLANE('',#10860);
#961=PLANE('',#10865);
#962=PLANE('',#10870);
#963=PLANE('',#10875);
#964=PLANE('',#10880);
#965=PLANE('',#10885);
#966=PLANE('',#10890);
#967=PLANE('',#10895);
#968=PLANE('',#10900);
#969=PLANE('',#10905);
#970=PLANE('',#10910);
#971=PLANE('',#10915);
#972=PLANE('',#10920);
#973=PLANE('',#10925);
#974=PLANE('',#10930);
#975=PLANE('',#10935);
#976=PLANE('',#10940);
#977=PLANE('',#10945);
#978=PLANE('',#10950);
#979=PLANE('',#10955);
#980=PLANE('',#10960);
#981=PLANE('',#10965);
#982=PLANE('',#10970);
#983=PLANE('',#10975);
#984=PLANE('',#10980);
#985=PLANE('',#10985);
#986=PLANE('',#10990);
#987=PLANE('',#10995);
#988=PLANE('',#11000);
#989=PLANE('',#11005);
#990=PLANE('',#11010);
#991=PLANE('',#11015);
#992=PLANE('',#11020);
#993=PLANE('',#11025);
#994=PLANE('',#11030);
#995=PLANE('',#11035);
#996=PLANE('',#11040);
#997=PLANE('',#11045);
#998=PLANE('',#11050);
#999=PLANE('',#11055);
#1000=PLANE('',#11060);
#1001=PLANE('',#11065);
#1002=PLANE('',#11070);
#1003=PLANE('',#11075);
#1004=PLANE('',#11080);
#1005=PLANE('',#11085);
#1006=PLANE('',#11090);
#1007=PLANE('',#11095);
#1008=PLANE('',#11100);
#1009=PLANE('',#11105);
#1010=PLANE('',#11110);
#1011=PLANE('',#11115);
#1012=PLANE('',#11120);
#1013=PLANE('',#11125);
#1014=PLANE('',#11130);
#1015=PLANE('',#11135);
#1016=PLANE('',#11140);
#1017=PLANE('',#11145);
#1018=PLANE('',#11150);
#1019=PLANE('',#11155);
#1020=PLANE('',#11160);
#1021=PLANE('',#11165);
#1022=PLANE('',#11170);
#1023=PLANE('',#11175);
#1024=PLANE('',#11180);
#1025=PLANE('',#11185);
#1026=PLANE('',#11190);
#1027=PLANE('',#11195);
#1028=PLANE('',#11200);
#1029=PLANE('',#11205);
#1030=PLANE('',#11210);
#1031=PLANE('',#11215);
#1032=PLANE('',#11220);
#1033=PLANE('',#11225);
#1034=PLANE('',#11230);
#1035=PLANE('',#11235);
#1036=PLANE('',#11240);
#1037=PLANE('',#11245);
#1038=PLANE('',#11250);
#1039=PLANE('',#11255);
#1040=PLANE('',#11263);
#1041=PLANE('',#11268);
#1042=PLANE('',#11273);
#1043=PLANE('',#11278);
#1044=PLANE('',#11283);
#1045=PLANE('',#11288);
#1046=PLANE('',#11293);
#1047=PLANE('',#11298);
#1048=PLANE('',#11303);
#1049=PLANE('',#11308);
#1050=PLANE('',#11313);
#1051=PLANE('',#11318);
#1052=PLANE('',#11323);
#1053=PLANE('',#11328);
#1054=PLANE('',#11333);
#1055=PLANE('',#11338);
#1056=PLANE('',#11343);
#1057=PLANE('',#11348);
#1058=PLANE('',#11353);
#1059=PLANE('',#11358);
#1060=PLANE('',#11363);
#1061=PLANE('',#11368);
#1062=PLANE('',#11373);
#1063=PLANE('',#11378);
#1064=PLANE('',#11383);
#1065=PLANE('',#11388);
#1066=PLANE('',#11393);
#1067=PLANE('',#11398);
#1068=PLANE('',#11403);
#1069=PLANE('',#11408);
#1070=PLANE('',#11413);
#1071=PLANE('',#11418);
#1072=PLANE('',#11423);
#1073=PLANE('',#11428);
#1074=PLANE('',#11433);
#1075=PLANE('',#11438);
#1076=PLANE('',#11443);
#1077=PLANE('',#11448);
#1078=PLANE('',#11453);
#1079=PLANE('',#11458);
#1080=PLANE('',#11463);
#1081=PLANE('',#11468);
#1082=PLANE('',#11473);
#1083=PLANE('',#11478);
#1084=PLANE('',#11483);
#1085=PLANE('',#11488);
#1086=PLANE('',#11493);
#1087=PLANE('',#11498);
#1088=PLANE('',#11503);
#1089=PLANE('',#11508);
#1090=PLANE('',#11513);
#1091=PLANE('',#11518);
#1092=PLANE('',#11523);
#1093=PLANE('',#11528);
#1094=PLANE('',#11533);
#1095=PLANE('',#11538);
#1096=PLANE('',#11543);
#1097=PLANE('',#11548);
#1098=PLANE('',#11553);
#1099=PLANE('',#11558);
#1100=PLANE('',#11563);
#1101=PLANE('',#11568);
#1102=PLANE('',#11573);
#1103=PLANE('',#11578);
#1104=PLANE('',#11583);
#1105=PLANE('',#11588);
#1106=PLANE('',#11593);
#1107=PLANE('',#11598);
#1108=PLANE('',#11603);
#1109=PLANE('',#11608);
#1110=PLANE('',#11613);
#1111=PLANE('',#11618);
#1112=PLANE('',#11623);
#1113=PLANE('',#11628);
#1114=PLANE('',#11633);
#1115=PLANE('',#11638);
#1116=PLANE('',#11643);
#1117=PLANE('',#11648);
#1118=PLANE('',#11653);
#1119=PLANE('',#11658);
#1120=PLANE('',#11663);
#1121=PLANE('',#11668);
#1122=PLANE('',#11673);
#1123=PLANE('',#11678);
#1124=PLANE('',#11683);
#1125=PLANE('',#11688);
#1126=PLANE('',#11693);
#1127=PLANE('',#11698);
#1128=PLANE('',#11703);
#1129=PLANE('',#11708);
#1130=PLANE('',#11713);
#1131=PLANE('',#11718);
#1132=PLANE('',#11723);
#1133=PLANE('',#11728);
#1134=PLANE('',#11733);
#1135=PLANE('',#11738);
#1136=PLANE('',#11743);
#1137=PLANE('',#11748);
#1138=PLANE('',#11753);
#1139=PLANE('',#11758);
#1140=PLANE('',#11763);
#1141=PLANE('',#11768);
#1142=PLANE('',#11773);
#1143=PLANE('',#11778);
#1144=PLANE('',#11783);
#1145=PLANE('',#11788);
#1146=PLANE('',#11793);
#1147=PLANE('',#11798);
#1148=PLANE('',#11803);
#1149=PLANE('',#11808);
#1150=PLANE('',#11813);
#1151=PLANE('',#11818);
#1152=PLANE('',#11823);
#1153=PLANE('',#11828);
#1154=PLANE('',#12520);
#1155=PLANE('',#12535);
#1156=PLANE('',#12539);
#1157=ORIENTED_EDGE('',*,*,#4381,.T.);
#1158=ORIENTED_EDGE('',*,*,#4382,.F.);
#1159=ORIENTED_EDGE('',*,*,#4383,.F.);
#1160=ORIENTED_EDGE('',*,*,#4384,.T.);
#1161=ORIENTED_EDGE('',*,*,#4385,.F.);
#1162=ORIENTED_EDGE('',*,*,#4386,.T.);
#1163=ORIENTED_EDGE('',*,*,#4387,.F.);
#1164=ORIENTED_EDGE('',*,*,#4388,.T.);
#1165=ORIENTED_EDGE('',*,*,#4389,.F.);
#1166=ORIENTED_EDGE('',*,*,#4390,.T.);
#1167=ORIENTED_EDGE('',*,*,#4391,.F.);
#1168=ORIENTED_EDGE('',*,*,#4392,.T.);
#1169=ORIENTED_EDGE('',*,*,#4393,.F.);
#1170=ORIENTED_EDGE('',*,*,#4394,.T.);
#1171=ORIENTED_EDGE('',*,*,#4395,.F.);
#1172=ORIENTED_EDGE('',*,*,#4396,.T.);
#1173=ORIENTED_EDGE('',*,*,#4397,.F.);
#1174=ORIENTED_EDGE('',*,*,#4398,.T.);
#1175=ORIENTED_EDGE('',*,*,#4399,.F.);
#1176=ORIENTED_EDGE('',*,*,#4400,.T.);
#1177=ORIENTED_EDGE('',*,*,#4401,.F.);
#1178=ORIENTED_EDGE('',*,*,#4402,.T.);
#1179=ORIENTED_EDGE('',*,*,#4403,.F.);
#1180=ORIENTED_EDGE('',*,*,#4404,.T.);
#1181=ORIENTED_EDGE('',*,*,#4405,.F.);
#1182=ORIENTED_EDGE('',*,*,#4406,.T.);
#1183=ORIENTED_EDGE('',*,*,#4407,.F.);
#1184=ORIENTED_EDGE('',*,*,#4408,.T.);
#1185=ORIENTED_EDGE('',*,*,#4409,.F.);
#1186=ORIENTED_EDGE('',*,*,#4410,.T.);
#1187=ORIENTED_EDGE('',*,*,#4411,.F.);
#1188=ORIENTED_EDGE('',*,*,#4412,.T.);
#1189=ORIENTED_EDGE('',*,*,#4413,.F.);
#1190=ORIENTED_EDGE('',*,*,#4414,.T.);
#1191=ORIENTED_EDGE('',*,*,#4415,.F.);
#1192=ORIENTED_EDGE('',*,*,#4416,.T.);
#1193=ORIENTED_EDGE('',*,*,#4417,.F.);
#1194=ORIENTED_EDGE('',*,*,#4418,.T.);
#1195=ORIENTED_EDGE('',*,*,#4419,.F.);
#1196=ORIENTED_EDGE('',*,*,#4420,.T.);
#1197=ORIENTED_EDGE('',*,*,#4421,.F.);
#1198=ORIENTED_EDGE('',*,*,#4422,.T.);
#1199=ORIENTED_EDGE('',*,*,#4423,.F.);
#1200=ORIENTED_EDGE('',*,*,#4424,.T.);
#1201=ORIENTED_EDGE('',*,*,#4425,.F.);
#1202=ORIENTED_EDGE('',*,*,#4426,.T.);
#1203=ORIENTED_EDGE('',*,*,#4427,.F.);
#1204=ORIENTED_EDGE('',*,*,#4428,.T.);
#1205=ORIENTED_EDGE('',*,*,#4429,.F.);
#1206=ORIENTED_EDGE('',*,*,#4430,.T.);
#1207=ORIENTED_EDGE('',*,*,#4431,.F.);
#1208=ORIENTED_EDGE('',*,*,#4432,.T.);
#1209=ORIENTED_EDGE('',*,*,#4433,.F.);
#1210=ORIENTED_EDGE('',*,*,#4434,.T.);
#1211=ORIENTED_EDGE('',*,*,#4435,.F.);
#1212=ORIENTED_EDGE('',*,*,#4436,.T.);
#1213=ORIENTED_EDGE('',*,*,#4437,.F.);
#1214=ORIENTED_EDGE('',*,*,#4438,.T.);
#1215=ORIENTED_EDGE('',*,*,#4439,.F.);
#1216=ORIENTED_EDGE('',*,*,#4440,.T.);
#1217=ORIENTED_EDGE('',*,*,#4441,.F.);
#1218=ORIENTED_EDGE('',*,*,#4442,.T.);
#1219=ORIENTED_EDGE('',*,*,#4443,.F.);
#1220=ORIENTED_EDGE('',*,*,#4444,.T.);
#1221=ORIENTED_EDGE('',*,*,#4445,.F.);
#1222=ORIENTED_EDGE('',*,*,#4446,.T.);
#1223=ORIENTED_EDGE('',*,*,#4447,.F.);
#1224=ORIENTED_EDGE('',*,*,#4448,.T.);
#1225=ORIENTED_EDGE('',*,*,#4449,.F.);
#1226=ORIENTED_EDGE('',*,*,#4450,.T.);
#1227=ORIENTED_EDGE('',*,*,#4451,.F.);
#1228=ORIENTED_EDGE('',*,*,#4452,.T.);
#1229=ORIENTED_EDGE('',*,*,#4453,.F.);
#1230=ORIENTED_EDGE('',*,*,#4454,.T.);
#1231=ORIENTED_EDGE('',*,*,#4455,.F.);
#1232=ORIENTED_EDGE('',*,*,#4456,.T.);
#1233=ORIENTED_EDGE('',*,*,#4457,.F.);
#1234=ORIENTED_EDGE('',*,*,#4458,.T.);
#1235=ORIENTED_EDGE('',*,*,#4459,.F.);
#1236=ORIENTED_EDGE('',*,*,#4460,.T.);
#1237=ORIENTED_EDGE('',*,*,#4461,.F.);
#1238=ORIENTED_EDGE('',*,*,#4462,.T.);
#1239=ORIENTED_EDGE('',*,*,#4463,.F.);
#1240=ORIENTED_EDGE('',*,*,#4464,.T.);
#1241=ORIENTED_EDGE('',*,*,#4465,.F.);
#1242=ORIENTED_EDGE('',*,*,#4466,.T.);
#1243=ORIENTED_EDGE('',*,*,#4467,.F.);
#1244=ORIENTED_EDGE('',*,*,#4468,.T.);
#1245=ORIENTED_EDGE('',*,*,#4469,.F.);
#1246=ORIENTED_EDGE('',*,*,#4470,.T.);
#1247=ORIENTED_EDGE('',*,*,#4471,.F.);
#1248=ORIENTED_EDGE('',*,*,#4472,.T.);
#1249=ORIENTED_EDGE('',*,*,#4473,.F.);
#1250=ORIENTED_EDGE('',*,*,#4474,.T.);
#1251=ORIENTED_EDGE('',*,*,#4475,.F.);
#1252=ORIENTED_EDGE('',*,*,#4476,.T.);
#1253=ORIENTED_EDGE('',*,*,#4477,.F.);
#1254=ORIENTED_EDGE('',*,*,#4478,.T.);
#1255=ORIENTED_EDGE('',*,*,#4479,.F.);
#1256=ORIENTED_EDGE('',*,*,#4480,.T.);
#1257=ORIENTED_EDGE('',*,*,#4481,.F.);
#1258=ORIENTED_EDGE('',*,*,#4482,.T.);
#1259=ORIENTED_EDGE('',*,*,#4483,.F.);
#1260=ORIENTED_EDGE('',*,*,#4484,.T.);
#1261=ORIENTED_EDGE('',*,*,#4485,.F.);
#1262=ORIENTED_EDGE('',*,*,#4486,.T.);
#1263=ORIENTED_EDGE('',*,*,#4487,.F.);
#1264=ORIENTED_EDGE('',*,*,#4488,.T.);
#1265=ORIENTED_EDGE('',*,*,#4489,.F.);
#1266=ORIENTED_EDGE('',*,*,#4490,.T.);
#1267=ORIENTED_EDGE('',*,*,#4491,.F.);
#1268=ORIENTED_EDGE('',*,*,#4492,.T.);
#1269=ORIENTED_EDGE('',*,*,#4493,.F.);
#1270=ORIENTED_EDGE('',*,*,#4494,.T.);
#1271=ORIENTED_EDGE('',*,*,#4495,.F.);
#1272=ORIENTED_EDGE('',*,*,#4496,.T.);
#1273=ORIENTED_EDGE('',*,*,#4497,.F.);
#1274=ORIENTED_EDGE('',*,*,#4498,.T.);
#1275=ORIENTED_EDGE('',*,*,#4499,.F.);
#1276=ORIENTED_EDGE('',*,*,#4500,.T.);
#1277=ORIENTED_EDGE('',*,*,#4501,.F.);
#1278=ORIENTED_EDGE('',*,*,#4502,.T.);
#1279=ORIENTED_EDGE('',*,*,#4503,.F.);
#1280=ORIENTED_EDGE('',*,*,#4504,.T.);
#1281=ORIENTED_EDGE('',*,*,#4505,.F.);
#1282=ORIENTED_EDGE('',*,*,#4506,.T.);
#1283=ORIENTED_EDGE('',*,*,#4507,.F.);
#1284=ORIENTED_EDGE('',*,*,#4508,.T.);
#1285=ORIENTED_EDGE('',*,*,#4509,.F.);
#1286=ORIENTED_EDGE('',*,*,#4510,.T.);
#1287=ORIENTED_EDGE('',*,*,#4511,.F.);
#1288=ORIENTED_EDGE('',*,*,#4512,.T.);
#1289=ORIENTED_EDGE('',*,*,#4513,.F.);
#1290=ORIENTED_EDGE('',*,*,#4514,.T.);
#1291=ORIENTED_EDGE('',*,*,#4515,.F.);
#1292=ORIENTED_EDGE('',*,*,#4516,.T.);
#1293=ORIENTED_EDGE('',*,*,#4517,.F.);
#1294=ORIENTED_EDGE('',*,*,#4518,.T.);
#1295=ORIENTED_EDGE('',*,*,#4519,.F.);
#1296=ORIENTED_EDGE('',*,*,#4520,.T.);
#1297=ORIENTED_EDGE('',*,*,#4521,.F.);
#1298=ORIENTED_EDGE('',*,*,#4522,.T.);
#1299=ORIENTED_EDGE('',*,*,#4523,.F.);
#1300=ORIENTED_EDGE('',*,*,#4524,.T.);
#1301=ORIENTED_EDGE('',*,*,#4525,.F.);
#1302=ORIENTED_EDGE('',*,*,#4526,.T.);
#1303=ORIENTED_EDGE('',*,*,#4527,.F.);
#1304=ORIENTED_EDGE('',*,*,#4528,.T.);
#1305=ORIENTED_EDGE('',*,*,#4529,.F.);
#1306=ORIENTED_EDGE('',*,*,#4530,.T.);
#1307=ORIENTED_EDGE('',*,*,#4531,.F.);
#1308=ORIENTED_EDGE('',*,*,#4532,.T.);
#1309=ORIENTED_EDGE('',*,*,#4533,.F.);
#1310=ORIENTED_EDGE('',*,*,#4534,.T.);
#1311=ORIENTED_EDGE('',*,*,#4535,.F.);
#1312=ORIENTED_EDGE('',*,*,#4536,.T.);
#1313=ORIENTED_EDGE('',*,*,#4537,.F.);
#1314=ORIENTED_EDGE('',*,*,#4538,.T.);
#1315=ORIENTED_EDGE('',*,*,#4539,.F.);
#1316=ORIENTED_EDGE('',*,*,#4540,.T.);
#1317=ORIENTED_EDGE('',*,*,#4541,.F.);
#1318=ORIENTED_EDGE('',*,*,#4542,.T.);
#1319=ORIENTED_EDGE('',*,*,#4543,.F.);
#1320=ORIENTED_EDGE('',*,*,#4544,.T.);
#1321=ORIENTED_EDGE('',*,*,#4545,.F.);
#1322=ORIENTED_EDGE('',*,*,#4546,.T.);
#1323=ORIENTED_EDGE('',*,*,#4547,.F.);
#1324=ORIENTED_EDGE('',*,*,#4548,.T.);
#1325=ORIENTED_EDGE('',*,*,#4549,.F.);
#1326=ORIENTED_EDGE('',*,*,#4550,.T.);
#1327=ORIENTED_EDGE('',*,*,#4551,.F.);
#1328=ORIENTED_EDGE('',*,*,#4552,.T.);
#1329=ORIENTED_EDGE('',*,*,#4553,.F.);
#1330=ORIENTED_EDGE('',*,*,#4554,.T.);
#1331=ORIENTED_EDGE('',*,*,#4555,.F.);
#1332=ORIENTED_EDGE('',*,*,#4556,.T.);
#1333=ORIENTED_EDGE('',*,*,#4557,.F.);
#1334=ORIENTED_EDGE('',*,*,#4558,.T.);
#1335=ORIENTED_EDGE('',*,*,#4559,.F.);
#1336=ORIENTED_EDGE('',*,*,#4560,.T.);
#1337=ORIENTED_EDGE('',*,*,#4561,.F.);
#1338=ORIENTED_EDGE('',*,*,#4562,.T.);
#1339=ORIENTED_EDGE('',*,*,#4563,.F.);
#1340=ORIENTED_EDGE('',*,*,#4564,.T.);
#1341=ORIENTED_EDGE('',*,*,#4565,.F.);
#1342=ORIENTED_EDGE('',*,*,#4566,.T.);
#1343=ORIENTED_EDGE('',*,*,#4567,.F.);
#1344=ORIENTED_EDGE('',*,*,#4568,.T.);
#1345=ORIENTED_EDGE('',*,*,#4569,.F.);
#1346=ORIENTED_EDGE('',*,*,#4570,.T.);
#1347=ORIENTED_EDGE('',*,*,#4571,.F.);
#1348=ORIENTED_EDGE('',*,*,#4572,.T.);
#1349=ORIENTED_EDGE('',*,*,#4573,.F.);
#1350=ORIENTED_EDGE('',*,*,#4574,.T.);
#1351=ORIENTED_EDGE('',*,*,#4575,.F.);
#1352=ORIENTED_EDGE('',*,*,#4576,.T.);
#1353=ORIENTED_EDGE('',*,*,#4577,.F.);
#1354=ORIENTED_EDGE('',*,*,#4578,.T.);
#1355=ORIENTED_EDGE('',*,*,#4579,.F.);
#1356=ORIENTED_EDGE('',*,*,#4580,.T.);
#1357=ORIENTED_EDGE('',*,*,#4581,.F.);
#1358=ORIENTED_EDGE('',*,*,#4582,.T.);
#1359=ORIENTED_EDGE('',*,*,#4583,.F.);
#1360=ORIENTED_EDGE('',*,*,#4584,.T.);
#1361=ORIENTED_EDGE('',*,*,#4585,.F.);
#1362=ORIENTED_EDGE('',*,*,#4586,.T.);
#1363=ORIENTED_EDGE('',*,*,#4587,.F.);
#1364=ORIENTED_EDGE('',*,*,#4588,.T.);
#1365=ORIENTED_EDGE('',*,*,#4589,.F.);
#1366=ORIENTED_EDGE('',*,*,#4590,.T.);
#1367=ORIENTED_EDGE('',*,*,#4591,.F.);
#1368=ORIENTED_EDGE('',*,*,#4592,.T.);
#1369=ORIENTED_EDGE('',*,*,#4593,.F.);
#1370=ORIENTED_EDGE('',*,*,#4594,.T.);
#1371=ORIENTED_EDGE('',*,*,#4595,.F.);
#1372=ORIENTED_EDGE('',*,*,#4596,.T.);
#1373=ORIENTED_EDGE('',*,*,#4597,.F.);
#1374=ORIENTED_EDGE('',*,*,#4598,.T.);
#1375=ORIENTED_EDGE('',*,*,#4599,.F.);
#1376=ORIENTED_EDGE('',*,*,#4600,.T.);
#1377=ORIENTED_EDGE('',*,*,#4601,.F.);
#1378=ORIENTED_EDGE('',*,*,#4602,.T.);
#1379=ORIENTED_EDGE('',*,*,#4603,.F.);
#1380=ORIENTED_EDGE('',*,*,#4604,.T.);
#1381=ORIENTED_EDGE('',*,*,#4605,.F.);
#1382=ORIENTED_EDGE('',*,*,#4606,.T.);
#1383=ORIENTED_EDGE('',*,*,#4607,.F.);
#1384=ORIENTED_EDGE('',*,*,#4608,.T.);
#1385=ORIENTED_EDGE('',*,*,#4609,.F.);
#1386=ORIENTED_EDGE('',*,*,#4610,.T.);
#1387=ORIENTED_EDGE('',*,*,#4611,.F.);
#1388=ORIENTED_EDGE('',*,*,#4612,.T.);
#1389=ORIENTED_EDGE('',*,*,#4613,.F.);
#1390=ORIENTED_EDGE('',*,*,#4614,.T.);
#1391=ORIENTED_EDGE('',*,*,#4615,.F.);
#1392=ORIENTED_EDGE('',*,*,#4616,.T.);
#1393=ORIENTED_EDGE('',*,*,#4617,.F.);
#1394=ORIENTED_EDGE('',*,*,#4618,.T.);
#1395=ORIENTED_EDGE('',*,*,#4619,.F.);
#1396=ORIENTED_EDGE('',*,*,#4620,.T.);
#1397=ORIENTED_EDGE('',*,*,#4621,.F.);
#1398=ORIENTED_EDGE('',*,*,#4622,.T.);
#1399=ORIENTED_EDGE('',*,*,#4623,.F.);
#1400=ORIENTED_EDGE('',*,*,#4624,.T.);
#1401=ORIENTED_EDGE('',*,*,#4625,.F.);
#1402=ORIENTED_EDGE('',*,*,#4626,.T.);
#1403=ORIENTED_EDGE('',*,*,#4627,.F.);
#1404=ORIENTED_EDGE('',*,*,#4628,.T.);
#1405=ORIENTED_EDGE('',*,*,#4629,.F.);
#1406=ORIENTED_EDGE('',*,*,#4630,.T.);
#1407=ORIENTED_EDGE('',*,*,#4631,.F.);
#1408=ORIENTED_EDGE('',*,*,#4632,.T.);
#1409=ORIENTED_EDGE('',*,*,#4633,.F.);
#1410=ORIENTED_EDGE('',*,*,#4634,.T.);
#1411=ORIENTED_EDGE('',*,*,#4635,.F.);
#1412=ORIENTED_EDGE('',*,*,#4636,.T.);
#1413=ORIENTED_EDGE('',*,*,#4637,.F.);
#1414=ORIENTED_EDGE('',*,*,#4638,.T.);
#1415=ORIENTED_EDGE('',*,*,#4639,.F.);
#1416=ORIENTED_EDGE('',*,*,#4640,.T.);
#1417=ORIENTED_EDGE('',*,*,#4641,.F.);
#1418=ORIENTED_EDGE('',*,*,#4642,.T.);
#1419=ORIENTED_EDGE('',*,*,#4643,.F.);
#1420=ORIENTED_EDGE('',*,*,#4644,.T.);
#1421=ORIENTED_EDGE('',*,*,#4645,.F.);
#1422=ORIENTED_EDGE('',*,*,#4646,.T.);
#1423=ORIENTED_EDGE('',*,*,#4647,.F.);
#1424=ORIENTED_EDGE('',*,*,#4648,.T.);
#1425=ORIENTED_EDGE('',*,*,#4649,.F.);
#1426=ORIENTED_EDGE('',*,*,#4650,.T.);
#1427=ORIENTED_EDGE('',*,*,#4651,.F.);
#1428=ORIENTED_EDGE('',*,*,#4652,.T.);
#1429=ORIENTED_EDGE('',*,*,#4653,.F.);
#1430=ORIENTED_EDGE('',*,*,#4654,.T.);
#1431=ORIENTED_EDGE('',*,*,#4655,.F.);
#1432=ORIENTED_EDGE('',*,*,#4656,.T.);
#1433=ORIENTED_EDGE('',*,*,#4657,.F.);
#1434=ORIENTED_EDGE('',*,*,#4658,.T.);
#1435=ORIENTED_EDGE('',*,*,#4659,.F.);
#1436=ORIENTED_EDGE('',*,*,#4660,.T.);
#1437=ORIENTED_EDGE('',*,*,#4661,.F.);
#1438=ORIENTED_EDGE('',*,*,#4662,.T.);
#1439=ORIENTED_EDGE('',*,*,#4663,.F.);
#1440=ORIENTED_EDGE('',*,*,#4664,.T.);
#1441=ORIENTED_EDGE('',*,*,#4665,.F.);
#1442=ORIENTED_EDGE('',*,*,#4666,.T.);
#1443=ORIENTED_EDGE('',*,*,#4667,.F.);
#1444=ORIENTED_EDGE('',*,*,#4668,.T.);
#1445=ORIENTED_EDGE('',*,*,#4669,.F.);
#1446=ORIENTED_EDGE('',*,*,#4670,.T.);
#1447=ORIENTED_EDGE('',*,*,#4671,.F.);
#1448=ORIENTED_EDGE('',*,*,#4672,.T.);
#1449=ORIENTED_EDGE('',*,*,#4673,.F.);
#1450=ORIENTED_EDGE('',*,*,#4674,.T.);
#1451=ORIENTED_EDGE('',*,*,#4675,.F.);
#1452=ORIENTED_EDGE('',*,*,#4676,.T.);
#1453=ORIENTED_EDGE('',*,*,#4677,.F.);
#1454=ORIENTED_EDGE('',*,*,#4678,.T.);
#1455=ORIENTED_EDGE('',*,*,#4679,.F.);
#1456=ORIENTED_EDGE('',*,*,#4680,.T.);
#1457=ORIENTED_EDGE('',*,*,#4681,.F.);
#1458=ORIENTED_EDGE('',*,*,#4682,.T.);
#1459=ORIENTED_EDGE('',*,*,#4683,.F.);
#1460=ORIENTED_EDGE('',*,*,#4684,.T.);
#1461=ORIENTED_EDGE('',*,*,#4685,.F.);
#1462=ORIENTED_EDGE('',*,*,#4686,.T.);
#1463=ORIENTED_EDGE('',*,*,#4687,.F.);
#1464=ORIENTED_EDGE('',*,*,#4688,.T.);
#1465=ORIENTED_EDGE('',*,*,#4689,.F.);
#1466=ORIENTED_EDGE('',*,*,#4690,.T.);
#1467=ORIENTED_EDGE('',*,*,#4691,.F.);
#1468=ORIENTED_EDGE('',*,*,#4692,.T.);
#1469=ORIENTED_EDGE('',*,*,#4693,.F.);
#1470=ORIENTED_EDGE('',*,*,#4694,.T.);
#1471=ORIENTED_EDGE('',*,*,#4695,.F.);
#1472=ORIENTED_EDGE('',*,*,#4696,.T.);
#1473=ORIENTED_EDGE('',*,*,#4697,.F.);
#1474=ORIENTED_EDGE('',*,*,#4698,.T.);
#1475=ORIENTED_EDGE('',*,*,#4699,.F.);
#1476=ORIENTED_EDGE('',*,*,#4700,.T.);
#1477=ORIENTED_EDGE('',*,*,#4701,.F.);
#1478=ORIENTED_EDGE('',*,*,#4702,.T.);
#1479=ORIENTED_EDGE('',*,*,#4703,.F.);
#1480=ORIENTED_EDGE('',*,*,#4704,.T.);
#1481=ORIENTED_EDGE('',*,*,#4705,.F.);
#1482=ORIENTED_EDGE('',*,*,#4706,.T.);
#1483=ORIENTED_EDGE('',*,*,#4707,.F.);
#1484=ORIENTED_EDGE('',*,*,#4708,.T.);
#1485=ORIENTED_EDGE('',*,*,#4709,.F.);
#1486=ORIENTED_EDGE('',*,*,#4710,.T.);
#1487=ORIENTED_EDGE('',*,*,#4711,.F.);
#1488=ORIENTED_EDGE('',*,*,#4712,.T.);
#1489=ORIENTED_EDGE('',*,*,#4713,.F.);
#1490=ORIENTED_EDGE('',*,*,#4714,.T.);
#1491=ORIENTED_EDGE('',*,*,#4715,.F.);
#1492=ORIENTED_EDGE('',*,*,#4716,.T.);
#1493=ORIENTED_EDGE('',*,*,#4717,.F.);
#1494=ORIENTED_EDGE('',*,*,#4718,.T.);
#1495=ORIENTED_EDGE('',*,*,#4719,.F.);
#1496=ORIENTED_EDGE('',*,*,#4720,.T.);
#1497=ORIENTED_EDGE('',*,*,#4721,.F.);
#1498=ORIENTED_EDGE('',*,*,#4722,.T.);
#1499=ORIENTED_EDGE('',*,*,#4723,.F.);
#1500=ORIENTED_EDGE('',*,*,#4724,.T.);
#1501=ORIENTED_EDGE('',*,*,#4725,.F.);
#1502=ORIENTED_EDGE('',*,*,#4726,.T.);
#1503=ORIENTED_EDGE('',*,*,#4727,.F.);
#1504=ORIENTED_EDGE('',*,*,#4728,.T.);
#1505=ORIENTED_EDGE('',*,*,#4729,.F.);
#1506=ORIENTED_EDGE('',*,*,#4730,.T.);
#1507=ORIENTED_EDGE('',*,*,#4731,.F.);
#1508=ORIENTED_EDGE('',*,*,#4732,.T.);
#1509=ORIENTED_EDGE('',*,*,#4733,.F.);
#1510=ORIENTED_EDGE('',*,*,#4734,.T.);
#1511=ORIENTED_EDGE('',*,*,#4735,.F.);
#1512=ORIENTED_EDGE('',*,*,#4736,.T.);
#1513=ORIENTED_EDGE('',*,*,#4737,.F.);
#1514=ORIENTED_EDGE('',*,*,#4738,.T.);
#1515=ORIENTED_EDGE('',*,*,#4739,.F.);
#1516=ORIENTED_EDGE('',*,*,#4740,.T.);
#1517=ORIENTED_EDGE('',*,*,#4741,.F.);
#1518=ORIENTED_EDGE('',*,*,#4742,.T.);
#1519=ORIENTED_EDGE('',*,*,#4743,.F.);
#1520=ORIENTED_EDGE('',*,*,#4744,.T.);
#1521=ORIENTED_EDGE('',*,*,#4745,.F.);
#1522=ORIENTED_EDGE('',*,*,#4746,.T.);
#1523=ORIENTED_EDGE('',*,*,#4747,.F.);
#1524=ORIENTED_EDGE('',*,*,#4748,.T.);
#1525=ORIENTED_EDGE('',*,*,#4749,.F.);
#1526=ORIENTED_EDGE('',*,*,#4750,.T.);
#1527=ORIENTED_EDGE('',*,*,#4751,.F.);
#1528=ORIENTED_EDGE('',*,*,#4752,.T.);
#1529=ORIENTED_EDGE('',*,*,#4753,.F.);
#1530=ORIENTED_EDGE('',*,*,#4754,.T.);
#1531=ORIENTED_EDGE('',*,*,#4755,.F.);
#1532=ORIENTED_EDGE('',*,*,#4756,.T.);
#1533=ORIENTED_EDGE('',*,*,#4757,.F.);
#1534=ORIENTED_EDGE('',*,*,#4758,.T.);
#1535=ORIENTED_EDGE('',*,*,#4759,.F.);
#1536=ORIENTED_EDGE('',*,*,#4760,.T.);
#1537=ORIENTED_EDGE('',*,*,#4761,.F.);
#1538=ORIENTED_EDGE('',*,*,#4762,.T.);
#1539=ORIENTED_EDGE('',*,*,#4763,.F.);
#1540=ORIENTED_EDGE('',*,*,#4764,.T.);
#1541=ORIENTED_EDGE('',*,*,#4765,.F.);
#1542=ORIENTED_EDGE('',*,*,#4766,.T.);
#1543=ORIENTED_EDGE('',*,*,#4767,.F.);
#1544=ORIENTED_EDGE('',*,*,#4768,.T.);
#1545=ORIENTED_EDGE('',*,*,#4769,.F.);
#1546=ORIENTED_EDGE('',*,*,#4770,.T.);
#1547=ORIENTED_EDGE('',*,*,#4771,.F.);
#1548=ORIENTED_EDGE('',*,*,#4772,.T.);
#1549=ORIENTED_EDGE('',*,*,#4773,.F.);
#1550=ORIENTED_EDGE('',*,*,#4774,.T.);
#1551=ORIENTED_EDGE('',*,*,#4775,.F.);
#1552=ORIENTED_EDGE('',*,*,#4776,.T.);
#1553=ORIENTED_EDGE('',*,*,#4777,.F.);
#1554=ORIENTED_EDGE('',*,*,#4778,.T.);
#1555=ORIENTED_EDGE('',*,*,#4779,.F.);
#1556=ORIENTED_EDGE('',*,*,#4780,.T.);
#1557=ORIENTED_EDGE('',*,*,#4781,.F.);
#1558=ORIENTED_EDGE('',*,*,#4782,.T.);
#1559=ORIENTED_EDGE('',*,*,#4783,.F.);
#1560=ORIENTED_EDGE('',*,*,#4784,.T.);
#1561=ORIENTED_EDGE('',*,*,#4785,.F.);
#1562=ORIENTED_EDGE('',*,*,#4786,.T.);
#1563=ORIENTED_EDGE('',*,*,#4787,.F.);
#1564=ORIENTED_EDGE('',*,*,#4788,.T.);
#1565=ORIENTED_EDGE('',*,*,#4789,.F.);
#1566=ORIENTED_EDGE('',*,*,#4790,.T.);
#1567=ORIENTED_EDGE('',*,*,#4791,.F.);
#1568=ORIENTED_EDGE('',*,*,#4792,.T.);
#1569=ORIENTED_EDGE('',*,*,#4793,.F.);
#1570=ORIENTED_EDGE('',*,*,#4794,.T.);
#1571=ORIENTED_EDGE('',*,*,#4795,.F.);
#1572=ORIENTED_EDGE('',*,*,#4796,.T.);
#1573=ORIENTED_EDGE('',*,*,#4797,.F.);
#1574=ORIENTED_EDGE('',*,*,#4798,.T.);
#1575=ORIENTED_EDGE('',*,*,#4799,.F.);
#1576=ORIENTED_EDGE('',*,*,#4800,.T.);
#1577=ORIENTED_EDGE('',*,*,#4801,.F.);
#1578=ORIENTED_EDGE('',*,*,#4802,.T.);
#1579=ORIENTED_EDGE('',*,*,#4803,.F.);
#1580=ORIENTED_EDGE('',*,*,#4804,.T.);
#1581=ORIENTED_EDGE('',*,*,#4805,.F.);
#1582=ORIENTED_EDGE('',*,*,#4806,.T.);
#1583=ORIENTED_EDGE('',*,*,#4807,.F.);
#1584=ORIENTED_EDGE('',*,*,#4808,.T.);
#1585=ORIENTED_EDGE('',*,*,#4809,.F.);
#1586=ORIENTED_EDGE('',*,*,#4810,.T.);
#1587=ORIENTED_EDGE('',*,*,#4811,.F.);
#1588=ORIENTED_EDGE('',*,*,#4812,.T.);
#1589=ORIENTED_EDGE('',*,*,#4813,.F.);
#1590=ORIENTED_EDGE('',*,*,#4814,.T.);
#1591=ORIENTED_EDGE('',*,*,#4815,.F.);
#1592=ORIENTED_EDGE('',*,*,#4816,.T.);
#1593=ORIENTED_EDGE('',*,*,#4817,.F.);
#1594=ORIENTED_EDGE('',*,*,#4818,.T.);
#1595=ORIENTED_EDGE('',*,*,#4819,.F.);
#1596=ORIENTED_EDGE('',*,*,#4820,.T.);
#1597=ORIENTED_EDGE('',*,*,#4821,.F.);
#1598=ORIENTED_EDGE('',*,*,#4822,.T.);
#1599=ORIENTED_EDGE('',*,*,#4823,.F.);
#1600=ORIENTED_EDGE('',*,*,#4824,.T.);
#1601=ORIENTED_EDGE('',*,*,#4825,.F.);
#1602=ORIENTED_EDGE('',*,*,#4826,.T.);
#1603=ORIENTED_EDGE('',*,*,#4827,.F.);
#1604=ORIENTED_EDGE('',*,*,#4828,.T.);
#1605=ORIENTED_EDGE('',*,*,#4829,.F.);
#1606=ORIENTED_EDGE('',*,*,#4830,.T.);
#1607=ORIENTED_EDGE('',*,*,#4831,.F.);
#1608=ORIENTED_EDGE('',*,*,#4832,.T.);
#1609=ORIENTED_EDGE('',*,*,#4833,.F.);
#1610=ORIENTED_EDGE('',*,*,#4834,.T.);
#1611=ORIENTED_EDGE('',*,*,#4835,.F.);
#1612=ORIENTED_EDGE('',*,*,#4836,.T.);
#1613=ORIENTED_EDGE('',*,*,#4837,.F.);
#1614=ORIENTED_EDGE('',*,*,#4838,.T.);
#1615=ORIENTED_EDGE('',*,*,#4839,.T.);
#1616=ORIENTED_EDGE('',*,*,#4840,.F.);
#1617=ORIENTED_EDGE('',*,*,#4841,.T.);
#1618=ORIENTED_EDGE('',*,*,#4842,.T.);
#1619=ORIENTED_EDGE('',*,*,#4843,.T.);
#1620=ORIENTED_EDGE('',*,*,#4844,.T.);
#1621=ORIENTED_EDGE('',*,*,#4845,.T.);
#1622=ORIENTED_EDGE('',*,*,#4846,.T.);
#1623=ORIENTED_EDGE('',*,*,#4847,.T.);
#1624=ORIENTED_EDGE('',*,*,#4848,.T.);
#1625=ORIENTED_EDGE('',*,*,#4849,.T.);
#1626=ORIENTED_EDGE('',*,*,#4850,.T.);
#1627=ORIENTED_EDGE('',*,*,#4851,.T.);
#1628=ORIENTED_EDGE('',*,*,#4852,.T.);
#1629=ORIENTED_EDGE('',*,*,#4853,.T.);
#1630=ORIENTED_EDGE('',*,*,#4854,.T.);
#1631=ORIENTED_EDGE('',*,*,#4855,.T.);
#1632=ORIENTED_EDGE('',*,*,#4856,.T.);
#1633=ORIENTED_EDGE('',*,*,#4857,.T.);
#1634=ORIENTED_EDGE('',*,*,#4858,.T.);
#1635=ORIENTED_EDGE('',*,*,#4859,.T.);
#1636=ORIENTED_EDGE('',*,*,#4860,.T.);
#1637=ORIENTED_EDGE('',*,*,#4861,.T.);
#1638=ORIENTED_EDGE('',*,*,#4862,.T.);
#1639=ORIENTED_EDGE('',*,*,#4863,.T.);
#1640=ORIENTED_EDGE('',*,*,#4864,.T.);
#1641=ORIENTED_EDGE('',*,*,#4865,.T.);
#1642=ORIENTED_EDGE('',*,*,#4866,.T.);
#1643=ORIENTED_EDGE('',*,*,#4867,.T.);
#1644=ORIENTED_EDGE('',*,*,#4868,.T.);
#1645=ORIENTED_EDGE('',*,*,#4869,.T.);
#1646=ORIENTED_EDGE('',*,*,#4870,.T.);
#1647=ORIENTED_EDGE('',*,*,#4871,.T.);
#1648=ORIENTED_EDGE('',*,*,#4872,.T.);
#1649=ORIENTED_EDGE('',*,*,#4873,.T.);
#1650=ORIENTED_EDGE('',*,*,#4874,.T.);
#1651=ORIENTED_EDGE('',*,*,#4875,.T.);
#1652=ORIENTED_EDGE('',*,*,#4876,.T.);
#1653=ORIENTED_EDGE('',*,*,#4877,.T.);
#1654=ORIENTED_EDGE('',*,*,#4878,.T.);
#1655=ORIENTED_EDGE('',*,*,#4879,.T.);
#1656=ORIENTED_EDGE('',*,*,#4880,.T.);
#1657=ORIENTED_EDGE('',*,*,#4881,.T.);
#1658=ORIENTED_EDGE('',*,*,#4882,.T.);
#1659=ORIENTED_EDGE('',*,*,#4883,.T.);
#1660=ORIENTED_EDGE('',*,*,#4884,.T.);
#1661=ORIENTED_EDGE('',*,*,#4885,.T.);
#1662=ORIENTED_EDGE('',*,*,#4886,.T.);
#1663=ORIENTED_EDGE('',*,*,#4887,.T.);
#1664=ORIENTED_EDGE('',*,*,#4888,.T.);
#1665=ORIENTED_EDGE('',*,*,#4889,.T.);
#1666=ORIENTED_EDGE('',*,*,#4890,.T.);
#1667=ORIENTED_EDGE('',*,*,#4891,.T.);
#1668=ORIENTED_EDGE('',*,*,#4892,.T.);
#1669=ORIENTED_EDGE('',*,*,#4893,.T.);
#1670=ORIENTED_EDGE('',*,*,#4894,.T.);
#1671=ORIENTED_EDGE('',*,*,#4895,.T.);
#1672=ORIENTED_EDGE('',*,*,#4896,.T.);
#1673=ORIENTED_EDGE('',*,*,#4897,.T.);
#1674=ORIENTED_EDGE('',*,*,#4898,.T.);
#1675=ORIENTED_EDGE('',*,*,#4899,.T.);
#1676=ORIENTED_EDGE('',*,*,#4900,.T.);
#1677=ORIENTED_EDGE('',*,*,#4901,.T.);
#1678=ORIENTED_EDGE('',*,*,#4902,.T.);
#1679=ORIENTED_EDGE('',*,*,#4903,.T.);
#1680=ORIENTED_EDGE('',*,*,#4904,.T.);
#1681=ORIENTED_EDGE('',*,*,#4905,.T.);
#1682=ORIENTED_EDGE('',*,*,#4906,.T.);
#1683=ORIENTED_EDGE('',*,*,#4907,.T.);
#1684=ORIENTED_EDGE('',*,*,#4908,.T.);
#1685=ORIENTED_EDGE('',*,*,#4909,.T.);
#1686=ORIENTED_EDGE('',*,*,#4910,.T.);
#1687=ORIENTED_EDGE('',*,*,#4911,.T.);
#1688=ORIENTED_EDGE('',*,*,#4912,.T.);
#1689=ORIENTED_EDGE('',*,*,#4913,.T.);
#1690=ORIENTED_EDGE('',*,*,#4914,.T.);
#1691=ORIENTED_EDGE('',*,*,#4915,.T.);
#1692=ORIENTED_EDGE('',*,*,#4916,.T.);
#1693=ORIENTED_EDGE('',*,*,#4917,.T.);
#1694=ORIENTED_EDGE('',*,*,#4918,.T.);
#1695=ORIENTED_EDGE('',*,*,#4919,.T.);
#1696=ORIENTED_EDGE('',*,*,#4920,.T.);
#1697=ORIENTED_EDGE('',*,*,#4921,.T.);
#1698=ORIENTED_EDGE('',*,*,#4922,.T.);
#1699=ORIENTED_EDGE('',*,*,#4923,.T.);
#1700=ORIENTED_EDGE('',*,*,#4924,.T.);
#1701=ORIENTED_EDGE('',*,*,#4925,.T.);
#1702=ORIENTED_EDGE('',*,*,#4926,.T.);
#1703=ORIENTED_EDGE('',*,*,#4927,.T.);
#1704=ORIENTED_EDGE('',*,*,#4928,.T.);
#1705=ORIENTED_EDGE('',*,*,#4929,.T.);
#1706=ORIENTED_EDGE('',*,*,#4930,.T.);
#1707=ORIENTED_EDGE('',*,*,#4931,.T.);
#1708=ORIENTED_EDGE('',*,*,#4932,.T.);
#1709=ORIENTED_EDGE('',*,*,#4933,.T.);
#1710=ORIENTED_EDGE('',*,*,#4934,.T.);
#1711=ORIENTED_EDGE('',*,*,#4935,.T.);
#1712=ORIENTED_EDGE('',*,*,#4936,.T.);
#1713=ORIENTED_EDGE('',*,*,#4937,.T.);
#1714=ORIENTED_EDGE('',*,*,#4938,.T.);
#1715=ORIENTED_EDGE('',*,*,#4939,.T.);
#1716=ORIENTED_EDGE('',*,*,#4940,.T.);
#1717=ORIENTED_EDGE('',*,*,#4941,.T.);
#1718=ORIENTED_EDGE('',*,*,#4942,.T.);
#1719=ORIENTED_EDGE('',*,*,#4943,.T.);
#1720=ORIENTED_EDGE('',*,*,#4944,.T.);
#1721=ORIENTED_EDGE('',*,*,#4945,.T.);
#1722=ORIENTED_EDGE('',*,*,#4946,.T.);
#1723=ORIENTED_EDGE('',*,*,#4947,.T.);
#1724=ORIENTED_EDGE('',*,*,#4948,.T.);
#1725=ORIENTED_EDGE('',*,*,#4949,.T.);
#1726=ORIENTED_EDGE('',*,*,#4950,.T.);
#1727=ORIENTED_EDGE('',*,*,#4951,.T.);
#1728=ORIENTED_EDGE('',*,*,#4952,.T.);
#1729=ORIENTED_EDGE('',*,*,#4953,.T.);
#1730=ORIENTED_EDGE('',*,*,#4954,.T.);
#1731=ORIENTED_EDGE('',*,*,#4955,.T.);
#1732=ORIENTED_EDGE('',*,*,#4956,.T.);
#1733=ORIENTED_EDGE('',*,*,#4957,.T.);
#1734=ORIENTED_EDGE('',*,*,#4958,.T.);
#1735=ORIENTED_EDGE('',*,*,#4959,.T.);
#1736=ORIENTED_EDGE('',*,*,#4960,.T.);
#1737=ORIENTED_EDGE('',*,*,#4961,.T.);
#1738=ORIENTED_EDGE('',*,*,#4962,.T.);
#1739=ORIENTED_EDGE('',*,*,#4963,.T.);
#1740=ORIENTED_EDGE('',*,*,#4964,.T.);
#1741=ORIENTED_EDGE('',*,*,#4965,.T.);
#1742=ORIENTED_EDGE('',*,*,#4966,.T.);
#1743=ORIENTED_EDGE('',*,*,#4967,.T.);
#1744=ORIENTED_EDGE('',*,*,#4968,.T.);
#1745=ORIENTED_EDGE('',*,*,#4969,.T.);
#1746=ORIENTED_EDGE('',*,*,#4970,.T.);
#1747=ORIENTED_EDGE('',*,*,#4971,.T.);
#1748=ORIENTED_EDGE('',*,*,#4972,.T.);
#1749=ORIENTED_EDGE('',*,*,#4973,.T.);
#1750=ORIENTED_EDGE('',*,*,#4974,.T.);
#1751=ORIENTED_EDGE('',*,*,#4975,.T.);
#1752=ORIENTED_EDGE('',*,*,#4976,.T.);
#1753=ORIENTED_EDGE('',*,*,#4977,.T.);
#1754=ORIENTED_EDGE('',*,*,#4978,.T.);
#1755=ORIENTED_EDGE('',*,*,#4979,.T.);
#1756=ORIENTED_EDGE('',*,*,#4980,.T.);
#1757=ORIENTED_EDGE('',*,*,#4981,.T.);
#1758=ORIENTED_EDGE('',*,*,#4982,.T.);
#1759=ORIENTED_EDGE('',*,*,#4983,.T.);
#1760=ORIENTED_EDGE('',*,*,#4984,.T.);
#1761=ORIENTED_EDGE('',*,*,#4985,.T.);
#1762=ORIENTED_EDGE('',*,*,#4986,.T.);
#1763=ORIENTED_EDGE('',*,*,#4987,.T.);
#1764=ORIENTED_EDGE('',*,*,#4988,.T.);
#1765=ORIENTED_EDGE('',*,*,#4989,.T.);
#1766=ORIENTED_EDGE('',*,*,#4990,.T.);
#1767=ORIENTED_EDGE('',*,*,#4991,.T.);
#1768=ORIENTED_EDGE('',*,*,#4992,.T.);
#1769=ORIENTED_EDGE('',*,*,#4993,.T.);
#1770=ORIENTED_EDGE('',*,*,#4994,.T.);
#1771=ORIENTED_EDGE('',*,*,#4995,.T.);
#1772=ORIENTED_EDGE('',*,*,#4996,.T.);
#1773=ORIENTED_EDGE('',*,*,#4997,.T.);
#1774=ORIENTED_EDGE('',*,*,#4998,.T.);
#1775=ORIENTED_EDGE('',*,*,#4999,.T.);
#1776=ORIENTED_EDGE('',*,*,#5000,.T.);
#1777=ORIENTED_EDGE('',*,*,#5001,.T.);
#1778=ORIENTED_EDGE('',*,*,#5002,.T.);
#1779=ORIENTED_EDGE('',*,*,#5003,.T.);
#1780=ORIENTED_EDGE('',*,*,#5004,.T.);
#1781=ORIENTED_EDGE('',*,*,#5005,.T.);
#1782=ORIENTED_EDGE('',*,*,#5006,.T.);
#1783=ORIENTED_EDGE('',*,*,#5007,.T.);
#1784=ORIENTED_EDGE('',*,*,#5008,.T.);
#1785=ORIENTED_EDGE('',*,*,#5009,.T.);
#1786=ORIENTED_EDGE('',*,*,#5010,.T.);
#1787=ORIENTED_EDGE('',*,*,#5011,.T.);
#1788=ORIENTED_EDGE('',*,*,#5012,.T.);
#1789=ORIENTED_EDGE('',*,*,#5013,.T.);
#1790=ORIENTED_EDGE('',*,*,#5014,.T.);
#1791=ORIENTED_EDGE('',*,*,#5015,.T.);
#1792=ORIENTED_EDGE('',*,*,#5016,.T.);
#1793=ORIENTED_EDGE('',*,*,#5017,.T.);
#1794=ORIENTED_EDGE('',*,*,#5018,.T.);
#1795=ORIENTED_EDGE('',*,*,#5019,.T.);
#1796=ORIENTED_EDGE('',*,*,#5020,.T.);
#1797=ORIENTED_EDGE('',*,*,#5021,.T.);
#1798=ORIENTED_EDGE('',*,*,#5022,.T.);
#1799=ORIENTED_EDGE('',*,*,#5023,.T.);
#1800=ORIENTED_EDGE('',*,*,#5024,.T.);
#1801=ORIENTED_EDGE('',*,*,#5025,.T.);
#1802=ORIENTED_EDGE('',*,*,#5026,.T.);
#1803=ORIENTED_EDGE('',*,*,#5027,.T.);
#1804=ORIENTED_EDGE('',*,*,#5028,.T.);
#1805=ORIENTED_EDGE('',*,*,#5029,.T.);
#1806=ORIENTED_EDGE('',*,*,#5030,.T.);
#1807=ORIENTED_EDGE('',*,*,#5031,.T.);
#1808=ORIENTED_EDGE('',*,*,#5032,.T.);
#1809=ORIENTED_EDGE('',*,*,#5033,.T.);
#1810=ORIENTED_EDGE('',*,*,#5034,.T.);
#1811=ORIENTED_EDGE('',*,*,#5035,.T.);
#1812=ORIENTED_EDGE('',*,*,#5036,.T.);
#1813=ORIENTED_EDGE('',*,*,#5037,.T.);
#1814=ORIENTED_EDGE('',*,*,#5038,.T.);
#1815=ORIENTED_EDGE('',*,*,#5039,.T.);
#1816=ORIENTED_EDGE('',*,*,#5040,.T.);
#1817=ORIENTED_EDGE('',*,*,#5041,.T.);
#1818=ORIENTED_EDGE('',*,*,#5042,.T.);
#1819=ORIENTED_EDGE('',*,*,#5043,.T.);
#1820=ORIENTED_EDGE('',*,*,#5044,.T.);
#1821=ORIENTED_EDGE('',*,*,#5045,.T.);
#1822=ORIENTED_EDGE('',*,*,#5046,.T.);
#1823=ORIENTED_EDGE('',*,*,#5047,.T.);
#1824=ORIENTED_EDGE('',*,*,#5048,.T.);
#1825=ORIENTED_EDGE('',*,*,#5049,.T.);
#1826=ORIENTED_EDGE('',*,*,#5050,.T.);
#1827=ORIENTED_EDGE('',*,*,#5051,.T.);
#1828=ORIENTED_EDGE('',*,*,#5052,.T.);
#1829=ORIENTED_EDGE('',*,*,#5053,.T.);
#1830=ORIENTED_EDGE('',*,*,#5054,.T.);
#1831=ORIENTED_EDGE('',*,*,#5055,.T.);
#1832=ORIENTED_EDGE('',*,*,#5056,.T.);
#1833=ORIENTED_EDGE('',*,*,#5057,.T.);
#1834=ORIENTED_EDGE('',*,*,#5058,.T.);
#1835=ORIENTED_EDGE('',*,*,#5059,.T.);
#1836=ORIENTED_EDGE('',*,*,#5060,.T.);
#1837=ORIENTED_EDGE('',*,*,#5061,.T.);
#1838=ORIENTED_EDGE('',*,*,#5062,.T.);
#1839=ORIENTED_EDGE('',*,*,#5063,.T.);
#1840=ORIENTED_EDGE('',*,*,#5064,.T.);
#1841=ORIENTED_EDGE('',*,*,#5065,.T.);
#1842=ORIENTED_EDGE('',*,*,#5066,.T.);
#1843=ORIENTED_EDGE('',*,*,#5067,.T.);
#1844=ORIENTED_EDGE('',*,*,#5068,.T.);
#1845=ORIENTED_EDGE('',*,*,#5069,.T.);
#1846=ORIENTED_EDGE('',*,*,#5070,.T.);
#1847=ORIENTED_EDGE('',*,*,#5071,.T.);
#1848=ORIENTED_EDGE('',*,*,#5072,.T.);
#1849=ORIENTED_EDGE('',*,*,#5073,.T.);
#1850=ORIENTED_EDGE('',*,*,#5074,.T.);
#1851=ORIENTED_EDGE('',*,*,#5075,.T.);
#1852=ORIENTED_EDGE('',*,*,#5076,.T.);
#1853=ORIENTED_EDGE('',*,*,#5077,.T.);
#1854=ORIENTED_EDGE('',*,*,#5078,.T.);
#1855=ORIENTED_EDGE('',*,*,#5079,.T.);
#1856=ORIENTED_EDGE('',*,*,#5080,.T.);
#1857=ORIENTED_EDGE('',*,*,#5081,.T.);
#1858=ORIENTED_EDGE('',*,*,#5082,.T.);
#1859=ORIENTED_EDGE('',*,*,#5083,.T.);
#1860=ORIENTED_EDGE('',*,*,#5084,.T.);
#1861=ORIENTED_EDGE('',*,*,#5085,.T.);
#1862=ORIENTED_EDGE('',*,*,#5086,.T.);
#1863=ORIENTED_EDGE('',*,*,#5087,.T.);
#1864=ORIENTED_EDGE('',*,*,#5088,.T.);
#1865=ORIENTED_EDGE('',*,*,#5089,.T.);
#1866=ORIENTED_EDGE('',*,*,#5090,.T.);
#1867=ORIENTED_EDGE('',*,*,#5091,.T.);
#1868=ORIENTED_EDGE('',*,*,#5092,.T.);
#1869=ORIENTED_EDGE('',*,*,#5093,.T.);
#1870=ORIENTED_EDGE('',*,*,#5094,.T.);
#1871=ORIENTED_EDGE('',*,*,#5095,.T.);
#1872=ORIENTED_EDGE('',*,*,#5096,.T.);
#1873=ORIENTED_EDGE('',*,*,#5097,.T.);
#1874=ORIENTED_EDGE('',*,*,#5098,.T.);
#1875=ORIENTED_EDGE('',*,*,#5099,.T.);
#1876=ORIENTED_EDGE('',*,*,#5100,.T.);
#1877=ORIENTED_EDGE('',*,*,#5101,.T.);
#1878=ORIENTED_EDGE('',*,*,#5102,.T.);
#1879=ORIENTED_EDGE('',*,*,#5103,.T.);
#1880=ORIENTED_EDGE('',*,*,#5104,.T.);
#1881=ORIENTED_EDGE('',*,*,#5105,.T.);
#1882=ORIENTED_EDGE('',*,*,#5106,.T.);
#1883=ORIENTED_EDGE('',*,*,#5107,.T.);
#1884=ORIENTED_EDGE('',*,*,#5108,.T.);
#1885=ORIENTED_EDGE('',*,*,#5109,.T.);
#1886=ORIENTED_EDGE('',*,*,#5110,.T.);
#1887=ORIENTED_EDGE('',*,*,#5111,.T.);
#1888=ORIENTED_EDGE('',*,*,#5112,.T.);
#1889=ORIENTED_EDGE('',*,*,#5113,.T.);
#1890=ORIENTED_EDGE('',*,*,#5114,.T.);
#1891=ORIENTED_EDGE('',*,*,#5115,.T.);
#1892=ORIENTED_EDGE('',*,*,#5116,.T.);
#1893=ORIENTED_EDGE('',*,*,#5117,.T.);
#1894=ORIENTED_EDGE('',*,*,#5118,.T.);
#1895=ORIENTED_EDGE('',*,*,#5119,.T.);
#1896=ORIENTED_EDGE('',*,*,#5120,.T.);
#1897=ORIENTED_EDGE('',*,*,#5121,.T.);
#1898=ORIENTED_EDGE('',*,*,#5122,.T.);
#1899=ORIENTED_EDGE('',*,*,#5123,.T.);
#1900=ORIENTED_EDGE('',*,*,#5124,.T.);
#1901=ORIENTED_EDGE('',*,*,#5125,.T.);
#1902=ORIENTED_EDGE('',*,*,#5126,.T.);
#1903=ORIENTED_EDGE('',*,*,#5127,.T.);
#1904=ORIENTED_EDGE('',*,*,#5128,.T.);
#1905=ORIENTED_EDGE('',*,*,#5129,.T.);
#1906=ORIENTED_EDGE('',*,*,#5130,.T.);
#1907=ORIENTED_EDGE('',*,*,#5131,.T.);
#1908=ORIENTED_EDGE('',*,*,#5132,.T.);
#1909=ORIENTED_EDGE('',*,*,#5133,.T.);
#1910=ORIENTED_EDGE('',*,*,#5134,.T.);
#1911=ORIENTED_EDGE('',*,*,#5135,.T.);
#1912=ORIENTED_EDGE('',*,*,#5136,.T.);
#1913=ORIENTED_EDGE('',*,*,#5137,.T.);
#1914=ORIENTED_EDGE('',*,*,#5138,.T.);
#1915=ORIENTED_EDGE('',*,*,#5139,.T.);
#1916=ORIENTED_EDGE('',*,*,#5140,.T.);
#1917=ORIENTED_EDGE('',*,*,#5141,.T.);
#1918=ORIENTED_EDGE('',*,*,#5142,.T.);
#1919=ORIENTED_EDGE('',*,*,#5143,.T.);
#1920=ORIENTED_EDGE('',*,*,#5144,.T.);
#1921=ORIENTED_EDGE('',*,*,#5145,.T.);
#1922=ORIENTED_EDGE('',*,*,#5146,.T.);
#1923=ORIENTED_EDGE('',*,*,#5147,.T.);
#1924=ORIENTED_EDGE('',*,*,#5148,.T.);
#1925=ORIENTED_EDGE('',*,*,#5149,.T.);
#1926=ORIENTED_EDGE('',*,*,#5150,.T.);
#1927=ORIENTED_EDGE('',*,*,#5151,.T.);
#1928=ORIENTED_EDGE('',*,*,#5152,.T.);
#1929=ORIENTED_EDGE('',*,*,#5153,.T.);
#1930=ORIENTED_EDGE('',*,*,#5154,.T.);
#1931=ORIENTED_EDGE('',*,*,#5155,.T.);
#1932=ORIENTED_EDGE('',*,*,#5156,.T.);
#1933=ORIENTED_EDGE('',*,*,#5157,.T.);
#1934=ORIENTED_EDGE('',*,*,#5158,.T.);
#1935=ORIENTED_EDGE('',*,*,#5159,.T.);
#1936=ORIENTED_EDGE('',*,*,#5160,.T.);
#1937=ORIENTED_EDGE('',*,*,#5161,.T.);
#1938=ORIENTED_EDGE('',*,*,#5162,.T.);
#1939=ORIENTED_EDGE('',*,*,#5163,.T.);
#1940=ORIENTED_EDGE('',*,*,#5164,.T.);
#1941=ORIENTED_EDGE('',*,*,#5165,.T.);
#1942=ORIENTED_EDGE('',*,*,#5166,.T.);
#1943=ORIENTED_EDGE('',*,*,#5167,.T.);
#1944=ORIENTED_EDGE('',*,*,#5168,.T.);
#1945=ORIENTED_EDGE('',*,*,#5169,.T.);
#1946=ORIENTED_EDGE('',*,*,#5170,.T.);
#1947=ORIENTED_EDGE('',*,*,#5171,.T.);
#1948=ORIENTED_EDGE('',*,*,#5172,.T.);
#1949=ORIENTED_EDGE('',*,*,#5173,.T.);
#1950=ORIENTED_EDGE('',*,*,#5174,.T.);
#1951=ORIENTED_EDGE('',*,*,#5175,.T.);
#1952=ORIENTED_EDGE('',*,*,#5176,.T.);
#1953=ORIENTED_EDGE('',*,*,#5177,.T.);
#1954=ORIENTED_EDGE('',*,*,#5178,.T.);
#1955=ORIENTED_EDGE('',*,*,#5179,.T.);
#1956=ORIENTED_EDGE('',*,*,#5180,.T.);
#1957=ORIENTED_EDGE('',*,*,#5181,.T.);
#1958=ORIENTED_EDGE('',*,*,#5182,.T.);
#1959=ORIENTED_EDGE('',*,*,#5183,.T.);
#1960=ORIENTED_EDGE('',*,*,#5184,.T.);
#1961=ORIENTED_EDGE('',*,*,#5185,.T.);
#1962=ORIENTED_EDGE('',*,*,#5186,.T.);
#1963=ORIENTED_EDGE('',*,*,#5187,.T.);
#1964=ORIENTED_EDGE('',*,*,#5188,.T.);
#1965=ORIENTED_EDGE('',*,*,#5189,.T.);
#1966=ORIENTED_EDGE('',*,*,#5190,.T.);
#1967=ORIENTED_EDGE('',*,*,#5191,.T.);
#1968=ORIENTED_EDGE('',*,*,#5192,.T.);
#1969=ORIENTED_EDGE('',*,*,#5193,.T.);
#1970=ORIENTED_EDGE('',*,*,#5194,.T.);
#1971=ORIENTED_EDGE('',*,*,#5195,.T.);
#1972=ORIENTED_EDGE('',*,*,#5196,.T.);
#1973=ORIENTED_EDGE('',*,*,#5197,.T.);
#1974=ORIENTED_EDGE('',*,*,#5198,.T.);
#1975=ORIENTED_EDGE('',*,*,#5199,.T.);
#1976=ORIENTED_EDGE('',*,*,#5200,.T.);
#1977=ORIENTED_EDGE('',*,*,#5201,.T.);
#1978=ORIENTED_EDGE('',*,*,#5202,.T.);
#1979=ORIENTED_EDGE('',*,*,#5203,.T.);
#1980=ORIENTED_EDGE('',*,*,#5204,.T.);
#1981=ORIENTED_EDGE('',*,*,#5205,.T.);
#1982=ORIENTED_EDGE('',*,*,#5206,.T.);
#1983=ORIENTED_EDGE('',*,*,#5207,.T.);
#1984=ORIENTED_EDGE('',*,*,#5208,.T.);
#1985=ORIENTED_EDGE('',*,*,#5209,.T.);
#1986=ORIENTED_EDGE('',*,*,#5210,.T.);
#1987=ORIENTED_EDGE('',*,*,#5211,.T.);
#1988=ORIENTED_EDGE('',*,*,#5212,.T.);
#1989=ORIENTED_EDGE('',*,*,#5213,.T.);
#1990=ORIENTED_EDGE('',*,*,#5214,.T.);
#1991=ORIENTED_EDGE('',*,*,#5215,.T.);
#1992=ORIENTED_EDGE('',*,*,#5216,.T.);
#1993=ORIENTED_EDGE('',*,*,#5217,.T.);
#1994=ORIENTED_EDGE('',*,*,#5218,.T.);
#1995=ORIENTED_EDGE('',*,*,#5219,.T.);
#1996=ORIENTED_EDGE('',*,*,#5220,.T.);
#1997=ORIENTED_EDGE('',*,*,#5221,.T.);
#1998=ORIENTED_EDGE('',*,*,#5222,.T.);
#1999=ORIENTED_EDGE('',*,*,#5223,.T.);
#2000=ORIENTED_EDGE('',*,*,#5224,.T.);
#2001=ORIENTED_EDGE('',*,*,#5225,.T.);
#2002=ORIENTED_EDGE('',*,*,#5226,.T.);
#2003=ORIENTED_EDGE('',*,*,#5227,.T.);
#2004=ORIENTED_EDGE('',*,*,#5228,.T.);
#2005=ORIENTED_EDGE('',*,*,#5229,.T.);
#2006=ORIENTED_EDGE('',*,*,#5230,.T.);
#2007=ORIENTED_EDGE('',*,*,#5231,.T.);
#2008=ORIENTED_EDGE('',*,*,#5232,.T.);
#2009=ORIENTED_EDGE('',*,*,#5233,.T.);
#2010=ORIENTED_EDGE('',*,*,#5234,.T.);
#2011=ORIENTED_EDGE('',*,*,#5235,.T.);
#2012=ORIENTED_EDGE('',*,*,#5236,.T.);
#2013=ORIENTED_EDGE('',*,*,#5237,.T.);
#2014=ORIENTED_EDGE('',*,*,#5238,.T.);
#2015=ORIENTED_EDGE('',*,*,#5239,.T.);
#2016=ORIENTED_EDGE('',*,*,#5240,.T.);
#2017=ORIENTED_EDGE('',*,*,#5241,.T.);
#2018=ORIENTED_EDGE('',*,*,#5242,.T.);
#2019=ORIENTED_EDGE('',*,*,#5243,.T.);
#2020=ORIENTED_EDGE('',*,*,#5244,.T.);
#2021=ORIENTED_EDGE('',*,*,#5245,.T.);
#2022=ORIENTED_EDGE('',*,*,#5246,.T.);
#2023=ORIENTED_EDGE('',*,*,#5247,.T.);
#2024=ORIENTED_EDGE('',*,*,#5248,.T.);
#2025=ORIENTED_EDGE('',*,*,#5249,.T.);
#2026=ORIENTED_EDGE('',*,*,#5250,.T.);
#2027=ORIENTED_EDGE('',*,*,#5251,.T.);
#2028=ORIENTED_EDGE('',*,*,#5252,.T.);
#2029=ORIENTED_EDGE('',*,*,#5253,.T.);
#2030=ORIENTED_EDGE('',*,*,#5254,.T.);
#2031=ORIENTED_EDGE('',*,*,#5255,.T.);
#2032=ORIENTED_EDGE('',*,*,#5256,.T.);
#2033=ORIENTED_EDGE('',*,*,#5257,.T.);
#2034=ORIENTED_EDGE('',*,*,#5258,.T.);
#2035=ORIENTED_EDGE('',*,*,#5259,.T.);
#2036=ORIENTED_EDGE('',*,*,#5260,.T.);
#2037=ORIENTED_EDGE('',*,*,#5261,.T.);
#2038=ORIENTED_EDGE('',*,*,#5262,.T.);
#2039=ORIENTED_EDGE('',*,*,#5263,.T.);
#2040=ORIENTED_EDGE('',*,*,#5264,.T.);
#2041=ORIENTED_EDGE('',*,*,#5265,.T.);
#2042=ORIENTED_EDGE('',*,*,#5266,.T.);
#2043=ORIENTED_EDGE('',*,*,#5267,.T.);
#2044=ORIENTED_EDGE('',*,*,#5268,.T.);
#2045=ORIENTED_EDGE('',*,*,#5269,.T.);
#2046=ORIENTED_EDGE('',*,*,#5270,.T.);
#2047=ORIENTED_EDGE('',*,*,#5271,.T.);
#2048=ORIENTED_EDGE('',*,*,#5272,.T.);
#2049=ORIENTED_EDGE('',*,*,#5273,.T.);
#2050=ORIENTED_EDGE('',*,*,#5274,.T.);
#2051=ORIENTED_EDGE('',*,*,#5275,.T.);
#2052=ORIENTED_EDGE('',*,*,#5276,.T.);
#2053=ORIENTED_EDGE('',*,*,#5277,.T.);
#2054=ORIENTED_EDGE('',*,*,#5278,.T.);
#2055=ORIENTED_EDGE('',*,*,#5279,.T.);
#2056=ORIENTED_EDGE('',*,*,#5280,.T.);
#2057=ORIENTED_EDGE('',*,*,#5281,.T.);
#2058=ORIENTED_EDGE('',*,*,#5282,.T.);
#2059=ORIENTED_EDGE('',*,*,#5283,.T.);
#2060=ORIENTED_EDGE('',*,*,#5284,.T.);
#2061=ORIENTED_EDGE('',*,*,#5285,.T.);
#2062=ORIENTED_EDGE('',*,*,#5286,.T.);
#2063=ORIENTED_EDGE('',*,*,#5287,.T.);
#2064=ORIENTED_EDGE('',*,*,#5288,.T.);
#2065=ORIENTED_EDGE('',*,*,#5289,.T.);
#2066=ORIENTED_EDGE('',*,*,#5290,.T.);
#2067=ORIENTED_EDGE('',*,*,#5291,.T.);
#2068=ORIENTED_EDGE('',*,*,#5292,.T.);
#2069=ORIENTED_EDGE('',*,*,#5293,.T.);
#2070=ORIENTED_EDGE('',*,*,#5294,.T.);
#2071=ORIENTED_EDGE('',*,*,#5295,.T.);
#2072=ORIENTED_EDGE('',*,*,#5296,.T.);
#2073=ORIENTED_EDGE('',*,*,#5297,.T.);
#2074=ORIENTED_EDGE('',*,*,#5298,.F.);
#2075=ORIENTED_EDGE('',*,*,#5299,.F.);
#2076=ORIENTED_EDGE('',*,*,#5300,.T.);
#2077=ORIENTED_EDGE('',*,*,#5301,.T.);
#2078=ORIENTED_EDGE('',*,*,#5302,.T.);
#2079=ORIENTED_EDGE('',*,*,#4614,.F.);
#2080=ORIENTED_EDGE('',*,*,#5303,.F.);
#2081=ORIENTED_EDGE('',*,*,#5290,.F.);
#2082=ORIENTED_EDGE('',*,*,#5300,.F.);
#2083=ORIENTED_EDGE('',*,*,#5292,.F.);
#2084=ORIENTED_EDGE('',*,*,#5304,.F.);
#2085=ORIENTED_EDGE('',*,*,#4612,.F.);
#2086=ORIENTED_EDGE('',*,*,#5305,.F.);
#2087=ORIENTED_EDGE('',*,*,#4613,.T.);
#2088=ORIENTED_EDGE('',*,*,#5304,.T.);
#2089=ORIENTED_EDGE('',*,*,#5291,.F.);
#2090=ORIENTED_EDGE('',*,*,#5303,.T.);
#2091=ORIENTED_EDGE('',*,*,#5306,.F.);
#2092=ORIENTED_EDGE('',*,*,#5307,.T.);
#2093=ORIENTED_EDGE('',*,*,#5308,.T.);
#2094=ORIENTED_EDGE('',*,*,#5309,.T.);
#2095=ORIENTED_EDGE('',*,*,#4618,.F.);
#2096=ORIENTED_EDGE('',*,*,#5310,.F.);
#2097=ORIENTED_EDGE('',*,*,#5286,.F.);
#2098=ORIENTED_EDGE('',*,*,#5307,.F.);
#2099=ORIENTED_EDGE('',*,*,#5288,.F.);
#2100=ORIENTED_EDGE('',*,*,#5311,.F.);
#2101=ORIENTED_EDGE('',*,*,#4616,.F.);
#2102=ORIENTED_EDGE('',*,*,#5302,.F.);
#2103=ORIENTED_EDGE('',*,*,#4617,.T.);
#2104=ORIENTED_EDGE('',*,*,#5311,.T.);
#2105=ORIENTED_EDGE('',*,*,#5287,.F.);
#2106=ORIENTED_EDGE('',*,*,#5310,.T.);
#2107=ORIENTED_EDGE('',*,*,#5312,.F.);
#2108=ORIENTED_EDGE('',*,*,#5313,.T.);
#2109=ORIENTED_EDGE('',*,*,#5314,.T.);
#2110=ORIENTED_EDGE('',*,*,#5315,.T.);
#2111=ORIENTED_EDGE('',*,*,#4622,.F.);
#2112=ORIENTED_EDGE('',*,*,#5316,.F.);
#2113=ORIENTED_EDGE('',*,*,#5282,.F.);
#2114=ORIENTED_EDGE('',*,*,#5313,.F.);
#2115=ORIENTED_EDGE('',*,*,#5284,.F.);
#2116=ORIENTED_EDGE('',*,*,#5317,.F.);
#2117=ORIENTED_EDGE('',*,*,#4620,.F.);
#2118=ORIENTED_EDGE('',*,*,#5309,.F.);
#2119=ORIENTED_EDGE('',*,*,#4621,.T.);
#2120=ORIENTED_EDGE('',*,*,#5317,.T.);
#2121=ORIENTED_EDGE('',*,*,#5283,.F.);
#2122=ORIENTED_EDGE('',*,*,#5316,.T.);
#2123=ORIENTED_EDGE('',*,*,#5318,.F.);
#2124=ORIENTED_EDGE('',*,*,#5319,.T.);
#2125=ORIENTED_EDGE('',*,*,#5320,.T.);
#2126=ORIENTED_EDGE('',*,*,#5321,.T.);
#2127=ORIENTED_EDGE('',*,*,#4626,.F.);
#2128=ORIENTED_EDGE('',*,*,#5322,.F.);
#2129=ORIENTED_EDGE('',*,*,#5278,.F.);
#2130=ORIENTED_EDGE('',*,*,#5319,.F.);
#2131=ORIENTED_EDGE('',*,*,#5280,.F.);
#2132=ORIENTED_EDGE('',*,*,#5323,.F.);
#2133=ORIENTED_EDGE('',*,*,#4624,.F.);
#2134=ORIENTED_EDGE('',*,*,#5315,.F.);
#2135=ORIENTED_EDGE('',*,*,#4625,.T.);
#2136=ORIENTED_EDGE('',*,*,#5323,.T.);
#2137=ORIENTED_EDGE('',*,*,#5279,.F.);
#2138=ORIENTED_EDGE('',*,*,#5322,.T.);
#2139=ORIENTED_EDGE('',*,*,#5324,.F.);
#2140=ORIENTED_EDGE('',*,*,#5325,.T.);
#2141=ORIENTED_EDGE('',*,*,#5326,.T.);
#2142=ORIENTED_EDGE('',*,*,#5327,.T.);
#2143=ORIENTED_EDGE('',*,*,#4630,.F.);
#2144=ORIENTED_EDGE('',*,*,#5328,.F.);
#2145=ORIENTED_EDGE('',*,*,#5274,.F.);
#2146=ORIENTED_EDGE('',*,*,#5325,.F.);
#2147=ORIENTED_EDGE('',*,*,#5276,.F.);
#2148=ORIENTED_EDGE('',*,*,#5329,.F.);
#2149=ORIENTED_EDGE('',*,*,#4628,.F.);
#2150=ORIENTED_EDGE('',*,*,#5321,.F.);
#2151=ORIENTED_EDGE('',*,*,#4629,.T.);
#2152=ORIENTED_EDGE('',*,*,#5329,.T.);
#2153=ORIENTED_EDGE('',*,*,#5275,.F.);
#2154=ORIENTED_EDGE('',*,*,#5328,.T.);
#2155=ORIENTED_EDGE('',*,*,#5330,.F.);
#2156=ORIENTED_EDGE('',*,*,#5331,.T.);
#2157=ORIENTED_EDGE('',*,*,#5332,.T.);
#2158=ORIENTED_EDGE('',*,*,#5333,.T.);
#2159=ORIENTED_EDGE('',*,*,#4634,.F.);
#2160=ORIENTED_EDGE('',*,*,#5334,.F.);
#2161=ORIENTED_EDGE('',*,*,#5270,.F.);
#2162=ORIENTED_EDGE('',*,*,#5331,.F.);
#2163=ORIENTED_EDGE('',*,*,#5272,.F.);
#2164=ORIENTED_EDGE('',*,*,#5335,.F.);
#2165=ORIENTED_EDGE('',*,*,#4632,.F.);
#2166=ORIENTED_EDGE('',*,*,#5327,.F.);
#2167=ORIENTED_EDGE('',*,*,#4633,.T.);
#2168=ORIENTED_EDGE('',*,*,#5335,.T.);
#2169=ORIENTED_EDGE('',*,*,#5271,.F.);
#2170=ORIENTED_EDGE('',*,*,#5334,.T.);
#2171=ORIENTED_EDGE('',*,*,#5336,.F.);
#2172=ORIENTED_EDGE('',*,*,#5337,.T.);
#2173=ORIENTED_EDGE('',*,*,#5338,.T.);
#2174=ORIENTED_EDGE('',*,*,#5339,.T.);
#2175=ORIENTED_EDGE('',*,*,#4638,.F.);
#2176=ORIENTED_EDGE('',*,*,#5340,.F.);
#2177=ORIENTED_EDGE('',*,*,#5266,.F.);
#2178=ORIENTED_EDGE('',*,*,#5337,.F.);
#2179=ORIENTED_EDGE('',*,*,#5268,.F.);
#2180=ORIENTED_EDGE('',*,*,#5341,.F.);
#2181=ORIENTED_EDGE('',*,*,#4636,.F.);
#2182=ORIENTED_EDGE('',*,*,#5333,.F.);
#2183=ORIENTED_EDGE('',*,*,#4637,.T.);
#2184=ORIENTED_EDGE('',*,*,#5341,.T.);
#2185=ORIENTED_EDGE('',*,*,#5267,.F.);
#2186=ORIENTED_EDGE('',*,*,#5340,.T.);
#2187=ORIENTED_EDGE('',*,*,#5342,.F.);
#2188=ORIENTED_EDGE('',*,*,#5343,.T.);
#2189=ORIENTED_EDGE('',*,*,#5344,.T.);
#2190=ORIENTED_EDGE('',*,*,#5345,.T.);
#2191=ORIENTED_EDGE('',*,*,#4642,.F.);
#2192=ORIENTED_EDGE('',*,*,#5346,.F.);
#2193=ORIENTED_EDGE('',*,*,#5262,.F.);
#2194=ORIENTED_EDGE('',*,*,#5343,.F.);
#2195=ORIENTED_EDGE('',*,*,#5264,.F.);
#2196=ORIENTED_EDGE('',*,*,#5347,.F.);
#2197=ORIENTED_EDGE('',*,*,#4640,.F.);
#2198=ORIENTED_EDGE('',*,*,#5339,.F.);
#2199=ORIENTED_EDGE('',*,*,#4641,.T.);
#2200=ORIENTED_EDGE('',*,*,#5347,.T.);
#2201=ORIENTED_EDGE('',*,*,#5263,.F.);
#2202=ORIENTED_EDGE('',*,*,#5346,.T.);
#2203=ORIENTED_EDGE('',*,*,#5348,.F.);
#2204=ORIENTED_EDGE('',*,*,#5349,.T.);
#2205=ORIENTED_EDGE('',*,*,#5350,.T.);
#2206=ORIENTED_EDGE('',*,*,#5351,.T.);
#2207=ORIENTED_EDGE('',*,*,#4646,.F.);
#2208=ORIENTED_EDGE('',*,*,#5352,.F.);
#2209=ORIENTED_EDGE('',*,*,#5258,.F.);
#2210=ORIENTED_EDGE('',*,*,#5349,.F.);
#2211=ORIENTED_EDGE('',*,*,#5260,.F.);
#2212=ORIENTED_EDGE('',*,*,#5353,.F.);
#2213=ORIENTED_EDGE('',*,*,#4644,.F.);
#2214=ORIENTED_EDGE('',*,*,#5345,.F.);
#2215=ORIENTED_EDGE('',*,*,#4645,.T.);
#2216=ORIENTED_EDGE('',*,*,#5353,.T.);
#2217=ORIENTED_EDGE('',*,*,#5259,.F.);
#2218=ORIENTED_EDGE('',*,*,#5352,.T.);
#2219=ORIENTED_EDGE('',*,*,#5354,.F.);
#2220=ORIENTED_EDGE('',*,*,#5355,.T.);
#2221=ORIENTED_EDGE('',*,*,#5356,.T.);
#2222=ORIENTED_EDGE('',*,*,#5357,.T.);
#2223=ORIENTED_EDGE('',*,*,#4650,.F.);
#2224=ORIENTED_EDGE('',*,*,#5358,.F.);
#2225=ORIENTED_EDGE('',*,*,#5254,.F.);
#2226=ORIENTED_EDGE('',*,*,#5355,.F.);
#2227=ORIENTED_EDGE('',*,*,#5256,.F.);
#2228=ORIENTED_EDGE('',*,*,#5359,.F.);
#2229=ORIENTED_EDGE('',*,*,#4648,.F.);
#2230=ORIENTED_EDGE('',*,*,#5351,.F.);
#2231=ORIENTED_EDGE('',*,*,#4649,.T.);
#2232=ORIENTED_EDGE('',*,*,#5359,.T.);
#2233=ORIENTED_EDGE('',*,*,#5255,.F.);
#2234=ORIENTED_EDGE('',*,*,#5358,.T.);
#2235=ORIENTED_EDGE('',*,*,#5360,.F.);
#2236=ORIENTED_EDGE('',*,*,#5361,.T.);
#2237=ORIENTED_EDGE('',*,*,#5362,.T.);
#2238=ORIENTED_EDGE('',*,*,#5363,.T.);
#2239=ORIENTED_EDGE('',*,*,#4654,.F.);
#2240=ORIENTED_EDGE('',*,*,#5364,.F.);
#2241=ORIENTED_EDGE('',*,*,#5250,.F.);
#2242=ORIENTED_EDGE('',*,*,#5361,.F.);
#2243=ORIENTED_EDGE('',*,*,#5252,.F.);
#2244=ORIENTED_EDGE('',*,*,#5365,.F.);
#2245=ORIENTED_EDGE('',*,*,#4652,.F.);
#2246=ORIENTED_EDGE('',*,*,#5357,.F.);
#2247=ORIENTED_EDGE('',*,*,#4653,.T.);
#2248=ORIENTED_EDGE('',*,*,#5365,.T.);
#2249=ORIENTED_EDGE('',*,*,#5251,.F.);
#2250=ORIENTED_EDGE('',*,*,#5364,.T.);
#2251=ORIENTED_EDGE('',*,*,#5366,.F.);
#2252=ORIENTED_EDGE('',*,*,#5367,.T.);
#2253=ORIENTED_EDGE('',*,*,#5368,.T.);
#2254=ORIENTED_EDGE('',*,*,#5369,.T.);
#2255=ORIENTED_EDGE('',*,*,#4658,.F.);
#2256=ORIENTED_EDGE('',*,*,#5370,.F.);
#2257=ORIENTED_EDGE('',*,*,#5246,.F.);
#2258=ORIENTED_EDGE('',*,*,#5367,.F.);
#2259=ORIENTED_EDGE('',*,*,#5248,.F.);
#2260=ORIENTED_EDGE('',*,*,#5371,.F.);
#2261=ORIENTED_EDGE('',*,*,#4656,.F.);
#2262=ORIENTED_EDGE('',*,*,#5363,.F.);
#2263=ORIENTED_EDGE('',*,*,#4657,.T.);
#2264=ORIENTED_EDGE('',*,*,#5371,.T.);
#2265=ORIENTED_EDGE('',*,*,#5247,.F.);
#2266=ORIENTED_EDGE('',*,*,#5370,.T.);
#2267=ORIENTED_EDGE('',*,*,#5372,.F.);
#2268=ORIENTED_EDGE('',*,*,#5373,.T.);
#2269=ORIENTED_EDGE('',*,*,#5374,.T.);
#2270=ORIENTED_EDGE('',*,*,#5375,.T.);
#2271=ORIENTED_EDGE('',*,*,#4662,.F.);
#2272=ORIENTED_EDGE('',*,*,#5376,.F.);
#2273=ORIENTED_EDGE('',*,*,#5242,.F.);
#2274=ORIENTED_EDGE('',*,*,#5373,.F.);
#2275=ORIENTED_EDGE('',*,*,#5244,.F.);
#2276=ORIENTED_EDGE('',*,*,#5377,.F.);
#2277=ORIENTED_EDGE('',*,*,#4660,.F.);
#2278=ORIENTED_EDGE('',*,*,#5369,.F.);
#2279=ORIENTED_EDGE('',*,*,#4661,.T.);
#2280=ORIENTED_EDGE('',*,*,#5377,.T.);
#2281=ORIENTED_EDGE('',*,*,#5243,.F.);
#2282=ORIENTED_EDGE('',*,*,#5376,.T.);
#2283=ORIENTED_EDGE('',*,*,#5378,.F.);
#2284=ORIENTED_EDGE('',*,*,#5379,.T.);
#2285=ORIENTED_EDGE('',*,*,#5380,.T.);
#2286=ORIENTED_EDGE('',*,*,#5381,.T.);
#2287=ORIENTED_EDGE('',*,*,#4666,.F.);
#2288=ORIENTED_EDGE('',*,*,#5382,.F.);
#2289=ORIENTED_EDGE('',*,*,#5238,.F.);
#2290=ORIENTED_EDGE('',*,*,#5379,.F.);
#2291=ORIENTED_EDGE('',*,*,#5240,.F.);
#2292=ORIENTED_EDGE('',*,*,#5383,.F.);
#2293=ORIENTED_EDGE('',*,*,#4664,.F.);
#2294=ORIENTED_EDGE('',*,*,#5375,.F.);
#2295=ORIENTED_EDGE('',*,*,#4665,.T.);
#2296=ORIENTED_EDGE('',*,*,#5383,.T.);
#2297=ORIENTED_EDGE('',*,*,#5239,.F.);
#2298=ORIENTED_EDGE('',*,*,#5382,.T.);
#2299=ORIENTED_EDGE('',*,*,#5384,.F.);
#2300=ORIENTED_EDGE('',*,*,#5385,.T.);
#2301=ORIENTED_EDGE('',*,*,#5386,.T.);
#2302=ORIENTED_EDGE('',*,*,#5387,.T.);
#2303=ORIENTED_EDGE('',*,*,#4670,.F.);
#2304=ORIENTED_EDGE('',*,*,#5388,.F.);
#2305=ORIENTED_EDGE('',*,*,#5234,.F.);
#2306=ORIENTED_EDGE('',*,*,#5385,.F.);
#2307=ORIENTED_EDGE('',*,*,#5236,.F.);
#2308=ORIENTED_EDGE('',*,*,#5389,.F.);
#2309=ORIENTED_EDGE('',*,*,#4668,.F.);
#2310=ORIENTED_EDGE('',*,*,#5381,.F.);
#2311=ORIENTED_EDGE('',*,*,#4669,.T.);
#2312=ORIENTED_EDGE('',*,*,#5389,.T.);
#2313=ORIENTED_EDGE('',*,*,#5235,.F.);
#2314=ORIENTED_EDGE('',*,*,#5388,.T.);
#2315=ORIENTED_EDGE('',*,*,#5390,.F.);
#2316=ORIENTED_EDGE('',*,*,#5391,.T.);
#2317=ORIENTED_EDGE('',*,*,#5392,.T.);
#2318=ORIENTED_EDGE('',*,*,#5393,.T.);
#2319=ORIENTED_EDGE('',*,*,#4674,.F.);
#2320=ORIENTED_EDGE('',*,*,#5394,.F.);
#2321=ORIENTED_EDGE('',*,*,#5230,.F.);
#2322=ORIENTED_EDGE('',*,*,#5391,.F.);
#2323=ORIENTED_EDGE('',*,*,#5232,.F.);
#2324=ORIENTED_EDGE('',*,*,#5395,.F.);
#2325=ORIENTED_EDGE('',*,*,#4672,.F.);
#2326=ORIENTED_EDGE('',*,*,#5387,.F.);
#2327=ORIENTED_EDGE('',*,*,#4673,.T.);
#2328=ORIENTED_EDGE('',*,*,#5395,.T.);
#2329=ORIENTED_EDGE('',*,*,#5231,.F.);
#2330=ORIENTED_EDGE('',*,*,#5394,.T.);
#2331=ORIENTED_EDGE('',*,*,#5396,.F.);
#2332=ORIENTED_EDGE('',*,*,#5397,.T.);
#2333=ORIENTED_EDGE('',*,*,#5398,.T.);
#2334=ORIENTED_EDGE('',*,*,#5399,.T.);
#2335=ORIENTED_EDGE('',*,*,#4678,.F.);
#2336=ORIENTED_EDGE('',*,*,#5400,.F.);
#2337=ORIENTED_EDGE('',*,*,#5226,.F.);
#2338=ORIENTED_EDGE('',*,*,#5397,.F.);
#2339=ORIENTED_EDGE('',*,*,#5228,.F.);
#2340=ORIENTED_EDGE('',*,*,#5401,.F.);
#2341=ORIENTED_EDGE('',*,*,#4676,.F.);
#2342=ORIENTED_EDGE('',*,*,#5393,.F.);
#2343=ORIENTED_EDGE('',*,*,#4677,.T.);
#2344=ORIENTED_EDGE('',*,*,#5401,.T.);
#2345=ORIENTED_EDGE('',*,*,#5227,.F.);
#2346=ORIENTED_EDGE('',*,*,#5400,.T.);
#2347=ORIENTED_EDGE('',*,*,#5402,.F.);
#2348=ORIENTED_EDGE('',*,*,#5403,.T.);
#2349=ORIENTED_EDGE('',*,*,#5404,.T.);
#2350=ORIENTED_EDGE('',*,*,#5405,.T.);
#2351=ORIENTED_EDGE('',*,*,#4682,.F.);
#2352=ORIENTED_EDGE('',*,*,#5406,.F.);
#2353=ORIENTED_EDGE('',*,*,#5222,.F.);
#2354=ORIENTED_EDGE('',*,*,#5403,.F.);
#2355=ORIENTED_EDGE('',*,*,#5224,.F.);
#2356=ORIENTED_EDGE('',*,*,#5407,.F.);
#2357=ORIENTED_EDGE('',*,*,#4680,.F.);
#2358=ORIENTED_EDGE('',*,*,#5399,.F.);
#2359=ORIENTED_EDGE('',*,*,#4681,.T.);
#2360=ORIENTED_EDGE('',*,*,#5407,.T.);
#2361=ORIENTED_EDGE('',*,*,#5223,.F.);
#2362=ORIENTED_EDGE('',*,*,#5406,.T.);
#2363=ORIENTED_EDGE('',*,*,#5408,.F.);
#2364=ORIENTED_EDGE('',*,*,#5409,.T.);
#2365=ORIENTED_EDGE('',*,*,#5410,.T.);
#2366=ORIENTED_EDGE('',*,*,#5411,.T.);
#2367=ORIENTED_EDGE('',*,*,#4686,.F.);
#2368=ORIENTED_EDGE('',*,*,#5412,.F.);
#2369=ORIENTED_EDGE('',*,*,#5218,.F.);
#2370=ORIENTED_EDGE('',*,*,#5409,.F.);
#2371=ORIENTED_EDGE('',*,*,#5220,.F.);
#2372=ORIENTED_EDGE('',*,*,#5413,.F.);
#2373=ORIENTED_EDGE('',*,*,#4684,.F.);
#2374=ORIENTED_EDGE('',*,*,#5405,.F.);
#2375=ORIENTED_EDGE('',*,*,#4685,.T.);
#2376=ORIENTED_EDGE('',*,*,#5413,.T.);
#2377=ORIENTED_EDGE('',*,*,#5219,.F.);
#2378=ORIENTED_EDGE('',*,*,#5412,.T.);
#2379=ORIENTED_EDGE('',*,*,#5414,.F.);
#2380=ORIENTED_EDGE('',*,*,#5415,.T.);
#2381=ORIENTED_EDGE('',*,*,#5416,.T.);
#2382=ORIENTED_EDGE('',*,*,#5417,.T.);
#2383=ORIENTED_EDGE('',*,*,#4690,.F.);
#2384=ORIENTED_EDGE('',*,*,#5418,.F.);
#2385=ORIENTED_EDGE('',*,*,#5214,.F.);
#2386=ORIENTED_EDGE('',*,*,#5415,.F.);
#2387=ORIENTED_EDGE('',*,*,#5216,.F.);
#2388=ORIENTED_EDGE('',*,*,#5419,.F.);
#2389=ORIENTED_EDGE('',*,*,#4688,.F.);
#2390=ORIENTED_EDGE('',*,*,#5411,.F.);
#2391=ORIENTED_EDGE('',*,*,#4689,.T.);
#2392=ORIENTED_EDGE('',*,*,#5419,.T.);
#2393=ORIENTED_EDGE('',*,*,#5215,.F.);
#2394=ORIENTED_EDGE('',*,*,#5418,.T.);
#2395=ORIENTED_EDGE('',*,*,#5420,.F.);
#2396=ORIENTED_EDGE('',*,*,#5421,.T.);
#2397=ORIENTED_EDGE('',*,*,#5422,.T.);
#2398=ORIENTED_EDGE('',*,*,#5423,.T.);
#2399=ORIENTED_EDGE('',*,*,#4694,.F.);
#2400=ORIENTED_EDGE('',*,*,#5424,.F.);
#2401=ORIENTED_EDGE('',*,*,#5210,.F.);
#2402=ORIENTED_EDGE('',*,*,#5421,.F.);
#2403=ORIENTED_EDGE('',*,*,#5212,.F.);
#2404=ORIENTED_EDGE('',*,*,#5425,.F.);
#2405=ORIENTED_EDGE('',*,*,#4692,.F.);
#2406=ORIENTED_EDGE('',*,*,#5417,.F.);
#2407=ORIENTED_EDGE('',*,*,#4693,.T.);
#2408=ORIENTED_EDGE('',*,*,#5425,.T.);
#2409=ORIENTED_EDGE('',*,*,#5211,.F.);
#2410=ORIENTED_EDGE('',*,*,#5424,.T.);
#2411=ORIENTED_EDGE('',*,*,#5426,.F.);
#2412=ORIENTED_EDGE('',*,*,#5427,.T.);
#2413=ORIENTED_EDGE('',*,*,#5428,.T.);
#2414=ORIENTED_EDGE('',*,*,#5429,.T.);
#2415=ORIENTED_EDGE('',*,*,#4698,.F.);
#2416=ORIENTED_EDGE('',*,*,#5430,.F.);
#2417=ORIENTED_EDGE('',*,*,#5206,.F.);
#2418=ORIENTED_EDGE('',*,*,#5427,.F.);
#2419=ORIENTED_EDGE('',*,*,#5208,.F.);
#2420=ORIENTED_EDGE('',*,*,#5431,.F.);
#2421=ORIENTED_EDGE('',*,*,#4696,.F.);
#2422=ORIENTED_EDGE('',*,*,#5423,.F.);
#2423=ORIENTED_EDGE('',*,*,#4697,.T.);
#2424=ORIENTED_EDGE('',*,*,#5431,.T.);
#2425=ORIENTED_EDGE('',*,*,#5207,.F.);
#2426=ORIENTED_EDGE('',*,*,#5430,.T.);
#2427=ORIENTED_EDGE('',*,*,#5432,.F.);
#2428=ORIENTED_EDGE('',*,*,#5433,.T.);
#2429=ORIENTED_EDGE('',*,*,#5434,.T.);
#2430=ORIENTED_EDGE('',*,*,#5435,.T.);
#2431=ORIENTED_EDGE('',*,*,#4702,.F.);
#2432=ORIENTED_EDGE('',*,*,#5436,.F.);
#2433=ORIENTED_EDGE('',*,*,#5202,.F.);
#2434=ORIENTED_EDGE('',*,*,#5433,.F.);
#2435=ORIENTED_EDGE('',*,*,#5204,.F.);
#2436=ORIENTED_EDGE('',*,*,#5437,.F.);
#2437=ORIENTED_EDGE('',*,*,#4700,.F.);
#2438=ORIENTED_EDGE('',*,*,#5429,.F.);
#2439=ORIENTED_EDGE('',*,*,#4701,.T.);
#2440=ORIENTED_EDGE('',*,*,#5437,.T.);
#2441=ORIENTED_EDGE('',*,*,#5203,.F.);
#2442=ORIENTED_EDGE('',*,*,#5436,.T.);
#2443=ORIENTED_EDGE('',*,*,#5438,.F.);
#2444=ORIENTED_EDGE('',*,*,#5439,.T.);
#2445=ORIENTED_EDGE('',*,*,#5440,.T.);
#2446=ORIENTED_EDGE('',*,*,#5441,.T.);
#2447=ORIENTED_EDGE('',*,*,#4706,.F.);
#2448=ORIENTED_EDGE('',*,*,#5442,.F.);
#2449=ORIENTED_EDGE('',*,*,#5198,.F.);
#2450=ORIENTED_EDGE('',*,*,#5439,.F.);
#2451=ORIENTED_EDGE('',*,*,#5200,.F.);
#2452=ORIENTED_EDGE('',*,*,#5443,.F.);
#2453=ORIENTED_EDGE('',*,*,#4704,.F.);
#2454=ORIENTED_EDGE('',*,*,#5435,.F.);
#2455=ORIENTED_EDGE('',*,*,#4705,.T.);
#2456=ORIENTED_EDGE('',*,*,#5443,.T.);
#2457=ORIENTED_EDGE('',*,*,#5199,.F.);
#2458=ORIENTED_EDGE('',*,*,#5442,.T.);
#2459=ORIENTED_EDGE('',*,*,#5444,.F.);
#2460=ORIENTED_EDGE('',*,*,#5445,.T.);
#2461=ORIENTED_EDGE('',*,*,#5446,.T.);
#2462=ORIENTED_EDGE('',*,*,#5447,.T.);
#2463=ORIENTED_EDGE('',*,*,#4710,.F.);
#2464=ORIENTED_EDGE('',*,*,#5448,.F.);
#2465=ORIENTED_EDGE('',*,*,#5194,.F.);
#2466=ORIENTED_EDGE('',*,*,#5445,.F.);
#2467=ORIENTED_EDGE('',*,*,#5196,.F.);
#2468=ORIENTED_EDGE('',*,*,#5449,.F.);
#2469=ORIENTED_EDGE('',*,*,#4708,.F.);
#2470=ORIENTED_EDGE('',*,*,#5441,.F.);
#2471=ORIENTED_EDGE('',*,*,#4709,.T.);
#2472=ORIENTED_EDGE('',*,*,#5449,.T.);
#2473=ORIENTED_EDGE('',*,*,#5195,.F.);
#2474=ORIENTED_EDGE('',*,*,#5448,.T.);
#2475=ORIENTED_EDGE('',*,*,#5450,.F.);
#2476=ORIENTED_EDGE('',*,*,#5451,.T.);
#2477=ORIENTED_EDGE('',*,*,#5452,.T.);
#2478=ORIENTED_EDGE('',*,*,#5453,.T.);
#2479=ORIENTED_EDGE('',*,*,#4714,.F.);
#2480=ORIENTED_EDGE('',*,*,#5454,.F.);
#2481=ORIENTED_EDGE('',*,*,#5190,.F.);
#2482=ORIENTED_EDGE('',*,*,#5451,.F.);
#2483=ORIENTED_EDGE('',*,*,#5192,.F.);
#2484=ORIENTED_EDGE('',*,*,#5455,.F.);
#2485=ORIENTED_EDGE('',*,*,#4712,.F.);
#2486=ORIENTED_EDGE('',*,*,#5447,.F.);
#2487=ORIENTED_EDGE('',*,*,#4713,.T.);
#2488=ORIENTED_EDGE('',*,*,#5455,.T.);
#2489=ORIENTED_EDGE('',*,*,#5191,.F.);
#2490=ORIENTED_EDGE('',*,*,#5454,.T.);
#2491=ORIENTED_EDGE('',*,*,#5456,.F.);
#2492=ORIENTED_EDGE('',*,*,#5457,.T.);
#2493=ORIENTED_EDGE('',*,*,#5458,.T.);
#2494=ORIENTED_EDGE('',*,*,#5459,.T.);
#2495=ORIENTED_EDGE('',*,*,#4718,.F.);
#2496=ORIENTED_EDGE('',*,*,#5460,.F.);
#2497=ORIENTED_EDGE('',*,*,#5186,.F.);
#2498=ORIENTED_EDGE('',*,*,#5457,.F.);
#2499=ORIENTED_EDGE('',*,*,#5188,.F.);
#2500=ORIENTED_EDGE('',*,*,#5461,.F.);
#2501=ORIENTED_EDGE('',*,*,#4716,.F.);
#2502=ORIENTED_EDGE('',*,*,#5453,.F.);
#2503=ORIENTED_EDGE('',*,*,#4717,.T.);
#2504=ORIENTED_EDGE('',*,*,#5461,.T.);
#2505=ORIENTED_EDGE('',*,*,#5187,.F.);
#2506=ORIENTED_EDGE('',*,*,#5460,.T.);
#2507=ORIENTED_EDGE('',*,*,#5462,.F.);
#2508=ORIENTED_EDGE('',*,*,#5463,.T.);
#2509=ORIENTED_EDGE('',*,*,#5464,.T.);
#2510=ORIENTED_EDGE('',*,*,#5465,.T.);
#2511=ORIENTED_EDGE('',*,*,#4722,.F.);
#2512=ORIENTED_EDGE('',*,*,#5466,.F.);
#2513=ORIENTED_EDGE('',*,*,#5182,.F.);
#2514=ORIENTED_EDGE('',*,*,#5463,.F.);
#2515=ORIENTED_EDGE('',*,*,#5184,.F.);
#2516=ORIENTED_EDGE('',*,*,#5467,.F.);
#2517=ORIENTED_EDGE('',*,*,#4720,.F.);
#2518=ORIENTED_EDGE('',*,*,#5459,.F.);
#2519=ORIENTED_EDGE('',*,*,#4721,.T.);
#2520=ORIENTED_EDGE('',*,*,#5467,.T.);
#2521=ORIENTED_EDGE('',*,*,#5183,.F.);
#2522=ORIENTED_EDGE('',*,*,#5466,.T.);
#2523=ORIENTED_EDGE('',*,*,#5468,.F.);
#2524=ORIENTED_EDGE('',*,*,#5469,.T.);
#2525=ORIENTED_EDGE('',*,*,#5470,.T.);
#2526=ORIENTED_EDGE('',*,*,#5471,.T.);
#2527=ORIENTED_EDGE('',*,*,#4726,.F.);
#2528=ORIENTED_EDGE('',*,*,#5472,.F.);
#2529=ORIENTED_EDGE('',*,*,#5178,.F.);
#2530=ORIENTED_EDGE('',*,*,#5469,.F.);
#2531=ORIENTED_EDGE('',*,*,#5180,.F.);
#2532=ORIENTED_EDGE('',*,*,#5473,.F.);
#2533=ORIENTED_EDGE('',*,*,#4724,.F.);
#2534=ORIENTED_EDGE('',*,*,#5465,.F.);
#2535=ORIENTED_EDGE('',*,*,#4725,.T.);
#2536=ORIENTED_EDGE('',*,*,#5473,.T.);
#2537=ORIENTED_EDGE('',*,*,#5179,.F.);
#2538=ORIENTED_EDGE('',*,*,#5472,.T.);
#2539=ORIENTED_EDGE('',*,*,#5474,.F.);
#2540=ORIENTED_EDGE('',*,*,#5475,.T.);
#2541=ORIENTED_EDGE('',*,*,#5476,.T.);
#2542=ORIENTED_EDGE('',*,*,#5477,.T.);
#2543=ORIENTED_EDGE('',*,*,#4730,.F.);
#2544=ORIENTED_EDGE('',*,*,#5478,.F.);
#2545=ORIENTED_EDGE('',*,*,#5174,.F.);
#2546=ORIENTED_EDGE('',*,*,#5475,.F.);
#2547=ORIENTED_EDGE('',*,*,#5176,.F.);
#2548=ORIENTED_EDGE('',*,*,#5479,.F.);
#2549=ORIENTED_EDGE('',*,*,#4728,.F.);
#2550=ORIENTED_EDGE('',*,*,#5471,.F.);
#2551=ORIENTED_EDGE('',*,*,#4729,.T.);
#2552=ORIENTED_EDGE('',*,*,#5479,.T.);
#2553=ORIENTED_EDGE('',*,*,#5175,.F.);
#2554=ORIENTED_EDGE('',*,*,#5478,.T.);
#2555=ORIENTED_EDGE('',*,*,#5480,.F.);
#2556=ORIENTED_EDGE('',*,*,#5481,.T.);
#2557=ORIENTED_EDGE('',*,*,#5482,.T.);
#2558=ORIENTED_EDGE('',*,*,#5483,.T.);
#2559=ORIENTED_EDGE('',*,*,#4734,.F.);
#2560=ORIENTED_EDGE('',*,*,#5484,.F.);
#2561=ORIENTED_EDGE('',*,*,#5170,.F.);
#2562=ORIENTED_EDGE('',*,*,#5481,.F.);
#2563=ORIENTED_EDGE('',*,*,#5172,.F.);
#2564=ORIENTED_EDGE('',*,*,#5485,.F.);
#2565=ORIENTED_EDGE('',*,*,#4732,.F.);
#2566=ORIENTED_EDGE('',*,*,#5477,.F.);
#2567=ORIENTED_EDGE('',*,*,#4733,.T.);
#2568=ORIENTED_EDGE('',*,*,#5485,.T.);
#2569=ORIENTED_EDGE('',*,*,#5171,.F.);
#2570=ORIENTED_EDGE('',*,*,#5484,.T.);
#2571=ORIENTED_EDGE('',*,*,#5486,.F.);
#2572=ORIENTED_EDGE('',*,*,#5487,.T.);
#2573=ORIENTED_EDGE('',*,*,#5488,.T.);
#2574=ORIENTED_EDGE('',*,*,#5489,.T.);
#2575=ORIENTED_EDGE('',*,*,#4738,.F.);
#2576=ORIENTED_EDGE('',*,*,#5490,.F.);
#2577=ORIENTED_EDGE('',*,*,#5166,.F.);
#2578=ORIENTED_EDGE('',*,*,#5487,.F.);
#2579=ORIENTED_EDGE('',*,*,#5168,.F.);
#2580=ORIENTED_EDGE('',*,*,#5491,.F.);
#2581=ORIENTED_EDGE('',*,*,#4736,.F.);
#2582=ORIENTED_EDGE('',*,*,#5483,.F.);
#2583=ORIENTED_EDGE('',*,*,#4737,.T.);
#2584=ORIENTED_EDGE('',*,*,#5491,.T.);
#2585=ORIENTED_EDGE('',*,*,#5167,.F.);
#2586=ORIENTED_EDGE('',*,*,#5490,.T.);
#2587=ORIENTED_EDGE('',*,*,#5492,.F.);
#2588=ORIENTED_EDGE('',*,*,#5493,.T.);
#2589=ORIENTED_EDGE('',*,*,#5494,.T.);
#2590=ORIENTED_EDGE('',*,*,#5495,.T.);
#2591=ORIENTED_EDGE('',*,*,#4742,.F.);
#2592=ORIENTED_EDGE('',*,*,#5496,.F.);
#2593=ORIENTED_EDGE('',*,*,#5162,.F.);
#2594=ORIENTED_EDGE('',*,*,#5493,.F.);
#2595=ORIENTED_EDGE('',*,*,#5164,.F.);
#2596=ORIENTED_EDGE('',*,*,#5497,.F.);
#2597=ORIENTED_EDGE('',*,*,#4740,.F.);
#2598=ORIENTED_EDGE('',*,*,#5489,.F.);
#2599=ORIENTED_EDGE('',*,*,#4741,.T.);
#2600=ORIENTED_EDGE('',*,*,#5497,.T.);
#2601=ORIENTED_EDGE('',*,*,#5163,.F.);
#2602=ORIENTED_EDGE('',*,*,#5496,.T.);
#2603=ORIENTED_EDGE('',*,*,#5498,.F.);
#2604=ORIENTED_EDGE('',*,*,#5499,.T.);
#2605=ORIENTED_EDGE('',*,*,#5500,.T.);
#2606=ORIENTED_EDGE('',*,*,#5501,.T.);
#2607=ORIENTED_EDGE('',*,*,#4746,.F.);
#2608=ORIENTED_EDGE('',*,*,#5502,.F.);
#2609=ORIENTED_EDGE('',*,*,#5158,.F.);
#2610=ORIENTED_EDGE('',*,*,#5499,.F.);
#2611=ORIENTED_EDGE('',*,*,#5160,.F.);
#2612=ORIENTED_EDGE('',*,*,#5503,.F.);
#2613=ORIENTED_EDGE('',*,*,#4744,.F.);
#2614=ORIENTED_EDGE('',*,*,#5495,.F.);
#2615=ORIENTED_EDGE('',*,*,#4745,.T.);
#2616=ORIENTED_EDGE('',*,*,#5503,.T.);
#2617=ORIENTED_EDGE('',*,*,#5159,.F.);
#2618=ORIENTED_EDGE('',*,*,#5502,.T.);
#2619=ORIENTED_EDGE('',*,*,#5504,.F.);
#2620=ORIENTED_EDGE('',*,*,#5505,.T.);
#2621=ORIENTED_EDGE('',*,*,#5506,.T.);
#2622=ORIENTED_EDGE('',*,*,#5507,.T.);
#2623=ORIENTED_EDGE('',*,*,#4750,.F.);
#2624=ORIENTED_EDGE('',*,*,#5508,.F.);
#2625=ORIENTED_EDGE('',*,*,#5154,.F.);
#2626=ORIENTED_EDGE('',*,*,#5505,.F.);
#2627=ORIENTED_EDGE('',*,*,#5156,.F.);
#2628=ORIENTED_EDGE('',*,*,#5509,.F.);
#2629=ORIENTED_EDGE('',*,*,#4748,.F.);
#2630=ORIENTED_EDGE('',*,*,#5501,.F.);
#2631=ORIENTED_EDGE('',*,*,#4749,.T.);
#2632=ORIENTED_EDGE('',*,*,#5509,.T.);
#2633=ORIENTED_EDGE('',*,*,#5155,.F.);
#2634=ORIENTED_EDGE('',*,*,#5508,.T.);
#2635=ORIENTED_EDGE('',*,*,#5510,.F.);
#2636=ORIENTED_EDGE('',*,*,#5511,.T.);
#2637=ORIENTED_EDGE('',*,*,#5512,.T.);
#2638=ORIENTED_EDGE('',*,*,#5513,.T.);
#2639=ORIENTED_EDGE('',*,*,#4754,.F.);
#2640=ORIENTED_EDGE('',*,*,#5514,.F.);
#2641=ORIENTED_EDGE('',*,*,#5150,.F.);
#2642=ORIENTED_EDGE('',*,*,#5511,.F.);
#2643=ORIENTED_EDGE('',*,*,#5152,.F.);
#2644=ORIENTED_EDGE('',*,*,#5515,.F.);
#2645=ORIENTED_EDGE('',*,*,#4752,.F.);
#2646=ORIENTED_EDGE('',*,*,#5507,.F.);
#2647=ORIENTED_EDGE('',*,*,#4753,.T.);
#2648=ORIENTED_EDGE('',*,*,#5515,.T.);
#2649=ORIENTED_EDGE('',*,*,#5151,.F.);
#2650=ORIENTED_EDGE('',*,*,#5514,.T.);
#2651=ORIENTED_EDGE('',*,*,#5516,.F.);
#2652=ORIENTED_EDGE('',*,*,#5517,.T.);
#2653=ORIENTED_EDGE('',*,*,#5518,.T.);
#2654=ORIENTED_EDGE('',*,*,#5519,.T.);
#2655=ORIENTED_EDGE('',*,*,#4758,.F.);
#2656=ORIENTED_EDGE('',*,*,#5520,.F.);
#2657=ORIENTED_EDGE('',*,*,#5146,.F.);
#2658=ORIENTED_EDGE('',*,*,#5517,.F.);
#2659=ORIENTED_EDGE('',*,*,#5148,.F.);
#2660=ORIENTED_EDGE('',*,*,#5521,.F.);
#2661=ORIENTED_EDGE('',*,*,#4756,.F.);
#2662=ORIENTED_EDGE('',*,*,#5513,.F.);
#2663=ORIENTED_EDGE('',*,*,#4757,.T.);
#2664=ORIENTED_EDGE('',*,*,#5521,.T.);
#2665=ORIENTED_EDGE('',*,*,#5147,.F.);
#2666=ORIENTED_EDGE('',*,*,#5520,.T.);
#2667=ORIENTED_EDGE('',*,*,#5522,.F.);
#2668=ORIENTED_EDGE('',*,*,#5523,.T.);
#2669=ORIENTED_EDGE('',*,*,#5524,.T.);
#2670=ORIENTED_EDGE('',*,*,#5525,.T.);
#2671=ORIENTED_EDGE('',*,*,#4762,.F.);
#2672=ORIENTED_EDGE('',*,*,#5526,.F.);
#2673=ORIENTED_EDGE('',*,*,#5142,.F.);
#2674=ORIENTED_EDGE('',*,*,#5523,.F.);
#2675=ORIENTED_EDGE('',*,*,#5144,.F.);
#2676=ORIENTED_EDGE('',*,*,#5527,.F.);
#2677=ORIENTED_EDGE('',*,*,#4760,.F.);
#2678=ORIENTED_EDGE('',*,*,#5519,.F.);
#2679=ORIENTED_EDGE('',*,*,#4761,.T.);
#2680=ORIENTED_EDGE('',*,*,#5527,.T.);
#2681=ORIENTED_EDGE('',*,*,#5143,.F.);
#2682=ORIENTED_EDGE('',*,*,#5526,.T.);
#2683=ORIENTED_EDGE('',*,*,#5528,.F.);
#2684=ORIENTED_EDGE('',*,*,#5529,.T.);
#2685=ORIENTED_EDGE('',*,*,#5530,.T.);
#2686=ORIENTED_EDGE('',*,*,#5531,.T.);
#2687=ORIENTED_EDGE('',*,*,#4766,.F.);
#2688=ORIENTED_EDGE('',*,*,#5532,.F.);
#2689=ORIENTED_EDGE('',*,*,#5138,.F.);
#2690=ORIENTED_EDGE('',*,*,#5529,.F.);
#2691=ORIENTED_EDGE('',*,*,#5140,.F.);
#2692=ORIENTED_EDGE('',*,*,#5533,.F.);
#2693=ORIENTED_EDGE('',*,*,#4764,.F.);
#2694=ORIENTED_EDGE('',*,*,#5525,.F.);
#2695=ORIENTED_EDGE('',*,*,#4765,.T.);
#2696=ORIENTED_EDGE('',*,*,#5533,.T.);
#2697=ORIENTED_EDGE('',*,*,#5139,.F.);
#2698=ORIENTED_EDGE('',*,*,#5532,.T.);
#2699=ORIENTED_EDGE('',*,*,#5534,.F.);
#2700=ORIENTED_EDGE('',*,*,#5535,.T.);
#2701=ORIENTED_EDGE('',*,*,#5536,.T.);
#2702=ORIENTED_EDGE('',*,*,#5537,.T.);
#2703=ORIENTED_EDGE('',*,*,#4770,.F.);
#2704=ORIENTED_EDGE('',*,*,#5538,.F.);
#2705=ORIENTED_EDGE('',*,*,#5134,.F.);
#2706=ORIENTED_EDGE('',*,*,#5535,.F.);
#2707=ORIENTED_EDGE('',*,*,#5136,.F.);
#2708=ORIENTED_EDGE('',*,*,#5539,.F.);
#2709=ORIENTED_EDGE('',*,*,#4768,.F.);
#2710=ORIENTED_EDGE('',*,*,#5531,.F.);
#2711=ORIENTED_EDGE('',*,*,#4769,.T.);
#2712=ORIENTED_EDGE('',*,*,#5539,.T.);
#2713=ORIENTED_EDGE('',*,*,#5135,.F.);
#2714=ORIENTED_EDGE('',*,*,#5538,.T.);
#2715=ORIENTED_EDGE('',*,*,#5540,.F.);
#2716=ORIENTED_EDGE('',*,*,#5541,.T.);
#2717=ORIENTED_EDGE('',*,*,#5542,.T.);
#2718=ORIENTED_EDGE('',*,*,#5543,.T.);
#2719=ORIENTED_EDGE('',*,*,#4774,.F.);
#2720=ORIENTED_EDGE('',*,*,#5544,.F.);
#2721=ORIENTED_EDGE('',*,*,#5130,.F.);
#2722=ORIENTED_EDGE('',*,*,#5541,.F.);
#2723=ORIENTED_EDGE('',*,*,#5132,.F.);
#2724=ORIENTED_EDGE('',*,*,#5545,.F.);
#2725=ORIENTED_EDGE('',*,*,#4772,.F.);
#2726=ORIENTED_EDGE('',*,*,#5537,.F.);
#2727=ORIENTED_EDGE('',*,*,#4773,.T.);
#2728=ORIENTED_EDGE('',*,*,#5545,.T.);
#2729=ORIENTED_EDGE('',*,*,#5131,.F.);
#2730=ORIENTED_EDGE('',*,*,#5544,.T.);
#2731=ORIENTED_EDGE('',*,*,#5546,.F.);
#2732=ORIENTED_EDGE('',*,*,#5547,.T.);
#2733=ORIENTED_EDGE('',*,*,#5548,.T.);
#2734=ORIENTED_EDGE('',*,*,#5549,.T.);
#2735=ORIENTED_EDGE('',*,*,#4778,.F.);
#2736=ORIENTED_EDGE('',*,*,#5550,.F.);
#2737=ORIENTED_EDGE('',*,*,#5126,.F.);
#2738=ORIENTED_EDGE('',*,*,#5547,.F.);
#2739=ORIENTED_EDGE('',*,*,#5128,.F.);
#2740=ORIENTED_EDGE('',*,*,#5551,.F.);
#2741=ORIENTED_EDGE('',*,*,#4776,.F.);
#2742=ORIENTED_EDGE('',*,*,#5543,.F.);
#2743=ORIENTED_EDGE('',*,*,#4777,.T.);
#2744=ORIENTED_EDGE('',*,*,#5551,.T.);
#2745=ORIENTED_EDGE('',*,*,#5127,.F.);
#2746=ORIENTED_EDGE('',*,*,#5550,.T.);
#2747=ORIENTED_EDGE('',*,*,#5552,.F.);
#2748=ORIENTED_EDGE('',*,*,#5553,.T.);
#2749=ORIENTED_EDGE('',*,*,#5554,.T.);
#2750=ORIENTED_EDGE('',*,*,#5555,.T.);
#2751=ORIENTED_EDGE('',*,*,#4782,.F.);
#2752=ORIENTED_EDGE('',*,*,#5556,.F.);
#2753=ORIENTED_EDGE('',*,*,#5122,.F.);
#2754=ORIENTED_EDGE('',*,*,#5553,.F.);
#2755=ORIENTED_EDGE('',*,*,#5124,.F.);
#2756=ORIENTED_EDGE('',*,*,#5557,.F.);
#2757=ORIENTED_EDGE('',*,*,#4780,.F.);
#2758=ORIENTED_EDGE('',*,*,#5549,.F.);
#2759=ORIENTED_EDGE('',*,*,#4781,.T.);
#2760=ORIENTED_EDGE('',*,*,#5557,.T.);
#2761=ORIENTED_EDGE('',*,*,#5123,.F.);
#2762=ORIENTED_EDGE('',*,*,#5556,.T.);
#2763=ORIENTED_EDGE('',*,*,#5558,.F.);
#2764=ORIENTED_EDGE('',*,*,#5559,.T.);
#2765=ORIENTED_EDGE('',*,*,#5560,.T.);
#2766=ORIENTED_EDGE('',*,*,#5561,.T.);
#2767=ORIENTED_EDGE('',*,*,#4786,.F.);
#2768=ORIENTED_EDGE('',*,*,#5562,.F.);
#2769=ORIENTED_EDGE('',*,*,#5118,.F.);
#2770=ORIENTED_EDGE('',*,*,#5559,.F.);
#2771=ORIENTED_EDGE('',*,*,#5120,.F.);
#2772=ORIENTED_EDGE('',*,*,#5563,.F.);
#2773=ORIENTED_EDGE('',*,*,#4784,.F.);
#2774=ORIENTED_EDGE('',*,*,#5555,.F.);
#2775=ORIENTED_EDGE('',*,*,#4785,.T.);
#2776=ORIENTED_EDGE('',*,*,#5563,.T.);
#2777=ORIENTED_EDGE('',*,*,#5119,.F.);
#2778=ORIENTED_EDGE('',*,*,#5562,.T.);
#2779=ORIENTED_EDGE('',*,*,#5564,.F.);
#2780=ORIENTED_EDGE('',*,*,#5565,.T.);
#2781=ORIENTED_EDGE('',*,*,#5566,.T.);
#2782=ORIENTED_EDGE('',*,*,#5567,.T.);
#2783=ORIENTED_EDGE('',*,*,#4790,.F.);
#2784=ORIENTED_EDGE('',*,*,#5568,.F.);
#2785=ORIENTED_EDGE('',*,*,#5114,.F.);
#2786=ORIENTED_EDGE('',*,*,#5565,.F.);
#2787=ORIENTED_EDGE('',*,*,#5116,.F.);
#2788=ORIENTED_EDGE('',*,*,#5569,.F.);
#2789=ORIENTED_EDGE('',*,*,#4788,.F.);
#2790=ORIENTED_EDGE('',*,*,#5561,.F.);
#2791=ORIENTED_EDGE('',*,*,#4789,.T.);
#2792=ORIENTED_EDGE('',*,*,#5569,.T.);
#2793=ORIENTED_EDGE('',*,*,#5115,.F.);
#2794=ORIENTED_EDGE('',*,*,#5568,.T.);
#2795=ORIENTED_EDGE('',*,*,#5570,.F.);
#2796=ORIENTED_EDGE('',*,*,#5571,.T.);
#2797=ORIENTED_EDGE('',*,*,#5572,.T.);
#2798=ORIENTED_EDGE('',*,*,#5573,.T.);
#2799=ORIENTED_EDGE('',*,*,#4794,.F.);
#2800=ORIENTED_EDGE('',*,*,#5574,.F.);
#2801=ORIENTED_EDGE('',*,*,#5110,.F.);
#2802=ORIENTED_EDGE('',*,*,#5571,.F.);
#2803=ORIENTED_EDGE('',*,*,#5112,.F.);
#2804=ORIENTED_EDGE('',*,*,#5575,.F.);
#2805=ORIENTED_EDGE('',*,*,#4792,.F.);
#2806=ORIENTED_EDGE('',*,*,#5567,.F.);
#2807=ORIENTED_EDGE('',*,*,#4793,.T.);
#2808=ORIENTED_EDGE('',*,*,#5575,.T.);
#2809=ORIENTED_EDGE('',*,*,#5111,.F.);
#2810=ORIENTED_EDGE('',*,*,#5574,.T.);
#2811=ORIENTED_EDGE('',*,*,#5576,.F.);
#2812=ORIENTED_EDGE('',*,*,#5577,.T.);
#2813=ORIENTED_EDGE('',*,*,#5578,.T.);
#2814=ORIENTED_EDGE('',*,*,#5579,.T.);
#2815=ORIENTED_EDGE('',*,*,#4798,.F.);
#2816=ORIENTED_EDGE('',*,*,#5580,.F.);
#2817=ORIENTED_EDGE('',*,*,#5106,.F.);
#2818=ORIENTED_EDGE('',*,*,#5577,.F.);
#2819=ORIENTED_EDGE('',*,*,#5108,.F.);
#2820=ORIENTED_EDGE('',*,*,#5581,.F.);
#2821=ORIENTED_EDGE('',*,*,#4796,.F.);
#2822=ORIENTED_EDGE('',*,*,#5573,.F.);
#2823=ORIENTED_EDGE('',*,*,#4797,.T.);
#2824=ORIENTED_EDGE('',*,*,#5581,.T.);
#2825=ORIENTED_EDGE('',*,*,#5107,.F.);
#2826=ORIENTED_EDGE('',*,*,#5580,.T.);
#2827=ORIENTED_EDGE('',*,*,#5582,.F.);
#2828=ORIENTED_EDGE('',*,*,#5583,.T.);
#2829=ORIENTED_EDGE('',*,*,#5584,.T.);
#2830=ORIENTED_EDGE('',*,*,#5585,.T.);
#2831=ORIENTED_EDGE('',*,*,#4802,.F.);
#2832=ORIENTED_EDGE('',*,*,#5586,.F.);
#2833=ORIENTED_EDGE('',*,*,#5102,.F.);
#2834=ORIENTED_EDGE('',*,*,#5583,.F.);
#2835=ORIENTED_EDGE('',*,*,#5104,.F.);
#2836=ORIENTED_EDGE('',*,*,#5587,.F.);
#2837=ORIENTED_EDGE('',*,*,#4800,.F.);
#2838=ORIENTED_EDGE('',*,*,#5579,.F.);
#2839=ORIENTED_EDGE('',*,*,#4801,.T.);
#2840=ORIENTED_EDGE('',*,*,#5587,.T.);
#2841=ORIENTED_EDGE('',*,*,#5103,.F.);
#2842=ORIENTED_EDGE('',*,*,#5586,.T.);
#2843=ORIENTED_EDGE('',*,*,#5588,.F.);
#2844=ORIENTED_EDGE('',*,*,#5589,.T.);
#2845=ORIENTED_EDGE('',*,*,#5590,.T.);
#2846=ORIENTED_EDGE('',*,*,#5591,.T.);
#2847=ORIENTED_EDGE('',*,*,#4806,.F.);
#2848=ORIENTED_EDGE('',*,*,#5592,.F.);
#2849=ORIENTED_EDGE('',*,*,#5098,.F.);
#2850=ORIENTED_EDGE('',*,*,#5589,.F.);
#2851=ORIENTED_EDGE('',*,*,#5100,.F.);
#2852=ORIENTED_EDGE('',*,*,#5593,.F.);
#2853=ORIENTED_EDGE('',*,*,#4804,.F.);
#2854=ORIENTED_EDGE('',*,*,#5585,.F.);
#2855=ORIENTED_EDGE('',*,*,#4805,.T.);
#2856=ORIENTED_EDGE('',*,*,#5593,.T.);
#2857=ORIENTED_EDGE('',*,*,#5099,.F.);
#2858=ORIENTED_EDGE('',*,*,#5592,.T.);
#2859=ORIENTED_EDGE('',*,*,#5594,.F.);
#2860=ORIENTED_EDGE('',*,*,#5595,.T.);
#2861=ORIENTED_EDGE('',*,*,#5596,.T.);
#2862=ORIENTED_EDGE('',*,*,#5597,.T.);
#2863=ORIENTED_EDGE('',*,*,#4810,.F.);
#2864=ORIENTED_EDGE('',*,*,#5598,.F.);
#2865=ORIENTED_EDGE('',*,*,#5094,.F.);
#2866=ORIENTED_EDGE('',*,*,#5595,.F.);
#2867=ORIENTED_EDGE('',*,*,#5096,.F.);
#2868=ORIENTED_EDGE('',*,*,#5599,.F.);
#2869=ORIENTED_EDGE('',*,*,#4808,.F.);
#2870=ORIENTED_EDGE('',*,*,#5591,.F.);
#2871=ORIENTED_EDGE('',*,*,#4809,.T.);
#2872=ORIENTED_EDGE('',*,*,#5599,.T.);
#2873=ORIENTED_EDGE('',*,*,#5095,.F.);
#2874=ORIENTED_EDGE('',*,*,#5598,.T.);
#2875=ORIENTED_EDGE('',*,*,#5600,.F.);
#2876=ORIENTED_EDGE('',*,*,#5601,.T.);
#2877=ORIENTED_EDGE('',*,*,#5602,.T.);
#2878=ORIENTED_EDGE('',*,*,#5603,.T.);
#2879=ORIENTED_EDGE('',*,*,#4814,.F.);
#2880=ORIENTED_EDGE('',*,*,#5604,.F.);
#2881=ORIENTED_EDGE('',*,*,#5090,.F.);
#2882=ORIENTED_EDGE('',*,*,#5601,.F.);
#2883=ORIENTED_EDGE('',*,*,#5092,.F.);
#2884=ORIENTED_EDGE('',*,*,#5605,.F.);
#2885=ORIENTED_EDGE('',*,*,#4812,.F.);
#2886=ORIENTED_EDGE('',*,*,#5597,.F.);
#2887=ORIENTED_EDGE('',*,*,#4813,.T.);
#2888=ORIENTED_EDGE('',*,*,#5605,.T.);
#2889=ORIENTED_EDGE('',*,*,#5091,.F.);
#2890=ORIENTED_EDGE('',*,*,#5604,.T.);
#2891=ORIENTED_EDGE('',*,*,#5606,.F.);
#2892=ORIENTED_EDGE('',*,*,#5607,.T.);
#2893=ORIENTED_EDGE('',*,*,#5608,.T.);
#2894=ORIENTED_EDGE('',*,*,#5609,.T.);
#2895=ORIENTED_EDGE('',*,*,#4818,.F.);
#2896=ORIENTED_EDGE('',*,*,#5610,.F.);
#2897=ORIENTED_EDGE('',*,*,#5086,.F.);
#2898=ORIENTED_EDGE('',*,*,#5607,.F.);
#2899=ORIENTED_EDGE('',*,*,#5088,.F.);
#2900=ORIENTED_EDGE('',*,*,#5611,.F.);
#2901=ORIENTED_EDGE('',*,*,#4816,.F.);
#2902=ORIENTED_EDGE('',*,*,#5603,.F.);
#2903=ORIENTED_EDGE('',*,*,#4817,.T.);
#2904=ORIENTED_EDGE('',*,*,#5611,.T.);
#2905=ORIENTED_EDGE('',*,*,#5087,.F.);
#2906=ORIENTED_EDGE('',*,*,#5610,.T.);
#2907=ORIENTED_EDGE('',*,*,#5612,.F.);
#2908=ORIENTED_EDGE('',*,*,#5613,.T.);
#2909=ORIENTED_EDGE('',*,*,#5614,.T.);
#2910=ORIENTED_EDGE('',*,*,#5615,.T.);
#2911=ORIENTED_EDGE('',*,*,#4822,.F.);
#2912=ORIENTED_EDGE('',*,*,#5616,.F.);
#2913=ORIENTED_EDGE('',*,*,#5082,.F.);
#2914=ORIENTED_EDGE('',*,*,#5613,.F.);
#2915=ORIENTED_EDGE('',*,*,#5084,.F.);
#2916=ORIENTED_EDGE('',*,*,#5617,.F.);
#2917=ORIENTED_EDGE('',*,*,#4820,.F.);
#2918=ORIENTED_EDGE('',*,*,#5609,.F.);
#2919=ORIENTED_EDGE('',*,*,#4821,.T.);
#2920=ORIENTED_EDGE('',*,*,#5617,.T.);
#2921=ORIENTED_EDGE('',*,*,#5083,.F.);
#2922=ORIENTED_EDGE('',*,*,#5616,.T.);
#2923=ORIENTED_EDGE('',*,*,#5618,.F.);
#2924=ORIENTED_EDGE('',*,*,#5619,.T.);
#2925=ORIENTED_EDGE('',*,*,#5620,.T.);
#2926=ORIENTED_EDGE('',*,*,#5621,.T.);
#2927=ORIENTED_EDGE('',*,*,#4826,.F.);
#2928=ORIENTED_EDGE('',*,*,#5622,.F.);
#2929=ORIENTED_EDGE('',*,*,#5078,.F.);
#2930=ORIENTED_EDGE('',*,*,#5619,.F.);
#2931=ORIENTED_EDGE('',*,*,#5080,.F.);
#2932=ORIENTED_EDGE('',*,*,#5623,.F.);
#2933=ORIENTED_EDGE('',*,*,#4824,.F.);
#2934=ORIENTED_EDGE('',*,*,#5615,.F.);
#2935=ORIENTED_EDGE('',*,*,#4825,.T.);
#2936=ORIENTED_EDGE('',*,*,#5623,.T.);
#2937=ORIENTED_EDGE('',*,*,#5079,.F.);
#2938=ORIENTED_EDGE('',*,*,#5622,.T.);
#2939=ORIENTED_EDGE('',*,*,#5624,.F.);
#2940=ORIENTED_EDGE('',*,*,#5625,.T.);
#2941=ORIENTED_EDGE('',*,*,#5626,.T.);
#2942=ORIENTED_EDGE('',*,*,#5627,.T.);
#2943=ORIENTED_EDGE('',*,*,#4830,.F.);
#2944=ORIENTED_EDGE('',*,*,#5628,.F.);
#2945=ORIENTED_EDGE('',*,*,#5074,.F.);
#2946=ORIENTED_EDGE('',*,*,#5625,.F.);
#2947=ORIENTED_EDGE('',*,*,#5076,.F.);
#2948=ORIENTED_EDGE('',*,*,#5629,.F.);
#2949=ORIENTED_EDGE('',*,*,#4828,.F.);
#2950=ORIENTED_EDGE('',*,*,#5621,.F.);
#2951=ORIENTED_EDGE('',*,*,#4829,.T.);
#2952=ORIENTED_EDGE('',*,*,#5629,.T.);
#2953=ORIENTED_EDGE('',*,*,#5075,.F.);
#2954=ORIENTED_EDGE('',*,*,#5628,.T.);
#2955=ORIENTED_EDGE('',*,*,#5630,.F.);
#2956=ORIENTED_EDGE('',*,*,#5631,.T.);
#2957=ORIENTED_EDGE('',*,*,#5632,.T.);
#2958=ORIENTED_EDGE('',*,*,#5633,.T.);
#2959=ORIENTED_EDGE('',*,*,#4834,.F.);
#2960=ORIENTED_EDGE('',*,*,#5634,.F.);
#2961=ORIENTED_EDGE('',*,*,#5070,.F.);
#2962=ORIENTED_EDGE('',*,*,#5631,.F.);
#2963=ORIENTED_EDGE('',*,*,#5072,.F.);
#2964=ORIENTED_EDGE('',*,*,#5635,.F.);
#2965=ORIENTED_EDGE('',*,*,#4832,.F.);
#2966=ORIENTED_EDGE('',*,*,#5627,.F.);
#2967=ORIENTED_EDGE('',*,*,#4833,.T.);
#2968=ORIENTED_EDGE('',*,*,#5635,.T.);
#2969=ORIENTED_EDGE('',*,*,#5071,.F.);
#2970=ORIENTED_EDGE('',*,*,#5634,.T.);
#2971=ORIENTED_EDGE('',*,*,#5636,.F.);
#2972=ORIENTED_EDGE('',*,*,#5637,.T.);
#2973=ORIENTED_EDGE('',*,*,#5638,.T.);
#2974=ORIENTED_EDGE('',*,*,#5639,.T.);
#2975=ORIENTED_EDGE('',*,*,#4838,.F.);
#2976=ORIENTED_EDGE('',*,*,#5640,.F.);
#2977=ORIENTED_EDGE('',*,*,#5066,.F.);
#2978=ORIENTED_EDGE('',*,*,#5637,.F.);
#2979=ORIENTED_EDGE('',*,*,#5068,.F.);
#2980=ORIENTED_EDGE('',*,*,#5641,.F.);
#2981=ORIENTED_EDGE('',*,*,#4836,.F.);
#2982=ORIENTED_EDGE('',*,*,#5633,.F.);
#2983=ORIENTED_EDGE('',*,*,#4837,.T.);
#2984=ORIENTED_EDGE('',*,*,#5641,.T.);
#2985=ORIENTED_EDGE('',*,*,#5067,.F.);
#2986=ORIENTED_EDGE('',*,*,#5640,.T.);
#2987=ORIENTED_EDGE('',*,*,#5642,.F.);
#2988=ORIENTED_EDGE('',*,*,#5643,.T.);
#2989=ORIENTED_EDGE('',*,*,#5644,.T.);
#2990=ORIENTED_EDGE('',*,*,#5645,.T.);
#2991=ORIENTED_EDGE('',*,*,#4386,.F.);
#2992=ORIENTED_EDGE('',*,*,#5646,.F.);
#2993=ORIENTED_EDGE('',*,*,#5062,.F.);
#2994=ORIENTED_EDGE('',*,*,#5643,.F.);
#2995=ORIENTED_EDGE('',*,*,#5064,.F.);
#2996=ORIENTED_EDGE('',*,*,#5647,.F.);
#2997=ORIENTED_EDGE('',*,*,#4384,.F.);
#2998=ORIENTED_EDGE('',*,*,#5639,.F.);
#2999=ORIENTED_EDGE('',*,*,#4385,.T.);
#3000=ORIENTED_EDGE('',*,*,#5647,.T.);
#3001=ORIENTED_EDGE('',*,*,#5063,.F.);
#3002=ORIENTED_EDGE('',*,*,#5646,.T.);
#3003=ORIENTED_EDGE('',*,*,#5648,.F.);
#3004=ORIENTED_EDGE('',*,*,#5649,.T.);
#3005=ORIENTED_EDGE('',*,*,#5650,.T.);
#3006=ORIENTED_EDGE('',*,*,#5651,.T.);
#3007=ORIENTED_EDGE('',*,*,#4390,.F.);
#3008=ORIENTED_EDGE('',*,*,#5652,.F.);
#3009=ORIENTED_EDGE('',*,*,#5058,.F.);
#3010=ORIENTED_EDGE('',*,*,#5649,.F.);
#3011=ORIENTED_EDGE('',*,*,#5060,.F.);
#3012=ORIENTED_EDGE('',*,*,#5653,.F.);
#3013=ORIENTED_EDGE('',*,*,#4388,.F.);
#3014=ORIENTED_EDGE('',*,*,#5645,.F.);
#3015=ORIENTED_EDGE('',*,*,#4389,.T.);
#3016=ORIENTED_EDGE('',*,*,#5653,.T.);
#3017=ORIENTED_EDGE('',*,*,#5059,.F.);
#3018=ORIENTED_EDGE('',*,*,#5652,.T.);
#3019=ORIENTED_EDGE('',*,*,#5654,.F.);
#3020=ORIENTED_EDGE('',*,*,#5655,.T.);
#3021=ORIENTED_EDGE('',*,*,#5656,.T.);
#3022=ORIENTED_EDGE('',*,*,#5657,.T.);
#3023=ORIENTED_EDGE('',*,*,#4394,.F.);
#3024=ORIENTED_EDGE('',*,*,#5658,.F.);
#3025=ORIENTED_EDGE('',*,*,#5054,.F.);
#3026=ORIENTED_EDGE('',*,*,#5655,.F.);
#3027=ORIENTED_EDGE('',*,*,#5056,.F.);
#3028=ORIENTED_EDGE('',*,*,#5659,.F.);
#3029=ORIENTED_EDGE('',*,*,#4392,.F.);
#3030=ORIENTED_EDGE('',*,*,#5651,.F.);
#3031=ORIENTED_EDGE('',*,*,#4393,.T.);
#3032=ORIENTED_EDGE('',*,*,#5659,.T.);
#3033=ORIENTED_EDGE('',*,*,#5055,.F.);
#3034=ORIENTED_EDGE('',*,*,#5658,.T.);
#3035=ORIENTED_EDGE('',*,*,#5660,.F.);
#3036=ORIENTED_EDGE('',*,*,#5661,.T.);
#3037=ORIENTED_EDGE('',*,*,#5662,.T.);
#3038=ORIENTED_EDGE('',*,*,#5663,.T.);
#3039=ORIENTED_EDGE('',*,*,#4398,.F.);
#3040=ORIENTED_EDGE('',*,*,#5664,.F.);
#3041=ORIENTED_EDGE('',*,*,#5050,.F.);
#3042=ORIENTED_EDGE('',*,*,#5661,.F.);
#3043=ORIENTED_EDGE('',*,*,#5052,.F.);
#3044=ORIENTED_EDGE('',*,*,#5665,.F.);
#3045=ORIENTED_EDGE('',*,*,#4396,.F.);
#3046=ORIENTED_EDGE('',*,*,#5657,.F.);
#3047=ORIENTED_EDGE('',*,*,#4397,.T.);
#3048=ORIENTED_EDGE('',*,*,#5665,.T.);
#3049=ORIENTED_EDGE('',*,*,#5051,.F.);
#3050=ORIENTED_EDGE('',*,*,#5664,.T.);
#3051=ORIENTED_EDGE('',*,*,#5666,.F.);
#3052=ORIENTED_EDGE('',*,*,#5667,.T.);
#3053=ORIENTED_EDGE('',*,*,#5668,.T.);
#3054=ORIENTED_EDGE('',*,*,#5669,.T.);
#3055=ORIENTED_EDGE('',*,*,#4402,.F.);
#3056=ORIENTED_EDGE('',*,*,#5670,.F.);
#3057=ORIENTED_EDGE('',*,*,#5046,.F.);
#3058=ORIENTED_EDGE('',*,*,#5667,.F.);
#3059=ORIENTED_EDGE('',*,*,#5048,.F.);
#3060=ORIENTED_EDGE('',*,*,#5671,.F.);
#3061=ORIENTED_EDGE('',*,*,#4400,.F.);
#3062=ORIENTED_EDGE('',*,*,#5663,.F.);
#3063=ORIENTED_EDGE('',*,*,#4401,.T.);
#3064=ORIENTED_EDGE('',*,*,#5671,.T.);
#3065=ORIENTED_EDGE('',*,*,#5047,.F.);
#3066=ORIENTED_EDGE('',*,*,#5670,.T.);
#3067=ORIENTED_EDGE('',*,*,#5672,.F.);
#3068=ORIENTED_EDGE('',*,*,#5673,.T.);
#3069=ORIENTED_EDGE('',*,*,#5674,.T.);
#3070=ORIENTED_EDGE('',*,*,#5675,.T.);
#3071=ORIENTED_EDGE('',*,*,#4406,.F.);
#3072=ORIENTED_EDGE('',*,*,#5676,.F.);
#3073=ORIENTED_EDGE('',*,*,#5042,.F.);
#3074=ORIENTED_EDGE('',*,*,#5673,.F.);
#3075=ORIENTED_EDGE('',*,*,#5044,.F.);
#3076=ORIENTED_EDGE('',*,*,#5677,.F.);
#3077=ORIENTED_EDGE('',*,*,#4404,.F.);
#3078=ORIENTED_EDGE('',*,*,#5669,.F.);
#3079=ORIENTED_EDGE('',*,*,#4405,.T.);
#3080=ORIENTED_EDGE('',*,*,#5677,.T.);
#3081=ORIENTED_EDGE('',*,*,#5043,.F.);
#3082=ORIENTED_EDGE('',*,*,#5676,.T.);
#3083=ORIENTED_EDGE('',*,*,#5678,.F.);
#3084=ORIENTED_EDGE('',*,*,#5679,.T.);
#3085=ORIENTED_EDGE('',*,*,#5680,.T.);
#3086=ORIENTED_EDGE('',*,*,#5681,.T.);
#3087=ORIENTED_EDGE('',*,*,#4410,.F.);
#3088=ORIENTED_EDGE('',*,*,#5682,.F.);
#3089=ORIENTED_EDGE('',*,*,#5038,.F.);
#3090=ORIENTED_EDGE('',*,*,#5679,.F.);
#3091=ORIENTED_EDGE('',*,*,#5040,.F.);
#3092=ORIENTED_EDGE('',*,*,#5683,.F.);
#3093=ORIENTED_EDGE('',*,*,#4408,.F.);
#3094=ORIENTED_EDGE('',*,*,#5675,.F.);
#3095=ORIENTED_EDGE('',*,*,#4409,.T.);
#3096=ORIENTED_EDGE('',*,*,#5683,.T.);
#3097=ORIENTED_EDGE('',*,*,#5039,.F.);
#3098=ORIENTED_EDGE('',*,*,#5682,.T.);
#3099=ORIENTED_EDGE('',*,*,#5684,.F.);
#3100=ORIENTED_EDGE('',*,*,#5685,.T.);
#3101=ORIENTED_EDGE('',*,*,#5686,.T.);
#3102=ORIENTED_EDGE('',*,*,#5687,.T.);
#3103=ORIENTED_EDGE('',*,*,#4414,.F.);
#3104=ORIENTED_EDGE('',*,*,#5688,.F.);
#3105=ORIENTED_EDGE('',*,*,#5034,.F.);
#3106=ORIENTED_EDGE('',*,*,#5685,.F.);
#3107=ORIENTED_EDGE('',*,*,#5036,.F.);
#3108=ORIENTED_EDGE('',*,*,#5689,.F.);
#3109=ORIENTED_EDGE('',*,*,#4412,.F.);
#3110=ORIENTED_EDGE('',*,*,#5681,.F.);
#3111=ORIENTED_EDGE('',*,*,#4413,.T.);
#3112=ORIENTED_EDGE('',*,*,#5689,.T.);
#3113=ORIENTED_EDGE('',*,*,#5035,.F.);
#3114=ORIENTED_EDGE('',*,*,#5688,.T.);
#3115=ORIENTED_EDGE('',*,*,#5690,.F.);
#3116=ORIENTED_EDGE('',*,*,#5691,.T.);
#3117=ORIENTED_EDGE('',*,*,#5692,.T.);
#3118=ORIENTED_EDGE('',*,*,#5693,.T.);
#3119=ORIENTED_EDGE('',*,*,#4418,.F.);
#3120=ORIENTED_EDGE('',*,*,#5694,.F.);
#3121=ORIENTED_EDGE('',*,*,#5030,.F.);
#3122=ORIENTED_EDGE('',*,*,#5691,.F.);
#3123=ORIENTED_EDGE('',*,*,#5032,.F.);
#3124=ORIENTED_EDGE('',*,*,#5695,.F.);
#3125=ORIENTED_EDGE('',*,*,#4416,.F.);
#3126=ORIENTED_EDGE('',*,*,#5687,.F.);
#3127=ORIENTED_EDGE('',*,*,#4417,.T.);
#3128=ORIENTED_EDGE('',*,*,#5695,.T.);
#3129=ORIENTED_EDGE('',*,*,#5031,.F.);
#3130=ORIENTED_EDGE('',*,*,#5694,.T.);
#3131=ORIENTED_EDGE('',*,*,#5696,.F.);
#3132=ORIENTED_EDGE('',*,*,#5697,.T.);
#3133=ORIENTED_EDGE('',*,*,#5698,.T.);
#3134=ORIENTED_EDGE('',*,*,#5699,.T.);
#3135=ORIENTED_EDGE('',*,*,#4422,.F.);
#3136=ORIENTED_EDGE('',*,*,#5700,.F.);
#3137=ORIENTED_EDGE('',*,*,#5026,.F.);
#3138=ORIENTED_EDGE('',*,*,#5697,.F.);
#3139=ORIENTED_EDGE('',*,*,#5028,.F.);
#3140=ORIENTED_EDGE('',*,*,#5701,.F.);
#3141=ORIENTED_EDGE('',*,*,#4420,.F.);
#3142=ORIENTED_EDGE('',*,*,#5693,.F.);
#3143=ORIENTED_EDGE('',*,*,#4421,.T.);
#3144=ORIENTED_EDGE('',*,*,#5701,.T.);
#3145=ORIENTED_EDGE('',*,*,#5027,.F.);
#3146=ORIENTED_EDGE('',*,*,#5700,.T.);
#3147=ORIENTED_EDGE('',*,*,#5702,.F.);
#3148=ORIENTED_EDGE('',*,*,#5703,.T.);
#3149=ORIENTED_EDGE('',*,*,#5704,.T.);
#3150=ORIENTED_EDGE('',*,*,#5705,.T.);
#3151=ORIENTED_EDGE('',*,*,#4426,.F.);
#3152=ORIENTED_EDGE('',*,*,#5706,.F.);
#3153=ORIENTED_EDGE('',*,*,#5022,.F.);
#3154=ORIENTED_EDGE('',*,*,#5703,.F.);
#3155=ORIENTED_EDGE('',*,*,#5024,.F.);
#3156=ORIENTED_EDGE('',*,*,#5707,.F.);
#3157=ORIENTED_EDGE('',*,*,#4424,.F.);
#3158=ORIENTED_EDGE('',*,*,#5699,.F.);
#3159=ORIENTED_EDGE('',*,*,#4425,.T.);
#3160=ORIENTED_EDGE('',*,*,#5707,.T.);
#3161=ORIENTED_EDGE('',*,*,#5023,.F.);
#3162=ORIENTED_EDGE('',*,*,#5706,.T.);
#3163=ORIENTED_EDGE('',*,*,#5708,.F.);
#3164=ORIENTED_EDGE('',*,*,#5709,.T.);
#3165=ORIENTED_EDGE('',*,*,#5710,.T.);
#3166=ORIENTED_EDGE('',*,*,#5711,.T.);
#3167=ORIENTED_EDGE('',*,*,#4430,.F.);
#3168=ORIENTED_EDGE('',*,*,#5712,.F.);
#3169=ORIENTED_EDGE('',*,*,#5018,.F.);
#3170=ORIENTED_EDGE('',*,*,#5709,.F.);
#3171=ORIENTED_EDGE('',*,*,#5020,.F.);
#3172=ORIENTED_EDGE('',*,*,#5713,.F.);
#3173=ORIENTED_EDGE('',*,*,#4428,.F.);
#3174=ORIENTED_EDGE('',*,*,#5705,.F.);
#3175=ORIENTED_EDGE('',*,*,#4429,.T.);
#3176=ORIENTED_EDGE('',*,*,#5713,.T.);
#3177=ORIENTED_EDGE('',*,*,#5019,.F.);
#3178=ORIENTED_EDGE('',*,*,#5712,.T.);
#3179=ORIENTED_EDGE('',*,*,#5714,.F.);
#3180=ORIENTED_EDGE('',*,*,#5715,.T.);
#3181=ORIENTED_EDGE('',*,*,#5716,.T.);
#3182=ORIENTED_EDGE('',*,*,#5717,.T.);
#3183=ORIENTED_EDGE('',*,*,#4434,.F.);
#3184=ORIENTED_EDGE('',*,*,#5718,.F.);
#3185=ORIENTED_EDGE('',*,*,#5014,.F.);
#3186=ORIENTED_EDGE('',*,*,#5715,.F.);
#3187=ORIENTED_EDGE('',*,*,#5016,.F.);
#3188=ORIENTED_EDGE('',*,*,#5719,.F.);
#3189=ORIENTED_EDGE('',*,*,#4432,.F.);
#3190=ORIENTED_EDGE('',*,*,#5711,.F.);
#3191=ORIENTED_EDGE('',*,*,#4433,.T.);
#3192=ORIENTED_EDGE('',*,*,#5719,.T.);
#3193=ORIENTED_EDGE('',*,*,#5015,.F.);
#3194=ORIENTED_EDGE('',*,*,#5718,.T.);
#3195=ORIENTED_EDGE('',*,*,#5720,.F.);
#3196=ORIENTED_EDGE('',*,*,#5721,.T.);
#3197=ORIENTED_EDGE('',*,*,#5722,.T.);
#3198=ORIENTED_EDGE('',*,*,#5723,.T.);
#3199=ORIENTED_EDGE('',*,*,#4438,.F.);
#3200=ORIENTED_EDGE('',*,*,#5724,.F.);
#3201=ORIENTED_EDGE('',*,*,#5010,.F.);
#3202=ORIENTED_EDGE('',*,*,#5721,.F.);
#3203=ORIENTED_EDGE('',*,*,#5012,.F.);
#3204=ORIENTED_EDGE('',*,*,#5725,.F.);
#3205=ORIENTED_EDGE('',*,*,#4436,.F.);
#3206=ORIENTED_EDGE('',*,*,#5717,.F.);
#3207=ORIENTED_EDGE('',*,*,#4437,.T.);
#3208=ORIENTED_EDGE('',*,*,#5725,.T.);
#3209=ORIENTED_EDGE('',*,*,#5011,.F.);
#3210=ORIENTED_EDGE('',*,*,#5724,.T.);
#3211=ORIENTED_EDGE('',*,*,#5726,.F.);
#3212=ORIENTED_EDGE('',*,*,#5727,.T.);
#3213=ORIENTED_EDGE('',*,*,#5728,.T.);
#3214=ORIENTED_EDGE('',*,*,#5729,.T.);
#3215=ORIENTED_EDGE('',*,*,#4442,.F.);
#3216=ORIENTED_EDGE('',*,*,#5730,.F.);
#3217=ORIENTED_EDGE('',*,*,#5006,.F.);
#3218=ORIENTED_EDGE('',*,*,#5727,.F.);
#3219=ORIENTED_EDGE('',*,*,#5008,.F.);
#3220=ORIENTED_EDGE('',*,*,#5731,.F.);
#3221=ORIENTED_EDGE('',*,*,#4440,.F.);
#3222=ORIENTED_EDGE('',*,*,#5723,.F.);
#3223=ORIENTED_EDGE('',*,*,#4441,.T.);
#3224=ORIENTED_EDGE('',*,*,#5731,.T.);
#3225=ORIENTED_EDGE('',*,*,#5007,.F.);
#3226=ORIENTED_EDGE('',*,*,#5730,.T.);
#3227=ORIENTED_EDGE('',*,*,#5732,.F.);
#3228=ORIENTED_EDGE('',*,*,#5733,.T.);
#3229=ORIENTED_EDGE('',*,*,#5734,.T.);
#3230=ORIENTED_EDGE('',*,*,#5735,.T.);
#3231=ORIENTED_EDGE('',*,*,#4446,.F.);
#3232=ORIENTED_EDGE('',*,*,#5736,.F.);
#3233=ORIENTED_EDGE('',*,*,#5002,.F.);
#3234=ORIENTED_EDGE('',*,*,#5733,.F.);
#3235=ORIENTED_EDGE('',*,*,#5004,.F.);
#3236=ORIENTED_EDGE('',*,*,#5737,.F.);
#3237=ORIENTED_EDGE('',*,*,#4444,.F.);
#3238=ORIENTED_EDGE('',*,*,#5729,.F.);
#3239=ORIENTED_EDGE('',*,*,#4445,.T.);
#3240=ORIENTED_EDGE('',*,*,#5737,.T.);
#3241=ORIENTED_EDGE('',*,*,#5003,.F.);
#3242=ORIENTED_EDGE('',*,*,#5736,.T.);
#3243=ORIENTED_EDGE('',*,*,#5738,.F.);
#3244=ORIENTED_EDGE('',*,*,#5739,.T.);
#3245=ORIENTED_EDGE('',*,*,#5740,.T.);
#3246=ORIENTED_EDGE('',*,*,#5741,.T.);
#3247=ORIENTED_EDGE('',*,*,#4450,.F.);
#3248=ORIENTED_EDGE('',*,*,#5742,.F.);
#3249=ORIENTED_EDGE('',*,*,#4998,.F.);
#3250=ORIENTED_EDGE('',*,*,#5739,.F.);
#3251=ORIENTED_EDGE('',*,*,#5000,.F.);
#3252=ORIENTED_EDGE('',*,*,#5743,.F.);
#3253=ORIENTED_EDGE('',*,*,#4448,.F.);
#3254=ORIENTED_EDGE('',*,*,#5735,.F.);
#3255=ORIENTED_EDGE('',*,*,#4449,.T.);
#3256=ORIENTED_EDGE('',*,*,#5743,.T.);
#3257=ORIENTED_EDGE('',*,*,#4999,.F.);
#3258=ORIENTED_EDGE('',*,*,#5742,.T.);
#3259=ORIENTED_EDGE('',*,*,#5744,.F.);
#3260=ORIENTED_EDGE('',*,*,#5745,.T.);
#3261=ORIENTED_EDGE('',*,*,#5746,.T.);
#3262=ORIENTED_EDGE('',*,*,#5747,.T.);
#3263=ORIENTED_EDGE('',*,*,#4454,.F.);
#3264=ORIENTED_EDGE('',*,*,#5748,.F.);
#3265=ORIENTED_EDGE('',*,*,#4994,.F.);
#3266=ORIENTED_EDGE('',*,*,#5745,.F.);
#3267=ORIENTED_EDGE('',*,*,#4996,.F.);
#3268=ORIENTED_EDGE('',*,*,#5749,.F.);
#3269=ORIENTED_EDGE('',*,*,#4452,.F.);
#3270=ORIENTED_EDGE('',*,*,#5741,.F.);
#3271=ORIENTED_EDGE('',*,*,#4453,.T.);
#3272=ORIENTED_EDGE('',*,*,#5749,.T.);
#3273=ORIENTED_EDGE('',*,*,#4995,.F.);
#3274=ORIENTED_EDGE('',*,*,#5748,.T.);
#3275=ORIENTED_EDGE('',*,*,#5750,.F.);
#3276=ORIENTED_EDGE('',*,*,#5751,.T.);
#3277=ORIENTED_EDGE('',*,*,#5752,.T.);
#3278=ORIENTED_EDGE('',*,*,#5753,.T.);
#3279=ORIENTED_EDGE('',*,*,#4458,.F.);
#3280=ORIENTED_EDGE('',*,*,#5754,.F.);
#3281=ORIENTED_EDGE('',*,*,#4990,.F.);
#3282=ORIENTED_EDGE('',*,*,#5751,.F.);
#3283=ORIENTED_EDGE('',*,*,#4992,.F.);
#3284=ORIENTED_EDGE('',*,*,#5755,.F.);
#3285=ORIENTED_EDGE('',*,*,#4456,.F.);
#3286=ORIENTED_EDGE('',*,*,#5747,.F.);
#3287=ORIENTED_EDGE('',*,*,#4457,.T.);
#3288=ORIENTED_EDGE('',*,*,#5755,.T.);
#3289=ORIENTED_EDGE('',*,*,#4991,.F.);
#3290=ORIENTED_EDGE('',*,*,#5754,.T.);
#3291=ORIENTED_EDGE('',*,*,#5756,.F.);
#3292=ORIENTED_EDGE('',*,*,#5757,.T.);
#3293=ORIENTED_EDGE('',*,*,#5758,.T.);
#3294=ORIENTED_EDGE('',*,*,#5759,.T.);
#3295=ORIENTED_EDGE('',*,*,#4462,.F.);
#3296=ORIENTED_EDGE('',*,*,#5760,.F.);
#3297=ORIENTED_EDGE('',*,*,#4986,.F.);
#3298=ORIENTED_EDGE('',*,*,#5757,.F.);
#3299=ORIENTED_EDGE('',*,*,#4988,.F.);
#3300=ORIENTED_EDGE('',*,*,#5761,.F.);
#3301=ORIENTED_EDGE('',*,*,#4460,.F.);
#3302=ORIENTED_EDGE('',*,*,#5753,.F.);
#3303=ORIENTED_EDGE('',*,*,#4461,.T.);
#3304=ORIENTED_EDGE('',*,*,#5761,.T.);
#3305=ORIENTED_EDGE('',*,*,#4987,.F.);
#3306=ORIENTED_EDGE('',*,*,#5760,.T.);
#3307=ORIENTED_EDGE('',*,*,#5762,.F.);
#3308=ORIENTED_EDGE('',*,*,#5763,.T.);
#3309=ORIENTED_EDGE('',*,*,#5764,.T.);
#3310=ORIENTED_EDGE('',*,*,#5765,.T.);
#3311=ORIENTED_EDGE('',*,*,#4466,.F.);
#3312=ORIENTED_EDGE('',*,*,#5766,.F.);
#3313=ORIENTED_EDGE('',*,*,#4982,.F.);
#3314=ORIENTED_EDGE('',*,*,#5763,.F.);
#3315=ORIENTED_EDGE('',*,*,#4984,.F.);
#3316=ORIENTED_EDGE('',*,*,#5767,.F.);
#3317=ORIENTED_EDGE('',*,*,#4464,.F.);
#3318=ORIENTED_EDGE('',*,*,#5759,.F.);
#3319=ORIENTED_EDGE('',*,*,#4465,.T.);
#3320=ORIENTED_EDGE('',*,*,#5767,.T.);
#3321=ORIENTED_EDGE('',*,*,#4983,.F.);
#3322=ORIENTED_EDGE('',*,*,#5766,.T.);
#3323=ORIENTED_EDGE('',*,*,#5768,.F.);
#3324=ORIENTED_EDGE('',*,*,#5769,.T.);
#3325=ORIENTED_EDGE('',*,*,#5770,.T.);
#3326=ORIENTED_EDGE('',*,*,#5771,.T.);
#3327=ORIENTED_EDGE('',*,*,#4470,.F.);
#3328=ORIENTED_EDGE('',*,*,#5772,.F.);
#3329=ORIENTED_EDGE('',*,*,#4978,.F.);
#3330=ORIENTED_EDGE('',*,*,#5769,.F.);
#3331=ORIENTED_EDGE('',*,*,#4980,.F.);
#3332=ORIENTED_EDGE('',*,*,#5773,.F.);
#3333=ORIENTED_EDGE('',*,*,#4468,.F.);
#3334=ORIENTED_EDGE('',*,*,#5765,.F.);
#3335=ORIENTED_EDGE('',*,*,#4469,.T.);
#3336=ORIENTED_EDGE('',*,*,#5773,.T.);
#3337=ORIENTED_EDGE('',*,*,#4979,.F.);
#3338=ORIENTED_EDGE('',*,*,#5772,.T.);
#3339=ORIENTED_EDGE('',*,*,#5774,.F.);
#3340=ORIENTED_EDGE('',*,*,#5775,.T.);
#3341=ORIENTED_EDGE('',*,*,#5776,.T.);
#3342=ORIENTED_EDGE('',*,*,#5777,.T.);
#3343=ORIENTED_EDGE('',*,*,#4474,.F.);
#3344=ORIENTED_EDGE('',*,*,#5778,.F.);
#3345=ORIENTED_EDGE('',*,*,#4974,.F.);
#3346=ORIENTED_EDGE('',*,*,#5775,.F.);
#3347=ORIENTED_EDGE('',*,*,#4976,.F.);
#3348=ORIENTED_EDGE('',*,*,#5779,.F.);
#3349=ORIENTED_EDGE('',*,*,#4472,.F.);
#3350=ORIENTED_EDGE('',*,*,#5771,.F.);
#3351=ORIENTED_EDGE('',*,*,#4473,.T.);
#3352=ORIENTED_EDGE('',*,*,#5779,.T.);
#3353=ORIENTED_EDGE('',*,*,#4975,.F.);
#3354=ORIENTED_EDGE('',*,*,#5778,.T.);
#3355=ORIENTED_EDGE('',*,*,#5780,.F.);
#3356=ORIENTED_EDGE('',*,*,#5781,.T.);
#3357=ORIENTED_EDGE('',*,*,#5782,.T.);
#3358=ORIENTED_EDGE('',*,*,#5783,.T.);
#3359=ORIENTED_EDGE('',*,*,#4478,.F.);
#3360=ORIENTED_EDGE('',*,*,#5784,.F.);
#3361=ORIENTED_EDGE('',*,*,#4970,.F.);
#3362=ORIENTED_EDGE('',*,*,#5781,.F.);
#3363=ORIENTED_EDGE('',*,*,#4972,.F.);
#3364=ORIENTED_EDGE('',*,*,#5785,.F.);
#3365=ORIENTED_EDGE('',*,*,#4476,.F.);
#3366=ORIENTED_EDGE('',*,*,#5777,.F.);
#3367=ORIENTED_EDGE('',*,*,#4477,.T.);
#3368=ORIENTED_EDGE('',*,*,#5785,.T.);
#3369=ORIENTED_EDGE('',*,*,#4971,.F.);
#3370=ORIENTED_EDGE('',*,*,#5784,.T.);
#3371=ORIENTED_EDGE('',*,*,#5786,.F.);
#3372=ORIENTED_EDGE('',*,*,#5787,.T.);
#3373=ORIENTED_EDGE('',*,*,#5788,.T.);
#3374=ORIENTED_EDGE('',*,*,#5789,.T.);
#3375=ORIENTED_EDGE('',*,*,#4482,.F.);
#3376=ORIENTED_EDGE('',*,*,#5790,.F.);
#3377=ORIENTED_EDGE('',*,*,#4966,.F.);
#3378=ORIENTED_EDGE('',*,*,#5787,.F.);
#3379=ORIENTED_EDGE('',*,*,#4968,.F.);
#3380=ORIENTED_EDGE('',*,*,#5791,.F.);
#3381=ORIENTED_EDGE('',*,*,#4480,.F.);
#3382=ORIENTED_EDGE('',*,*,#5783,.F.);
#3383=ORIENTED_EDGE('',*,*,#4481,.T.);
#3384=ORIENTED_EDGE('',*,*,#5791,.T.);
#3385=ORIENTED_EDGE('',*,*,#4967,.F.);
#3386=ORIENTED_EDGE('',*,*,#5790,.T.);
#3387=ORIENTED_EDGE('',*,*,#5792,.F.);
#3388=ORIENTED_EDGE('',*,*,#5793,.T.);
#3389=ORIENTED_EDGE('',*,*,#5794,.T.);
#3390=ORIENTED_EDGE('',*,*,#5795,.T.);
#3391=ORIENTED_EDGE('',*,*,#4486,.F.);
#3392=ORIENTED_EDGE('',*,*,#5796,.F.);
#3393=ORIENTED_EDGE('',*,*,#4962,.F.);
#3394=ORIENTED_EDGE('',*,*,#5793,.F.);
#3395=ORIENTED_EDGE('',*,*,#4964,.F.);
#3396=ORIENTED_EDGE('',*,*,#5797,.F.);
#3397=ORIENTED_EDGE('',*,*,#4484,.F.);
#3398=ORIENTED_EDGE('',*,*,#5789,.F.);
#3399=ORIENTED_EDGE('',*,*,#4485,.T.);
#3400=ORIENTED_EDGE('',*,*,#5797,.T.);
#3401=ORIENTED_EDGE('',*,*,#4963,.F.);
#3402=ORIENTED_EDGE('',*,*,#5796,.T.);
#3403=ORIENTED_EDGE('',*,*,#5798,.F.);
#3404=ORIENTED_EDGE('',*,*,#5799,.T.);
#3405=ORIENTED_EDGE('',*,*,#5800,.T.);
#3406=ORIENTED_EDGE('',*,*,#5801,.T.);
#3407=ORIENTED_EDGE('',*,*,#4490,.F.);
#3408=ORIENTED_EDGE('',*,*,#5802,.F.);
#3409=ORIENTED_EDGE('',*,*,#4958,.F.);
#3410=ORIENTED_EDGE('',*,*,#5799,.F.);
#3411=ORIENTED_EDGE('',*,*,#4960,.F.);
#3412=ORIENTED_EDGE('',*,*,#5803,.F.);
#3413=ORIENTED_EDGE('',*,*,#4488,.F.);
#3414=ORIENTED_EDGE('',*,*,#5795,.F.);
#3415=ORIENTED_EDGE('',*,*,#4489,.T.);
#3416=ORIENTED_EDGE('',*,*,#5803,.T.);
#3417=ORIENTED_EDGE('',*,*,#4959,.F.);
#3418=ORIENTED_EDGE('',*,*,#5802,.T.);
#3419=ORIENTED_EDGE('',*,*,#5804,.F.);
#3420=ORIENTED_EDGE('',*,*,#5805,.T.);
#3421=ORIENTED_EDGE('',*,*,#5806,.T.);
#3422=ORIENTED_EDGE('',*,*,#5807,.T.);
#3423=ORIENTED_EDGE('',*,*,#4494,.F.);
#3424=ORIENTED_EDGE('',*,*,#5808,.F.);
#3425=ORIENTED_EDGE('',*,*,#4954,.F.);
#3426=ORIENTED_EDGE('',*,*,#5805,.F.);
#3427=ORIENTED_EDGE('',*,*,#4956,.F.);
#3428=ORIENTED_EDGE('',*,*,#5809,.F.);
#3429=ORIENTED_EDGE('',*,*,#4492,.F.);
#3430=ORIENTED_EDGE('',*,*,#5801,.F.);
#3431=ORIENTED_EDGE('',*,*,#4493,.T.);
#3432=ORIENTED_EDGE('',*,*,#5809,.T.);
#3433=ORIENTED_EDGE('',*,*,#4955,.F.);
#3434=ORIENTED_EDGE('',*,*,#5808,.T.);
#3435=ORIENTED_EDGE('',*,*,#5810,.F.);
#3436=ORIENTED_EDGE('',*,*,#5811,.T.);
#3437=ORIENTED_EDGE('',*,*,#5812,.T.);
#3438=ORIENTED_EDGE('',*,*,#5813,.T.);
#3439=ORIENTED_EDGE('',*,*,#4498,.F.);
#3440=ORIENTED_EDGE('',*,*,#5814,.F.);
#3441=ORIENTED_EDGE('',*,*,#4950,.F.);
#3442=ORIENTED_EDGE('',*,*,#5811,.F.);
#3443=ORIENTED_EDGE('',*,*,#4952,.F.);
#3444=ORIENTED_EDGE('',*,*,#5815,.F.);
#3445=ORIENTED_EDGE('',*,*,#4496,.F.);
#3446=ORIENTED_EDGE('',*,*,#5807,.F.);
#3447=ORIENTED_EDGE('',*,*,#4497,.T.);
#3448=ORIENTED_EDGE('',*,*,#5815,.T.);
#3449=ORIENTED_EDGE('',*,*,#4951,.F.);
#3450=ORIENTED_EDGE('',*,*,#5814,.T.);
#3451=ORIENTED_EDGE('',*,*,#5816,.F.);
#3452=ORIENTED_EDGE('',*,*,#5817,.T.);
#3453=ORIENTED_EDGE('',*,*,#5818,.T.);
#3454=ORIENTED_EDGE('',*,*,#5819,.T.);
#3455=ORIENTED_EDGE('',*,*,#4502,.F.);
#3456=ORIENTED_EDGE('',*,*,#5820,.F.);
#3457=ORIENTED_EDGE('',*,*,#4946,.F.);
#3458=ORIENTED_EDGE('',*,*,#5817,.F.);
#3459=ORIENTED_EDGE('',*,*,#4948,.F.);
#3460=ORIENTED_EDGE('',*,*,#5821,.F.);
#3461=ORIENTED_EDGE('',*,*,#4500,.F.);
#3462=ORIENTED_EDGE('',*,*,#5813,.F.);
#3463=ORIENTED_EDGE('',*,*,#4501,.T.);
#3464=ORIENTED_EDGE('',*,*,#5821,.T.);
#3465=ORIENTED_EDGE('',*,*,#4947,.F.);
#3466=ORIENTED_EDGE('',*,*,#5820,.T.);
#3467=ORIENTED_EDGE('',*,*,#5822,.F.);
#3468=ORIENTED_EDGE('',*,*,#5823,.T.);
#3469=ORIENTED_EDGE('',*,*,#5824,.T.);
#3470=ORIENTED_EDGE('',*,*,#5825,.T.);
#3471=ORIENTED_EDGE('',*,*,#4506,.F.);
#3472=ORIENTED_EDGE('',*,*,#5826,.F.);
#3473=ORIENTED_EDGE('',*,*,#4942,.F.);
#3474=ORIENTED_EDGE('',*,*,#5823,.F.);
#3475=ORIENTED_EDGE('',*,*,#4944,.F.);
#3476=ORIENTED_EDGE('',*,*,#5827,.F.);
#3477=ORIENTED_EDGE('',*,*,#4504,.F.);
#3478=ORIENTED_EDGE('',*,*,#5819,.F.);
#3479=ORIENTED_EDGE('',*,*,#4505,.T.);
#3480=ORIENTED_EDGE('',*,*,#5827,.T.);
#3481=ORIENTED_EDGE('',*,*,#4943,.F.);
#3482=ORIENTED_EDGE('',*,*,#5826,.T.);
#3483=ORIENTED_EDGE('',*,*,#5828,.F.);
#3484=ORIENTED_EDGE('',*,*,#5829,.T.);
#3485=ORIENTED_EDGE('',*,*,#5830,.T.);
#3486=ORIENTED_EDGE('',*,*,#5831,.T.);
#3487=ORIENTED_EDGE('',*,*,#4510,.F.);
#3488=ORIENTED_EDGE('',*,*,#5832,.F.);
#3489=ORIENTED_EDGE('',*,*,#4938,.F.);
#3490=ORIENTED_EDGE('',*,*,#5829,.F.);
#3491=ORIENTED_EDGE('',*,*,#4940,.F.);
#3492=ORIENTED_EDGE('',*,*,#5833,.F.);
#3493=ORIENTED_EDGE('',*,*,#4508,.F.);
#3494=ORIENTED_EDGE('',*,*,#5825,.F.);
#3495=ORIENTED_EDGE('',*,*,#4509,.T.);
#3496=ORIENTED_EDGE('',*,*,#5833,.T.);
#3497=ORIENTED_EDGE('',*,*,#4939,.F.);
#3498=ORIENTED_EDGE('',*,*,#5832,.T.);
#3499=ORIENTED_EDGE('',*,*,#5834,.F.);
#3500=ORIENTED_EDGE('',*,*,#5835,.T.);
#3501=ORIENTED_EDGE('',*,*,#5836,.T.);
#3502=ORIENTED_EDGE('',*,*,#5837,.T.);
#3503=ORIENTED_EDGE('',*,*,#4514,.F.);
#3504=ORIENTED_EDGE('',*,*,#5838,.F.);
#3505=ORIENTED_EDGE('',*,*,#4934,.F.);
#3506=ORIENTED_EDGE('',*,*,#5835,.F.);
#3507=ORIENTED_EDGE('',*,*,#4936,.F.);
#3508=ORIENTED_EDGE('',*,*,#5839,.F.);
#3509=ORIENTED_EDGE('',*,*,#4512,.F.);
#3510=ORIENTED_EDGE('',*,*,#5831,.F.);
#3511=ORIENTED_EDGE('',*,*,#4513,.T.);
#3512=ORIENTED_EDGE('',*,*,#5839,.T.);
#3513=ORIENTED_EDGE('',*,*,#4935,.F.);
#3514=ORIENTED_EDGE('',*,*,#5838,.T.);
#3515=ORIENTED_EDGE('',*,*,#5840,.F.);
#3516=ORIENTED_EDGE('',*,*,#5841,.T.);
#3517=ORIENTED_EDGE('',*,*,#5842,.T.);
#3518=ORIENTED_EDGE('',*,*,#5843,.T.);
#3519=ORIENTED_EDGE('',*,*,#4518,.F.);
#3520=ORIENTED_EDGE('',*,*,#5844,.F.);
#3521=ORIENTED_EDGE('',*,*,#4930,.F.);
#3522=ORIENTED_EDGE('',*,*,#5841,.F.);
#3523=ORIENTED_EDGE('',*,*,#4932,.F.);
#3524=ORIENTED_EDGE('',*,*,#5845,.F.);
#3525=ORIENTED_EDGE('',*,*,#4516,.F.);
#3526=ORIENTED_EDGE('',*,*,#5837,.F.);
#3527=ORIENTED_EDGE('',*,*,#4517,.T.);
#3528=ORIENTED_EDGE('',*,*,#5845,.T.);
#3529=ORIENTED_EDGE('',*,*,#4931,.F.);
#3530=ORIENTED_EDGE('',*,*,#5844,.T.);
#3531=ORIENTED_EDGE('',*,*,#5846,.F.);
#3532=ORIENTED_EDGE('',*,*,#5847,.T.);
#3533=ORIENTED_EDGE('',*,*,#5848,.T.);
#3534=ORIENTED_EDGE('',*,*,#5849,.T.);
#3535=ORIENTED_EDGE('',*,*,#4522,.F.);
#3536=ORIENTED_EDGE('',*,*,#5850,.F.);
#3537=ORIENTED_EDGE('',*,*,#4926,.F.);
#3538=ORIENTED_EDGE('',*,*,#5847,.F.);
#3539=ORIENTED_EDGE('',*,*,#4928,.F.);
#3540=ORIENTED_EDGE('',*,*,#5851,.F.);
#3541=ORIENTED_EDGE('',*,*,#4520,.F.);
#3542=ORIENTED_EDGE('',*,*,#5843,.F.);
#3543=ORIENTED_EDGE('',*,*,#4521,.T.);
#3544=ORIENTED_EDGE('',*,*,#5851,.T.);
#3545=ORIENTED_EDGE('',*,*,#4927,.F.);
#3546=ORIENTED_EDGE('',*,*,#5850,.T.);
#3547=ORIENTED_EDGE('',*,*,#5852,.F.);
#3548=ORIENTED_EDGE('',*,*,#5853,.T.);
#3549=ORIENTED_EDGE('',*,*,#5854,.T.);
#3550=ORIENTED_EDGE('',*,*,#5855,.T.);
#3551=ORIENTED_EDGE('',*,*,#4526,.F.);
#3552=ORIENTED_EDGE('',*,*,#5856,.F.);
#3553=ORIENTED_EDGE('',*,*,#4922,.F.);
#3554=ORIENTED_EDGE('',*,*,#5853,.F.);
#3555=ORIENTED_EDGE('',*,*,#4924,.F.);
#3556=ORIENTED_EDGE('',*,*,#5857,.F.);
#3557=ORIENTED_EDGE('',*,*,#4524,.F.);
#3558=ORIENTED_EDGE('',*,*,#5849,.F.);
#3559=ORIENTED_EDGE('',*,*,#4525,.T.);
#3560=ORIENTED_EDGE('',*,*,#5857,.T.);
#3561=ORIENTED_EDGE('',*,*,#4923,.F.);
#3562=ORIENTED_EDGE('',*,*,#5856,.T.);
#3563=ORIENTED_EDGE('',*,*,#5858,.F.);
#3564=ORIENTED_EDGE('',*,*,#5859,.T.);
#3565=ORIENTED_EDGE('',*,*,#5860,.T.);
#3566=ORIENTED_EDGE('',*,*,#5861,.T.);
#3567=ORIENTED_EDGE('',*,*,#4530,.F.);
#3568=ORIENTED_EDGE('',*,*,#5862,.F.);
#3569=ORIENTED_EDGE('',*,*,#4918,.F.);
#3570=ORIENTED_EDGE('',*,*,#5859,.F.);
#3571=ORIENTED_EDGE('',*,*,#4920,.F.);
#3572=ORIENTED_EDGE('',*,*,#5863,.F.);
#3573=ORIENTED_EDGE('',*,*,#4528,.F.);
#3574=ORIENTED_EDGE('',*,*,#5855,.F.);
#3575=ORIENTED_EDGE('',*,*,#4529,.T.);
#3576=ORIENTED_EDGE('',*,*,#5863,.T.);
#3577=ORIENTED_EDGE('',*,*,#4919,.F.);
#3578=ORIENTED_EDGE('',*,*,#5862,.T.);
#3579=ORIENTED_EDGE('',*,*,#5864,.F.);
#3580=ORIENTED_EDGE('',*,*,#5865,.T.);
#3581=ORIENTED_EDGE('',*,*,#5866,.T.);
#3582=ORIENTED_EDGE('',*,*,#5867,.T.);
#3583=ORIENTED_EDGE('',*,*,#4534,.F.);
#3584=ORIENTED_EDGE('',*,*,#5868,.F.);
#3585=ORIENTED_EDGE('',*,*,#4914,.F.);
#3586=ORIENTED_EDGE('',*,*,#5865,.F.);
#3587=ORIENTED_EDGE('',*,*,#4916,.F.);
#3588=ORIENTED_EDGE('',*,*,#5869,.F.);
#3589=ORIENTED_EDGE('',*,*,#4532,.F.);
#3590=ORIENTED_EDGE('',*,*,#5861,.F.);
#3591=ORIENTED_EDGE('',*,*,#4533,.T.);
#3592=ORIENTED_EDGE('',*,*,#5869,.T.);
#3593=ORIENTED_EDGE('',*,*,#4915,.F.);
#3594=ORIENTED_EDGE('',*,*,#5868,.T.);
#3595=ORIENTED_EDGE('',*,*,#5870,.F.);
#3596=ORIENTED_EDGE('',*,*,#5871,.T.);
#3597=ORIENTED_EDGE('',*,*,#5872,.T.);
#3598=ORIENTED_EDGE('',*,*,#5873,.T.);
#3599=ORIENTED_EDGE('',*,*,#4538,.F.);
#3600=ORIENTED_EDGE('',*,*,#5874,.F.);
#3601=ORIENTED_EDGE('',*,*,#4910,.F.);
#3602=ORIENTED_EDGE('',*,*,#5871,.F.);
#3603=ORIENTED_EDGE('',*,*,#4912,.F.);
#3604=ORIENTED_EDGE('',*,*,#5875,.F.);
#3605=ORIENTED_EDGE('',*,*,#4536,.F.);
#3606=ORIENTED_EDGE('',*,*,#5867,.F.);
#3607=ORIENTED_EDGE('',*,*,#4537,.T.);
#3608=ORIENTED_EDGE('',*,*,#5875,.T.);
#3609=ORIENTED_EDGE('',*,*,#4911,.F.);
#3610=ORIENTED_EDGE('',*,*,#5874,.T.);
#3611=ORIENTED_EDGE('',*,*,#5876,.F.);
#3612=ORIENTED_EDGE('',*,*,#5877,.T.);
#3613=ORIENTED_EDGE('',*,*,#5878,.T.);
#3614=ORIENTED_EDGE('',*,*,#5879,.T.);
#3615=ORIENTED_EDGE('',*,*,#4542,.F.);
#3616=ORIENTED_EDGE('',*,*,#5880,.F.);
#3617=ORIENTED_EDGE('',*,*,#4906,.F.);
#3618=ORIENTED_EDGE('',*,*,#5877,.F.);
#3619=ORIENTED_EDGE('',*,*,#4908,.F.);
#3620=ORIENTED_EDGE('',*,*,#5881,.F.);
#3621=ORIENTED_EDGE('',*,*,#4540,.F.);
#3622=ORIENTED_EDGE('',*,*,#5873,.F.);
#3623=ORIENTED_EDGE('',*,*,#4541,.T.);
#3624=ORIENTED_EDGE('',*,*,#5881,.T.);
#3625=ORIENTED_EDGE('',*,*,#4907,.F.);
#3626=ORIENTED_EDGE('',*,*,#5880,.T.);
#3627=ORIENTED_EDGE('',*,*,#5882,.F.);
#3628=ORIENTED_EDGE('',*,*,#5883,.T.);
#3629=ORIENTED_EDGE('',*,*,#5884,.T.);
#3630=ORIENTED_EDGE('',*,*,#5885,.T.);
#3631=ORIENTED_EDGE('',*,*,#4546,.F.);
#3632=ORIENTED_EDGE('',*,*,#5886,.F.);
#3633=ORIENTED_EDGE('',*,*,#4902,.F.);
#3634=ORIENTED_EDGE('',*,*,#5883,.F.);
#3635=ORIENTED_EDGE('',*,*,#4904,.F.);
#3636=ORIENTED_EDGE('',*,*,#5887,.F.);
#3637=ORIENTED_EDGE('',*,*,#4544,.F.);
#3638=ORIENTED_EDGE('',*,*,#5879,.F.);
#3639=ORIENTED_EDGE('',*,*,#4545,.T.);
#3640=ORIENTED_EDGE('',*,*,#5887,.T.);
#3641=ORIENTED_EDGE('',*,*,#4903,.F.);
#3642=ORIENTED_EDGE('',*,*,#5886,.T.);
#3643=ORIENTED_EDGE('',*,*,#5888,.F.);
#3644=ORIENTED_EDGE('',*,*,#5889,.T.);
#3645=ORIENTED_EDGE('',*,*,#5890,.T.);
#3646=ORIENTED_EDGE('',*,*,#5891,.T.);
#3647=ORIENTED_EDGE('',*,*,#4550,.F.);
#3648=ORIENTED_EDGE('',*,*,#5892,.F.);
#3649=ORIENTED_EDGE('',*,*,#4898,.F.);
#3650=ORIENTED_EDGE('',*,*,#5889,.F.);
#3651=ORIENTED_EDGE('',*,*,#4900,.F.);
#3652=ORIENTED_EDGE('',*,*,#5893,.F.);
#3653=ORIENTED_EDGE('',*,*,#4548,.F.);
#3654=ORIENTED_EDGE('',*,*,#5885,.F.);
#3655=ORIENTED_EDGE('',*,*,#4549,.T.);
#3656=ORIENTED_EDGE('',*,*,#5893,.T.);
#3657=ORIENTED_EDGE('',*,*,#4899,.F.);
#3658=ORIENTED_EDGE('',*,*,#5892,.T.);
#3659=ORIENTED_EDGE('',*,*,#5894,.F.);
#3660=ORIENTED_EDGE('',*,*,#5895,.T.);
#3661=ORIENTED_EDGE('',*,*,#5896,.T.);
#3662=ORIENTED_EDGE('',*,*,#5897,.T.);
#3663=ORIENTED_EDGE('',*,*,#4554,.F.);
#3664=ORIENTED_EDGE('',*,*,#5898,.F.);
#3665=ORIENTED_EDGE('',*,*,#4894,.F.);
#3666=ORIENTED_EDGE('',*,*,#5895,.F.);
#3667=ORIENTED_EDGE('',*,*,#4896,.F.);
#3668=ORIENTED_EDGE('',*,*,#5899,.F.);
#3669=ORIENTED_EDGE('',*,*,#4552,.F.);
#3670=ORIENTED_EDGE('',*,*,#5891,.F.);
#3671=ORIENTED_EDGE('',*,*,#4553,.T.);
#3672=ORIENTED_EDGE('',*,*,#5899,.T.);
#3673=ORIENTED_EDGE('',*,*,#4895,.F.);
#3674=ORIENTED_EDGE('',*,*,#5898,.T.);
#3675=ORIENTED_EDGE('',*,*,#5900,.F.);
#3676=ORIENTED_EDGE('',*,*,#5901,.T.);
#3677=ORIENTED_EDGE('',*,*,#5902,.T.);
#3678=ORIENTED_EDGE('',*,*,#5903,.T.);
#3679=ORIENTED_EDGE('',*,*,#4558,.F.);
#3680=ORIENTED_EDGE('',*,*,#5904,.F.);
#3681=ORIENTED_EDGE('',*,*,#4890,.F.);
#3682=ORIENTED_EDGE('',*,*,#5901,.F.);
#3683=ORIENTED_EDGE('',*,*,#4892,.F.);
#3684=ORIENTED_EDGE('',*,*,#5905,.F.);
#3685=ORIENTED_EDGE('',*,*,#4556,.F.);
#3686=ORIENTED_EDGE('',*,*,#5897,.F.);
#3687=ORIENTED_EDGE('',*,*,#4557,.T.);
#3688=ORIENTED_EDGE('',*,*,#5905,.T.);
#3689=ORIENTED_EDGE('',*,*,#4891,.F.);
#3690=ORIENTED_EDGE('',*,*,#5904,.T.);
#3691=ORIENTED_EDGE('',*,*,#5906,.F.);
#3692=ORIENTED_EDGE('',*,*,#5907,.T.);
#3693=ORIENTED_EDGE('',*,*,#5908,.T.);
#3694=ORIENTED_EDGE('',*,*,#5909,.T.);
#3695=ORIENTED_EDGE('',*,*,#4562,.F.);
#3696=ORIENTED_EDGE('',*,*,#5910,.F.);
#3697=ORIENTED_EDGE('',*,*,#4886,.F.);
#3698=ORIENTED_EDGE('',*,*,#5907,.F.);
#3699=ORIENTED_EDGE('',*,*,#4888,.F.);
#3700=ORIENTED_EDGE('',*,*,#5911,.F.);
#3701=ORIENTED_EDGE('',*,*,#4560,.F.);
#3702=ORIENTED_EDGE('',*,*,#5903,.F.);
#3703=ORIENTED_EDGE('',*,*,#4561,.T.);
#3704=ORIENTED_EDGE('',*,*,#5911,.T.);
#3705=ORIENTED_EDGE('',*,*,#4887,.F.);
#3706=ORIENTED_EDGE('',*,*,#5910,.T.);
#3707=ORIENTED_EDGE('',*,*,#5912,.F.);
#3708=ORIENTED_EDGE('',*,*,#5913,.T.);
#3709=ORIENTED_EDGE('',*,*,#5914,.T.);
#3710=ORIENTED_EDGE('',*,*,#5915,.T.);
#3711=ORIENTED_EDGE('',*,*,#4566,.F.);
#3712=ORIENTED_EDGE('',*,*,#5916,.F.);
#3713=ORIENTED_EDGE('',*,*,#4882,.F.);
#3714=ORIENTED_EDGE('',*,*,#5913,.F.);
#3715=ORIENTED_EDGE('',*,*,#4884,.F.);
#3716=ORIENTED_EDGE('',*,*,#5917,.F.);
#3717=ORIENTED_EDGE('',*,*,#4564,.F.);
#3718=ORIENTED_EDGE('',*,*,#5909,.F.);
#3719=ORIENTED_EDGE('',*,*,#4565,.T.);
#3720=ORIENTED_EDGE('',*,*,#5917,.T.);
#3721=ORIENTED_EDGE('',*,*,#4883,.F.);
#3722=ORIENTED_EDGE('',*,*,#5916,.T.);
#3723=ORIENTED_EDGE('',*,*,#5918,.F.);
#3724=ORIENTED_EDGE('',*,*,#5919,.T.);
#3725=ORIENTED_EDGE('',*,*,#5920,.T.);
#3726=ORIENTED_EDGE('',*,*,#5921,.T.);
#3727=ORIENTED_EDGE('',*,*,#4570,.F.);
#3728=ORIENTED_EDGE('',*,*,#5922,.F.);
#3729=ORIENTED_EDGE('',*,*,#4878,.F.);
#3730=ORIENTED_EDGE('',*,*,#5919,.F.);
#3731=ORIENTED_EDGE('',*,*,#4880,.F.);
#3732=ORIENTED_EDGE('',*,*,#5923,.F.);
#3733=ORIENTED_EDGE('',*,*,#4568,.F.);
#3734=ORIENTED_EDGE('',*,*,#5915,.F.);
#3735=ORIENTED_EDGE('',*,*,#4569,.T.);
#3736=ORIENTED_EDGE('',*,*,#5923,.T.);
#3737=ORIENTED_EDGE('',*,*,#4879,.F.);
#3738=ORIENTED_EDGE('',*,*,#5922,.T.);
#3739=ORIENTED_EDGE('',*,*,#5924,.F.);
#3740=ORIENTED_EDGE('',*,*,#5925,.T.);
#3741=ORIENTED_EDGE('',*,*,#5926,.T.);
#3742=ORIENTED_EDGE('',*,*,#5927,.T.);
#3743=ORIENTED_EDGE('',*,*,#4574,.F.);
#3744=ORIENTED_EDGE('',*,*,#5928,.F.);
#3745=ORIENTED_EDGE('',*,*,#4874,.F.);
#3746=ORIENTED_EDGE('',*,*,#5925,.F.);
#3747=ORIENTED_EDGE('',*,*,#4876,.F.);
#3748=ORIENTED_EDGE('',*,*,#5929,.F.);
#3749=ORIENTED_EDGE('',*,*,#4572,.F.);
#3750=ORIENTED_EDGE('',*,*,#5921,.F.);
#3751=ORIENTED_EDGE('',*,*,#4573,.T.);
#3752=ORIENTED_EDGE('',*,*,#5929,.T.);
#3753=ORIENTED_EDGE('',*,*,#4875,.F.);
#3754=ORIENTED_EDGE('',*,*,#5928,.T.);
#3755=ORIENTED_EDGE('',*,*,#5930,.F.);
#3756=ORIENTED_EDGE('',*,*,#5931,.T.);
#3757=ORIENTED_EDGE('',*,*,#5932,.T.);
#3758=ORIENTED_EDGE('',*,*,#5933,.T.);
#3759=ORIENTED_EDGE('',*,*,#4578,.F.);
#3760=ORIENTED_EDGE('',*,*,#5934,.F.);
#3761=ORIENTED_EDGE('',*,*,#4870,.F.);
#3762=ORIENTED_EDGE('',*,*,#5931,.F.);
#3763=ORIENTED_EDGE('',*,*,#4872,.F.);
#3764=ORIENTED_EDGE('',*,*,#5935,.F.);
#3765=ORIENTED_EDGE('',*,*,#4576,.F.);
#3766=ORIENTED_EDGE('',*,*,#5927,.F.);
#3767=ORIENTED_EDGE('',*,*,#4577,.T.);
#3768=ORIENTED_EDGE('',*,*,#5935,.T.);
#3769=ORIENTED_EDGE('',*,*,#4871,.F.);
#3770=ORIENTED_EDGE('',*,*,#5934,.T.);
#3771=ORIENTED_EDGE('',*,*,#5936,.F.);
#3772=ORIENTED_EDGE('',*,*,#5937,.T.);
#3773=ORIENTED_EDGE('',*,*,#5938,.T.);
#3774=ORIENTED_EDGE('',*,*,#5939,.T.);
#3775=ORIENTED_EDGE('',*,*,#4582,.F.);
#3776=ORIENTED_EDGE('',*,*,#5940,.F.);
#3777=ORIENTED_EDGE('',*,*,#4866,.F.);
#3778=ORIENTED_EDGE('',*,*,#5937,.F.);
#3779=ORIENTED_EDGE('',*,*,#4868,.F.);
#3780=ORIENTED_EDGE('',*,*,#5941,.F.);
#3781=ORIENTED_EDGE('',*,*,#4580,.F.);
#3782=ORIENTED_EDGE('',*,*,#5933,.F.);
#3783=ORIENTED_EDGE('',*,*,#4581,.T.);
#3784=ORIENTED_EDGE('',*,*,#5941,.T.);
#3785=ORIENTED_EDGE('',*,*,#4867,.F.);
#3786=ORIENTED_EDGE('',*,*,#5940,.T.);
#3787=ORIENTED_EDGE('',*,*,#5942,.F.);
#3788=ORIENTED_EDGE('',*,*,#5943,.T.);
#3789=ORIENTED_EDGE('',*,*,#5944,.T.);
#3790=ORIENTED_EDGE('',*,*,#5945,.T.);
#3791=ORIENTED_EDGE('',*,*,#4586,.F.);
#3792=ORIENTED_EDGE('',*,*,#5946,.F.);
#3793=ORIENTED_EDGE('',*,*,#4862,.F.);
#3794=ORIENTED_EDGE('',*,*,#5943,.F.);
#3795=ORIENTED_EDGE('',*,*,#4864,.F.);
#3796=ORIENTED_EDGE('',*,*,#5947,.F.);
#3797=ORIENTED_EDGE('',*,*,#4584,.F.);
#3798=ORIENTED_EDGE('',*,*,#5939,.F.);
#3799=ORIENTED_EDGE('',*,*,#4585,.T.);
#3800=ORIENTED_EDGE('',*,*,#5947,.T.);
#3801=ORIENTED_EDGE('',*,*,#4863,.F.);
#3802=ORIENTED_EDGE('',*,*,#5946,.T.);
#3803=ORIENTED_EDGE('',*,*,#5948,.F.);
#3804=ORIENTED_EDGE('',*,*,#5949,.T.);
#3805=ORIENTED_EDGE('',*,*,#5950,.T.);
#3806=ORIENTED_EDGE('',*,*,#5951,.T.);
#3807=ORIENTED_EDGE('',*,*,#4590,.F.);
#3808=ORIENTED_EDGE('',*,*,#5952,.F.);
#3809=ORIENTED_EDGE('',*,*,#4858,.F.);
#3810=ORIENTED_EDGE('',*,*,#5949,.F.);
#3811=ORIENTED_EDGE('',*,*,#4860,.F.);
#3812=ORIENTED_EDGE('',*,*,#5953,.F.);
#3813=ORIENTED_EDGE('',*,*,#4588,.F.);
#3814=ORIENTED_EDGE('',*,*,#5945,.F.);
#3815=ORIENTED_EDGE('',*,*,#4589,.T.);
#3816=ORIENTED_EDGE('',*,*,#5953,.T.);
#3817=ORIENTED_EDGE('',*,*,#4859,.F.);
#3818=ORIENTED_EDGE('',*,*,#5952,.T.);
#3819=ORIENTED_EDGE('',*,*,#5954,.F.);
#3820=ORIENTED_EDGE('',*,*,#5955,.T.);
#3821=ORIENTED_EDGE('',*,*,#5956,.T.);
#3822=ORIENTED_EDGE('',*,*,#5957,.T.);
#3823=ORIENTED_EDGE('',*,*,#4594,.F.);
#3824=ORIENTED_EDGE('',*,*,#5958,.F.);
#3825=ORIENTED_EDGE('',*,*,#4854,.F.);
#3826=ORIENTED_EDGE('',*,*,#5955,.F.);
#3827=ORIENTED_EDGE('',*,*,#4856,.F.);
#3828=ORIENTED_EDGE('',*,*,#5959,.F.);
#3829=ORIENTED_EDGE('',*,*,#4592,.F.);
#3830=ORIENTED_EDGE('',*,*,#5951,.F.);
#3831=ORIENTED_EDGE('',*,*,#4593,.T.);
#3832=ORIENTED_EDGE('',*,*,#5959,.T.);
#3833=ORIENTED_EDGE('',*,*,#4855,.F.);
#3834=ORIENTED_EDGE('',*,*,#5958,.T.);
#3835=ORIENTED_EDGE('',*,*,#5960,.F.);
#3836=ORIENTED_EDGE('',*,*,#5961,.T.);
#3837=ORIENTED_EDGE('',*,*,#5962,.T.);
#3838=ORIENTED_EDGE('',*,*,#5963,.T.);
#3839=ORIENTED_EDGE('',*,*,#4598,.F.);
#3840=ORIENTED_EDGE('',*,*,#5964,.F.);
#3841=ORIENTED_EDGE('',*,*,#4850,.F.);
#3842=ORIENTED_EDGE('',*,*,#5961,.F.);
#3843=ORIENTED_EDGE('',*,*,#4852,.F.);
#3844=ORIENTED_EDGE('',*,*,#5965,.F.);
#3845=ORIENTED_EDGE('',*,*,#4596,.F.);
#3846=ORIENTED_EDGE('',*,*,#5957,.F.);
#3847=ORIENTED_EDGE('',*,*,#4597,.T.);
#3848=ORIENTED_EDGE('',*,*,#5965,.T.);
#3849=ORIENTED_EDGE('',*,*,#4851,.F.);
#3850=ORIENTED_EDGE('',*,*,#5964,.T.);
#3851=ORIENTED_EDGE('',*,*,#5966,.F.);
#3852=ORIENTED_EDGE('',*,*,#5967,.T.);
#3853=ORIENTED_EDGE('',*,*,#5968,.T.);
#3854=ORIENTED_EDGE('',*,*,#5969,.T.);
#3855=ORIENTED_EDGE('',*,*,#4602,.F.);
#3856=ORIENTED_EDGE('',*,*,#5970,.F.);
#3857=ORIENTED_EDGE('',*,*,#4846,.F.);
#3858=ORIENTED_EDGE('',*,*,#5967,.F.);
#3859=ORIENTED_EDGE('',*,*,#4848,.F.);
#3860=ORIENTED_EDGE('',*,*,#5971,.F.);
#3861=ORIENTED_EDGE('',*,*,#4600,.F.);
#3862=ORIENTED_EDGE('',*,*,#5963,.F.);
#3863=ORIENTED_EDGE('',*,*,#4601,.T.);
#3864=ORIENTED_EDGE('',*,*,#5971,.T.);
#3865=ORIENTED_EDGE('',*,*,#4847,.F.);
#3866=ORIENTED_EDGE('',*,*,#5970,.T.);
#3867=ORIENTED_EDGE('',*,*,#5972,.F.);
#3868=ORIENTED_EDGE('',*,*,#5973,.T.);
#3869=ORIENTED_EDGE('',*,*,#5974,.T.);
#3870=ORIENTED_EDGE('',*,*,#5975,.T.);
#3871=ORIENTED_EDGE('',*,*,#4606,.F.);
#3872=ORIENTED_EDGE('',*,*,#5976,.F.);
#3873=ORIENTED_EDGE('',*,*,#4842,.F.);
#3874=ORIENTED_EDGE('',*,*,#5973,.F.);
#3875=ORIENTED_EDGE('',*,*,#4844,.F.);
#3876=ORIENTED_EDGE('',*,*,#5977,.F.);
#3877=ORIENTED_EDGE('',*,*,#4604,.F.);
#3878=ORIENTED_EDGE('',*,*,#5969,.F.);
#3879=ORIENTED_EDGE('',*,*,#4605,.T.);
#3880=ORIENTED_EDGE('',*,*,#5977,.T.);
#3881=ORIENTED_EDGE('',*,*,#4843,.F.);
#3882=ORIENTED_EDGE('',*,*,#5976,.T.);
#3883=ORIENTED_EDGE('',*,*,#5978,.F.);
#3884=ORIENTED_EDGE('',*,*,#5979,.T.);
#3885=ORIENTED_EDGE('',*,*,#5980,.T.);
#3886=ORIENTED_EDGE('',*,*,#5305,.T.);
#3887=ORIENTED_EDGE('',*,*,#4609,.T.);
#3888=ORIENTED_EDGE('',*,*,#5981,.T.);
#3889=ORIENTED_EDGE('',*,*,#5295,.F.);
#3890=ORIENTED_EDGE('',*,*,#5982,.T.);
#3891=ORIENTED_EDGE('',*,*,#5296,.F.);
#3892=ORIENTED_EDGE('',*,*,#5981,.F.);
#3893=ORIENTED_EDGE('',*,*,#4608,.F.);
#3894=ORIENTED_EDGE('',*,*,#5975,.F.);
#3895=ORIENTED_EDGE('',*,*,#4610,.F.);
#3896=ORIENTED_EDGE('',*,*,#5982,.F.);
#3897=ORIENTED_EDGE('',*,*,#5294,.F.);
#3898=ORIENTED_EDGE('',*,*,#5979,.F.);
#3899=ORIENTED_EDGE('',*,*,#4381,.F.);
#3900=ORIENTED_EDGE('',*,*,#5983,.T.);
#3901=ORIENTED_EDGE('',*,*,#5984,.T.);
#3902=ORIENTED_EDGE('',*,*,#5985,.T.);
#3903=ORIENTED_EDGE('',*,*,#5986,.T.);
#3904=ORIENTED_EDGE('',*,*,#5297,.F.);
#3905=ORIENTED_EDGE('',*,*,#5986,.F.);
#3906=ORIENTED_EDGE('',*,*,#5987,.T.);
#3907=ORIENTED_EDGE('',*,*,#5985,.F.);
#3908=ORIENTED_EDGE('',*,*,#5988,.T.);
#3909=ORIENTED_EDGE('',*,*,#5984,.F.);
#3910=ORIENTED_EDGE('',*,*,#5989,.T.);
#3911=ORIENTED_EDGE('',*,*,#5983,.F.);
#3912=ORIENTED_EDGE('',*,*,#5990,.T.);
#3913=ORIENTED_EDGE('',*,*,#5298,.T.);
#3914=ORIENTED_EDGE('',*,*,#5638,.F.);
#3915=ORIENTED_EDGE('',*,*,#5065,.F.);
#3916=ORIENTED_EDGE('',*,*,#5632,.F.);
#3917=ORIENTED_EDGE('',*,*,#5069,.F.);
#3918=ORIENTED_EDGE('',*,*,#5626,.F.);
#3919=ORIENTED_EDGE('',*,*,#5073,.F.);
#3920=ORIENTED_EDGE('',*,*,#5620,.F.);
#3921=ORIENTED_EDGE('',*,*,#5077,.F.);
#3922=ORIENTED_EDGE('',*,*,#5614,.F.);
#3923=ORIENTED_EDGE('',*,*,#5081,.F.);
#3924=ORIENTED_EDGE('',*,*,#5608,.F.);
#3925=ORIENTED_EDGE('',*,*,#5085,.F.);
#3926=ORIENTED_EDGE('',*,*,#5602,.F.);
#3927=ORIENTED_EDGE('',*,*,#5089,.F.);
#3928=ORIENTED_EDGE('',*,*,#5596,.F.);
#3929=ORIENTED_EDGE('',*,*,#5093,.F.);
#3930=ORIENTED_EDGE('',*,*,#5590,.F.);
#3931=ORIENTED_EDGE('',*,*,#5097,.F.);
#3932=ORIENTED_EDGE('',*,*,#5584,.F.);
#3933=ORIENTED_EDGE('',*,*,#5101,.F.);
#3934=ORIENTED_EDGE('',*,*,#5578,.F.);
#3935=ORIENTED_EDGE('',*,*,#5105,.F.);
#3936=ORIENTED_EDGE('',*,*,#5572,.F.);
#3937=ORIENTED_EDGE('',*,*,#5109,.F.);
#3938=ORIENTED_EDGE('',*,*,#5566,.F.);
#3939=ORIENTED_EDGE('',*,*,#5113,.F.);
#3940=ORIENTED_EDGE('',*,*,#5560,.F.);
#3941=ORIENTED_EDGE('',*,*,#5117,.F.);
#3942=ORIENTED_EDGE('',*,*,#5554,.F.);
#3943=ORIENTED_EDGE('',*,*,#5121,.F.);
#3944=ORIENTED_EDGE('',*,*,#5548,.F.);
#3945=ORIENTED_EDGE('',*,*,#5125,.F.);
#3946=ORIENTED_EDGE('',*,*,#5542,.F.);
#3947=ORIENTED_EDGE('',*,*,#5129,.F.);
#3948=ORIENTED_EDGE('',*,*,#5536,.F.);
#3949=ORIENTED_EDGE('',*,*,#5133,.F.);
#3950=ORIENTED_EDGE('',*,*,#5530,.F.);
#3951=ORIENTED_EDGE('',*,*,#5137,.F.);
#3952=ORIENTED_EDGE('',*,*,#5524,.F.);
#3953=ORIENTED_EDGE('',*,*,#5141,.F.);
#3954=ORIENTED_EDGE('',*,*,#5518,.F.);
#3955=ORIENTED_EDGE('',*,*,#5145,.F.);
#3956=ORIENTED_EDGE('',*,*,#5512,.F.);
#3957=ORIENTED_EDGE('',*,*,#5149,.F.);
#3958=ORIENTED_EDGE('',*,*,#5506,.F.);
#3959=ORIENTED_EDGE('',*,*,#5153,.F.);
#3960=ORIENTED_EDGE('',*,*,#5500,.F.);
#3961=ORIENTED_EDGE('',*,*,#5157,.F.);
#3962=ORIENTED_EDGE('',*,*,#5494,.F.);
#3963=ORIENTED_EDGE('',*,*,#5161,.F.);
#3964=ORIENTED_EDGE('',*,*,#5488,.F.);
#3965=ORIENTED_EDGE('',*,*,#5165,.F.);
#3966=ORIENTED_EDGE('',*,*,#5482,.F.);
#3967=ORIENTED_EDGE('',*,*,#5169,.F.);
#3968=ORIENTED_EDGE('',*,*,#5476,.F.);
#3969=ORIENTED_EDGE('',*,*,#5173,.F.);
#3970=ORIENTED_EDGE('',*,*,#5470,.F.);
#3971=ORIENTED_EDGE('',*,*,#5177,.F.);
#3972=ORIENTED_EDGE('',*,*,#5464,.F.);
#3973=ORIENTED_EDGE('',*,*,#5181,.F.);
#3974=ORIENTED_EDGE('',*,*,#5458,.F.);
#3975=ORIENTED_EDGE('',*,*,#5185,.F.);
#3976=ORIENTED_EDGE('',*,*,#5452,.F.);
#3977=ORIENTED_EDGE('',*,*,#5189,.F.);
#3978=ORIENTED_EDGE('',*,*,#5446,.F.);
#3979=ORIENTED_EDGE('',*,*,#5193,.F.);
#3980=ORIENTED_EDGE('',*,*,#5440,.F.);
#3981=ORIENTED_EDGE('',*,*,#5197,.F.);
#3982=ORIENTED_EDGE('',*,*,#5434,.F.);
#3983=ORIENTED_EDGE('',*,*,#5201,.F.);
#3984=ORIENTED_EDGE('',*,*,#5428,.F.);
#3985=ORIENTED_EDGE('',*,*,#5205,.F.);
#3986=ORIENTED_EDGE('',*,*,#5422,.F.);
#3987=ORIENTED_EDGE('',*,*,#5209,.F.);
#3988=ORIENTED_EDGE('',*,*,#5416,.F.);
#3989=ORIENTED_EDGE('',*,*,#5213,.F.);
#3990=ORIENTED_EDGE('',*,*,#5410,.F.);
#3991=ORIENTED_EDGE('',*,*,#5217,.F.);
#3992=ORIENTED_EDGE('',*,*,#5404,.F.);
#3993=ORIENTED_EDGE('',*,*,#5221,.F.);
#3994=ORIENTED_EDGE('',*,*,#5398,.F.);
#3995=ORIENTED_EDGE('',*,*,#5225,.F.);
#3996=ORIENTED_EDGE('',*,*,#5392,.F.);
#3997=ORIENTED_EDGE('',*,*,#5229,.F.);
#3998=ORIENTED_EDGE('',*,*,#5386,.F.);
#3999=ORIENTED_EDGE('',*,*,#5233,.F.);
#4000=ORIENTED_EDGE('',*,*,#5380,.F.);
#4001=ORIENTED_EDGE('',*,*,#5237,.F.);
#4002=ORIENTED_EDGE('',*,*,#5374,.F.);
#4003=ORIENTED_EDGE('',*,*,#5241,.F.);
#4004=ORIENTED_EDGE('',*,*,#5368,.F.);
#4005=ORIENTED_EDGE('',*,*,#5245,.F.);
#4006=ORIENTED_EDGE('',*,*,#5362,.F.);
#4007=ORIENTED_EDGE('',*,*,#5249,.F.);
#4008=ORIENTED_EDGE('',*,*,#5356,.F.);
#4009=ORIENTED_EDGE('',*,*,#5253,.F.);
#4010=ORIENTED_EDGE('',*,*,#5350,.F.);
#4011=ORIENTED_EDGE('',*,*,#5257,.F.);
#4012=ORIENTED_EDGE('',*,*,#5344,.F.);
#4013=ORIENTED_EDGE('',*,*,#5261,.F.);
#4014=ORIENTED_EDGE('',*,*,#5338,.F.);
#4015=ORIENTED_EDGE('',*,*,#5265,.F.);
#4016=ORIENTED_EDGE('',*,*,#5332,.F.);
#4017=ORIENTED_EDGE('',*,*,#5269,.F.);
#4018=ORIENTED_EDGE('',*,*,#5326,.F.);
#4019=ORIENTED_EDGE('',*,*,#5273,.F.);
#4020=ORIENTED_EDGE('',*,*,#5320,.F.);
#4021=ORIENTED_EDGE('',*,*,#5277,.F.);
#4022=ORIENTED_EDGE('',*,*,#5314,.F.);
#4023=ORIENTED_EDGE('',*,*,#5281,.F.);
#4024=ORIENTED_EDGE('',*,*,#5308,.F.);
#4025=ORIENTED_EDGE('',*,*,#5285,.F.);
#4026=ORIENTED_EDGE('',*,*,#5301,.F.);
#4027=ORIENTED_EDGE('',*,*,#5289,.F.);
#4028=ORIENTED_EDGE('',*,*,#5980,.F.);
#4029=ORIENTED_EDGE('',*,*,#5293,.F.);
#4030=ORIENTED_EDGE('',*,*,#5974,.F.);
#4031=ORIENTED_EDGE('',*,*,#4841,.F.);
#4032=ORIENTED_EDGE('',*,*,#5968,.F.);
#4033=ORIENTED_EDGE('',*,*,#4845,.F.);
#4034=ORIENTED_EDGE('',*,*,#5962,.F.);
#4035=ORIENTED_EDGE('',*,*,#4849,.F.);
#4036=ORIENTED_EDGE('',*,*,#5956,.F.);
#4037=ORIENTED_EDGE('',*,*,#4853,.F.);
#4038=ORIENTED_EDGE('',*,*,#5950,.F.);
#4039=ORIENTED_EDGE('',*,*,#4857,.F.);
#4040=ORIENTED_EDGE('',*,*,#5944,.F.);
#4041=ORIENTED_EDGE('',*,*,#4861,.F.);
#4042=ORIENTED_EDGE('',*,*,#5938,.F.);
#4043=ORIENTED_EDGE('',*,*,#4865,.F.);
#4044=ORIENTED_EDGE('',*,*,#5932,.F.);
#4045=ORIENTED_EDGE('',*,*,#4869,.F.);
#4046=ORIENTED_EDGE('',*,*,#5926,.F.);
#4047=ORIENTED_EDGE('',*,*,#4873,.F.);
#4048=ORIENTED_EDGE('',*,*,#5920,.F.);
#4049=ORIENTED_EDGE('',*,*,#4877,.F.);
#4050=ORIENTED_EDGE('',*,*,#5914,.F.);
#4051=ORIENTED_EDGE('',*,*,#4881,.F.);
#4052=ORIENTED_EDGE('',*,*,#5908,.F.);
#4053=ORIENTED_EDGE('',*,*,#4885,.F.);
#4054=ORIENTED_EDGE('',*,*,#5902,.F.);
#4055=ORIENTED_EDGE('',*,*,#4889,.F.);
#4056=ORIENTED_EDGE('',*,*,#5896,.F.);
#4057=ORIENTED_EDGE('',*,*,#4893,.F.);
#4058=ORIENTED_EDGE('',*,*,#5890,.F.);
#4059=ORIENTED_EDGE('',*,*,#4897,.F.);
#4060=ORIENTED_EDGE('',*,*,#5884,.F.);
#4061=ORIENTED_EDGE('',*,*,#4901,.F.);
#4062=ORIENTED_EDGE('',*,*,#5878,.F.);
#4063=ORIENTED_EDGE('',*,*,#4905,.F.);
#4064=ORIENTED_EDGE('',*,*,#5872,.F.);
#4065=ORIENTED_EDGE('',*,*,#4909,.F.);
#4066=ORIENTED_EDGE('',*,*,#5866,.F.);
#4067=ORIENTED_EDGE('',*,*,#4913,.F.);
#4068=ORIENTED_EDGE('',*,*,#5860,.F.);
#4069=ORIENTED_EDGE('',*,*,#4917,.F.);
#4070=ORIENTED_EDGE('',*,*,#5854,.F.);
#4071=ORIENTED_EDGE('',*,*,#4921,.F.);
#4072=ORIENTED_EDGE('',*,*,#5848,.F.);
#4073=ORIENTED_EDGE('',*,*,#4925,.F.);
#4074=ORIENTED_EDGE('',*,*,#5842,.F.);
#4075=ORIENTED_EDGE('',*,*,#4929,.F.);
#4076=ORIENTED_EDGE('',*,*,#5836,.F.);
#4077=ORIENTED_EDGE('',*,*,#4933,.F.);
#4078=ORIENTED_EDGE('',*,*,#5830,.F.);
#4079=ORIENTED_EDGE('',*,*,#4937,.F.);
#4080=ORIENTED_EDGE('',*,*,#5824,.F.);
#4081=ORIENTED_EDGE('',*,*,#4941,.F.);
#4082=ORIENTED_EDGE('',*,*,#5818,.F.);
#4083=ORIENTED_EDGE('',*,*,#4945,.F.);
#4084=ORIENTED_EDGE('',*,*,#5812,.F.);
#4085=ORIENTED_EDGE('',*,*,#4949,.F.);
#4086=ORIENTED_EDGE('',*,*,#5806,.F.);
#4087=ORIENTED_EDGE('',*,*,#4953,.F.);
#4088=ORIENTED_EDGE('',*,*,#5800,.F.);
#4089=ORIENTED_EDGE('',*,*,#4957,.F.);
#4090=ORIENTED_EDGE('',*,*,#5794,.F.);
#4091=ORIENTED_EDGE('',*,*,#4961,.F.);
#4092=ORIENTED_EDGE('',*,*,#5788,.F.);
#4093=ORIENTED_EDGE('',*,*,#4965,.F.);
#4094=ORIENTED_EDGE('',*,*,#5782,.F.);
#4095=ORIENTED_EDGE('',*,*,#4969,.F.);
#4096=ORIENTED_EDGE('',*,*,#5776,.F.);
#4097=ORIENTED_EDGE('',*,*,#4973,.F.);
#4098=ORIENTED_EDGE('',*,*,#5770,.F.);
#4099=ORIENTED_EDGE('',*,*,#4977,.F.);
#4100=ORIENTED_EDGE('',*,*,#5764,.F.);
#4101=ORIENTED_EDGE('',*,*,#4981,.F.);
#4102=ORIENTED_EDGE('',*,*,#5758,.F.);
#4103=ORIENTED_EDGE('',*,*,#4985,.F.);
#4104=ORIENTED_EDGE('',*,*,#5752,.F.);
#4105=ORIENTED_EDGE('',*,*,#4989,.F.);
#4106=ORIENTED_EDGE('',*,*,#5746,.F.);
#4107=ORIENTED_EDGE('',*,*,#4993,.F.);
#4108=ORIENTED_EDGE('',*,*,#5740,.F.);
#4109=ORIENTED_EDGE('',*,*,#4997,.F.);
#4110=ORIENTED_EDGE('',*,*,#5734,.F.);
#4111=ORIENTED_EDGE('',*,*,#5001,.F.);
#4112=ORIENTED_EDGE('',*,*,#5728,.F.);
#4113=ORIENTED_EDGE('',*,*,#5005,.F.);
#4114=ORIENTED_EDGE('',*,*,#5722,.F.);
#4115=ORIENTED_EDGE('',*,*,#5009,.F.);
#4116=ORIENTED_EDGE('',*,*,#5716,.F.);
#4117=ORIENTED_EDGE('',*,*,#5013,.F.);
#4118=ORIENTED_EDGE('',*,*,#5710,.F.);
#4119=ORIENTED_EDGE('',*,*,#5017,.F.);
#4120=ORIENTED_EDGE('',*,*,#5704,.F.);
#4121=ORIENTED_EDGE('',*,*,#5021,.F.);
#4122=ORIENTED_EDGE('',*,*,#5698,.F.);
#4123=ORIENTED_EDGE('',*,*,#5025,.F.);
#4124=ORIENTED_EDGE('',*,*,#5692,.F.);
#4125=ORIENTED_EDGE('',*,*,#5029,.F.);
#4126=ORIENTED_EDGE('',*,*,#5686,.F.);
#4127=ORIENTED_EDGE('',*,*,#5033,.F.);
#4128=ORIENTED_EDGE('',*,*,#5680,.F.);
#4129=ORIENTED_EDGE('',*,*,#5037,.F.);
#4130=ORIENTED_EDGE('',*,*,#5674,.F.);
#4131=ORIENTED_EDGE('',*,*,#5041,.F.);
#4132=ORIENTED_EDGE('',*,*,#5668,.F.);
#4133=ORIENTED_EDGE('',*,*,#5045,.F.);
#4134=ORIENTED_EDGE('',*,*,#5662,.F.);
#4135=ORIENTED_EDGE('',*,*,#5049,.F.);
#4136=ORIENTED_EDGE('',*,*,#5656,.F.);
#4137=ORIENTED_EDGE('',*,*,#5053,.F.);
#4138=ORIENTED_EDGE('',*,*,#5650,.F.);
#4139=ORIENTED_EDGE('',*,*,#5057,.F.);
#4140=ORIENTED_EDGE('',*,*,#5644,.F.);
#4141=ORIENTED_EDGE('',*,*,#5061,.F.);
#4142=ORIENTED_EDGE('',*,*,#4839,.F.);
#4143=ORIENTED_EDGE('',*,*,#5636,.T.);
#4144=ORIENTED_EDGE('',*,*,#4383,.T.);
#4145=ORIENTED_EDGE('',*,*,#5642,.T.);
#4146=ORIENTED_EDGE('',*,*,#4387,.T.);
#4147=ORIENTED_EDGE('',*,*,#5648,.T.);
#4148=ORIENTED_EDGE('',*,*,#4391,.T.);
#4149=ORIENTED_EDGE('',*,*,#5654,.T.);
#4150=ORIENTED_EDGE('',*,*,#4395,.T.);
#4151=ORIENTED_EDGE('',*,*,#5660,.T.);
#4152=ORIENTED_EDGE('',*,*,#4399,.T.);
#4153=ORIENTED_EDGE('',*,*,#5666,.T.);
#4154=ORIENTED_EDGE('',*,*,#4403,.T.);
#4155=ORIENTED_EDGE('',*,*,#5672,.T.);
#4156=ORIENTED_EDGE('',*,*,#4407,.T.);
#4157=ORIENTED_EDGE('',*,*,#5678,.T.);
#4158=ORIENTED_EDGE('',*,*,#4411,.T.);
#4159=ORIENTED_EDGE('',*,*,#5684,.T.);
#4160=ORIENTED_EDGE('',*,*,#4415,.T.);
#4161=ORIENTED_EDGE('',*,*,#5690,.T.);
#4162=ORIENTED_EDGE('',*,*,#4419,.T.);
#4163=ORIENTED_EDGE('',*,*,#5696,.T.);
#4164=ORIENTED_EDGE('',*,*,#4423,.T.);
#4165=ORIENTED_EDGE('',*,*,#5702,.T.);
#4166=ORIENTED_EDGE('',*,*,#4427,.T.);
#4167=ORIENTED_EDGE('',*,*,#5708,.T.);
#4168=ORIENTED_EDGE('',*,*,#4431,.T.);
#4169=ORIENTED_EDGE('',*,*,#5714,.T.);
#4170=ORIENTED_EDGE('',*,*,#4435,.T.);
#4171=ORIENTED_EDGE('',*,*,#5720,.T.);
#4172=ORIENTED_EDGE('',*,*,#4439,.T.);
#4173=ORIENTED_EDGE('',*,*,#5726,.T.);
#4174=ORIENTED_EDGE('',*,*,#4443,.T.);
#4175=ORIENTED_EDGE('',*,*,#5732,.T.);
#4176=ORIENTED_EDGE('',*,*,#4447,.T.);
#4177=ORIENTED_EDGE('',*,*,#5738,.T.);
#4178=ORIENTED_EDGE('',*,*,#4451,.T.);
#4179=ORIENTED_EDGE('',*,*,#5744,.T.);
#4180=ORIENTED_EDGE('',*,*,#4455,.T.);
#4181=ORIENTED_EDGE('',*,*,#5750,.T.);
#4182=ORIENTED_EDGE('',*,*,#4459,.T.);
#4183=ORIENTED_EDGE('',*,*,#5756,.T.);
#4184=ORIENTED_EDGE('',*,*,#4463,.T.);
#4185=ORIENTED_EDGE('',*,*,#5762,.T.);
#4186=ORIENTED_EDGE('',*,*,#4467,.T.);
#4187=ORIENTED_EDGE('',*,*,#5768,.T.);
#4188=ORIENTED_EDGE('',*,*,#4471,.T.);
#4189=ORIENTED_EDGE('',*,*,#5774,.T.);
#4190=ORIENTED_EDGE('',*,*,#4475,.T.);
#4191=ORIENTED_EDGE('',*,*,#5780,.T.);
#4192=ORIENTED_EDGE('',*,*,#4479,.T.);
#4193=ORIENTED_EDGE('',*,*,#5786,.T.);
#4194=ORIENTED_EDGE('',*,*,#4483,.T.);
#4195=ORIENTED_EDGE('',*,*,#5792,.T.);
#4196=ORIENTED_EDGE('',*,*,#4487,.T.);
#4197=ORIENTED_EDGE('',*,*,#5798,.T.);
#4198=ORIENTED_EDGE('',*,*,#4491,.T.);
#4199=ORIENTED_EDGE('',*,*,#5804,.T.);
#4200=ORIENTED_EDGE('',*,*,#4495,.T.);
#4201=ORIENTED_EDGE('',*,*,#5810,.T.);
#4202=ORIENTED_EDGE('',*,*,#4499,.T.);
#4203=ORIENTED_EDGE('',*,*,#5816,.T.);
#4204=ORIENTED_EDGE('',*,*,#4503,.T.);
#4205=ORIENTED_EDGE('',*,*,#5822,.T.);
#4206=ORIENTED_EDGE('',*,*,#4507,.T.);
#4207=ORIENTED_EDGE('',*,*,#5828,.T.);
#4208=ORIENTED_EDGE('',*,*,#4511,.T.);
#4209=ORIENTED_EDGE('',*,*,#5834,.T.);
#4210=ORIENTED_EDGE('',*,*,#4515,.T.);
#4211=ORIENTED_EDGE('',*,*,#5840,.T.);
#4212=ORIENTED_EDGE('',*,*,#4519,.T.);
#4213=ORIENTED_EDGE('',*,*,#5846,.T.);
#4214=ORIENTED_EDGE('',*,*,#4523,.T.);
#4215=ORIENTED_EDGE('',*,*,#5852,.T.);
#4216=ORIENTED_EDGE('',*,*,#4527,.T.);
#4217=ORIENTED_EDGE('',*,*,#5858,.T.);
#4218=ORIENTED_EDGE('',*,*,#4531,.T.);
#4219=ORIENTED_EDGE('',*,*,#5864,.T.);
#4220=ORIENTED_EDGE('',*,*,#4535,.T.);
#4221=ORIENTED_EDGE('',*,*,#5870,.T.);
#4222=ORIENTED_EDGE('',*,*,#4539,.T.);
#4223=ORIENTED_EDGE('',*,*,#5876,.T.);
#4224=ORIENTED_EDGE('',*,*,#4543,.T.);
#4225=ORIENTED_EDGE('',*,*,#5882,.T.);
#4226=ORIENTED_EDGE('',*,*,#4547,.T.);
#4227=ORIENTED_EDGE('',*,*,#5888,.T.);
#4228=ORIENTED_EDGE('',*,*,#4551,.T.);
#4229=ORIENTED_EDGE('',*,*,#5894,.T.);
#4230=ORIENTED_EDGE('',*,*,#4555,.T.);
#4231=ORIENTED_EDGE('',*,*,#5900,.T.);
#4232=ORIENTED_EDGE('',*,*,#4559,.T.);
#4233=ORIENTED_EDGE('',*,*,#5906,.T.);
#4234=ORIENTED_EDGE('',*,*,#4563,.T.);
#4235=ORIENTED_EDGE('',*,*,#5912,.T.);
#4236=ORIENTED_EDGE('',*,*,#4567,.T.);
#4237=ORIENTED_EDGE('',*,*,#5918,.T.);
#4238=ORIENTED_EDGE('',*,*,#4571,.T.);
#4239=ORIENTED_EDGE('',*,*,#5924,.T.);
#4240=ORIENTED_EDGE('',*,*,#4575,.T.);
#4241=ORIENTED_EDGE('',*,*,#5930,.T.);
#4242=ORIENTED_EDGE('',*,*,#4579,.T.);
#4243=ORIENTED_EDGE('',*,*,#5936,.T.);
#4244=ORIENTED_EDGE('',*,*,#4583,.T.);
#4245=ORIENTED_EDGE('',*,*,#5942,.T.);
#4246=ORIENTED_EDGE('',*,*,#4587,.T.);
#4247=ORIENTED_EDGE('',*,*,#5948,.T.);
#4248=ORIENTED_EDGE('',*,*,#4591,.T.);
#4249=ORIENTED_EDGE('',*,*,#5954,.T.);
#4250=ORIENTED_EDGE('',*,*,#4595,.T.);
#4251=ORIENTED_EDGE('',*,*,#5960,.T.);
#4252=ORIENTED_EDGE('',*,*,#4599,.T.);
#4253=ORIENTED_EDGE('',*,*,#5966,.T.);
#4254=ORIENTED_EDGE('',*,*,#4603,.T.);
#4255=ORIENTED_EDGE('',*,*,#5972,.T.);
#4256=ORIENTED_EDGE('',*,*,#4607,.T.);
#4257=ORIENTED_EDGE('',*,*,#5978,.T.);
#4258=ORIENTED_EDGE('',*,*,#4611,.T.);
#4259=ORIENTED_EDGE('',*,*,#5299,.T.);
#4260=ORIENTED_EDGE('',*,*,#4615,.T.);
#4261=ORIENTED_EDGE('',*,*,#5306,.T.);
#4262=ORIENTED_EDGE('',*,*,#4619,.T.);
#4263=ORIENTED_EDGE('',*,*,#5312,.T.);
#4264=ORIENTED_EDGE('',*,*,#4623,.T.);
#4265=ORIENTED_EDGE('',*,*,#5318,.T.);
#4266=ORIENTED_EDGE('',*,*,#4627,.T.);
#4267=ORIENTED_EDGE('',*,*,#5324,.T.);
#4268=ORIENTED_EDGE('',*,*,#4631,.T.);
#4269=ORIENTED_EDGE('',*,*,#5330,.T.);
#4270=ORIENTED_EDGE('',*,*,#4635,.T.);
#4271=ORIENTED_EDGE('',*,*,#5336,.T.);
#4272=ORIENTED_EDGE('',*,*,#4639,.T.);
#4273=ORIENTED_EDGE('',*,*,#5342,.T.);
#4274=ORIENTED_EDGE('',*,*,#4643,.T.);
#4275=ORIENTED_EDGE('',*,*,#5348,.T.);
#4276=ORIENTED_EDGE('',*,*,#4647,.T.);
#4277=ORIENTED_EDGE('',*,*,#5354,.T.);
#4278=ORIENTED_EDGE('',*,*,#4651,.T.);
#4279=ORIENTED_EDGE('',*,*,#5360,.T.);
#4280=ORIENTED_EDGE('',*,*,#4655,.T.);
#4281=ORIENTED_EDGE('',*,*,#5366,.T.);
#4282=ORIENTED_EDGE('',*,*,#4659,.T.);
#4283=ORIENTED_EDGE('',*,*,#5372,.T.);
#4284=ORIENTED_EDGE('',*,*,#4663,.T.);
#4285=ORIENTED_EDGE('',*,*,#5378,.T.);
#4286=ORIENTED_EDGE('',*,*,#4667,.T.);
#4287=ORIENTED_EDGE('',*,*,#5384,.T.);
#4288=ORIENTED_EDGE('',*,*,#4671,.T.);
#4289=ORIENTED_EDGE('',*,*,#5390,.T.);
#4290=ORIENTED_EDGE('',*,*,#4675,.T.);
#4291=ORIENTED_EDGE('',*,*,#5396,.T.);
#4292=ORIENTED_EDGE('',*,*,#4679,.T.);
#4293=ORIENTED_EDGE('',*,*,#5402,.T.);
#4294=ORIENTED_EDGE('',*,*,#4683,.T.);
#4295=ORIENTED_EDGE('',*,*,#5408,.T.);
#4296=ORIENTED_EDGE('',*,*,#4687,.T.);
#4297=ORIENTED_EDGE('',*,*,#5414,.T.);
#4298=ORIENTED_EDGE('',*,*,#4691,.T.);
#4299=ORIENTED_EDGE('',*,*,#5420,.T.);
#4300=ORIENTED_EDGE('',*,*,#4695,.T.);
#4301=ORIENTED_EDGE('',*,*,#5426,.T.);
#4302=ORIENTED_EDGE('',*,*,#4699,.T.);
#4303=ORIENTED_EDGE('',*,*,#5432,.T.);
#4304=ORIENTED_EDGE('',*,*,#4703,.T.);
#4305=ORIENTED_EDGE('',*,*,#5438,.T.);
#4306=ORIENTED_EDGE('',*,*,#4707,.T.);
#4307=ORIENTED_EDGE('',*,*,#5444,.T.);
#4308=ORIENTED_EDGE('',*,*,#4711,.T.);
#4309=ORIENTED_EDGE('',*,*,#5450,.T.);
#4310=ORIENTED_EDGE('',*,*,#4715,.T.);
#4311=ORIENTED_EDGE('',*,*,#5456,.T.);
#4312=ORIENTED_EDGE('',*,*,#4719,.T.);
#4313=ORIENTED_EDGE('',*,*,#5462,.T.);
#4314=ORIENTED_EDGE('',*,*,#4723,.T.);
#4315=ORIENTED_EDGE('',*,*,#5468,.T.);
#4316=ORIENTED_EDGE('',*,*,#4727,.T.);
#4317=ORIENTED_EDGE('',*,*,#5474,.T.);
#4318=ORIENTED_EDGE('',*,*,#4731,.T.);
#4319=ORIENTED_EDGE('',*,*,#5480,.T.);
#4320=ORIENTED_EDGE('',*,*,#4735,.T.);
#4321=ORIENTED_EDGE('',*,*,#5486,.T.);
#4322=ORIENTED_EDGE('',*,*,#4739,.T.);
#4323=ORIENTED_EDGE('',*,*,#5492,.T.);
#4324=ORIENTED_EDGE('',*,*,#4743,.T.);
#4325=ORIENTED_EDGE('',*,*,#5498,.T.);
#4326=ORIENTED_EDGE('',*,*,#4747,.T.);
#4327=ORIENTED_EDGE('',*,*,#5504,.T.);
#4328=ORIENTED_EDGE('',*,*,#4751,.T.);
#4329=ORIENTED_EDGE('',*,*,#5510,.T.);
#4330=ORIENTED_EDGE('',*,*,#4755,.T.);
#4331=ORIENTED_EDGE('',*,*,#5516,.T.);
#4332=ORIENTED_EDGE('',*,*,#4759,.T.);
#4333=ORIENTED_EDGE('',*,*,#5522,.T.);
#4334=ORIENTED_EDGE('',*,*,#4763,.T.);
#4335=ORIENTED_EDGE('',*,*,#5528,.T.);
#4336=ORIENTED_EDGE('',*,*,#4767,.T.);
#4337=ORIENTED_EDGE('',*,*,#5534,.T.);
#4338=ORIENTED_EDGE('',*,*,#4771,.T.);
#4339=ORIENTED_EDGE('',*,*,#5540,.T.);
#4340=ORIENTED_EDGE('',*,*,#4775,.T.);
#4341=ORIENTED_EDGE('',*,*,#5546,.T.);
#4342=ORIENTED_EDGE('',*,*,#4779,.T.);
#4343=ORIENTED_EDGE('',*,*,#5552,.T.);
#4344=ORIENTED_EDGE('',*,*,#4783,.T.);
#4345=ORIENTED_EDGE('',*,*,#5558,.T.);
#4346=ORIENTED_EDGE('',*,*,#4787,.T.);
#4347=ORIENTED_EDGE('',*,*,#5564,.T.);
#4348=ORIENTED_EDGE('',*,*,#4791,.T.);
#4349=ORIENTED_EDGE('',*,*,#5570,.T.);
#4350=ORIENTED_EDGE('',*,*,#4795,.T.);
#4351=ORIENTED_EDGE('',*,*,#5576,.T.);
#4352=ORIENTED_EDGE('',*,*,#4799,.T.);
#4353=ORIENTED_EDGE('',*,*,#5582,.T.);
#4354=ORIENTED_EDGE('',*,*,#4803,.T.);
#4355=ORIENTED_EDGE('',*,*,#5588,.T.);
#4356=ORIENTED_EDGE('',*,*,#4807,.T.);
#4357=ORIENTED_EDGE('',*,*,#5594,.T.);
#4358=ORIENTED_EDGE('',*,*,#4811,.T.);
#4359=ORIENTED_EDGE('',*,*,#5600,.T.);
#4360=ORIENTED_EDGE('',*,*,#4815,.T.);
#4361=ORIENTED_EDGE('',*,*,#5606,.T.);
#4362=ORIENTED_EDGE('',*,*,#4819,.T.);
#4363=ORIENTED_EDGE('',*,*,#5612,.T.);
#4364=ORIENTED_EDGE('',*,*,#4823,.T.);
#4365=ORIENTED_EDGE('',*,*,#5618,.T.);
#4366=ORIENTED_EDGE('',*,*,#4827,.T.);
#4367=ORIENTED_EDGE('',*,*,#5624,.T.);
#4368=ORIENTED_EDGE('',*,*,#4831,.T.);
#4369=ORIENTED_EDGE('',*,*,#5630,.T.);
#4370=ORIENTED_EDGE('',*,*,#4835,.T.);
#4371=ORIENTED_EDGE('',*,*,#5990,.F.);
#4372=ORIENTED_EDGE('',*,*,#5989,.F.);
#4373=ORIENTED_EDGE('',*,*,#5988,.F.);
#4374=ORIENTED_EDGE('',*,*,#5987,.F.);
#4375=ORIENTED_EDGE('',*,*,#4840,.T.);
#4376=ORIENTED_EDGE('',*,*,#5991,.F.);
#4377=ORIENTED_EDGE('',*,*,#5992,.F.);
#4378=ORIENTED_EDGE('',*,*,#5991,.T.);
#4379=ORIENTED_EDGE('',*,*,#5992,.T.);
#4380=ORIENTED_EDGE('',*,*,#4382,.T.);
#4381=EDGE_CURVE('',#5993,#5993,#6921,.T.);
#4382=EDGE_CURVE('',#5994,#5994,#6922,.F.);
#4383=EDGE_CURVE('',#5995,#5996,#6923,.T.);
#4384=EDGE_CURVE('',#5995,#5997,#6924,.T.);
#4385=EDGE_CURVE('',#5998,#5997,#6925,.T.);
#4386=EDGE_CURVE('',#5998,#5996,#6926,.T.);
#4387=EDGE_CURVE('',#5999,#6000,#6927,.T.);
#4388=EDGE_CURVE('',#5999,#6001,#6928,.T.);
#4389=EDGE_CURVE('',#6002,#6001,#6929,.T.);
#4390=EDGE_CURVE('',#6002,#6000,#6930,.T.);
#4391=EDGE_CURVE('',#6003,#6004,#6931,.T.);
#4392=EDGE_CURVE('',#6003,#6005,#6932,.T.);
#4393=EDGE_CURVE('',#6006,#6005,#6933,.T.);
#4394=EDGE_CURVE('',#6006,#6004,#6934,.T.);
#4395=EDGE_CURVE('',#6007,#6008,#6935,.T.);
#4396=EDGE_CURVE('',#6007,#6009,#6936,.T.);
#4397=EDGE_CURVE('',#6010,#6009,#6937,.T.);
#4398=EDGE_CURVE('',#6010,#6008,#6938,.T.);
#4399=EDGE_CURVE('',#6011,#6012,#6939,.T.);
#4400=EDGE_CURVE('',#6011,#6013,#6940,.T.);
#4401=EDGE_CURVE('',#6014,#6013,#6941,.T.);
#4402=EDGE_CURVE('',#6014,#6012,#6942,.T.);
#4403=EDGE_CURVE('',#6015,#6016,#6943,.T.);
#4404=EDGE_CURVE('',#6015,#6017,#6944,.T.);
#4405=EDGE_CURVE('',#6018,#6017,#6945,.T.);
#4406=EDGE_CURVE('',#6018,#6016,#6946,.T.);
#4407=EDGE_CURVE('',#6019,#6020,#6947,.T.);
#4408=EDGE_CURVE('',#6019,#6021,#6948,.T.);
#4409=EDGE_CURVE('',#6022,#6021,#6949,.T.);
#4410=EDGE_CURVE('',#6022,#6020,#6950,.T.);
#4411=EDGE_CURVE('',#6023,#6024,#6951,.T.);
#4412=EDGE_CURVE('',#6023,#6025,#6952,.T.);
#4413=EDGE_CURVE('',#6026,#6025,#6953,.T.);
#4414=EDGE_CURVE('',#6026,#6024,#6954,.T.);
#4415=EDGE_CURVE('',#6027,#6028,#6955,.T.);
#4416=EDGE_CURVE('',#6027,#6029,#6956,.T.);
#4417=EDGE_CURVE('',#6030,#6029,#6957,.T.);
#4418=EDGE_CURVE('',#6030,#6028,#6958,.T.);
#4419=EDGE_CURVE('',#6031,#6032,#6959,.T.);
#4420=EDGE_CURVE('',#6031,#6033,#6960,.T.);
#4421=EDGE_CURVE('',#6034,#6033,#6961,.T.);
#4422=EDGE_CURVE('',#6034,#6032,#6962,.T.);
#4423=EDGE_CURVE('',#6035,#6036,#6963,.T.);
#4424=EDGE_CURVE('',#6035,#6037,#6964,.T.);
#4425=EDGE_CURVE('',#6038,#6037,#6965,.T.);
#4426=EDGE_CURVE('',#6038,#6036,#6966,.T.);
#4427=EDGE_CURVE('',#6039,#6040,#6967,.T.);
#4428=EDGE_CURVE('',#6039,#6041,#6968,.T.);
#4429=EDGE_CURVE('',#6042,#6041,#6969,.T.);
#4430=EDGE_CURVE('',#6042,#6040,#6970,.T.);
#4431=EDGE_CURVE('',#6043,#6044,#6971,.T.);
#4432=EDGE_CURVE('',#6043,#6045,#6972,.T.);
#4433=EDGE_CURVE('',#6046,#6045,#6973,.T.);
#4434=EDGE_CURVE('',#6046,#6044,#6974,.T.);
#4435=EDGE_CURVE('',#6047,#6048,#6975,.T.);
#4436=EDGE_CURVE('',#6047,#6049,#6976,.T.);
#4437=EDGE_CURVE('',#6050,#6049,#6977,.T.);
#4438=EDGE_CURVE('',#6050,#6048,#6978,.T.);
#4439=EDGE_CURVE('',#6051,#6052,#6979,.T.);
#4440=EDGE_CURVE('',#6051,#6053,#6980,.T.);
#4441=EDGE_CURVE('',#6054,#6053,#6981,.T.);
#4442=EDGE_CURVE('',#6054,#6052,#6982,.T.);
#4443=EDGE_CURVE('',#6055,#6056,#6983,.T.);
#4444=EDGE_CURVE('',#6055,#6057,#6984,.T.);
#4445=EDGE_CURVE('',#6058,#6057,#6985,.T.);
#4446=EDGE_CURVE('',#6058,#6056,#6986,.T.);
#4447=EDGE_CURVE('',#6059,#6060,#6987,.T.);
#4448=EDGE_CURVE('',#6059,#6061,#6988,.T.);
#4449=EDGE_CURVE('',#6062,#6061,#6989,.T.);
#4450=EDGE_CURVE('',#6062,#6060,#6990,.T.);
#4451=EDGE_CURVE('',#6063,#6064,#6991,.T.);
#4452=EDGE_CURVE('',#6063,#6065,#6992,.T.);
#4453=EDGE_CURVE('',#6066,#6065,#6993,.T.);
#4454=EDGE_CURVE('',#6066,#6064,#6994,.T.);
#4455=EDGE_CURVE('',#6067,#6068,#6995,.T.);
#4456=EDGE_CURVE('',#6067,#6069,#6996,.T.);
#4457=EDGE_CURVE('',#6070,#6069,#6997,.T.);
#4458=EDGE_CURVE('',#6070,#6068,#6998,.T.);
#4459=EDGE_CURVE('',#6071,#6072,#6999,.T.);
#4460=EDGE_CURVE('',#6071,#6073,#7000,.T.);
#4461=EDGE_CURVE('',#6074,#6073,#7001,.T.);
#4462=EDGE_CURVE('',#6074,#6072,#7002,.T.);
#4463=EDGE_CURVE('',#6075,#6076,#7003,.T.);
#4464=EDGE_CURVE('',#6075,#6077,#7004,.T.);
#4465=EDGE_CURVE('',#6078,#6077,#7005,.T.);
#4466=EDGE_CURVE('',#6078,#6076,#7006,.T.);
#4467=EDGE_CURVE('',#6079,#6080,#7007,.T.);
#4468=EDGE_CURVE('',#6079,#6081,#7008,.T.);
#4469=EDGE_CURVE('',#6082,#6081,#7009,.T.);
#4470=EDGE_CURVE('',#6082,#6080,#7010,.T.);
#4471=EDGE_CURVE('',#6083,#6084,#7011,.T.);
#4472=EDGE_CURVE('',#6083,#6085,#7012,.T.);
#4473=EDGE_CURVE('',#6086,#6085,#7013,.T.);
#4474=EDGE_CURVE('',#6086,#6084,#7014,.T.);
#4475=EDGE_CURVE('',#6087,#6088,#7015,.T.);
#4476=EDGE_CURVE('',#6087,#6089,#7016,.T.);
#4477=EDGE_CURVE('',#6090,#6089,#7017,.T.);
#4478=EDGE_CURVE('',#6090,#6088,#7018,.T.);
#4479=EDGE_CURVE('',#6091,#6092,#7019,.T.);
#4480=EDGE_CURVE('',#6091,#6093,#7020,.T.);
#4481=EDGE_CURVE('',#6094,#6093,#7021,.T.);
#4482=EDGE_CURVE('',#6094,#6092,#7022,.T.);
#4483=EDGE_CURVE('',#6095,#6096,#7023,.T.);
#4484=EDGE_CURVE('',#6095,#6097,#7024,.T.);
#4485=EDGE_CURVE('',#6098,#6097,#7025,.T.);
#4486=EDGE_CURVE('',#6098,#6096,#7026,.T.);
#4487=EDGE_CURVE('',#6099,#6100,#7027,.T.);
#4488=EDGE_CURVE('',#6099,#6101,#7028,.T.);
#4489=EDGE_CURVE('',#6102,#6101,#7029,.T.);
#4490=EDGE_CURVE('',#6102,#6100,#7030,.T.);
#4491=EDGE_CURVE('',#6103,#6104,#7031,.T.);
#4492=EDGE_CURVE('',#6103,#6105,#7032,.T.);
#4493=EDGE_CURVE('',#6106,#6105,#7033,.T.);
#4494=EDGE_CURVE('',#6106,#6104,#7034,.T.);
#4495=EDGE_CURVE('',#6107,#6108,#7035,.T.);
#4496=EDGE_CURVE('',#6107,#6109,#7036,.T.);
#4497=EDGE_CURVE('',#6110,#6109,#7037,.T.);
#4498=EDGE_CURVE('',#6110,#6108,#7038,.T.);
#4499=EDGE_CURVE('',#6111,#6112,#7039,.T.);
#4500=EDGE_CURVE('',#6111,#6113,#7040,.T.);
#4501=EDGE_CURVE('',#6114,#6113,#7041,.T.);
#4502=EDGE_CURVE('',#6114,#6112,#7042,.T.);
#4503=EDGE_CURVE('',#6115,#6116,#7043,.T.);
#4504=EDGE_CURVE('',#6115,#6117,#7044,.T.);
#4505=EDGE_CURVE('',#6118,#6117,#7045,.T.);
#4506=EDGE_CURVE('',#6118,#6116,#7046,.T.);
#4507=EDGE_CURVE('',#6119,#6120,#7047,.T.);
#4508=EDGE_CURVE('',#6119,#6121,#7048,.T.);
#4509=EDGE_CURVE('',#6122,#6121,#7049,.T.);
#4510=EDGE_CURVE('',#6122,#6120,#7050,.T.);
#4511=EDGE_CURVE('',#6123,#6124,#7051,.T.);
#4512=EDGE_CURVE('',#6123,#6125,#7052,.T.);
#4513=EDGE_CURVE('',#6126,#6125,#7053,.T.);
#4514=EDGE_CURVE('',#6126,#6124,#7054,.T.);
#4515=EDGE_CURVE('',#6127,#6128,#7055,.T.);
#4516=EDGE_CURVE('',#6127,#6129,#7056,.T.);
#4517=EDGE_CURVE('',#6130,#6129,#7057,.T.);
#4518=EDGE_CURVE('',#6130,#6128,#7058,.T.);
#4519=EDGE_CURVE('',#6131,#6132,#7059,.T.);
#4520=EDGE_CURVE('',#6131,#6133,#7060,.T.);
#4521=EDGE_CURVE('',#6134,#6133,#7061,.T.);
#4522=EDGE_CURVE('',#6134,#6132,#7062,.T.);
#4523=EDGE_CURVE('',#6135,#6136,#7063,.T.);
#4524=EDGE_CURVE('',#6135,#6137,#7064,.T.);
#4525=EDGE_CURVE('',#6138,#6137,#7065,.T.);
#4526=EDGE_CURVE('',#6138,#6136,#7066,.T.);
#4527=EDGE_CURVE('',#6139,#6140,#7067,.T.);
#4528=EDGE_CURVE('',#6139,#6141,#7068,.T.);
#4529=EDGE_CURVE('',#6142,#6141,#7069,.T.);
#4530=EDGE_CURVE('',#6142,#6140,#7070,.T.);
#4531=EDGE_CURVE('',#6143,#6144,#7071,.T.);
#4532=EDGE_CURVE('',#6143,#6145,#7072,.T.);
#4533=EDGE_CURVE('',#6146,#6145,#7073,.T.);
#4534=EDGE_CURVE('',#6146,#6144,#7074,.T.);
#4535=EDGE_CURVE('',#6147,#6148,#7075,.T.);
#4536=EDGE_CURVE('',#6147,#6149,#7076,.T.);
#4537=EDGE_CURVE('',#6150,#6149,#7077,.T.);
#4538=EDGE_CURVE('',#6150,#6148,#7078,.T.);
#4539=EDGE_CURVE('',#6151,#6152,#7079,.T.);
#4540=EDGE_CURVE('',#6151,#6153,#7080,.T.);
#4541=EDGE_CURVE('',#6154,#6153,#7081,.T.);
#4542=EDGE_CURVE('',#6154,#6152,#7082,.T.);
#4543=EDGE_CURVE('',#6155,#6156,#7083,.T.);
#4544=EDGE_CURVE('',#6155,#6157,#7084,.T.);
#4545=EDGE_CURVE('',#6158,#6157,#7085,.T.);
#4546=EDGE_CURVE('',#6158,#6156,#7086,.T.);
#4547=EDGE_CURVE('',#6159,#6160,#7087,.T.);
#4548=EDGE_CURVE('',#6159,#6161,#7088,.T.);
#4549=EDGE_CURVE('',#6162,#6161,#7089,.T.);
#4550=EDGE_CURVE('',#6162,#6160,#7090,.T.);
#4551=EDGE_CURVE('',#6163,#6164,#7091,.T.);
#4552=EDGE_CURVE('',#6163,#6165,#7092,.T.);
#4553=EDGE_CURVE('',#6166,#6165,#7093,.T.);
#4554=EDGE_CURVE('',#6166,#6164,#7094,.T.);
#4555=EDGE_CURVE('',#6167,#6168,#7095,.T.);
#4556=EDGE_CURVE('',#6167,#6169,#7096,.T.);
#4557=EDGE_CURVE('',#6170,#6169,#7097,.T.);
#4558=EDGE_CURVE('',#6170,#6168,#7098,.T.);
#4559=EDGE_CURVE('',#6171,#6172,#7099,.T.);
#4560=EDGE_CURVE('',#6171,#6173,#7100,.T.);
#4561=EDGE_CURVE('',#6174,#6173,#7101,.T.);
#4562=EDGE_CURVE('',#6174,#6172,#7102,.T.);
#4563=EDGE_CURVE('',#6175,#6176,#7103,.T.);
#4564=EDGE_CURVE('',#6175,#6177,#7104,.T.);
#4565=EDGE_CURVE('',#6178,#6177,#7105,.T.);
#4566=EDGE_CURVE('',#6178,#6176,#7106,.T.);
#4567=EDGE_CURVE('',#6179,#6180,#7107,.T.);
#4568=EDGE_CURVE('',#6179,#6181,#7108,.T.);
#4569=EDGE_CURVE('',#6182,#6181,#7109,.T.);
#4570=EDGE_CURVE('',#6182,#6180,#7110,.T.);
#4571=EDGE_CURVE('',#6183,#6184,#7111,.T.);
#4572=EDGE_CURVE('',#6183,#6185,#7112,.T.);
#4573=EDGE_CURVE('',#6186,#6185,#7113,.T.);
#4574=EDGE_CURVE('',#6186,#6184,#7114,.T.);
#4575=EDGE_CURVE('',#6187,#6188,#7115,.T.);
#4576=EDGE_CURVE('',#6187,#6189,#7116,.T.);
#4577=EDGE_CURVE('',#6190,#6189,#7117,.T.);
#4578=EDGE_CURVE('',#6190,#6188,#7118,.T.);
#4579=EDGE_CURVE('',#6191,#6192,#7119,.T.);
#4580=EDGE_CURVE('',#6191,#6193,#7120,.T.);
#4581=EDGE_CURVE('',#6194,#6193,#7121,.T.);
#4582=EDGE_CURVE('',#6194,#6192,#7122,.T.);
#4583=EDGE_CURVE('',#6195,#6196,#7123,.T.);
#4584=EDGE_CURVE('',#6195,#6197,#7124,.T.);
#4585=EDGE_CURVE('',#6198,#6197,#7125,.T.);
#4586=EDGE_CURVE('',#6198,#6196,#7126,.T.);
#4587=EDGE_CURVE('',#6199,#6200,#7127,.T.);
#4588=EDGE_CURVE('',#6199,#6201,#7128,.T.);
#4589=EDGE_CURVE('',#6202,#6201,#7129,.T.);
#4590=EDGE_CURVE('',#6202,#6200,#7130,.T.);
#4591=EDGE_CURVE('',#6203,#6204,#7131,.T.);
#4592=EDGE_CURVE('',#6203,#6205,#7132,.T.);
#4593=EDGE_CURVE('',#6206,#6205,#7133,.T.);
#4594=EDGE_CURVE('',#6206,#6204,#7134,.T.);
#4595=EDGE_CURVE('',#6207,#6208,#7135,.T.);
#4596=EDGE_CURVE('',#6207,#6209,#7136,.T.);
#4597=EDGE_CURVE('',#6210,#6209,#7137,.T.);
#4598=EDGE_CURVE('',#6210,#6208,#7138,.T.);
#4599=EDGE_CURVE('',#6211,#6212,#7139,.T.);
#4600=EDGE_CURVE('',#6211,#6213,#7140,.T.);
#4601=EDGE_CURVE('',#6214,#6213,#7141,.T.);
#4602=EDGE_CURVE('',#6214,#6212,#7142,.T.);
#4603=EDGE_CURVE('',#6215,#6216,#7143,.T.);
#4604=EDGE_CURVE('',#6215,#6217,#7144,.T.);
#4605=EDGE_CURVE('',#6218,#6217,#7145,.T.);
#4606=EDGE_CURVE('',#6218,#6216,#7146,.T.);
#4607=EDGE_CURVE('',#6219,#6220,#7147,.T.);
#4608=EDGE_CURVE('',#6219,#6221,#7148,.T.);
#4609=EDGE_CURVE('',#6222,#6221,#7149,.T.);
#4610=EDGE_CURVE('',#6222,#6220,#7150,.T.);
#4611=EDGE_CURVE('',#6223,#6224,#7151,.T.);
#4612=EDGE_CURVE('',#6223,#6225,#7152,.T.);
#4613=EDGE_CURVE('',#6226,#6225,#7153,.T.);
#4614=EDGE_CURVE('',#6226,#6224,#7154,.T.);
#4615=EDGE_CURVE('',#6227,#6228,#7155,.T.);
#4616=EDGE_CURVE('',#6227,#6229,#7156,.T.);
#4617=EDGE_CURVE('',#6230,#6229,#7157,.T.);
#4618=EDGE_CURVE('',#6230,#6228,#7158,.T.);
#4619=EDGE_CURVE('',#6231,#6232,#7159,.T.);
#4620=EDGE_CURVE('',#6231,#6233,#7160,.T.);
#4621=EDGE_CURVE('',#6234,#6233,#7161,.T.);
#4622=EDGE_CURVE('',#6234,#6232,#7162,.T.);
#4623=EDGE_CURVE('',#6235,#6236,#7163,.T.);
#4624=EDGE_CURVE('',#6235,#6237,#7164,.T.);
#4625=EDGE_CURVE('',#6238,#6237,#7165,.T.);
#4626=EDGE_CURVE('',#6238,#6236,#7166,.T.);
#4627=EDGE_CURVE('',#6239,#6240,#7167,.T.);
#4628=EDGE_CURVE('',#6239,#6241,#7168,.T.);
#4629=EDGE_CURVE('',#6242,#6241,#7169,.T.);
#4630=EDGE_CURVE('',#6242,#6240,#7170,.T.);
#4631=EDGE_CURVE('',#6243,#6244,#7171,.T.);
#4632=EDGE_CURVE('',#6243,#6245,#7172,.T.);
#4633=EDGE_CURVE('',#6246,#6245,#7173,.T.);
#4634=EDGE_CURVE('',#6246,#6244,#7174,.T.);
#4635=EDGE_CURVE('',#6247,#6248,#7175,.T.);
#4636=EDGE_CURVE('',#6247,#6249,#7176,.T.);
#4637=EDGE_CURVE('',#6250,#6249,#7177,.T.);
#4638=EDGE_CURVE('',#6250,#6248,#7178,.T.);
#4639=EDGE_CURVE('',#6251,#6252,#7179,.T.);
#4640=EDGE_CURVE('',#6251,#6253,#7180,.T.);
#4641=EDGE_CURVE('',#6254,#6253,#7181,.T.);
#4642=EDGE_CURVE('',#6254,#6252,#7182,.T.);
#4643=EDGE_CURVE('',#6255,#6256,#7183,.T.);
#4644=EDGE_CURVE('',#6255,#6257,#7184,.T.);
#4645=EDGE_CURVE('',#6258,#6257,#7185,.T.);
#4646=EDGE_CURVE('',#6258,#6256,#7186,.T.);
#4647=EDGE_CURVE('',#6259,#6260,#7187,.T.);
#4648=EDGE_CURVE('',#6259,#6261,#7188,.T.);
#4649=EDGE_CURVE('',#6262,#6261,#7189,.T.);
#4650=EDGE_CURVE('',#6262,#6260,#7190,.T.);
#4651=EDGE_CURVE('',#6263,#6264,#7191,.T.);
#4652=EDGE_CURVE('',#6263,#6265,#7192,.T.);
#4653=EDGE_CURVE('',#6266,#6265,#7193,.T.);
#4654=EDGE_CURVE('',#6266,#6264,#7194,.T.);
#4655=EDGE_CURVE('',#6267,#6268,#7195,.T.);
#4656=EDGE_CURVE('',#6267,#6269,#7196,.T.);
#4657=EDGE_CURVE('',#6270,#6269,#7197,.T.);
#4658=EDGE_CURVE('',#6270,#6268,#7198,.T.);
#4659=EDGE_CURVE('',#6271,#6272,#7199,.T.);
#4660=EDGE_CURVE('',#6271,#6273,#7200,.T.);
#4661=EDGE_CURVE('',#6274,#6273,#7201,.T.);
#4662=EDGE_CURVE('',#6274,#6272,#7202,.T.);
#4663=EDGE_CURVE('',#6275,#6276,#7203,.T.);
#4664=EDGE_CURVE('',#6275,#6277,#7204,.T.);
#4665=EDGE_CURVE('',#6278,#6277,#7205,.T.);
#4666=EDGE_CURVE('',#6278,#6276,#7206,.T.);
#4667=EDGE_CURVE('',#6279,#6280,#7207,.T.);
#4668=EDGE_CURVE('',#6279,#6281,#7208,.T.);
#4669=EDGE_CURVE('',#6282,#6281,#7209,.T.);
#4670=EDGE_CURVE('',#6282,#6280,#7210,.T.);
#4671=EDGE_CURVE('',#6283,#6284,#7211,.T.);
#4672=EDGE_CURVE('',#6283,#6285,#7212,.T.);
#4673=EDGE_CURVE('',#6286,#6285,#7213,.T.);
#4674=EDGE_CURVE('',#6286,#6284,#7214,.T.);
#4675=EDGE_CURVE('',#6287,#6288,#7215,.T.);
#4676=EDGE_CURVE('',#6287,#6289,#7216,.T.);
#4677=EDGE_CURVE('',#6290,#6289,#7217,.T.);
#4678=EDGE_CURVE('',#6290,#6288,#7218,.T.);
#4679=EDGE_CURVE('',#6291,#6292,#7219,.T.);
#4680=EDGE_CURVE('',#6291,#6293,#7220,.T.);
#4681=EDGE_CURVE('',#6294,#6293,#7221,.T.);
#4682=EDGE_CURVE('',#6294,#6292,#7222,.T.);
#4683=EDGE_CURVE('',#6295,#6296,#7223,.T.);
#4684=EDGE_CURVE('',#6295,#6297,#7224,.T.);
#4685=EDGE_CURVE('',#6298,#6297,#7225,.T.);
#4686=EDGE_CURVE('',#6298,#6296,#7226,.T.);
#4687=EDGE_CURVE('',#6299,#6300,#7227,.T.);
#4688=EDGE_CURVE('',#6299,#6301,#7228,.T.);
#4689=EDGE_CURVE('',#6302,#6301,#7229,.T.);
#4690=EDGE_CURVE('',#6302,#6300,#7230,.T.);
#4691=EDGE_CURVE('',#6303,#6304,#7231,.T.);
#4692=EDGE_CURVE('',#6303,#6305,#7232,.T.);
#4693=EDGE_CURVE('',#6306,#6305,#7233,.T.);
#4694=EDGE_CURVE('',#6306,#6304,#7234,.T.);
#4695=EDGE_CURVE('',#6307,#6308,#7235,.T.);
#4696=EDGE_CURVE('',#6307,#6309,#7236,.T.);
#4697=EDGE_CURVE('',#6310,#6309,#7237,.T.);
#4698=EDGE_CURVE('',#6310,#6308,#7238,.T.);
#4699=EDGE_CURVE('',#6311,#6312,#7239,.T.);
#4700=EDGE_CURVE('',#6311,#6313,#7240,.T.);
#4701=EDGE_CURVE('',#6314,#6313,#7241,.T.);
#4702=EDGE_CURVE('',#6314,#6312,#7242,.T.);
#4703=EDGE_CURVE('',#6315,#6316,#7243,.T.);
#4704=EDGE_CURVE('',#6315,#6317,#7244,.T.);
#4705=EDGE_CURVE('',#6318,#6317,#7245,.T.);
#4706=EDGE_CURVE('',#6318,#6316,#7246,.T.);
#4707=EDGE_CURVE('',#6319,#6320,#7247,.T.);
#4708=EDGE_CURVE('',#6319,#6321,#7248,.T.);
#4709=EDGE_CURVE('',#6322,#6321,#7249,.T.);
#4710=EDGE_CURVE('',#6322,#6320,#7250,.T.);
#4711=EDGE_CURVE('',#6323,#6324,#7251,.T.);
#4712=EDGE_CURVE('',#6323,#6325,#7252,.T.);
#4713=EDGE_CURVE('',#6326,#6325,#7253,.T.);
#4714=EDGE_CURVE('',#6326,#6324,#7254,.T.);
#4715=EDGE_CURVE('',#6327,#6328,#7255,.T.);
#4716=EDGE_CURVE('',#6327,#6329,#7256,.T.);
#4717=EDGE_CURVE('',#6330,#6329,#7257,.T.);
#4718=EDGE_CURVE('',#6330,#6328,#7258,.T.);
#4719=EDGE_CURVE('',#6331,#6332,#7259,.T.);
#4720=EDGE_CURVE('',#6331,#6333,#7260,.T.);
#4721=EDGE_CURVE('',#6334,#6333,#7261,.T.);
#4722=EDGE_CURVE('',#6334,#6332,#7262,.T.);
#4723=EDGE_CURVE('',#6335,#6336,#7263,.T.);
#4724=EDGE_CURVE('',#6335,#6337,#7264,.T.);
#4725=EDGE_CURVE('',#6338,#6337,#7265,.T.);
#4726=EDGE_CURVE('',#6338,#6336,#7266,.T.);
#4727=EDGE_CURVE('',#6339,#6340,#7267,.T.);
#4728=EDGE_CURVE('',#6339,#6341,#7268,.T.);
#4729=EDGE_CURVE('',#6342,#6341,#7269,.T.);
#4730=EDGE_CURVE('',#6342,#6340,#7270,.T.);
#4731=EDGE_CURVE('',#6343,#6344,#7271,.T.);
#4732=EDGE_CURVE('',#6343,#6345,#7272,.T.);
#4733=EDGE_CURVE('',#6346,#6345,#7273,.T.);
#4734=EDGE_CURVE('',#6346,#6344,#7274,.T.);
#4735=EDGE_CURVE('',#6347,#6348,#7275,.T.);
#4736=EDGE_CURVE('',#6347,#6349,#7276,.T.);
#4737=EDGE_CURVE('',#6350,#6349,#7277,.T.);
#4738=EDGE_CURVE('',#6350,#6348,#7278,.T.);
#4739=EDGE_CURVE('',#6351,#6352,#7279,.T.);
#4740=EDGE_CURVE('',#6351,#6353,#7280,.T.);
#4741=EDGE_CURVE('',#6354,#6353,#7281,.T.);
#4742=EDGE_CURVE('',#6354,#6352,#7282,.T.);
#4743=EDGE_CURVE('',#6355,#6356,#7283,.T.);
#4744=EDGE_CURVE('',#6355,#6357,#7284,.T.);
#4745=EDGE_CURVE('',#6358,#6357,#7285,.T.);
#4746=EDGE_CURVE('',#6358,#6356,#7286,.T.);
#4747=EDGE_CURVE('',#6359,#6360,#7287,.T.);
#4748=EDGE_CURVE('',#6359,#6361,#7288,.T.);
#4749=EDGE_CURVE('',#6362,#6361,#7289,.T.);
#4750=EDGE_CURVE('',#6362,#6360,#7290,.T.);
#4751=EDGE_CURVE('',#6363,#6364,#7291,.T.);
#4752=EDGE_CURVE('',#6363,#6365,#7292,.T.);
#4753=EDGE_CURVE('',#6366,#6365,#7293,.T.);
#4754=EDGE_CURVE('',#6366,#6364,#7294,.T.);
#4755=EDGE_CURVE('',#6367,#6368,#7295,.T.);
#4756=EDGE_CURVE('',#6367,#6369,#7296,.T.);
#4757=EDGE_CURVE('',#6370,#6369,#7297,.T.);
#4758=EDGE_CURVE('',#6370,#6368,#7298,.T.);
#4759=EDGE_CURVE('',#6371,#6372,#7299,.T.);
#4760=EDGE_CURVE('',#6371,#6373,#7300,.T.);
#4761=EDGE_CURVE('',#6374,#6373,#7301,.T.);
#4762=EDGE_CURVE('',#6374,#6372,#7302,.T.);
#4763=EDGE_CURVE('',#6375,#6376,#7303,.T.);
#4764=EDGE_CURVE('',#6375,#6377,#7304,.T.);
#4765=EDGE_CURVE('',#6378,#6377,#7305,.T.);
#4766=EDGE_CURVE('',#6378,#6376,#7306,.T.);
#4767=EDGE_CURVE('',#6379,#6380,#7307,.T.);
#4768=EDGE_CURVE('',#6379,#6381,#7308,.T.);
#4769=EDGE_CURVE('',#6382,#6381,#7309,.T.);
#4770=EDGE_CURVE('',#6382,#6380,#7310,.T.);
#4771=EDGE_CURVE('',#6383,#6384,#7311,.T.);
#4772=EDGE_CURVE('',#6383,#6385,#7312,.T.);
#4773=EDGE_CURVE('',#6386,#6385,#7313,.T.);
#4774=EDGE_CURVE('',#6386,#6384,#7314,.T.);
#4775=EDGE_CURVE('',#6387,#6388,#7315,.T.);
#4776=EDGE_CURVE('',#6387,#6389,#7316,.T.);
#4777=EDGE_CURVE('',#6390,#6389,#7317,.T.);
#4778=EDGE_CURVE('',#6390,#6388,#7318,.T.);
#4779=EDGE_CURVE('',#6391,#6392,#7319,.T.);
#4780=EDGE_CURVE('',#6391,#6393,#7320,.T.);
#4781=EDGE_CURVE('',#6394,#6393,#7321,.T.);
#4782=EDGE_CURVE('',#6394,#6392,#7322,.T.);
#4783=EDGE_CURVE('',#6395,#6396,#7323,.T.);
#4784=EDGE_CURVE('',#6395,#6397,#7324,.T.);
#4785=EDGE_CURVE('',#6398,#6397,#7325,.T.);
#4786=EDGE_CURVE('',#6398,#6396,#7326,.T.);
#4787=EDGE_CURVE('',#6399,#6400,#7327,.T.);
#4788=EDGE_CURVE('',#6399,#6401,#7328,.T.);
#4789=EDGE_CURVE('',#6402,#6401,#7329,.T.);
#4790=EDGE_CURVE('',#6402,#6400,#7330,.T.);
#4791=EDGE_CURVE('',#6403,#6404,#7331,.T.);
#4792=EDGE_CURVE('',#6403,#6405,#7332,.T.);
#4793=EDGE_CURVE('',#6406,#6405,#7333,.T.);
#4794=EDGE_CURVE('',#6406,#6404,#7334,.T.);
#4795=EDGE_CURVE('',#6407,#6408,#7335,.T.);
#4796=EDGE_CURVE('',#6407,#6409,#7336,.T.);
#4797=EDGE_CURVE('',#6410,#6409,#7337,.T.);
#4798=EDGE_CURVE('',#6410,#6408,#7338,.T.);
#4799=EDGE_CURVE('',#6411,#6412,#7339,.T.);
#4800=EDGE_CURVE('',#6411,#6413,#7340,.T.);
#4801=EDGE_CURVE('',#6414,#6413,#7341,.T.);
#4802=EDGE_CURVE('',#6414,#6412,#7342,.T.);
#4803=EDGE_CURVE('',#6415,#6416,#7343,.T.);
#4804=EDGE_CURVE('',#6415,#6417,#7344,.T.);
#4805=EDGE_CURVE('',#6418,#6417,#7345,.T.);
#4806=EDGE_CURVE('',#6418,#6416,#7346,.T.);
#4807=EDGE_CURVE('',#6419,#6420,#7347,.T.);
#4808=EDGE_CURVE('',#6419,#6421,#7348,.T.);
#4809=EDGE_CURVE('',#6422,#6421,#7349,.T.);
#4810=EDGE_CURVE('',#6422,#6420,#7350,.T.);
#4811=EDGE_CURVE('',#6423,#6424,#7351,.T.);
#4812=EDGE_CURVE('',#6423,#6425,#7352,.T.);
#4813=EDGE_CURVE('',#6426,#6425,#7353,.T.);
#4814=EDGE_CURVE('',#6426,#6424,#7354,.T.);
#4815=EDGE_CURVE('',#6427,#6428,#7355,.T.);
#4816=EDGE_CURVE('',#6427,#6429,#7356,.T.);
#4817=EDGE_CURVE('',#6430,#6429,#7357,.T.);
#4818=EDGE_CURVE('',#6430,#6428,#7358,.T.);
#4819=EDGE_CURVE('',#6431,#6432,#7359,.T.);
#4820=EDGE_CURVE('',#6431,#6433,#7360,.T.);
#4821=EDGE_CURVE('',#6434,#6433,#7361,.T.);
#4822=EDGE_CURVE('',#6434,#6432,#7362,.T.);
#4823=EDGE_CURVE('',#6435,#6436,#7363,.T.);
#4824=EDGE_CURVE('',#6435,#6437,#7364,.T.);
#4825=EDGE_CURVE('',#6438,#6437,#7365,.T.);
#4826=EDGE_CURVE('',#6438,#6436,#7366,.T.);
#4827=EDGE_CURVE('',#6439,#6440,#7367,.T.);
#4828=EDGE_CURVE('',#6439,#6441,#7368,.T.);
#4829=EDGE_CURVE('',#6442,#6441,#7369,.T.);
#4830=EDGE_CURVE('',#6442,#6440,#7370,.T.);
#4831=EDGE_CURVE('',#6443,#6444,#7371,.T.);
#4832=EDGE_CURVE('',#6443,#6445,#7372,.T.);
#4833=EDGE_CURVE('',#6446,#6445,#7373,.T.);
#4834=EDGE_CURVE('',#6446,#6444,#7374,.T.);
#4835=EDGE_CURVE('',#6447,#6448,#7375,.T.);
#4836=EDGE_CURVE('',#6447,#6449,#7376,.T.);
#4837=EDGE_CURVE('',#6450,#6449,#7377,.T.);
#4838=EDGE_CURVE('',#6450,#6448,#7378,.T.);
#4839=EDGE_CURVE('',#6451,#6451,#7379,.T.);
#4840=EDGE_CURVE('',#6452,#6452,#7380,.T.);
#4841=EDGE_CURVE('',#6453,#6454,#7381,.T.);
#4842=EDGE_CURVE('',#6454,#6455,#7382,.F.);
#4843=EDGE_CURVE('',#6455,#6456,#7383,.T.);
#4844=EDGE_CURVE('',#6456,#6453,#7384,.F.);
#4845=EDGE_CURVE('',#6457,#6458,#7385,.T.);
#4846=EDGE_CURVE('',#6458,#6459,#7386,.F.);
#4847=EDGE_CURVE('',#6459,#6460,#7387,.T.);
#4848=EDGE_CURVE('',#6460,#6457,#7388,.F.);
#4849=EDGE_CURVE('',#6461,#6462,#7389,.T.);
#4850=EDGE_CURVE('',#6462,#6463,#7390,.F.);
#4851=EDGE_CURVE('',#6463,#6464,#7391,.T.);
#4852=EDGE_CURVE('',#6464,#6461,#7392,.F.);
#4853=EDGE_CURVE('',#6465,#6466,#7393,.T.);
#4854=EDGE_CURVE('',#6466,#6467,#7394,.F.);
#4855=EDGE_CURVE('',#6467,#6468,#7395,.T.);
#4856=EDGE_CURVE('',#6468,#6465,#7396,.F.);
#4857=EDGE_CURVE('',#6469,#6470,#7397,.T.);
#4858=EDGE_CURVE('',#6470,#6471,#7398,.F.);
#4859=EDGE_CURVE('',#6471,#6472,#7399,.T.);
#4860=EDGE_CURVE('',#6472,#6469,#7400,.F.);
#4861=EDGE_CURVE('',#6473,#6474,#7401,.T.);
#4862=EDGE_CURVE('',#6474,#6475,#7402,.F.);
#4863=EDGE_CURVE('',#6475,#6476,#7403,.T.);
#4864=EDGE_CURVE('',#6476,#6473,#7404,.F.);
#4865=EDGE_CURVE('',#6477,#6478,#7405,.T.);
#4866=EDGE_CURVE('',#6478,#6479,#7406,.F.);
#4867=EDGE_CURVE('',#6479,#6480,#7407,.T.);
#4868=EDGE_CURVE('',#6480,#6477,#7408,.F.);
#4869=EDGE_CURVE('',#6481,#6482,#7409,.T.);
#4870=EDGE_CURVE('',#6482,#6483,#7410,.F.);
#4871=EDGE_CURVE('',#6483,#6484,#7411,.T.);
#4872=EDGE_CURVE('',#6484,#6481,#7412,.F.);
#4873=EDGE_CURVE('',#6485,#6486,#7413,.T.);
#4874=EDGE_CURVE('',#6486,#6487,#7414,.F.);
#4875=EDGE_CURVE('',#6487,#6488,#7415,.T.);
#4876=EDGE_CURVE('',#6488,#6485,#7416,.F.);
#4877=EDGE_CURVE('',#6489,#6490,#7417,.T.);
#4878=EDGE_CURVE('',#6490,#6491,#7418,.F.);
#4879=EDGE_CURVE('',#6491,#6492,#7419,.T.);
#4880=EDGE_CURVE('',#6492,#6489,#7420,.F.);
#4881=EDGE_CURVE('',#6493,#6494,#7421,.T.);
#4882=EDGE_CURVE('',#6494,#6495,#7422,.F.);
#4883=EDGE_CURVE('',#6495,#6496,#7423,.T.);
#4884=EDGE_CURVE('',#6496,#6493,#7424,.F.);
#4885=EDGE_CURVE('',#6497,#6498,#7425,.T.);
#4886=EDGE_CURVE('',#6498,#6499,#7426,.F.);
#4887=EDGE_CURVE('',#6499,#6500,#7427,.T.);
#4888=EDGE_CURVE('',#6500,#6497,#7428,.F.);
#4889=EDGE_CURVE('',#6501,#6502,#7429,.T.);
#4890=EDGE_CURVE('',#6502,#6503,#7430,.F.);
#4891=EDGE_CURVE('',#6503,#6504,#7431,.T.);
#4892=EDGE_CURVE('',#6504,#6501,#7432,.F.);
#4893=EDGE_CURVE('',#6505,#6506,#7433,.T.);
#4894=EDGE_CURVE('',#6506,#6507,#7434,.F.);
#4895=EDGE_CURVE('',#6507,#6508,#7435,.T.);
#4896=EDGE_CURVE('',#6508,#6505,#7436,.F.);
#4897=EDGE_CURVE('',#6509,#6510,#7437,.T.);
#4898=EDGE_CURVE('',#6510,#6511,#7438,.F.);
#4899=EDGE_CURVE('',#6511,#6512,#7439,.T.);
#4900=EDGE_CURVE('',#6512,#6509,#7440,.F.);
#4901=EDGE_CURVE('',#6513,#6514,#7441,.T.);
#4902=EDGE_CURVE('',#6514,#6515,#7442,.F.);
#4903=EDGE_CURVE('',#6515,#6516,#7443,.T.);
#4904=EDGE_CURVE('',#6516,#6513,#7444,.F.);
#4905=EDGE_CURVE('',#6517,#6518,#7445,.T.);
#4906=EDGE_CURVE('',#6518,#6519,#7446,.F.);
#4907=EDGE_CURVE('',#6519,#6520,#7447,.T.);
#4908=EDGE_CURVE('',#6520,#6517,#7448,.F.);
#4909=EDGE_CURVE('',#6521,#6522,#7449,.T.);
#4910=EDGE_CURVE('',#6522,#6523,#7450,.F.);
#4911=EDGE_CURVE('',#6523,#6524,#7451,.T.);
#4912=EDGE_CURVE('',#6524,#6521,#7452,.F.);
#4913=EDGE_CURVE('',#6525,#6526,#7453,.T.);
#4914=EDGE_CURVE('',#6526,#6527,#7454,.F.);
#4915=EDGE_CURVE('',#6527,#6528,#7455,.T.);
#4916=EDGE_CURVE('',#6528,#6525,#7456,.F.);
#4917=EDGE_CURVE('',#6529,#6530,#7457,.T.);
#4918=EDGE_CURVE('',#6530,#6531,#7458,.F.);
#4919=EDGE_CURVE('',#6531,#6532,#7459,.T.);
#4920=EDGE_CURVE('',#6532,#6529,#7460,.F.);
#4921=EDGE_CURVE('',#6533,#6534,#7461,.T.);
#4922=EDGE_CURVE('',#6534,#6535,#7462,.F.);
#4923=EDGE_CURVE('',#6535,#6536,#7463,.T.);
#4924=EDGE_CURVE('',#6536,#6533,#7464,.F.);
#4925=EDGE_CURVE('',#6537,#6538,#7465,.T.);
#4926=EDGE_CURVE('',#6538,#6539,#7466,.F.);
#4927=EDGE_CURVE('',#6539,#6540,#7467,.T.);
#4928=EDGE_CURVE('',#6540,#6537,#7468,.F.);
#4929=EDGE_CURVE('',#6541,#6542,#7469,.T.);
#4930=EDGE_CURVE('',#6542,#6543,#7470,.F.);
#4931=EDGE_CURVE('',#6543,#6544,#7471,.T.);
#4932=EDGE_CURVE('',#6544,#6541,#7472,.F.);
#4933=EDGE_CURVE('',#6545,#6546,#7473,.T.);
#4934=EDGE_CURVE('',#6546,#6547,#7474,.F.);
#4935=EDGE_CURVE('',#6547,#6548,#7475,.T.);
#4936=EDGE_CURVE('',#6548,#6545,#7476,.F.);
#4937=EDGE_CURVE('',#6549,#6550,#7477,.T.);
#4938=EDGE_CURVE('',#6550,#6551,#7478,.F.);
#4939=EDGE_CURVE('',#6551,#6552,#7479,.T.);
#4940=EDGE_CURVE('',#6552,#6549,#7480,.F.);
#4941=EDGE_CURVE('',#6553,#6554,#7481,.T.);
#4942=EDGE_CURVE('',#6554,#6555,#7482,.F.);
#4943=EDGE_CURVE('',#6555,#6556,#7483,.T.);
#4944=EDGE_CURVE('',#6556,#6553,#7484,.F.);
#4945=EDGE_CURVE('',#6557,#6558,#7485,.T.);
#4946=EDGE_CURVE('',#6558,#6559,#7486,.F.);
#4947=EDGE_CURVE('',#6559,#6560,#7487,.T.);
#4948=EDGE_CURVE('',#6560,#6557,#7488,.F.);
#4949=EDGE_CURVE('',#6561,#6562,#7489,.T.);
#4950=EDGE_CURVE('',#6562,#6563,#7490,.F.);
#4951=EDGE_CURVE('',#6563,#6564,#7491,.T.);
#4952=EDGE_CURVE('',#6564,#6561,#7492,.F.);
#4953=EDGE_CURVE('',#6565,#6566,#7493,.T.);
#4954=EDGE_CURVE('',#6566,#6567,#7494,.F.);
#4955=EDGE_CURVE('',#6567,#6568,#7495,.T.);
#4956=EDGE_CURVE('',#6568,#6565,#7496,.F.);
#4957=EDGE_CURVE('',#6569,#6570,#7497,.T.);
#4958=EDGE_CURVE('',#6570,#6571,#7498,.F.);
#4959=EDGE_CURVE('',#6571,#6572,#7499,.T.);
#4960=EDGE_CURVE('',#6572,#6569,#7500,.F.);
#4961=EDGE_CURVE('',#6573,#6574,#7501,.T.);
#4962=EDGE_CURVE('',#6574,#6575,#7502,.F.);
#4963=EDGE_CURVE('',#6575,#6576,#7503,.T.);
#4964=EDGE_CURVE('',#6576,#6573,#7504,.F.);
#4965=EDGE_CURVE('',#6577,#6578,#7505,.T.);
#4966=EDGE_CURVE('',#6578,#6579,#7506,.F.);
#4967=EDGE_CURVE('',#6579,#6580,#7507,.T.);
#4968=EDGE_CURVE('',#6580,#6577,#7508,.F.);
#4969=EDGE_CURVE('',#6581,#6582,#7509,.T.);
#4970=EDGE_CURVE('',#6582,#6583,#7510,.F.);
#4971=EDGE_CURVE('',#6583,#6584,#7511,.T.);
#4972=EDGE_CURVE('',#6584,#6581,#7512,.F.);
#4973=EDGE_CURVE('',#6585,#6586,#7513,.T.);
#4974=EDGE_CURVE('',#6586,#6587,#7514,.F.);
#4975=EDGE_CURVE('',#6587,#6588,#7515,.T.);
#4976=EDGE_CURVE('',#6588,#6585,#7516,.F.);
#4977=EDGE_CURVE('',#6589,#6590,#7517,.T.);
#4978=EDGE_CURVE('',#6590,#6591,#7518,.F.);
#4979=EDGE_CURVE('',#6591,#6592,#7519,.T.);
#4980=EDGE_CURVE('',#6592,#6589,#7520,.F.);
#4981=EDGE_CURVE('',#6593,#6594,#7521,.T.);
#4982=EDGE_CURVE('',#6594,#6595,#7522,.F.);
#4983=EDGE_CURVE('',#6595,#6596,#7523,.T.);
#4984=EDGE_CURVE('',#6596,#6593,#7524,.F.);
#4985=EDGE_CURVE('',#6597,#6598,#7525,.T.);
#4986=EDGE_CURVE('',#6598,#6599,#7526,.F.);
#4987=EDGE_CURVE('',#6599,#6600,#7527,.T.);
#4988=EDGE_CURVE('',#6600,#6597,#7528,.F.);
#4989=EDGE_CURVE('',#6601,#6602,#7529,.T.);
#4990=EDGE_CURVE('',#6602,#6603,#7530,.F.);
#4991=EDGE_CURVE('',#6603,#6604,#7531,.T.);
#4992=EDGE_CURVE('',#6604,#6601,#7532,.F.);
#4993=EDGE_CURVE('',#6605,#6606,#7533,.T.);
#4994=EDGE_CURVE('',#6606,#6607,#7534,.F.);
#4995=EDGE_CURVE('',#6607,#6608,#7535,.T.);
#4996=EDGE_CURVE('',#6608,#6605,#7536,.F.);
#4997=EDGE_CURVE('',#6609,#6610,#7537,.T.);
#4998=EDGE_CURVE('',#6610,#6611,#7538,.F.);
#4999=EDGE_CURVE('',#6611,#6612,#7539,.T.);
#5000=EDGE_CURVE('',#6612,#6609,#7540,.F.);
#5001=EDGE_CURVE('',#6613,#6614,#7541,.T.);
#5002=EDGE_CURVE('',#6614,#6615,#7542,.F.);
#5003=EDGE_CURVE('',#6615,#6616,#7543,.T.);
#5004=EDGE_CURVE('',#6616,#6613,#7544,.F.);
#5005=EDGE_CURVE('',#6617,#6618,#7545,.T.);
#5006=EDGE_CURVE('',#6618,#6619,#7546,.F.);
#5007=EDGE_CURVE('',#6619,#6620,#7547,.T.);
#5008=EDGE_CURVE('',#6620,#6617,#7548,.F.);
#5009=EDGE_CURVE('',#6621,#6622,#7549,.T.);
#5010=EDGE_CURVE('',#6622,#6623,#7550,.F.);
#5011=EDGE_CURVE('',#6623,#6624,#7551,.T.);
#5012=EDGE_CURVE('',#6624,#6621,#7552,.F.);
#5013=EDGE_CURVE('',#6625,#6626,#7553,.T.);
#5014=EDGE_CURVE('',#6626,#6627,#7554,.F.);
#5015=EDGE_CURVE('',#6627,#6628,#7555,.T.);
#5016=EDGE_CURVE('',#6628,#6625,#7556,.F.);
#5017=EDGE_CURVE('',#6629,#6630,#7557,.T.);
#5018=EDGE_CURVE('',#6630,#6631,#7558,.F.);
#5019=EDGE_CURVE('',#6631,#6632,#7559,.T.);
#5020=EDGE_CURVE('',#6632,#6629,#7560,.F.);
#5021=EDGE_CURVE('',#6633,#6634,#7561,.T.);
#5022=EDGE_CURVE('',#6634,#6635,#7562,.F.);
#5023=EDGE_CURVE('',#6635,#6636,#7563,.T.);
#5024=EDGE_CURVE('',#6636,#6633,#7564,.F.);
#5025=EDGE_CURVE('',#6637,#6638,#7565,.T.);
#5026=EDGE_CURVE('',#6638,#6639,#7566,.F.);
#5027=EDGE_CURVE('',#6639,#6640,#7567,.T.);
#5028=EDGE_CURVE('',#6640,#6637,#7568,.F.);
#5029=EDGE_CURVE('',#6641,#6642,#7569,.T.);
#5030=EDGE_CURVE('',#6642,#6643,#7570,.F.);
#5031=EDGE_CURVE('',#6643,#6644,#7571,.T.);
#5032=EDGE_CURVE('',#6644,#6641,#7572,.F.);
#5033=EDGE_CURVE('',#6645,#6646,#7573,.T.);
#5034=EDGE_CURVE('',#6646,#6647,#7574,.F.);
#5035=EDGE_CURVE('',#6647,#6648,#7575,.T.);
#5036=EDGE_CURVE('',#6648,#6645,#7576,.F.);
#5037=EDGE_CURVE('',#6649,#6650,#7577,.T.);
#5038=EDGE_CURVE('',#6650,#6651,#7578,.F.);
#5039=EDGE_CURVE('',#6651,#6652,#7579,.T.);
#5040=EDGE_CURVE('',#6652,#6649,#7580,.F.);
#5041=EDGE_CURVE('',#6653,#6654,#7581,.T.);
#5042=EDGE_CURVE('',#6654,#6655,#7582,.F.);
#5043=EDGE_CURVE('',#6655,#6656,#7583,.T.);
#5044=EDGE_CURVE('',#6656,#6653,#7584,.F.);
#5045=EDGE_CURVE('',#6657,#6658,#7585,.T.);
#5046=EDGE_CURVE('',#6658,#6659,#7586,.F.);
#5047=EDGE_CURVE('',#6659,#6660,#7587,.T.);
#5048=EDGE_CURVE('',#6660,#6657,#7588,.F.);
#5049=EDGE_CURVE('',#6661,#6662,#7589,.T.);
#5050=EDGE_CURVE('',#6662,#6663,#7590,.F.);
#5051=EDGE_CURVE('',#6663,#6664,#7591,.T.);
#5052=EDGE_CURVE('',#6664,#6661,#7592,.F.);
#5053=EDGE_CURVE('',#6665,#6666,#7593,.T.);
#5054=EDGE_CURVE('',#6666,#6667,#7594,.F.);
#5055=EDGE_CURVE('',#6667,#6668,#7595,.T.);
#5056=EDGE_CURVE('',#6668,#6665,#7596,.F.);
#5057=EDGE_CURVE('',#6669,#6670,#7597,.T.);
#5058=EDGE_CURVE('',#6670,#6671,#7598,.F.);
#5059=EDGE_CURVE('',#6671,#6672,#7599,.T.);
#5060=EDGE_CURVE('',#6672,#6669,#7600,.F.);
#5061=EDGE_CURVE('',#6673,#6674,#7601,.T.);
#5062=EDGE_CURVE('',#6674,#6675,#7602,.F.);
#5063=EDGE_CURVE('',#6675,#6676,#7603,.T.);
#5064=EDGE_CURVE('',#6676,#6673,#7604,.F.);
#5065=EDGE_CURVE('',#6677,#6678,#7605,.T.);
#5066=EDGE_CURVE('',#6678,#6679,#7606,.F.);
#5067=EDGE_CURVE('',#6679,#6680,#7607,.T.);
#5068=EDGE_CURVE('',#6680,#6677,#7608,.F.);
#5069=EDGE_CURVE('',#6681,#6682,#7609,.T.);
#5070=EDGE_CURVE('',#6682,#6683,#7610,.F.);
#5071=EDGE_CURVE('',#6683,#6684,#7611,.T.);
#5072=EDGE_CURVE('',#6684,#6681,#7612,.F.);
#5073=EDGE_CURVE('',#6685,#6686,#7613,.T.);
#5074=EDGE_CURVE('',#6686,#6687,#7614,.F.);
#5075=EDGE_CURVE('',#6687,#6688,#7615,.T.);
#5076=EDGE_CURVE('',#6688,#6685,#7616,.F.);
#5077=EDGE_CURVE('',#6689,#6690,#7617,.T.);
#5078=EDGE_CURVE('',#6690,#6691,#7618,.F.);
#5079=EDGE_CURVE('',#6691,#6692,#7619,.T.);
#5080=EDGE_CURVE('',#6692,#6689,#7620,.F.);
#5081=EDGE_CURVE('',#6693,#6694,#7621,.T.);
#5082=EDGE_CURVE('',#6694,#6695,#7622,.F.);
#5083=EDGE_CURVE('',#6695,#6696,#7623,.T.);
#5084=EDGE_CURVE('',#6696,#6693,#7624,.F.);
#5085=EDGE_CURVE('',#6697,#6698,#7625,.T.);
#5086=EDGE_CURVE('',#6698,#6699,#7626,.F.);
#5087=EDGE_CURVE('',#6699,#6700,#7627,.T.);
#5088=EDGE_CURVE('',#6700,#6697,#7628,.F.);
#5089=EDGE_CURVE('',#6701,#6702,#7629,.T.);
#5090=EDGE_CURVE('',#6702,#6703,#7630,.F.);
#5091=EDGE_CURVE('',#6703,#6704,#7631,.T.);
#5092=EDGE_CURVE('',#6704,#6701,#7632,.F.);
#5093=EDGE_CURVE('',#6705,#6706,#7633,.T.);
#5094=EDGE_CURVE('',#6706,#6707,#7634,.F.);
#5095=EDGE_CURVE('',#6707,#6708,#7635,.T.);
#5096=EDGE_CURVE('',#6708,#6705,#7636,.F.);
#5097=EDGE_CURVE('',#6709,#6710,#7637,.T.);
#5098=EDGE_CURVE('',#6710,#6711,#7638,.F.);
#5099=EDGE_CURVE('',#6711,#6712,#7639,.T.);
#5100=EDGE_CURVE('',#6712,#6709,#7640,.F.);
#5101=EDGE_CURVE('',#6713,#6714,#7641,.T.);
#5102=EDGE_CURVE('',#6714,#6715,#7642,.F.);
#5103=EDGE_CURVE('',#6715,#6716,#7643,.T.);
#5104=EDGE_CURVE('',#6716,#6713,#7644,.F.);
#5105=EDGE_CURVE('',#6717,#6718,#7645,.T.);
#5106=EDGE_CURVE('',#6718,#6719,#7646,.F.);
#5107=EDGE_CURVE('',#6719,#6720,#7647,.T.);
#5108=EDGE_CURVE('',#6720,#6717,#7648,.F.);
#5109=EDGE_CURVE('',#6721,#6722,#7649,.T.);
#5110=EDGE_CURVE('',#6722,#6723,#7650,.F.);
#5111=EDGE_CURVE('',#6723,#6724,#7651,.T.);
#5112=EDGE_CURVE('',#6724,#6721,#7652,.F.);
#5113=EDGE_CURVE('',#6725,#6726,#7653,.T.);
#5114=EDGE_CURVE('',#6726,#6727,#7654,.F.);
#5115=EDGE_CURVE('',#6727,#6728,#7655,.T.);
#5116=EDGE_CURVE('',#6728,#6725,#7656,.F.);
#5117=EDGE_CURVE('',#6729,#6730,#7657,.T.);
#5118=EDGE_CURVE('',#6730,#6731,#7658,.F.);
#5119=EDGE_CURVE('',#6731,#6732,#7659,.T.);
#5120=EDGE_CURVE('',#6732,#6729,#7660,.F.);
#5121=EDGE_CURVE('',#6733,#6734,#7661,.T.);
#5122=EDGE_CURVE('',#6734,#6735,#7662,.F.);
#5123=EDGE_CURVE('',#6735,#6736,#7663,.T.);
#5124=EDGE_CURVE('',#6736,#6733,#7664,.F.);
#5125=EDGE_CURVE('',#6737,#6738,#7665,.T.);
#5126=EDGE_CURVE('',#6738,#6739,#7666,.F.);
#5127=EDGE_CURVE('',#6739,#6740,#7667,.T.);
#5128=EDGE_CURVE('',#6740,#6737,#7668,.F.);
#5129=EDGE_CURVE('',#6741,#6742,#7669,.T.);
#5130=EDGE_CURVE('',#6742,#6743,#7670,.F.);
#5131=EDGE_CURVE('',#6743,#6744,#7671,.T.);
#5132=EDGE_CURVE('',#6744,#6741,#7672,.F.);
#5133=EDGE_CURVE('',#6745,#6746,#7673,.T.);
#5134=EDGE_CURVE('',#6746,#6747,#7674,.F.);
#5135=EDGE_CURVE('',#6747,#6748,#7675,.T.);
#5136=EDGE_CURVE('',#6748,#6745,#7676,.F.);
#5137=EDGE_CURVE('',#6749,#6750,#7677,.T.);
#5138=EDGE_CURVE('',#6750,#6751,#7678,.F.);
#5139=EDGE_CURVE('',#6751,#6752,#7679,.T.);
#5140=EDGE_CURVE('',#6752,#6749,#7680,.F.);
#5141=EDGE_CURVE('',#6753,#6754,#7681,.T.);
#5142=EDGE_CURVE('',#6754,#6755,#7682,.F.);
#5143=EDGE_CURVE('',#6755,#6756,#7683,.T.);
#5144=EDGE_CURVE('',#6756,#6753,#7684,.F.);
#5145=EDGE_CURVE('',#6757,#6758,#7685,.T.);
#5146=EDGE_CURVE('',#6758,#6759,#7686,.F.);
#5147=EDGE_CURVE('',#6759,#6760,#7687,.T.);
#5148=EDGE_CURVE('',#6760,#6757,#7688,.F.);
#5149=EDGE_CURVE('',#6761,#6762,#7689,.T.);
#5150=EDGE_CURVE('',#6762,#6763,#7690,.F.);
#5151=EDGE_CURVE('',#6763,#6764,#7691,.T.);
#5152=EDGE_CURVE('',#6764,#6761,#7692,.F.);
#5153=EDGE_CURVE('',#6765,#6766,#7693,.T.);
#5154=EDGE_CURVE('',#6766,#6767,#7694,.F.);
#5155=EDGE_CURVE('',#6767,#6768,#7695,.T.);
#5156=EDGE_CURVE('',#6768,#6765,#7696,.F.);
#5157=EDGE_CURVE('',#6769,#6770,#7697,.T.);
#5158=EDGE_CURVE('',#6770,#6771,#7698,.F.);
#5159=EDGE_CURVE('',#6771,#6772,#7699,.T.);
#5160=EDGE_CURVE('',#6772,#6769,#7700,.F.);
#5161=EDGE_CURVE('',#6773,#6774,#7701,.T.);
#5162=EDGE_CURVE('',#6774,#6775,#7702,.F.);
#5163=EDGE_CURVE('',#6775,#6776,#7703,.T.);
#5164=EDGE_CURVE('',#6776,#6773,#7704,.F.);
#5165=EDGE_CURVE('',#6777,#6778,#7705,.T.);
#5166=EDGE_CURVE('',#6778,#6779,#7706,.F.);
#5167=EDGE_CURVE('',#6779,#6780,#7707,.T.);
#5168=EDGE_CURVE('',#6780,#6777,#7708,.F.);
#5169=EDGE_CURVE('',#6781,#6782,#7709,.T.);
#5170=EDGE_CURVE('',#6782,#6783,#7710,.F.);
#5171=EDGE_CURVE('',#6783,#6784,#7711,.T.);
#5172=EDGE_CURVE('',#6784,#6781,#7712,.F.);
#5173=EDGE_CURVE('',#6785,#6786,#7713,.T.);
#5174=EDGE_CURVE('',#6786,#6787,#7714,.F.);
#5175=EDGE_CURVE('',#6787,#6788,#7715,.T.);
#5176=EDGE_CURVE('',#6788,#6785,#7716,.F.);
#5177=EDGE_CURVE('',#6789,#6790,#7717,.T.);
#5178=EDGE_CURVE('',#6790,#6791,#7718,.F.);
#5179=EDGE_CURVE('',#6791,#6792,#7719,.T.);
#5180=EDGE_CURVE('',#6792,#6789,#7720,.F.);
#5181=EDGE_CURVE('',#6793,#6794,#7721,.T.);
#5182=EDGE_CURVE('',#6794,#6795,#7722,.F.);
#5183=EDGE_CURVE('',#6795,#6796,#7723,.T.);
#5184=EDGE_CURVE('',#6796,#6793,#7724,.F.);
#5185=EDGE_CURVE('',#6797,#6798,#7725,.T.);
#5186=EDGE_CURVE('',#6798,#6799,#7726,.F.);
#5187=EDGE_CURVE('',#6799,#6800,#7727,.T.);
#5188=EDGE_CURVE('',#6800,#6797,#7728,.F.);
#5189=EDGE_CURVE('',#6801,#6802,#7729,.T.);
#5190=EDGE_CURVE('',#6802,#6803,#7730,.F.);
#5191=EDGE_CURVE('',#6803,#6804,#7731,.T.);
#5192=EDGE_CURVE('',#6804,#6801,#7732,.F.);
#5193=EDGE_CURVE('',#6805,#6806,#7733,.T.);
#5194=EDGE_CURVE('',#6806,#6807,#7734,.F.);
#5195=EDGE_CURVE('',#6807,#6808,#7735,.T.);
#5196=EDGE_CURVE('',#6808,#6805,#7736,.F.);
#5197=EDGE_CURVE('',#6809,#6810,#7737,.T.);
#5198=EDGE_CURVE('',#6810,#6811,#7738,.F.);
#5199=EDGE_CURVE('',#6811,#6812,#7739,.T.);
#5200=EDGE_CURVE('',#6812,#6809,#7740,.F.);
#5201=EDGE_CURVE('',#6813,#6814,#7741,.T.);
#5202=EDGE_CURVE('',#6814,#6815,#7742,.F.);
#5203=EDGE_CURVE('',#6815,#6816,#7743,.T.);
#5204=EDGE_CURVE('',#6816,#6813,#7744,.F.);
#5205=EDGE_CURVE('',#6817,#6818,#7745,.T.);
#5206=EDGE_CURVE('',#6818,#6819,#7746,.F.);
#5207=EDGE_CURVE('',#6819,#6820,#7747,.T.);
#5208=EDGE_CURVE('',#6820,#6817,#7748,.F.);
#5209=EDGE_CURVE('',#6821,#6822,#7749,.T.);
#5210=EDGE_CURVE('',#6822,#6823,#7750,.F.);
#5211=EDGE_CURVE('',#6823,#6824,#7751,.T.);
#5212=EDGE_CURVE('',#6824,#6821,#7752,.F.);
#5213=EDGE_CURVE('',#6825,#6826,#7753,.T.);
#5214=EDGE_CURVE('',#6826,#6827,#7754,.F.);
#5215=EDGE_CURVE('',#6827,#6828,#7755,.T.);
#5216=EDGE_CURVE('',#6828,#6825,#7756,.F.);
#5217=EDGE_CURVE('',#6829,#6830,#7757,.T.);
#5218=EDGE_CURVE('',#6830,#6831,#7758,.F.);
#5219=EDGE_CURVE('',#6831,#6832,#7759,.T.);
#5220=EDGE_CURVE('',#6832,#6829,#7760,.F.);
#5221=EDGE_CURVE('',#6833,#6834,#7761,.T.);
#5222=EDGE_CURVE('',#6834,#6835,#7762,.F.);
#5223=EDGE_CURVE('',#6835,#6836,#7763,.T.);
#5224=EDGE_CURVE('',#6836,#6833,#7764,.F.);
#5225=EDGE_CURVE('',#6837,#6838,#7765,.T.);
#5226=EDGE_CURVE('',#6838,#6839,#7766,.F.);
#5227=EDGE_CURVE('',#6839,#6840,#7767,.T.);
#5228=EDGE_CURVE('',#6840,#6837,#7768,.F.);
#5229=EDGE_CURVE('',#6841,#6842,#7769,.T.);
#5230=EDGE_CURVE('',#6842,#6843,#7770,.F.);
#5231=EDGE_CURVE('',#6843,#6844,#7771,.T.);
#5232=EDGE_CURVE('',#6844,#6841,#7772,.F.);
#5233=EDGE_CURVE('',#6845,#6846,#7773,.T.);
#5234=EDGE_CURVE('',#6846,#6847,#7774,.F.);
#5235=EDGE_CURVE('',#6847,#6848,#7775,.T.);
#5236=EDGE_CURVE('',#6848,#6845,#7776,.F.);
#5237=EDGE_CURVE('',#6849,#6850,#7777,.T.);
#5238=EDGE_CURVE('',#6850,#6851,#7778,.F.);
#5239=EDGE_CURVE('',#6851,#6852,#7779,.T.);
#5240=EDGE_CURVE('',#6852,#6849,#7780,.F.);
#5241=EDGE_CURVE('',#6853,#6854,#7781,.T.);
#5242=EDGE_CURVE('',#6854,#6855,#7782,.F.);
#5243=EDGE_CURVE('',#6855,#6856,#7783,.T.);
#5244=EDGE_CURVE('',#6856,#6853,#7784,.F.);
#5245=EDGE_CURVE('',#6857,#6858,#7785,.T.);
#5246=EDGE_CURVE('',#6858,#6859,#7786,.F.);
#5247=EDGE_CURVE('',#6859,#6860,#7787,.T.);
#5248=EDGE_CURVE('',#6860,#6857,#7788,.F.);
#5249=EDGE_CURVE('',#6861,#6862,#7789,.T.);
#5250=EDGE_CURVE('',#6862,#6863,#7790,.F.);
#5251=EDGE_CURVE('',#6863,#6864,#7791,.T.);
#5252=EDGE_CURVE('',#6864,#6861,#7792,.F.);
#5253=EDGE_CURVE('',#6865,#6866,#7793,.T.);
#5254=EDGE_CURVE('',#6866,#6867,#7794,.F.);
#5255=EDGE_CURVE('',#6867,#6868,#7795,.T.);
#5256=EDGE_CURVE('',#6868,#6865,#7796,.F.);
#5257=EDGE_CURVE('',#6869,#6870,#7797,.T.);
#5258=EDGE_CURVE('',#6870,#6871,#7798,.F.);
#5259=EDGE_CURVE('',#6871,#6872,#7799,.T.);
#5260=EDGE_CURVE('',#6872,#6869,#7800,.F.);
#5261=EDGE_CURVE('',#6873,#6874,#7801,.T.);
#5262=EDGE_CURVE('',#6874,#6875,#7802,.F.);
#5263=EDGE_CURVE('',#6875,#6876,#7803,.T.);
#5264=EDGE_CURVE('',#6876,#6873,#7804,.F.);
#5265=EDGE_CURVE('',#6877,#6878,#7805,.T.);
#5266=EDGE_CURVE('',#6878,#6879,#7806,.F.);
#5267=EDGE_CURVE('',#6879,#6880,#7807,.T.);
#5268=EDGE_CURVE('',#6880,#6877,#7808,.F.);
#5269=EDGE_CURVE('',#6881,#6882,#7809,.T.);
#5270=EDGE_CURVE('',#6882,#6883,#7810,.F.);
#5271=EDGE_CURVE('',#6883,#6884,#7811,.T.);
#5272=EDGE_CURVE('',#6884,#6881,#7812,.F.);
#5273=EDGE_CURVE('',#6885,#6886,#7813,.T.);
#5274=EDGE_CURVE('',#6886,#6887,#7814,.F.);
#5275=EDGE_CURVE('',#6887,#6888,#7815,.T.);
#5276=EDGE_CURVE('',#6888,#6885,#7816,.F.);
#5277=EDGE_CURVE('',#6889,#6890,#7817,.T.);
#5278=EDGE_CURVE('',#6890,#6891,#7818,.F.);
#5279=EDGE_CURVE('',#6891,#6892,#7819,.T.);
#5280=EDGE_CURVE('',#6892,#6889,#7820,.F.);
#5281=EDGE_CURVE('',#6893,#6894,#7821,.T.);
#5282=EDGE_CURVE('',#6894,#6895,#7822,.F.);
#5283=EDGE_CURVE('',#6895,#6896,#7823,.T.);
#5284=EDGE_CURVE('',#6896,#6893,#7824,.F.);
#5285=EDGE_CURVE('',#6897,#6898,#7825,.T.);
#5286=EDGE_CURVE('',#6898,#6899,#7826,.F.);
#5287=EDGE_CURVE('',#6899,#6900,#7827,.T.);
#5288=EDGE_CURVE('',#6900,#6897,#7828,.F.);
#5289=EDGE_CURVE('',#6901,#6902,#7829,.T.);
#5290=EDGE_CURVE('',#6902,#6903,#7830,.F.);
#5291=EDGE_CURVE('',#6903,#6904,#7831,.T.);
#5292=EDGE_CURVE('',#6904,#6901,#7832,.F.);
#5293=EDGE_CURVE('',#6905,#6906,#7833,.T.);
#5294=EDGE_CURVE('',#6906,#6907,#7834,.F.);
#5295=EDGE_CURVE('',#6907,#6908,#7835,.T.);
#5296=EDGE_CURVE('',#6908,#6905,#7836,.F.);
#5297=EDGE_CURVE('',#6909,#6909,#7837,.T.);
#5298=EDGE_CURVE('',#6910,#6910,#7838,.T.);
#5299=EDGE_CURVE('',#6224,#6227,#7839,.T.);
#5300=EDGE_CURVE('',#6224,#6902,#14,.T.);
#5301=EDGE_CURVE('',#6902,#6897,#7840,.T.);
#5302=EDGE_CURVE('',#6897,#6227,#15,.F.);
#5303=EDGE_CURVE('',#6903,#6226,#16,.T.);
#5304=EDGE_CURVE('',#6225,#6904,#17,.F.);
#5305=EDGE_CURVE('',#6901,#6223,#18,.F.);
#5306=EDGE_CURVE('',#6228,#6231,#7841,.T.);
#5307=EDGE_CURVE('',#6228,#6898,#19,.T.);
#5308=EDGE_CURVE('',#6898,#6893,#7842,.T.);
#5309=EDGE_CURVE('',#6893,#6231,#20,.F.);
#5310=EDGE_CURVE('',#6899,#6230,#21,.T.);
#5311=EDGE_CURVE('',#6229,#6900,#22,.F.);
#5312=EDGE_CURVE('',#6232,#6235,#7843,.T.);
#5313=EDGE_CURVE('',#6232,#6894,#23,.T.);
#5314=EDGE_CURVE('',#6894,#6889,#7844,.T.);
#5315=EDGE_CURVE('',#6889,#6235,#24,.F.);
#5316=EDGE_CURVE('',#6895,#6234,#25,.T.);
#5317=EDGE_CURVE('',#6233,#6896,#26,.F.);
#5318=EDGE_CURVE('',#6236,#6239,#7845,.T.);
#5319=EDGE_CURVE('',#6236,#6890,#27,.T.);
#5320=EDGE_CURVE('',#6890,#6885,#7846,.T.);
#5321=EDGE_CURVE('',#6885,#6239,#28,.F.);
#5322=EDGE_CURVE('',#6891,#6238,#29,.T.);
#5323=EDGE_CURVE('',#6237,#6892,#30,.F.);
#5324=EDGE_CURVE('',#6240,#6243,#7847,.T.);
#5325=EDGE_CURVE('',#6240,#6886,#31,.T.);
#5326=EDGE_CURVE('',#6886,#6881,#7848,.T.);
#5327=EDGE_CURVE('',#6881,#6243,#32,.F.);
#5328=EDGE_CURVE('',#6887,#6242,#33,.T.);
#5329=EDGE_CURVE('',#6241,#6888,#34,.F.);
#5330=EDGE_CURVE('',#6244,#6247,#7849,.T.);
#5331=EDGE_CURVE('',#6244,#6882,#35,.T.);
#5332=EDGE_CURVE('',#6882,#6877,#7850,.T.);
#5333=EDGE_CURVE('',#6877,#6247,#36,.F.);
#5334=EDGE_CURVE('',#6883,#6246,#37,.T.);
#5335=EDGE_CURVE('',#6245,#6884,#38,.F.);
#5336=EDGE_CURVE('',#6248,#6251,#7851,.T.);
#5337=EDGE_CURVE('',#6248,#6878,#39,.T.);
#5338=EDGE_CURVE('',#6878,#6873,#7852,.T.);
#5339=EDGE_CURVE('',#6873,#6251,#40,.F.);
#5340=EDGE_CURVE('',#6879,#6250,#41,.T.);
#5341=EDGE_CURVE('',#6249,#6880,#42,.F.);
#5342=EDGE_CURVE('',#6252,#6255,#7853,.T.);
#5343=EDGE_CURVE('',#6252,#6874,#43,.T.);
#5344=EDGE_CURVE('',#6874,#6869,#7854,.T.);
#5345=EDGE_CURVE('',#6869,#6255,#44,.F.);
#5346=EDGE_CURVE('',#6875,#6254,#45,.T.);
#5347=EDGE_CURVE('',#6253,#6876,#46,.F.);
#5348=EDGE_CURVE('',#6256,#6259,#7855,.T.);
#5349=EDGE_CURVE('',#6256,#6870,#47,.T.);
#5350=EDGE_CURVE('',#6870,#6865,#7856,.T.);
#5351=EDGE_CURVE('',#6865,#6259,#48,.F.);
#5352=EDGE_CURVE('',#6871,#6258,#49,.T.);
#5353=EDGE_CURVE('',#6257,#6872,#50,.F.);
#5354=EDGE_CURVE('',#6260,#6263,#7857,.T.);
#5355=EDGE_CURVE('',#6260,#6866,#51,.T.);
#5356=EDGE_CURVE('',#6866,#6861,#7858,.T.);
#5357=EDGE_CURVE('',#6861,#6263,#52,.F.);
#5358=EDGE_CURVE('',#6867,#6262,#53,.T.);
#5359=EDGE_CURVE('',#6261,#6868,#54,.F.);
#5360=EDGE_CURVE('',#6264,#6267,#7859,.T.);
#5361=EDGE_CURVE('',#6264,#6862,#55,.T.);
#5362=EDGE_CURVE('',#6862,#6857,#7860,.T.);
#5363=EDGE_CURVE('',#6857,#6267,#56,.F.);
#5364=EDGE_CURVE('',#6863,#6266,#57,.T.);
#5365=EDGE_CURVE('',#6265,#6864,#58,.F.);
#5366=EDGE_CURVE('',#6268,#6271,#7861,.T.);
#5367=EDGE_CURVE('',#6268,#6858,#59,.T.);
#5368=EDGE_CURVE('',#6858,#6853,#7862,.T.);
#5369=EDGE_CURVE('',#6853,#6271,#60,.F.);
#5370=EDGE_CURVE('',#6859,#6270,#61,.T.);
#5371=EDGE_CURVE('',#6269,#6860,#62,.F.);
#5372=EDGE_CURVE('',#6272,#6275,#7863,.T.);
#5373=EDGE_CURVE('',#6272,#6854,#63,.T.);
#5374=EDGE_CURVE('',#6854,#6849,#7864,.T.);
#5375=EDGE_CURVE('',#6849,#6275,#64,.F.);
#5376=EDGE_CURVE('',#6855,#6274,#65,.T.);
#5377=EDGE_CURVE('',#6273,#6856,#66,.F.);
#5378=EDGE_CURVE('',#6276,#6279,#7865,.T.);
#5379=EDGE_CURVE('',#6276,#6850,#67,.T.);
#5380=EDGE_CURVE('',#6850,#6845,#7866,.T.);
#5381=EDGE_CURVE('',#6845,#6279,#68,.F.);
#5382=EDGE_CURVE('',#6851,#6278,#69,.T.);
#5383=EDGE_CURVE('',#6277,#6852,#70,.F.);
#5384=EDGE_CURVE('',#6280,#6283,#7867,.T.);
#5385=EDGE_CURVE('',#6280,#6846,#71,.T.);
#5386=EDGE_CURVE('',#6846,#6841,#7868,.T.);
#5387=EDGE_CURVE('',#6841,#6283,#72,.F.);
#5388=EDGE_CURVE('',#6847,#6282,#73,.T.);
#5389=EDGE_CURVE('',#6281,#6848,#74,.F.);
#5390=EDGE_CURVE('',#6284,#6287,#7869,.T.);
#5391=EDGE_CURVE('',#6284,#6842,#75,.T.);
#5392=EDGE_CURVE('',#6842,#6837,#7870,.T.);
#5393=EDGE_CURVE('',#6837,#6287,#76,.F.);
#5394=EDGE_CURVE('',#6843,#6286,#77,.T.);
#5395=EDGE_CURVE('',#6285,#6844,#78,.F.);
#5396=EDGE_CURVE('',#6288,#6291,#7871,.T.);
#5397=EDGE_CURVE('',#6288,#6838,#79,.T.);
#5398=EDGE_CURVE('',#6838,#6833,#7872,.T.);
#5399=EDGE_CURVE('',#6833,#6291,#80,.F.);
#5400=EDGE_CURVE('',#6839,#6290,#81,.T.);
#5401=EDGE_CURVE('',#6289,#6840,#82,.F.);
#5402=EDGE_CURVE('',#6292,#6295,#7873,.T.);
#5403=EDGE_CURVE('',#6292,#6834,#83,.T.);
#5404=EDGE_CURVE('',#6834,#6829,#7874,.T.);
#5405=EDGE_CURVE('',#6829,#6295,#84,.F.);
#5406=EDGE_CURVE('',#6835,#6294,#85,.T.);
#5407=EDGE_CURVE('',#6293,#6836,#86,.F.);
#5408=EDGE_CURVE('',#6296,#6299,#7875,.T.);
#5409=EDGE_CURVE('',#6296,#6830,#87,.T.);
#5410=EDGE_CURVE('',#6830,#6825,#7876,.T.);
#5411=EDGE_CURVE('',#6825,#6299,#88,.F.);
#5412=EDGE_CURVE('',#6831,#6298,#89,.T.);
#5413=EDGE_CURVE('',#6297,#6832,#90,.F.);
#5414=EDGE_CURVE('',#6300,#6303,#7877,.T.);
#5415=EDGE_CURVE('',#6300,#6826,#91,.T.);
#5416=EDGE_CURVE('',#6826,#6821,#7878,.T.);
#5417=EDGE_CURVE('',#6821,#6303,#92,.F.);
#5418=EDGE_CURVE('',#6827,#6302,#93,.T.);
#5419=EDGE_CURVE('',#6301,#6828,#94,.F.);
#5420=EDGE_CURVE('',#6304,#6307,#7879,.T.);
#5421=EDGE_CURVE('',#6304,#6822,#95,.T.);
#5422=EDGE_CURVE('',#6822,#6817,#7880,.T.);
#5423=EDGE_CURVE('',#6817,#6307,#96,.F.);
#5424=EDGE_CURVE('',#6823,#6306,#97,.T.);
#5425=EDGE_CURVE('',#6305,#6824,#98,.F.);
#5426=EDGE_CURVE('',#6308,#6311,#7881,.T.);
#5427=EDGE_CURVE('',#6308,#6818,#99,.T.);
#5428=EDGE_CURVE('',#6818,#6813,#7882,.T.);
#5429=EDGE_CURVE('',#6813,#6311,#100,.F.);
#5430=EDGE_CURVE('',#6819,#6310,#101,.T.);
#5431=EDGE_CURVE('',#6309,#6820,#102,.F.);
#5432=EDGE_CURVE('',#6312,#6315,#7883,.T.);
#5433=EDGE_CURVE('',#6312,#6814,#103,.T.);
#5434=EDGE_CURVE('',#6814,#6809,#7884,.T.);
#5435=EDGE_CURVE('',#6809,#6315,#104,.F.);
#5436=EDGE_CURVE('',#6815,#6314,#105,.T.);
#5437=EDGE_CURVE('',#6313,#6816,#106,.F.);
#5438=EDGE_CURVE('',#6316,#6319,#7885,.T.);
#5439=EDGE_CURVE('',#6316,#6810,#107,.T.);
#5440=EDGE_CURVE('',#6810,#6805,#7886,.T.);
#5441=EDGE_CURVE('',#6805,#6319,#108,.F.);
#5442=EDGE_CURVE('',#6811,#6318,#109,.T.);
#5443=EDGE_CURVE('',#6317,#6812,#110,.F.);
#5444=EDGE_CURVE('',#6320,#6323,#7887,.T.);
#5445=EDGE_CURVE('',#6320,#6806,#111,.T.);
#5446=EDGE_CURVE('',#6806,#6801,#7888,.T.);
#5447=EDGE_CURVE('',#6801,#6323,#112,.F.);
#5448=EDGE_CURVE('',#6807,#6322,#113,.T.);
#5449=EDGE_CURVE('',#6321,#6808,#114,.F.);
#5450=EDGE_CURVE('',#6324,#6327,#7889,.T.);
#5451=EDGE_CURVE('',#6324,#6802,#115,.T.);
#5452=EDGE_CURVE('',#6802,#6797,#7890,.T.);
#5453=EDGE_CURVE('',#6797,#6327,#116,.F.);
#5454=EDGE_CURVE('',#6803,#6326,#117,.T.);
#5455=EDGE_CURVE('',#6325,#6804,#118,.F.);
#5456=EDGE_CURVE('',#6328,#6331,#7891,.T.);
#5457=EDGE_CURVE('',#6328,#6798,#119,.T.);
#5458=EDGE_CURVE('',#6798,#6793,#7892,.T.);
#5459=EDGE_CURVE('',#6793,#6331,#120,.F.);
#5460=EDGE_CURVE('',#6799,#6330,#121,.T.);
#5461=EDGE_CURVE('',#6329,#6800,#122,.F.);
#5462=EDGE_CURVE('',#6332,#6335,#7893,.T.);
#5463=EDGE_CURVE('',#6332,#6794,#123,.T.);
#5464=EDGE_CURVE('',#6794,#6789,#7894,.T.);
#5465=EDGE_CURVE('',#6789,#6335,#124,.F.);
#5466=EDGE_CURVE('',#6795,#6334,#125,.T.);
#5467=EDGE_CURVE('',#6333,#6796,#126,.F.);
#5468=EDGE_CURVE('',#6336,#6339,#7895,.T.);
#5469=EDGE_CURVE('',#6336,#6790,#127,.T.);
#5470=EDGE_CURVE('',#6790,#6785,#7896,.T.);
#5471=EDGE_CURVE('',#6785,#6339,#128,.F.);
#5472=EDGE_CURVE('',#6791,#6338,#129,.T.);
#5473=EDGE_CURVE('',#6337,#6792,#130,.F.);
#5474=EDGE_CURVE('',#6340,#6343,#7897,.T.);
#5475=EDGE_CURVE('',#6340,#6786,#131,.T.);
#5476=EDGE_CURVE('',#6786,#6781,#7898,.T.);
#5477=EDGE_CURVE('',#6781,#6343,#132,.F.);
#5478=EDGE_CURVE('',#6787,#6342,#133,.T.);
#5479=EDGE_CURVE('',#6341,#6788,#134,.F.);
#5480=EDGE_CURVE('',#6344,#6347,#7899,.T.);
#5481=EDGE_CURVE('',#6344,#6782,#135,.T.);
#5482=EDGE_CURVE('',#6782,#6777,#7900,.T.);
#5483=EDGE_CURVE('',#6777,#6347,#136,.F.);
#5484=EDGE_CURVE('',#6783,#6346,#137,.T.);
#5485=EDGE_CURVE('',#6345,#6784,#138,.F.);
#5486=EDGE_CURVE('',#6348,#6351,#7901,.T.);
#5487=EDGE_CURVE('',#6348,#6778,#139,.T.);
#5488=EDGE_CURVE('',#6778,#6773,#7902,.T.);
#5489=EDGE_CURVE('',#6773,#6351,#140,.F.);
#5490=EDGE_CURVE('',#6779,#6350,#141,.T.);
#5491=EDGE_CURVE('',#6349,#6780,#142,.F.);
#5492=EDGE_CURVE('',#6352,#6355,#7903,.T.);
#5493=EDGE_CURVE('',#6352,#6774,#143,.T.);
#5494=EDGE_CURVE('',#6774,#6769,#7904,.T.);
#5495=EDGE_CURVE('',#6769,#6355,#144,.F.);
#5496=EDGE_CURVE('',#6775,#6354,#145,.T.);
#5497=EDGE_CURVE('',#6353,#6776,#146,.F.);
#5498=EDGE_CURVE('',#6356,#6359,#7905,.T.);
#5499=EDGE_CURVE('',#6356,#6770,#147,.T.);
#5500=EDGE_CURVE('',#6770,#6765,#7906,.T.);
#5501=EDGE_CURVE('',#6765,#6359,#148,.F.);
#5502=EDGE_CURVE('',#6771,#6358,#149,.T.);
#5503=EDGE_CURVE('',#6357,#6772,#150,.F.);
#5504=EDGE_CURVE('',#6360,#6363,#7907,.T.);
#5505=EDGE_CURVE('',#6360,#6766,#151,.T.);
#5506=EDGE_CURVE('',#6766,#6761,#7908,.T.);
#5507=EDGE_CURVE('',#6761,#6363,#152,.F.);
#5508=EDGE_CURVE('',#6767,#6362,#153,.T.);
#5509=EDGE_CURVE('',#6361,#6768,#154,.F.);
#5510=EDGE_CURVE('',#6364,#6367,#7909,.T.);
#5511=EDGE_CURVE('',#6364,#6762,#155,.T.);
#5512=EDGE_CURVE('',#6762,#6757,#7910,.T.);
#5513=EDGE_CURVE('',#6757,#6367,#156,.F.);
#5514=EDGE_CURVE('',#6763,#6366,#157,.T.);
#5515=EDGE_CURVE('',#6365,#6764,#158,.F.);
#5516=EDGE_CURVE('',#6368,#6371,#7911,.T.);
#5517=EDGE_CURVE('',#6368,#6758,#159,.T.);
#5518=EDGE_CURVE('',#6758,#6753,#7912,.T.);
#5519=EDGE_CURVE('',#6753,#6371,#160,.F.);
#5520=EDGE_CURVE('',#6759,#6370,#161,.T.);
#5521=EDGE_CURVE('',#6369,#6760,#162,.F.);
#5522=EDGE_CURVE('',#6372,#6375,#7913,.T.);
#5523=EDGE_CURVE('',#6372,#6754,#163,.T.);
#5524=EDGE_CURVE('',#6754,#6749,#7914,.T.);
#5525=EDGE_CURVE('',#6749,#6375,#164,.F.);
#5526=EDGE_CURVE('',#6755,#6374,#165,.T.);
#5527=EDGE_CURVE('',#6373,#6756,#166,.F.);
#5528=EDGE_CURVE('',#6376,#6379,#7915,.T.);
#5529=EDGE_CURVE('',#6376,#6750,#167,.T.);
#5530=EDGE_CURVE('',#6750,#6745,#7916,.T.);
#5531=EDGE_CURVE('',#6745,#6379,#168,.F.);
#5532=EDGE_CURVE('',#6751,#6378,#169,.T.);
#5533=EDGE_CURVE('',#6377,#6752,#170,.F.);
#5534=EDGE_CURVE('',#6380,#6383,#7917,.T.);
#5535=EDGE_CURVE('',#6380,#6746,#171,.T.);
#5536=EDGE_CURVE('',#6746,#6741,#7918,.T.);
#5537=EDGE_CURVE('',#6741,#6383,#172,.F.);
#5538=EDGE_CURVE('',#6747,#6382,#173,.T.);
#5539=EDGE_CURVE('',#6381,#6748,#174,.F.);
#5540=EDGE_CURVE('',#6384,#6387,#7919,.T.);
#5541=EDGE_CURVE('',#6384,#6742,#175,.T.);
#5542=EDGE_CURVE('',#6742,#6737,#7920,.T.);
#5543=EDGE_CURVE('',#6737,#6387,#176,.F.);
#5544=EDGE_CURVE('',#6743,#6386,#177,.T.);
#5545=EDGE_CURVE('',#6385,#6744,#178,.F.);
#5546=EDGE_CURVE('',#6388,#6391,#7921,.T.);
#5547=EDGE_CURVE('',#6388,#6738,#179,.T.);
#5548=EDGE_CURVE('',#6738,#6733,#7922,.T.);
#5549=EDGE_CURVE('',#6733,#6391,#180,.F.);
#5550=EDGE_CURVE('',#6739,#6390,#181,.T.);
#5551=EDGE_CURVE('',#6389,#6740,#182,.F.);
#5552=EDGE_CURVE('',#6392,#6395,#7923,.T.);
#5553=EDGE_CURVE('',#6392,#6734,#183,.T.);
#5554=EDGE_CURVE('',#6734,#6729,#7924,.T.);
#5555=EDGE_CURVE('',#6729,#6395,#184,.F.);
#5556=EDGE_CURVE('',#6735,#6394,#185,.T.);
#5557=EDGE_CURVE('',#6393,#6736,#186,.F.);
#5558=EDGE_CURVE('',#6396,#6399,#7925,.T.);
#5559=EDGE_CURVE('',#6396,#6730,#187,.T.);
#5560=EDGE_CURVE('',#6730,#6725,#7926,.T.);
#5561=EDGE_CURVE('',#6725,#6399,#188,.F.);
#5562=EDGE_CURVE('',#6731,#6398,#189,.T.);
#5563=EDGE_CURVE('',#6397,#6732,#190,.F.);
#5564=EDGE_CURVE('',#6400,#6403,#7927,.T.);
#5565=EDGE_CURVE('',#6400,#6726,#191,.T.);
#5566=EDGE_CURVE('',#6726,#6721,#7928,.T.);
#5567=EDGE_CURVE('',#6721,#6403,#192,.F.);
#5568=EDGE_CURVE('',#6727,#6402,#193,.T.);
#5569=EDGE_CURVE('',#6401,#6728,#194,.F.);
#5570=EDGE_CURVE('',#6404,#6407,#7929,.T.);
#5571=EDGE_CURVE('',#6404,#6722,#195,.T.);
#5572=EDGE_CURVE('',#6722,#6717,#7930,.T.);
#5573=EDGE_CURVE('',#6717,#6407,#196,.F.);
#5574=EDGE_CURVE('',#6723,#6406,#197,.T.);
#5575=EDGE_CURVE('',#6405,#6724,#198,.F.);
#5576=EDGE_CURVE('',#6408,#6411,#7931,.T.);
#5577=EDGE_CURVE('',#6408,#6718,#199,.T.);
#5578=EDGE_CURVE('',#6718,#6713,#7932,.T.);
#5579=EDGE_CURVE('',#6713,#6411,#200,.F.);
#5580=EDGE_CURVE('',#6719,#6410,#201,.T.);
#5581=EDGE_CURVE('',#6409,#6720,#202,.F.);
#5582=EDGE_CURVE('',#6412,#6415,#7933,.T.);
#5583=EDGE_CURVE('',#6412,#6714,#203,.T.);
#5584=EDGE_CURVE('',#6714,#6709,#7934,.T.);
#5585=EDGE_CURVE('',#6709,#6415,#204,.F.);
#5586=EDGE_CURVE('',#6715,#6414,#205,.T.);
#5587=EDGE_CURVE('',#6413,#6716,#206,.F.);
#5588=EDGE_CURVE('',#6416,#6419,#7935,.T.);
#5589=EDGE_CURVE('',#6416,#6710,#207,.T.);
#5590=EDGE_CURVE('',#6710,#6705,#7936,.T.);
#5591=EDGE_CURVE('',#6705,#6419,#208,.F.);
#5592=EDGE_CURVE('',#6711,#6418,#209,.T.);
#5593=EDGE_CURVE('',#6417,#6712,#210,.F.);
#5594=EDGE_CURVE('',#6420,#6423,#7937,.T.);
#5595=EDGE_CURVE('',#6420,#6706,#211,.T.);
#5596=EDGE_CURVE('',#6706,#6701,#7938,.T.);
#5597=EDGE_CURVE('',#6701,#6423,#212,.F.);
#5598=EDGE_CURVE('',#6707,#6422,#213,.T.);
#5599=EDGE_CURVE('',#6421,#6708,#214,.F.);
#5600=EDGE_CURVE('',#6424,#6427,#7939,.T.);
#5601=EDGE_CURVE('',#6424,#6702,#215,.T.);
#5602=EDGE_CURVE('',#6702,#6697,#7940,.T.);
#5603=EDGE_CURVE('',#6697,#6427,#216,.F.);
#5604=EDGE_CURVE('',#6703,#6426,#217,.T.);
#5605=EDGE_CURVE('',#6425,#6704,#218,.F.);
#5606=EDGE_CURVE('',#6428,#6431,#7941,.T.);
#5607=EDGE_CURVE('',#6428,#6698,#219,.T.);
#5608=EDGE_CURVE('',#6698,#6693,#7942,.T.);
#5609=EDGE_CURVE('',#6693,#6431,#220,.F.);
#5610=EDGE_CURVE('',#6699,#6430,#221,.T.);
#5611=EDGE_CURVE('',#6429,#6700,#222,.F.);
#5612=EDGE_CURVE('',#6432,#6435,#7943,.T.);
#5613=EDGE_CURVE('',#6432,#6694,#223,.T.);
#5614=EDGE_CURVE('',#6694,#6689,#7944,.T.);
#5615=EDGE_CURVE('',#6689,#6435,#224,.F.);
#5616=EDGE_CURVE('',#6695,#6434,#225,.T.);
#5617=EDGE_CURVE('',#6433,#6696,#226,.F.);
#5618=EDGE_CURVE('',#6436,#6439,#7945,.T.);
#5619=EDGE_CURVE('',#6436,#6690,#227,.T.);
#5620=EDGE_CURVE('',#6690,#6685,#7946,.T.);
#5621=EDGE_CURVE('',#6685,#6439,#228,.F.);
#5622=EDGE_CURVE('',#6691,#6438,#229,.T.);
#5623=EDGE_CURVE('',#6437,#6692,#230,.F.);
#5624=EDGE_CURVE('',#6440,#6443,#7947,.T.);
#5625=EDGE_CURVE('',#6440,#6686,#231,.T.);
#5626=EDGE_CURVE('',#6686,#6681,#7948,.T.);
#5627=EDGE_CURVE('',#6681,#6443,#232,.F.);
#5628=EDGE_CURVE('',#6687,#6442,#233,.T.);
#5629=EDGE_CURVE('',#6441,#6688,#234,.F.);
#5630=EDGE_CURVE('',#6444,#6447,#7949,.T.);
#5631=EDGE_CURVE('',#6444,#6682,#235,.T.);
#5632=EDGE_CURVE('',#6682,#6677,#7950,.T.);
#5633=EDGE_CURVE('',#6677,#6447,#236,.F.);
#5634=EDGE_CURVE('',#6683,#6446,#237,.T.);
#5635=EDGE_CURVE('',#6445,#6684,#238,.F.);
#5636=EDGE_CURVE('',#6448,#5995,#7951,.T.);
#5637=EDGE_CURVE('',#6448,#6678,#239,.T.);
#5638=EDGE_CURVE('',#6678,#6673,#7952,.T.);
#5639=EDGE_CURVE('',#6673,#5995,#240,.F.);
#5640=EDGE_CURVE('',#6679,#6450,#241,.T.);
#5641=EDGE_CURVE('',#6449,#6680,#242,.F.);
#5642=EDGE_CURVE('',#5996,#5999,#7953,.T.);
#5643=EDGE_CURVE('',#5996,#6674,#243,.T.);
#5644=EDGE_CURVE('',#6674,#6669,#7954,.T.);
#5645=EDGE_CURVE('',#6669,#5999,#244,.F.);
#5646=EDGE_CURVE('',#6675,#5998,#245,.T.);
#5647=EDGE_CURVE('',#5997,#6676,#246,.F.);
#5648=EDGE_CURVE('',#6000,#6003,#7955,.T.);
#5649=EDGE_CURVE('',#6000,#6670,#247,.T.);
#5650=EDGE_CURVE('',#6670,#6665,#7956,.T.);
#5651=EDGE_CURVE('',#6665,#6003,#248,.F.);
#5652=EDGE_CURVE('',#6671,#6002,#249,.T.);
#5653=EDGE_CURVE('',#6001,#6672,#250,.F.);
#5654=EDGE_CURVE('',#6004,#6007,#7957,.T.);
#5655=EDGE_CURVE('',#6004,#6666,#251,.T.);
#5656=EDGE_CURVE('',#6666,#6661,#7958,.T.);
#5657=EDGE_CURVE('',#6661,#6007,#252,.F.);
#5658=EDGE_CURVE('',#6667,#6006,#253,.T.);
#5659=EDGE_CURVE('',#6005,#6668,#254,.F.);
#5660=EDGE_CURVE('',#6008,#6011,#7959,.T.);
#5661=EDGE_CURVE('',#6008,#6662,#255,.T.);
#5662=EDGE_CURVE('',#6662,#6657,#7960,.T.);
#5663=EDGE_CURVE('',#6657,#6011,#256,.F.);
#5664=EDGE_CURVE('',#6663,#6010,#257,.T.);
#5665=EDGE_CURVE('',#6009,#6664,#258,.F.);
#5666=EDGE_CURVE('',#6012,#6015,#7961,.T.);
#5667=EDGE_CURVE('',#6012,#6658,#259,.T.);
#5668=EDGE_CURVE('',#6658,#6653,#7962,.T.);
#5669=EDGE_CURVE('',#6653,#6015,#260,.F.);
#5670=EDGE_CURVE('',#6659,#6014,#261,.T.);
#5671=EDGE_CURVE('',#6013,#6660,#262,.F.);
#5672=EDGE_CURVE('',#6016,#6019,#7963,.T.);
#5673=EDGE_CURVE('',#6016,#6654,#263,.T.);
#5674=EDGE_CURVE('',#6654,#6649,#7964,.T.);
#5675=EDGE_CURVE('',#6649,#6019,#264,.F.);
#5676=EDGE_CURVE('',#6655,#6018,#265,.T.);
#5677=EDGE_CURVE('',#6017,#6656,#266,.F.);
#5678=EDGE_CURVE('',#6020,#6023,#7965,.T.);
#5679=EDGE_CURVE('',#6020,#6650,#267,.T.);
#5680=EDGE_CURVE('',#6650,#6645,#7966,.T.);
#5681=EDGE_CURVE('',#6645,#6023,#268,.F.);
#5682=EDGE_CURVE('',#6651,#6022,#269,.T.);
#5683=EDGE_CURVE('',#6021,#6652,#270,.F.);
#5684=EDGE_CURVE('',#6024,#6027,#7967,.T.);
#5685=EDGE_CURVE('',#6024,#6646,#271,.T.);
#5686=EDGE_CURVE('',#6646,#6641,#7968,.T.);
#5687=EDGE_CURVE('',#6641,#6027,#272,.F.);
#5688=EDGE_CURVE('',#6647,#6026,#273,.T.);
#5689=EDGE_CURVE('',#6025,#6648,#274,.F.);
#5690=EDGE_CURVE('',#6028,#6031,#7969,.T.);
#5691=EDGE_CURVE('',#6028,#6642,#275,.T.);
#5692=EDGE_CURVE('',#6642,#6637,#7970,.T.);
#5693=EDGE_CURVE('',#6637,#6031,#276,.F.);
#5694=EDGE_CURVE('',#6643,#6030,#277,.T.);
#5695=EDGE_CURVE('',#6029,#6644,#278,.F.);
#5696=EDGE_CURVE('',#6032,#6035,#7971,.T.);
#5697=EDGE_CURVE('',#6032,#6638,#279,.T.);
#5698=EDGE_CURVE('',#6638,#6633,#7972,.T.);
#5699=EDGE_CURVE('',#6633,#6035,#280,.F.);
#5700=EDGE_CURVE('',#6639,#6034,#281,.T.);
#5701=EDGE_CURVE('',#6033,#6640,#282,.F.);
#5702=EDGE_CURVE('',#6036,#6039,#7973,.T.);
#5703=EDGE_CURVE('',#6036,#6634,#283,.T.);
#5704=EDGE_CURVE('',#6634,#6629,#7974,.T.);
#5705=EDGE_CURVE('',#6629,#6039,#284,.F.);
#5706=EDGE_CURVE('',#6635,#6038,#285,.T.);
#5707=EDGE_CURVE('',#6037,#6636,#286,.F.);
#5708=EDGE_CURVE('',#6040,#6043,#7975,.T.);
#5709=EDGE_CURVE('',#6040,#6630,#287,.T.);
#5710=EDGE_CURVE('',#6630,#6625,#7976,.T.);
#5711=EDGE_CURVE('',#6625,#6043,#288,.F.);
#5712=EDGE_CURVE('',#6631,#6042,#289,.T.);
#5713=EDGE_CURVE('',#6041,#6632,#290,.F.);
#5714=EDGE_CURVE('',#6044,#6047,#7977,.T.);
#5715=EDGE_CURVE('',#6044,#6626,#291,.T.);
#5716=EDGE_CURVE('',#6626,#6621,#7978,.T.);
#5717=EDGE_CURVE('',#6621,#6047,#292,.F.);
#5718=EDGE_CURVE('',#6627,#6046,#293,.T.);
#5719=EDGE_CURVE('',#6045,#6628,#294,.F.);
#5720=EDGE_CURVE('',#6048,#6051,#7979,.T.);
#5721=EDGE_CURVE('',#6048,#6622,#295,.T.);
#5722=EDGE_CURVE('',#6622,#6617,#7980,.T.);
#5723=EDGE_CURVE('',#6617,#6051,#296,.F.);
#5724=EDGE_CURVE('',#6623,#6050,#297,.T.);
#5725=EDGE_CURVE('',#6049,#6624,#298,.F.);
#5726=EDGE_CURVE('',#6052,#6055,#7981,.T.);
#5727=EDGE_CURVE('',#6052,#6618,#299,.T.);
#5728=EDGE_CURVE('',#6618,#6613,#7982,.T.);
#5729=EDGE_CURVE('',#6613,#6055,#300,.F.);
#5730=EDGE_CURVE('',#6619,#6054,#301,.T.);
#5731=EDGE_CURVE('',#6053,#6620,#302,.F.);
#5732=EDGE_CURVE('',#6056,#6059,#7983,.T.);
#5733=EDGE_CURVE('',#6056,#6614,#303,.T.);
#5734=EDGE_CURVE('',#6614,#6609,#7984,.T.);
#5735=EDGE_CURVE('',#6609,#6059,#304,.F.);
#5736=EDGE_CURVE('',#6615,#6058,#305,.T.);
#5737=EDGE_CURVE('',#6057,#6616,#306,.F.);
#5738=EDGE_CURVE('',#6060,#6063,#7985,.T.);
#5739=EDGE_CURVE('',#6060,#6610,#307,.T.);
#5740=EDGE_CURVE('',#6610,#6605,#7986,.T.);
#5741=EDGE_CURVE('',#6605,#6063,#308,.F.);
#5742=EDGE_CURVE('',#6611,#6062,#309,.T.);
#5743=EDGE_CURVE('',#6061,#6612,#310,.F.);
#5744=EDGE_CURVE('',#6064,#6067,#7987,.T.);
#5745=EDGE_CURVE('',#6064,#6606,#311,.T.);
#5746=EDGE_CURVE('',#6606,#6601,#7988,.T.);
#5747=EDGE_CURVE('',#6601,#6067,#312,.F.);
#5748=EDGE_CURVE('',#6607,#6066,#313,.T.);
#5749=EDGE_CURVE('',#6065,#6608,#314,.F.);
#5750=EDGE_CURVE('',#6068,#6071,#7989,.T.);
#5751=EDGE_CURVE('',#6068,#6602,#315,.T.);
#5752=EDGE_CURVE('',#6602,#6597,#7990,.T.);
#5753=EDGE_CURVE('',#6597,#6071,#316,.F.);
#5754=EDGE_CURVE('',#6603,#6070,#317,.T.);
#5755=EDGE_CURVE('',#6069,#6604,#318,.F.);
#5756=EDGE_CURVE('',#6072,#6075,#7991,.T.);
#5757=EDGE_CURVE('',#6072,#6598,#319,.T.);
#5758=EDGE_CURVE('',#6598,#6593,#7992,.T.);
#5759=EDGE_CURVE('',#6593,#6075,#320,.F.);
#5760=EDGE_CURVE('',#6599,#6074,#321,.T.);
#5761=EDGE_CURVE('',#6073,#6600,#322,.F.);
#5762=EDGE_CURVE('',#6076,#6079,#7993,.T.);
#5763=EDGE_CURVE('',#6076,#6594,#323,.T.);
#5764=EDGE_CURVE('',#6594,#6589,#7994,.T.);
#5765=EDGE_CURVE('',#6589,#6079,#324,.F.);
#5766=EDGE_CURVE('',#6595,#6078,#325,.T.);
#5767=EDGE_CURVE('',#6077,#6596,#326,.F.);
#5768=EDGE_CURVE('',#6080,#6083,#7995,.T.);
#5769=EDGE_CURVE('',#6080,#6590,#327,.T.);
#5770=EDGE_CURVE('',#6590,#6585,#7996,.T.);
#5771=EDGE_CURVE('',#6585,#6083,#328,.F.);
#5772=EDGE_CURVE('',#6591,#6082,#329,.T.);
#5773=EDGE_CURVE('',#6081,#6592,#330,.F.);
#5774=EDGE_CURVE('',#6084,#6087,#7997,.T.);
#5775=EDGE_CURVE('',#6084,#6586,#331,.T.);
#5776=EDGE_CURVE('',#6586,#6581,#7998,.T.);
#5777=EDGE_CURVE('',#6581,#6087,#332,.F.);
#5778=EDGE_CURVE('',#6587,#6086,#333,.T.);
#5779=EDGE_CURVE('',#6085,#6588,#334,.F.);
#5780=EDGE_CURVE('',#6088,#6091,#7999,.T.);
#5781=EDGE_CURVE('',#6088,#6582,#335,.T.);
#5782=EDGE_CURVE('',#6582,#6577,#8000,.T.);
#5783=EDGE_CURVE('',#6577,#6091,#336,.F.);
#5784=EDGE_CURVE('',#6583,#6090,#337,.T.);
#5785=EDGE_CURVE('',#6089,#6584,#338,.F.);
#5786=EDGE_CURVE('',#6092,#6095,#8001,.T.);
#5787=EDGE_CURVE('',#6092,#6578,#339,.T.);
#5788=EDGE_CURVE('',#6578,#6573,#8002,.T.);
#5789=EDGE_CURVE('',#6573,#6095,#340,.F.);
#5790=EDGE_CURVE('',#6579,#6094,#341,.T.);
#5791=EDGE_CURVE('',#6093,#6580,#342,.F.);
#5792=EDGE_CURVE('',#6096,#6099,#8003,.T.);
#5793=EDGE_CURVE('',#6096,#6574,#343,.T.);
#5794=EDGE_CURVE('',#6574,#6569,#8004,.T.);
#5795=EDGE_CURVE('',#6569,#6099,#344,.F.);
#5796=EDGE_CURVE('',#6575,#6098,#345,.T.);
#5797=EDGE_CURVE('',#6097,#6576,#346,.F.);
#5798=EDGE_CURVE('',#6100,#6103,#8005,.T.);
#5799=EDGE_CURVE('',#6100,#6570,#347,.T.);
#5800=EDGE_CURVE('',#6570,#6565,#8006,.T.);
#5801=EDGE_CURVE('',#6565,#6103,#348,.F.);
#5802=EDGE_CURVE('',#6571,#6102,#349,.T.);
#5803=EDGE_CURVE('',#6101,#6572,#350,.F.);
#5804=EDGE_CURVE('',#6104,#6107,#8007,.T.);
#5805=EDGE_CURVE('',#6104,#6566,#351,.T.);
#5806=EDGE_CURVE('',#6566,#6561,#8008,.T.);
#5807=EDGE_CURVE('',#6561,#6107,#352,.F.);
#5808=EDGE_CURVE('',#6567,#6106,#353,.T.);
#5809=EDGE_CURVE('',#6105,#6568,#354,.F.);
#5810=EDGE_CURVE('',#6108,#6111,#8009,.T.);
#5811=EDGE_CURVE('',#6108,#6562,#355,.T.);
#5812=EDGE_CURVE('',#6562,#6557,#8010,.T.);
#5813=EDGE_CURVE('',#6557,#6111,#356,.F.);
#5814=EDGE_CURVE('',#6563,#6110,#357,.T.);
#5815=EDGE_CURVE('',#6109,#6564,#358,.F.);
#5816=EDGE_CURVE('',#6112,#6115,#8011,.T.);
#5817=EDGE_CURVE('',#6112,#6558,#359,.T.);
#5818=EDGE_CURVE('',#6558,#6553,#8012,.T.);
#5819=EDGE_CURVE('',#6553,#6115,#360,.F.);
#5820=EDGE_CURVE('',#6559,#6114,#361,.T.);
#5821=EDGE_CURVE('',#6113,#6560,#362,.F.);
#5822=EDGE_CURVE('',#6116,#6119,#8013,.T.);
#5823=EDGE_CURVE('',#6116,#6554,#363,.T.);
#5824=EDGE_CURVE('',#6554,#6549,#8014,.T.);
#5825=EDGE_CURVE('',#6549,#6119,#364,.F.);
#5826=EDGE_CURVE('',#6555,#6118,#365,.T.);
#5827=EDGE_CURVE('',#6117,#6556,#366,.F.);
#5828=EDGE_CURVE('',#6120,#6123,#8015,.T.);
#5829=EDGE_CURVE('',#6120,#6550,#367,.T.);
#5830=EDGE_CURVE('',#6550,#6545,#8016,.T.);
#5831=EDGE_CURVE('',#6545,#6123,#368,.F.);
#5832=EDGE_CURVE('',#6551,#6122,#369,.T.);
#5833=EDGE_CURVE('',#6121,#6552,#370,.F.);
#5834=EDGE_CURVE('',#6124,#6127,#8017,.T.);
#5835=EDGE_CURVE('',#6124,#6546,#371,.T.);
#5836=EDGE_CURVE('',#6546,#6541,#8018,.T.);
#5837=EDGE_CURVE('',#6541,#6127,#372,.F.);
#5838=EDGE_CURVE('',#6547,#6126,#373,.T.);
#5839=EDGE_CURVE('',#6125,#6548,#374,.F.);
#5840=EDGE_CURVE('',#6128,#6131,#8019,.T.);
#5841=EDGE_CURVE('',#6128,#6542,#375,.T.);
#5842=EDGE_CURVE('',#6542,#6537,#8020,.T.);
#5843=EDGE_CURVE('',#6537,#6131,#376,.F.);
#5844=EDGE_CURVE('',#6543,#6130,#377,.T.);
#5845=EDGE_CURVE('',#6129,#6544,#378,.F.);
#5846=EDGE_CURVE('',#6132,#6135,#8021,.T.);
#5847=EDGE_CURVE('',#6132,#6538,#379,.T.);
#5848=EDGE_CURVE('',#6538,#6533,#8022,.T.);
#5849=EDGE_CURVE('',#6533,#6135,#380,.F.);
#5850=EDGE_CURVE('',#6539,#6134,#381,.T.);
#5851=EDGE_CURVE('',#6133,#6540,#382,.F.);
#5852=EDGE_CURVE('',#6136,#6139,#8023,.T.);
#5853=EDGE_CURVE('',#6136,#6534,#383,.T.);
#5854=EDGE_CURVE('',#6534,#6529,#8024,.T.);
#5855=EDGE_CURVE('',#6529,#6139,#384,.F.);
#5856=EDGE_CURVE('',#6535,#6138,#385,.T.);
#5857=EDGE_CURVE('',#6137,#6536,#386,.F.);
#5858=EDGE_CURVE('',#6140,#6143,#8025,.T.);
#5859=EDGE_CURVE('',#6140,#6530,#387,.T.);
#5860=EDGE_CURVE('',#6530,#6525,#8026,.T.);
#5861=EDGE_CURVE('',#6525,#6143,#388,.F.);
#5862=EDGE_CURVE('',#6531,#6142,#389,.T.);
#5863=EDGE_CURVE('',#6141,#6532,#390,.F.);
#5864=EDGE_CURVE('',#6144,#6147,#8027,.T.);
#5865=EDGE_CURVE('',#6144,#6526,#391,.T.);
#5866=EDGE_CURVE('',#6526,#6521,#8028,.T.);
#5867=EDGE_CURVE('',#6521,#6147,#392,.F.);
#5868=EDGE_CURVE('',#6527,#6146,#393,.T.);
#5869=EDGE_CURVE('',#6145,#6528,#394,.F.);
#5870=EDGE_CURVE('',#6148,#6151,#8029,.T.);
#5871=EDGE_CURVE('',#6148,#6522,#395,.T.);
#5872=EDGE_CURVE('',#6522,#6517,#8030,.T.);
#5873=EDGE_CURVE('',#6517,#6151,#396,.F.);
#5874=EDGE_CURVE('',#6523,#6150,#397,.T.);
#5875=EDGE_CURVE('',#6149,#6524,#398,.F.);
#5876=EDGE_CURVE('',#6152,#6155,#8031,.T.);
#5877=EDGE_CURVE('',#6152,#6518,#399,.T.);
#5878=EDGE_CURVE('',#6518,#6513,#8032,.T.);
#5879=EDGE_CURVE('',#6513,#6155,#400,.F.);
#5880=EDGE_CURVE('',#6519,#6154,#401,.T.);
#5881=EDGE_CURVE('',#6153,#6520,#402,.F.);
#5882=EDGE_CURVE('',#6156,#6159,#8033,.T.);
#5883=EDGE_CURVE('',#6156,#6514,#403,.T.);
#5884=EDGE_CURVE('',#6514,#6509,#8034,.T.);
#5885=EDGE_CURVE('',#6509,#6159,#404,.F.);
#5886=EDGE_CURVE('',#6515,#6158,#405,.T.);
#5887=EDGE_CURVE('',#6157,#6516,#406,.F.);
#5888=EDGE_CURVE('',#6160,#6163,#8035,.T.);
#5889=EDGE_CURVE('',#6160,#6510,#407,.T.);
#5890=EDGE_CURVE('',#6510,#6505,#8036,.T.);
#5891=EDGE_CURVE('',#6505,#6163,#408,.F.);
#5892=EDGE_CURVE('',#6511,#6162,#409,.T.);
#5893=EDGE_CURVE('',#6161,#6512,#410,.F.);
#5894=EDGE_CURVE('',#6164,#6167,#8037,.T.);
#5895=EDGE_CURVE('',#6164,#6506,#411,.T.);
#5896=EDGE_CURVE('',#6506,#6501,#8038,.T.);
#5897=EDGE_CURVE('',#6501,#6167,#412,.F.);
#5898=EDGE_CURVE('',#6507,#6166,#413,.T.);
#5899=EDGE_CURVE('',#6165,#6508,#414,.F.);
#5900=EDGE_CURVE('',#6168,#6171,#8039,.T.);
#5901=EDGE_CURVE('',#6168,#6502,#415,.T.);
#5902=EDGE_CURVE('',#6502,#6497,#8040,.T.);
#5903=EDGE_CURVE('',#6497,#6171,#416,.F.);
#5904=EDGE_CURVE('',#6503,#6170,#417,.T.);
#5905=EDGE_CURVE('',#6169,#6504,#418,.F.);
#5906=EDGE_CURVE('',#6172,#6175,#8041,.T.);
#5907=EDGE_CURVE('',#6172,#6498,#419,.T.);
#5908=EDGE_CURVE('',#6498,#6493,#8042,.T.);
#5909=EDGE_CURVE('',#6493,#6175,#420,.F.);
#5910=EDGE_CURVE('',#6499,#6174,#421,.T.);
#5911=EDGE_CURVE('',#6173,#6500,#422,.F.);
#5912=EDGE_CURVE('',#6176,#6179,#8043,.T.);
#5913=EDGE_CURVE('',#6176,#6494,#423,.T.);
#5914=EDGE_CURVE('',#6494,#6489,#8044,.T.);
#5915=EDGE_CURVE('',#6489,#6179,#424,.F.);
#5916=EDGE_CURVE('',#6495,#6178,#425,.T.);
#5917=EDGE_CURVE('',#6177,#6496,#426,.F.);
#5918=EDGE_CURVE('',#6180,#6183,#8045,.T.);
#5919=EDGE_CURVE('',#6180,#6490,#427,.T.);
#5920=EDGE_CURVE('',#6490,#6485,#8046,.T.);
#5921=EDGE_CURVE('',#6485,#6183,#428,.F.);
#5922=EDGE_CURVE('',#6491,#6182,#429,.T.);
#5923=EDGE_CURVE('',#6181,#6492,#430,.F.);
#5924=EDGE_CURVE('',#6184,#6187,#8047,.T.);
#5925=EDGE_CURVE('',#6184,#6486,#431,.T.);
#5926=EDGE_CURVE('',#6486,#6481,#8048,.T.);
#5927=EDGE_CURVE('',#6481,#6187,#432,.F.);
#5928=EDGE_CURVE('',#6487,#6186,#433,.T.);
#5929=EDGE_CURVE('',#6185,#6488,#434,.F.);
#5930=EDGE_CURVE('',#6188,#6191,#8049,.T.);
#5931=EDGE_CURVE('',#6188,#6482,#435,.T.);
#5932=EDGE_CURVE('',#6482,#6477,#8050,.T.);
#5933=EDGE_CURVE('',#6477,#6191,#436,.F.);
#5934=EDGE_CURVE('',#6483,#6190,#437,.T.);
#5935=EDGE_CURVE('',#6189,#6484,#438,.F.);
#5936=EDGE_CURVE('',#6192,#6195,#8051,.T.);
#5937=EDGE_CURVE('',#6192,#6478,#439,.T.);
#5938=EDGE_CURVE('',#6478,#6473,#8052,.T.);
#5939=EDGE_CURVE('',#6473,#6195,#440,.F.);
#5940=EDGE_CURVE('',#6479,#6194,#441,.T.);
#5941=EDGE_CURVE('',#6193,#6480,#442,.F.);
#5942=EDGE_CURVE('',#6196,#6199,#8053,.T.);
#5943=EDGE_CURVE('',#6196,#6474,#443,.T.);
#5944=EDGE_CURVE('',#6474,#6469,#8054,.T.);
#5945=EDGE_CURVE('',#6469,#6199,#444,.F.);
#5946=EDGE_CURVE('',#6475,#6198,#445,.T.);
#5947=EDGE_CURVE('',#6197,#6476,#446,.F.);
#5948=EDGE_CURVE('',#6200,#6203,#8055,.T.);
#5949=EDGE_CURVE('',#6200,#6470,#447,.T.);
#5950=EDGE_CURVE('',#6470,#6465,#8056,.T.);
#5951=EDGE_CURVE('',#6465,#6203,#448,.F.);
#5952=EDGE_CURVE('',#6471,#6202,#449,.T.);
#5953=EDGE_CURVE('',#6201,#6472,#450,.F.);
#5954=EDGE_CURVE('',#6204,#6207,#8057,.T.);
#5955=EDGE_CURVE('',#6204,#6466,#451,.T.);
#5956=EDGE_CURVE('',#6466,#6461,#8058,.T.);
#5957=EDGE_CURVE('',#6461,#6207,#452,.F.);
#5958=EDGE_CURVE('',#6467,#6206,#453,.T.);
#5959=EDGE_CURVE('',#6205,#6468,#454,.F.);
#5960=EDGE_CURVE('',#6208,#6211,#8059,.T.);
#5961=EDGE_CURVE('',#6208,#6462,#455,.T.);
#5962=EDGE_CURVE('',#6462,#6457,#8060,.T.);
#5963=EDGE_CURVE('',#6457,#6211,#456,.F.);
#5964=EDGE_CURVE('',#6463,#6210,#457,.T.);
#5965=EDGE_CURVE('',#6209,#6464,#458,.F.);
#5966=EDGE_CURVE('',#6212,#6215,#8061,.T.);
#5967=EDGE_CURVE('',#6212,#6458,#459,.T.);
#5968=EDGE_CURVE('',#6458,#6453,#8062,.T.);
#5969=EDGE_CURVE('',#6453,#6215,#460,.F.);
#5970=EDGE_CURVE('',#6459,#6214,#461,.T.);
#5971=EDGE_CURVE('',#6213,#6460,#462,.F.);
#5972=EDGE_CURVE('',#6216,#6219,#8063,.T.);
#5973=EDGE_CURVE('',#6216,#6454,#463,.T.);
#5974=EDGE_CURVE('',#6454,#6905,#8064,.T.);
#5975=EDGE_CURVE('',#6905,#6219,#464,.F.);
#5976=EDGE_CURVE('',#6455,#6218,#465,.T.);
#5977=EDGE_CURVE('',#6217,#6456,#466,.F.);
#5978=EDGE_CURVE('',#6220,#6223,#8065,.T.);
#5979=EDGE_CURVE('',#6220,#6906,#467,.T.);
#5980=EDGE_CURVE('',#6906,#6901,#8066,.T.);
#5981=EDGE_CURVE('',#6221,#6908,#468,.F.);
#5982=EDGE_CURVE('',#6907,#6222,#469,.T.);
#5983=EDGE_CURVE('',#6911,#6911,#8067,.F.);
#5984=EDGE_CURVE('',#6912,#6912,#8068,.F.);
#5985=EDGE_CURVE('',#6913,#6913,#8069,.F.);
#5986=EDGE_CURVE('',#6914,#6914,#8070,.F.);
#5987=EDGE_CURVE('',#6915,#6915,#8071,.T.);
#5988=EDGE_CURVE('',#6916,#6916,#8072,.T.);
#5989=EDGE_CURVE('',#6917,#6917,#8073,.T.);
#5990=EDGE_CURVE('',#6918,#6918,#8074,.T.);
#5991=EDGE_CURVE('',#6919,#6919,#8075,.T.);
#5992=EDGE_CURVE('',#6920,#6920,#8076,.T.);
#5993=VERTEX_POINT('',#16707);
#5994=VERTEX_POINT('',#16709);
#5995=VERTEX_POINT('',#16712);
#5996=VERTEX_POINT('',#16713);
#5997=VERTEX_POINT('',#16715);
#5998=VERTEX_POINT('',#16717);
#5999=VERTEX_POINT('',#16721);
#6000=VERTEX_POINT('',#16722);
#6001=VERTEX_POINT('',#16724);
#6002=VERTEX_POINT('',#16726);
#6003=VERTEX_POINT('',#16730);
#6004=VERTEX_POINT('',#16731);
#6005=VERTEX_POINT('',#16733);
#6006=VERTEX_POINT('',#16735);
#6007=VERTEX_POINT('',#16739);
#6008=VERTEX_POINT('',#16740);
#6009=VERTEX_POINT('',#16742);
#6010=VERTEX_POINT('',#16744);
#6011=VERTEX_POINT('',#16748);
#6012=VERTEX_POINT('',#16749);
#6013=VERTEX_POINT('',#16751);
#6014=VERTEX_POINT('',#16753);
#6015=VERTEX_POINT('',#16757);
#6016=VERTEX_POINT('',#16758);
#6017=VERTEX_POINT('',#16760);
#6018=VERTEX_POINT('',#16762);
#6019=VERTEX_POINT('',#16766);
#6020=VERTEX_POINT('',#16767);
#6021=VERTEX_POINT('',#16769);
#6022=VERTEX_POINT('',#16771);
#6023=VERTEX_POINT('',#16775);
#6024=VERTEX_POINT('',#16776);
#6025=VERTEX_POINT('',#16778);
#6026=VERTEX_POINT('',#16780);
#6027=VERTEX_POINT('',#16784);
#6028=VERTEX_POINT('',#16785);
#6029=VERTEX_POINT('',#16787);
#6030=VERTEX_POINT('',#16789);
#6031=VERTEX_POINT('',#16793);
#6032=VERTEX_POINT('',#16794);
#6033=VERTEX_POINT('',#16796);
#6034=VERTEX_POINT('',#16798);
#6035=VERTEX_POINT('',#16802);
#6036=VERTEX_POINT('',#16803);
#6037=VERTEX_POINT('',#16805);
#6038=VERTEX_POINT('',#16807);
#6039=VERTEX_POINT('',#16811);
#6040=VERTEX_POINT('',#16812);
#6041=VERTEX_POINT('',#16814);
#6042=VERTEX_POINT('',#16816);
#6043=VERTEX_POINT('',#16820);
#6044=VERTEX_POINT('',#16821);
#6045=VERTEX_POINT('',#16823);
#6046=VERTEX_POINT('',#16825);
#6047=VERTEX_POINT('',#16829);
#6048=VERTEX_POINT('',#16830);
#6049=VERTEX_POINT('',#16832);
#6050=VERTEX_POINT('',#16834);
#6051=VERTEX_POINT('',#16838);
#6052=VERTEX_POINT('',#16839);
#6053=VERTEX_POINT('',#16841);
#6054=VERTEX_POINT('',#16843);
#6055=VERTEX_POINT('',#16847);
#6056=VERTEX_POINT('',#16848);
#6057=VERTEX_POINT('',#16850);
#6058=VERTEX_POINT('',#16852);
#6059=VERTEX_POINT('',#16856);
#6060=VERTEX_POINT('',#16857);
#6061=VERTEX_POINT('',#16859);
#6062=VERTEX_POINT('',#16861);
#6063=VERTEX_POINT('',#16865);
#6064=VERTEX_POINT('',#16866);
#6065=VERTEX_POINT('',#16868);
#6066=VERTEX_POINT('',#16870);
#6067=VERTEX_POINT('',#16874);
#6068=VERTEX_POINT('',#16875);
#6069=VERTEX_POINT('',#16877);
#6070=VERTEX_POINT('',#16879);
#6071=VERTEX_POINT('',#16883);
#6072=VERTEX_POINT('',#16884);
#6073=VERTEX_POINT('',#16886);
#6074=VERTEX_POINT('',#16888);
#6075=VERTEX_POINT('',#16892);
#6076=VERTEX_POINT('',#16893);
#6077=VERTEX_POINT('',#16895);
#6078=VERTEX_POINT('',#16897);
#6079=VERTEX_POINT('',#16901);
#6080=VERTEX_POINT('',#16902);
#6081=VERTEX_POINT('',#16904);
#6082=VERTEX_POINT('',#16906);
#6083=VERTEX_POINT('',#16910);
#6084=VERTEX_POINT('',#16911);
#6085=VERTEX_POINT('',#16913);
#6086=VERTEX_POINT('',#16915);
#6087=VERTEX_POINT('',#16919);
#6088=VERTEX_POINT('',#16920);
#6089=VERTEX_POINT('',#16922);
#6090=VERTEX_POINT('',#16924);
#6091=VERTEX_POINT('',#16928);
#6092=VERTEX_POINT('',#16929);
#6093=VERTEX_POINT('',#16931);
#6094=VERTEX_POINT('',#16933);
#6095=VERTEX_POINT('',#16937);
#6096=VERTEX_POINT('',#16938);
#6097=VERTEX_POINT('',#16940);
#6098=VERTEX_POINT('',#16942);
#6099=VERTEX_POINT('',#16946);
#6100=VERTEX_POINT('',#16947);
#6101=VERTEX_POINT('',#16949);
#6102=VERTEX_POINT('',#16951);
#6103=VERTEX_POINT('',#16955);
#6104=VERTEX_POINT('',#16956);
#6105=VERTEX_POINT('',#16958);
#6106=VERTEX_POINT('',#16960);
#6107=VERTEX_POINT('',#16964);
#6108=VERTEX_POINT('',#16965);
#6109=VERTEX_POINT('',#16967);
#6110=VERTEX_POINT('',#16969);
#6111=VERTEX_POINT('',#16973);
#6112=VERTEX_POINT('',#16974);
#6113=VERTEX_POINT('',#16976);
#6114=VERTEX_POINT('',#16978);
#6115=VERTEX_POINT('',#16982);
#6116=VERTEX_POINT('',#16983);
#6117=VERTEX_POINT('',#16985);
#6118=VERTEX_POINT('',#16987);
#6119=VERTEX_POINT('',#16991);
#6120=VERTEX_POINT('',#16992);
#6121=VERTEX_POINT('',#16994);
#6122=VERTEX_POINT('',#16996);
#6123=VERTEX_POINT('',#17000);
#6124=VERTEX_POINT('',#17001);
#6125=VERTEX_POINT('',#17003);
#6126=VERTEX_POINT('',#17005);
#6127=VERTEX_POINT('',#17009);
#6128=VERTEX_POINT('',#17010);
#6129=VERTEX_POINT('',#17012);
#6130=VERTEX_POINT('',#17014);
#6131=VERTEX_POINT('',#17018);
#6132=VERTEX_POINT('',#17019);
#6133=VERTEX_POINT('',#17021);
#6134=VERTEX_POINT('',#17023);
#6135=VERTEX_POINT('',#17027);
#6136=VERTEX_POINT('',#17028);
#6137=VERTEX_POINT('',#17030);
#6138=VERTEX_POINT('',#17032);
#6139=VERTEX_POINT('',#17036);
#6140=VERTEX_POINT('',#17037);
#6141=VERTEX_POINT('',#17039);
#6142=VERTEX_POINT('',#17041);
#6143=VERTEX_POINT('',#17045);
#6144=VERTEX_POINT('',#17046);
#6145=VERTEX_POINT('',#17048);
#6146=VERTEX_POINT('',#17050);
#6147=VERTEX_POINT('',#17054);
#6148=VERTEX_POINT('',#17055);
#6149=VERTEX_POINT('',#17057);
#6150=VERTEX_POINT('',#17059);
#6151=VERTEX_POINT('',#17063);
#6152=VERTEX_POINT('',#17064);
#6153=VERTEX_POINT('',#17066);
#6154=VERTEX_POINT('',#17068);
#6155=VERTEX_POINT('',#17072);
#6156=VERTEX_POINT('',#17073);
#6157=VERTEX_POINT('',#17075);
#6158=VERTEX_POINT('',#17077);
#6159=VERTEX_POINT('',#17081);
#6160=VERTEX_POINT('',#17082);
#6161=VERTEX_POINT('',#17084);
#6162=VERTEX_POINT('',#17086);
#6163=VERTEX_POINT('',#17090);
#6164=VERTEX_POINT('',#17091);
#6165=VERTEX_POINT('',#17093);
#6166=VERTEX_POINT('',#17095);
#6167=VERTEX_POINT('',#17099);
#6168=VERTEX_POINT('',#17100);
#6169=VERTEX_POINT('',#17102);
#6170=VERTEX_POINT('',#17104);
#6171=VERTEX_POINT('',#17108);
#6172=VERTEX_POINT('',#17109);
#6173=VERTEX_POINT('',#17111);
#6174=VERTEX_POINT('',#17113);
#6175=VERTEX_POINT('',#17117);
#6176=VERTEX_POINT('',#17118);
#6177=VERTEX_POINT('',#17120);
#6178=VERTEX_POINT('',#17122);
#6179=VERTEX_POINT('',#17126);
#6180=VERTEX_POINT('',#17127);
#6181=VERTEX_POINT('',#17129);
#6182=VERTEX_POINT('',#17131);
#6183=VERTEX_POINT('',#17135);
#6184=VERTEX_POINT('',#17136);
#6185=VERTEX_POINT('',#17138);
#6186=VERTEX_POINT('',#17140);
#6187=VERTEX_POINT('',#17144);
#6188=VERTEX_POINT('',#17145);
#6189=VERTEX_POINT('',#17147);
#6190=VERTEX_POINT('',#17149);
#6191=VERTEX_POINT('',#17153);
#6192=VERTEX_POINT('',#17154);
#6193=VERTEX_POINT('',#17156);
#6194=VERTEX_POINT('',#17158);
#6195=VERTEX_POINT('',#17162);
#6196=VERTEX_POINT('',#17163);
#6197=VERTEX_POINT('',#17165);
#6198=VERTEX_POINT('',#17167);
#6199=VERTEX_POINT('',#17171);
#6200=VERTEX_POINT('',#17172);
#6201=VERTEX_POINT('',#17174);
#6202=VERTEX_POINT('',#17176);
#6203=VERTEX_POINT('',#17180);
#6204=VERTEX_POINT('',#17181);
#6205=VERTEX_POINT('',#17183);
#6206=VERTEX_POINT('',#17185);
#6207=VERTEX_POINT('',#17189);
#6208=VERTEX_POINT('',#17190);
#6209=VERTEX_POINT('',#17192);
#6210=VERTEX_POINT('',#17194);
#6211=VERTEX_POINT('',#17198);
#6212=VERTEX_POINT('',#17199);
#6213=VERTEX_POINT('',#17201);
#6214=VERTEX_POINT('',#17203);
#6215=VERTEX_POINT('',#17207);
#6216=VERTEX_POINT('',#17208);
#6217=VERTEX_POINT('',#17210);
#6218=VERTEX_POINT('',#17212);
#6219=VERTEX_POINT('',#17216);
#6220=VERTEX_POINT('',#17217);
#6221=VERTEX_POINT('',#17219);
#6222=VERTEX_POINT('',#17221);
#6223=VERTEX_POINT('',#17225);
#6224=VERTEX_POINT('',#17226);
#6225=VERTEX_POINT('',#17228);
#6226=VERTEX_POINT('',#17230);
#6227=VERTEX_POINT('',#17234);
#6228=VERTEX_POINT('',#17235);
#6229=VERTEX_POINT('',#17237);
#6230=VERTEX_POINT('',#17239);
#6231=VERTEX_POINT('',#17243);
#6232=VERTEX_POINT('',#17244);
#6233=VERTEX_POINT('',#17246);
#6234=VERTEX_POINT('',#17248);
#6235=VERTEX_POINT('',#17252);
#6236=VERTEX_POINT('',#17253);
#6237=VERTEX_POINT('',#17255);
#6238=VERTEX_POINT('',#17257);
#6239=VERTEX_POINT('',#17261);
#6240=VERTEX_POINT('',#17262);
#6241=VERTEX_POINT('',#17264);
#6242=VERTEX_POINT('',#17266);
#6243=VERTEX_POINT('',#17270);
#6244=VERTEX_POINT('',#17271);
#6245=VERTEX_POINT('',#17273);
#6246=VERTEX_POINT('',#17275);
#6247=VERTEX_POINT('',#17279);
#6248=VERTEX_POINT('',#17280);
#6249=VERTEX_POINT('',#17282);
#6250=VERTEX_POINT('',#17284);
#6251=VERTEX_POINT('',#17288);
#6252=VERTEX_POINT('',#17289);
#6253=VERTEX_POINT('',#17291);
#6254=VERTEX_POINT('',#17293);
#6255=VERTEX_POINT('',#17297);
#6256=VERTEX_POINT('',#17298);
#6257=VERTEX_POINT('',#17300);
#6258=VERTEX_POINT('',#17302);
#6259=VERTEX_POINT('',#17306);
#6260=VERTEX_POINT('',#17307);
#6261=VERTEX_POINT('',#17309);
#6262=VERTEX_POINT('',#17311);
#6263=VERTEX_POINT('',#17315);
#6264=VERTEX_POINT('',#17316);
#6265=VERTEX_POINT('',#17318);
#6266=VERTEX_POINT('',#17320);
#6267=VERTEX_POINT('',#17324);
#6268=VERTEX_POINT('',#17325);
#6269=VERTEX_POINT('',#17327);
#6270=VERTEX_POINT('',#17329);
#6271=VERTEX_POINT('',#17333);
#6272=VERTEX_POINT('',#17334);
#6273=VERTEX_POINT('',#17336);
#6274=VERTEX_POINT('',#17338);
#6275=VERTEX_POINT('',#17342);
#6276=VERTEX_POINT('',#17343);
#6277=VERTEX_POINT('',#17345);
#6278=VERTEX_POINT('',#17347);
#6279=VERTEX_POINT('',#17351);
#6280=VERTEX_POINT('',#17352);
#6281=VERTEX_POINT('',#17354);
#6282=VERTEX_POINT('',#17356);
#6283=VERTEX_POINT('',#17360);
#6284=VERTEX_POINT('',#17361);
#6285=VERTEX_POINT('',#17363);
#6286=VERTEX_POINT('',#17365);
#6287=VERTEX_POINT('',#17369);
#6288=VERTEX_POINT('',#17370);
#6289=VERTEX_POINT('',#17372);
#6290=VERTEX_POINT('',#17374);
#6291=VERTEX_POINT('',#17378);
#6292=VERTEX_POINT('',#17379);
#6293=VERTEX_POINT('',#17381);
#6294=VERTEX_POINT('',#17383);
#6295=VERTEX_POINT('',#17387);
#6296=VERTEX_POINT('',#17388);
#6297=VERTEX_POINT('',#17390);
#6298=VERTEX_POINT('',#17392);
#6299=VERTEX_POINT('',#17396);
#6300=VERTEX_POINT('',#17397);
#6301=VERTEX_POINT('',#17399);
#6302=VERTEX_POINT('',#17401);
#6303=VERTEX_POINT('',#17405);
#6304=VERTEX_POINT('',#17406);
#6305=VERTEX_POINT('',#17408);
#6306=VERTEX_POINT('',#17410);
#6307=VERTEX_POINT('',#17414);
#6308=VERTEX_POINT('',#17415);
#6309=VERTEX_POINT('',#17417);
#6310=VERTEX_POINT('',#17419);
#6311=VERTEX_POINT('',#17423);
#6312=VERTEX_POINT('',#17424);
#6313=VERTEX_POINT('',#17426);
#6314=VERTEX_POINT('',#17428);
#6315=VERTEX_POINT('',#17432);
#6316=VERTEX_POINT('',#17433);
#6317=VERTEX_POINT('',#17435);
#6318=VERTEX_POINT('',#17437);
#6319=VERTEX_POINT('',#17441);
#6320=VERTEX_POINT('',#17442);
#6321=VERTEX_POINT('',#17444);
#6322=VERTEX_POINT('',#17446);
#6323=VERTEX_POINT('',#17450);
#6324=VERTEX_POINT('',#17451);
#6325=VERTEX_POINT('',#17453);
#6326=VERTEX_POINT('',#17455);
#6327=VERTEX_POINT('',#17459);
#6328=VERTEX_POINT('',#17460);
#6329=VERTEX_POINT('',#17462);
#6330=VERTEX_POINT('',#17464);
#6331=VERTEX_POINT('',#17468);
#6332=VERTEX_POINT('',#17469);
#6333=VERTEX_POINT('',#17471);
#6334=VERTEX_POINT('',#17473);
#6335=VERTEX_POINT('',#17477);
#6336=VERTEX_POINT('',#17478);
#6337=VERTEX_POINT('',#17480);
#6338=VERTEX_POINT('',#17482);
#6339=VERTEX_POINT('',#17486);
#6340=VERTEX_POINT('',#17487);
#6341=VERTEX_POINT('',#17489);
#6342=VERTEX_POINT('',#17491);
#6343=VERTEX_POINT('',#17495);
#6344=VERTEX_POINT('',#17496);
#6345=VERTEX_POINT('',#17498);
#6346=VERTEX_POINT('',#17500);
#6347=VERTEX_POINT('',#17504);
#6348=VERTEX_POINT('',#17505);
#6349=VERTEX_POINT('',#17507);
#6350=VERTEX_POINT('',#17509);
#6351=VERTEX_POINT('',#17513);
#6352=VERTEX_POINT('',#17514);
#6353=VERTEX_POINT('',#17516);
#6354=VERTEX_POINT('',#17518);
#6355=VERTEX_POINT('',#17522);
#6356=VERTEX_POINT('',#17523);
#6357=VERTEX_POINT('',#17525);
#6358=VERTEX_POINT('',#17527);
#6359=VERTEX_POINT('',#17531);
#6360=VERTEX_POINT('',#17532);
#6361=VERTEX_POINT('',#17534);
#6362=VERTEX_POINT('',#17536);
#6363=VERTEX_POINT('',#17540);
#6364=VERTEX_POINT('',#17541);
#6365=VERTEX_POINT('',#17543);
#6366=VERTEX_POINT('',#17545);
#6367=VERTEX_POINT('',#17549);
#6368=VERTEX_POINT('',#17550);
#6369=VERTEX_POINT('',#17552);
#6370=VERTEX_POINT('',#17554);
#6371=VERTEX_POINT('',#17558);
#6372=VERTEX_POINT('',#17559);
#6373=VERTEX_POINT('',#17561);
#6374=VERTEX_POINT('',#17563);
#6375=VERTEX_POINT('',#17567);
#6376=VERTEX_POINT('',#17568);
#6377=VERTEX_POINT('',#17570);
#6378=VERTEX_POINT('',#17572);
#6379=VERTEX_POINT('',#17576);
#6380=VERTEX_POINT('',#17577);
#6381=VERTEX_POINT('',#17579);
#6382=VERTEX_POINT('',#17581);
#6383=VERTEX_POINT('',#17585);
#6384=VERTEX_POINT('',#17586);
#6385=VERTEX_POINT('',#17588);
#6386=VERTEX_POINT('',#17590);
#6387=VERTEX_POINT('',#17594);
#6388=VERTEX_POINT('',#17595);
#6389=VERTEX_POINT('',#17597);
#6390=VERTEX_POINT('',#17599);
#6391=VERTEX_POINT('',#17603);
#6392=VERTEX_POINT('',#17604);
#6393=VERTEX_POINT('',#17606);
#6394=VERTEX_POINT('',#17608);
#6395=VERTEX_POINT('',#17612);
#6396=VERTEX_POINT('',#17613);
#6397=VERTEX_POINT('',#17615);
#6398=VERTEX_POINT('',#17617);
#6399=VERTEX_POINT('',#17621);
#6400=VERTEX_POINT('',#17622);
#6401=VERTEX_POINT('',#17624);
#6402=VERTEX_POINT('',#17626);
#6403=VERTEX_POINT('',#17630);
#6404=VERTEX_POINT('',#17631);
#6405=VERTEX_POINT('',#17633);
#6406=VERTEX_POINT('',#17635);
#6407=VERTEX_POINT('',#17639);
#6408=VERTEX_POINT('',#17640);
#6409=VERTEX_POINT('',#17642);
#6410=VERTEX_POINT('',#17644);
#6411=VERTEX_POINT('',#17648);
#6412=VERTEX_POINT('',#17649);
#6413=VERTEX_POINT('',#17651);
#6414=VERTEX_POINT('',#17653);
#6415=VERTEX_POINT('',#17657);
#6416=VERTEX_POINT('',#17658);
#6417=VERTEX_POINT('',#17660);
#6418=VERTEX_POINT('',#17662);
#6419=VERTEX_POINT('',#17666);
#6420=VERTEX_POINT('',#17667);
#6421=VERTEX_POINT('',#17669);
#6422=VERTEX_POINT('',#17671);
#6423=VERTEX_POINT('',#17675);
#6424=VERTEX_POINT('',#17676);
#6425=VERTEX_POINT('',#17678);
#6426=VERTEX_POINT('',#17680);
#6427=VERTEX_POINT('',#17684);
#6428=VERTEX_POINT('',#17685);
#6429=VERTEX_POINT('',#17687);
#6430=VERTEX_POINT('',#17689);
#6431=VERTEX_POINT('',#17693);
#6432=VERTEX_POINT('',#17694);
#6433=VERTEX_POINT('',#17696);
#6434=VERTEX_POINT('',#17698);
#6435=VERTEX_POINT('',#17702);
#6436=VERTEX_POINT('',#17703);
#6437=VERTEX_POINT('',#17705);
#6438=VERTEX_POINT('',#17707);
#6439=VERTEX_POINT('',#17711);
#6440=VERTEX_POINT('',#17712);
#6441=VERTEX_POINT('',#17714);
#6442=VERTEX_POINT('',#17716);
#6443=VERTEX_POINT('',#17720);
#6444=VERTEX_POINT('',#17721);
#6445=VERTEX_POINT('',#17723);
#6446=VERTEX_POINT('',#17725);
#6447=VERTEX_POINT('',#17729);
#6448=VERTEX_POINT('',#17730);
#6449=VERTEX_POINT('',#17732);
#6450=VERTEX_POINT('',#17734);
#6451=VERTEX_POINT('',#17738);
#6452=VERTEX_POINT('',#17740);
#6453=VERTEX_POINT('',#17743);
#6454=VERTEX_POINT('',#17744);
#6455=VERTEX_POINT('',#17746);
#6456=VERTEX_POINT('',#17748);
#6457=VERTEX_POINT('',#17752);
#6458=VERTEX_POINT('',#17753);
#6459=VERTEX_POINT('',#17755);
#6460=VERTEX_POINT('',#17757);
#6461=VERTEX_POINT('',#17761);
#6462=VERTEX_POINT('',#17762);
#6463=VERTEX_POINT('',#17764);
#6464=VERTEX_POINT('',#17766);
#6465=VERTEX_POINT('',#17770);
#6466=VERTEX_POINT('',#17771);
#6467=VERTEX_POINT('',#17773);
#6468=VERTEX_POINT('',#17775);
#6469=VERTEX_POINT('',#17779);
#6470=VERTEX_POINT('',#17780);
#6471=VERTEX_POINT('',#17782);
#6472=VERTEX_POINT('',#17784);
#6473=VERTEX_POINT('',#17788);
#6474=VERTEX_POINT('',#17789);
#6475=VERTEX_POINT('',#17791);
#6476=VERTEX_POINT('',#17793);
#6477=VERTEX_POINT('',#17797);
#6478=VERTEX_POINT('',#17798);
#6479=VERTEX_POINT('',#17800);
#6480=VERTEX_POINT('',#17802);
#6481=VERTEX_POINT('',#17806);
#6482=VERTEX_POINT('',#17807);
#6483=VERTEX_POINT('',#17809);
#6484=VERTEX_POINT('',#17811);
#6485=VERTEX_POINT('',#17815);
#6486=VERTEX_POINT('',#17816);
#6487=VERTEX_POINT('',#17818);
#6488=VERTEX_POINT('',#17820);
#6489=VERTEX_POINT('',#17824);
#6490=VERTEX_POINT('',#17825);
#6491=VERTEX_POINT('',#17827);
#6492=VERTEX_POINT('',#17829);
#6493=VERTEX_POINT('',#17833);
#6494=VERTEX_POINT('',#17834);
#6495=VERTEX_POINT('',#17836);
#6496=VERTEX_POINT('',#17838);
#6497=VERTEX_POINT('',#17842);
#6498=VERTEX_POINT('',#17843);
#6499=VERTEX_POINT('',#17845);
#6500=VERTEX_POINT('',#17847);
#6501=VERTEX_POINT('',#17851);
#6502=VERTEX_POINT('',#17852);
#6503=VERTEX_POINT('',#17854);
#6504=VERTEX_POINT('',#17856);
#6505=VERTEX_POINT('',#17860);
#6506=VERTEX_POINT('',#17861);
#6507=VERTEX_POINT('',#17863);
#6508=VERTEX_POINT('',#17865);
#6509=VERTEX_POINT('',#17869);
#6510=VERTEX_POINT('',#17870);
#6511=VERTEX_POINT('',#17872);
#6512=VERTEX_POINT('',#17874);
#6513=VERTEX_POINT('',#17878);
#6514=VERTEX_POINT('',#17879);
#6515=VERTEX_POINT('',#17881);
#6516=VERTEX_POINT('',#17883);
#6517=VERTEX_POINT('',#17887);
#6518=VERTEX_POINT('',#17888);
#6519=VERTEX_POINT('',#17890);
#6520=VERTEX_POINT('',#17892);
#6521=VERTEX_POINT('',#17896);
#6522=VERTEX_POINT('',#17897);
#6523=VERTEX_POINT('',#17899);
#6524=VERTEX_POINT('',#17901);
#6525=VERTEX_POINT('',#17905);
#6526=VERTEX_POINT('',#17906);
#6527=VERTEX_POINT('',#17908);
#6528=VERTEX_POINT('',#17910);
#6529=VERTEX_POINT('',#17914);
#6530=VERTEX_POINT('',#17915);
#6531=VERTEX_POINT('',#17917);
#6532=VERTEX_POINT('',#17919);
#6533=VERTEX_POINT('',#17923);
#6534=VERTEX_POINT('',#17924);
#6535=VERTEX_POINT('',#17926);
#6536=VERTEX_POINT('',#17928);
#6537=VERTEX_POINT('',#17932);
#6538=VERTEX_POINT('',#17933);
#6539=VERTEX_POINT('',#17935);
#6540=VERTEX_POINT('',#17937);
#6541=VERTEX_POINT('',#17941);
#6542=VERTEX_POINT('',#17942);
#6543=VERTEX_POINT('',#17944);
#6544=VERTEX_POINT('',#17946);
#6545=VERTEX_POINT('',#17950);
#6546=VERTEX_POINT('',#17951);
#6547=VERTEX_POINT('',#17953);
#6548=VERTEX_POINT('',#17955);
#6549=VERTEX_POINT('',#17959);
#6550=VERTEX_POINT('',#17960);
#6551=VERTEX_POINT('',#17962);
#6552=VERTEX_POINT('',#17964);
#6553=VERTEX_POINT('',#17968);
#6554=VERTEX_POINT('',#17969);
#6555=VERTEX_POINT('',#17971);
#6556=VERTEX_POINT('',#17973);
#6557=VERTEX_POINT('',#17977);
#6558=VERTEX_POINT('',#17978);
#6559=VERTEX_POINT('',#17980);
#6560=VERTEX_POINT('',#17982);
#6561=VERTEX_POINT('',#17986);
#6562=VERTEX_POINT('',#17987);
#6563=VERTEX_POINT('',#17989);
#6564=VERTEX_POINT('',#17991);
#6565=VERTEX_POINT('',#17995);
#6566=VERTEX_POINT('',#17996);
#6567=VERTEX_POINT('',#17998);
#6568=VERTEX_POINT('',#18000);
#6569=VERTEX_POINT('',#18004);
#6570=VERTEX_POINT('',#18005);
#6571=VERTEX_POINT('',#18007);
#6572=VERTEX_POINT('',#18009);
#6573=VERTEX_POINT('',#18013);
#6574=VERTEX_POINT('',#18014);
#6575=VERTEX_POINT('',#18016);
#6576=VERTEX_POINT('',#18018);
#6577=VERTEX_POINT('',#18022);
#6578=VERTEX_POINT('',#18023);
#6579=VERTEX_POINT('',#18025);
#6580=VERTEX_POINT('',#18027);
#6581=VERTEX_POINT('',#18031);
#6582=VERTEX_POINT('',#18032);
#6583=VERTEX_POINT('',#18034);
#6584=VERTEX_POINT('',#18036);
#6585=VERTEX_POINT('',#18040);
#6586=VERTEX_POINT('',#18041);
#6587=VERTEX_POINT('',#18043);
#6588=VERTEX_POINT('',#18045);
#6589=VERTEX_POINT('',#18049);
#6590=VERTEX_POINT('',#18050);
#6591=VERTEX_POINT('',#18052);
#6592=VERTEX_POINT('',#18054);
#6593=VERTEX_POINT('',#18058);
#6594=VERTEX_POINT('',#18059);
#6595=VERTEX_POINT('',#18061);
#6596=VERTEX_POINT('',#18063);
#6597=VERTEX_POINT('',#18067);
#6598=VERTEX_POINT('',#18068);
#6599=VERTEX_POINT('',#18070);
#6600=VERTEX_POINT('',#18072);
#6601=VERTEX_POINT('',#18076);
#6602=VERTEX_POINT('',#18077);
#6603=VERTEX_POINT('',#18079);
#6604=VERTEX_POINT('',#18081);
#6605=VERTEX_POINT('',#18085);
#6606=VERTEX_POINT('',#18086);
#6607=VERTEX_POINT('',#18088);
#6608=VERTEX_POINT('',#18090);
#6609=VERTEX_POINT('',#18094);
#6610=VERTEX_POINT('',#18095);
#6611=VERTEX_POINT('',#18097);
#6612=VERTEX_POINT('',#18099);
#6613=VERTEX_POINT('',#18103);
#6614=VERTEX_POINT('',#18104);
#6615=VERTEX_POINT('',#18106);
#6616=VERTEX_POINT('',#18108);
#6617=VERTEX_POINT('',#18112);
#6618=VERTEX_POINT('',#18113);
#6619=VERTEX_POINT('',#18115);
#6620=VERTEX_POINT('',#18117);
#6621=VERTEX_POINT('',#18121);
#6622=VERTEX_POINT('',#18122);
#6623=VERTEX_POINT('',#18124);
#6624=VERTEX_POINT('',#18126);
#6625=VERTEX_POINT('',#18130);
#6626=VERTEX_POINT('',#18131);
#6627=VERTEX_POINT('',#18133);
#6628=VERTEX_POINT('',#18135);
#6629=VERTEX_POINT('',#18139);
#6630=VERTEX_POINT('',#18140);
#6631=VERTEX_POINT('',#18142);
#6632=VERTEX_POINT('',#18144);
#6633=VERTEX_POINT('',#18148);
#6634=VERTEX_POINT('',#18149);
#6635=VERTEX_POINT('',#18151);
#6636=VERTEX_POINT('',#18153);
#6637=VERTEX_POINT('',#18157);
#6638=VERTEX_POINT('',#18158);
#6639=VERTEX_POINT('',#18160);
#6640=VERTEX_POINT('',#18162);
#6641=VERTEX_POINT('',#18166);
#6642=VERTEX_POINT('',#18167);
#6643=VERTEX_POINT('',#18169);
#6644=VERTEX_POINT('',#18171);
#6645=VERTEX_POINT('',#18175);
#6646=VERTEX_POINT('',#18176);
#6647=VERTEX_POINT('',#18178);
#6648=VERTEX_POINT('',#18180);
#6649=VERTEX_POINT('',#18184);
#6650=VERTEX_POINT('',#18185);
#6651=VERTEX_POINT('',#18187);
#6652=VERTEX_POINT('',#18189);
#6653=VERTEX_POINT('',#18193);
#6654=VERTEX_POINT('',#18194);
#6655=VERTEX_POINT('',#18196);
#6656=VERTEX_POINT('',#18198);
#6657=VERTEX_POINT('',#18202);
#6658=VERTEX_POINT('',#18203);
#6659=VERTEX_POINT('',#18205);
#6660=VERTEX_POINT('',#18207);
#6661=VERTEX_POINT('',#18211);
#6662=VERTEX_POINT('',#18212);
#6663=VERTEX_POINT('',#18214);
#6664=VERTEX_POINT('',#18216);
#6665=VERTEX_POINT('',#18220);
#6666=VERTEX_POINT('',#18221);
#6667=VERTEX_POINT('',#18223);
#6668=VERTEX_POINT('',#18225);
#6669=VERTEX_POINT('',#18229);
#6670=VERTEX_POINT('',#18230);
#6671=VERTEX_POINT('',#18232);
#6672=VERTEX_POINT('',#18234);
#6673=VERTEX_POINT('',#18238);
#6674=VERTEX_POINT('',#18239);
#6675=VERTEX_POINT('',#18241);
#6676=VERTEX_POINT('',#18243);
#6677=VERTEX_POINT('',#18247);
#6678=VERTEX_POINT('',#18248);
#6679=VERTEX_POINT('',#18250);
#6680=VERTEX_POINT('',#18252);
#6681=VERTEX_POINT('',#18256);
#6682=VERTEX_POINT('',#18257);
#6683=VERTEX_POINT('',#18259);
#6684=VERTEX_POINT('',#18261);
#6685=VERTEX_POINT('',#18265);
#6686=VERTEX_POINT('',#18266);
#6687=VERTEX_POINT('',#18268);
#6688=VERTEX_POINT('',#18270);
#6689=VERTEX_POINT('',#18274);
#6690=VERTEX_POINT('',#18275);
#6691=VERTEX_POINT('',#18277);
#6692=VERTEX_POINT('',#18279);
#6693=VERTEX_POINT('',#18283);
#6694=VERTEX_POINT('',#18284);
#6695=VERTEX_POINT('',#18286);
#6696=VERTEX_POINT('',#18288);
#6697=VERTEX_POINT('',#18292);
#6698=VERTEX_POINT('',#18293);
#6699=VERTEX_POINT('',#18295);
#6700=VERTEX_POINT('',#18297);
#6701=VERTEX_POINT('',#18301);
#6702=VERTEX_POINT('',#18302);
#6703=VERTEX_POINT('',#18304);
#6704=VERTEX_POINT('',#18306);
#6705=VERTEX_POINT('',#18310);
#6706=VERTEX_POINT('',#18311);
#6707=VERTEX_POINT('',#18313);
#6708=VERTEX_POINT('',#18315);
#6709=VERTEX_POINT('',#18319);
#6710=VERTEX_POINT('',#18320);
#6711=VERTEX_POINT('',#18322);
#6712=VERTEX_POINT('',#18324);
#6713=VERTEX_POINT('',#18328);
#6714=VERTEX_POINT('',#18329);
#6715=VERTEX_POINT('',#18331);
#6716=VERTEX_POINT('',#18333);
#6717=VERTEX_POINT('',#18337);
#6718=VERTEX_POINT('',#18338);
#6719=VERTEX_POINT('',#18340);
#6720=VERTEX_POINT('',#18342);
#6721=VERTEX_POINT('',#18346);
#6722=VERTEX_POINT('',#18347);
#6723=VERTEX_POINT('',#18349);
#6724=VERTEX_POINT('',#18351);
#6725=VERTEX_POINT('',#18355);
#6726=VERTEX_POINT('',#18356);
#6727=VERTEX_POINT('',#18358);
#6728=VERTEX_POINT('',#18360);
#6729=VERTEX_POINT('',#18364);
#6730=VERTEX_POINT('',#18365);
#6731=VERTEX_POINT('',#18367);
#6732=VERTEX_POINT('',#18369);
#6733=VERTEX_POINT('',#18373);
#6734=VERTEX_POINT('',#18374);
#6735=VERTEX_POINT('',#18376);
#6736=VERTEX_POINT('',#18378);
#6737=VERTEX_POINT('',#18382);
#6738=VERTEX_POINT('',#18383);
#6739=VERTEX_POINT('',#18385);
#6740=VERTEX_POINT('',#18387);
#6741=VERTEX_POINT('',#18391);
#6742=VERTEX_POINT('',#18392);
#6743=VERTEX_POINT('',#18394);
#6744=VERTEX_POINT('',#18396);
#6745=VERTEX_POINT('',#18400);
#6746=VERTEX_POINT('',#18401);
#6747=VERTEX_POINT('',#18403);
#6748=VERTEX_POINT('',#18405);
#6749=VERTEX_POINT('',#18409);
#6750=VERTEX_POINT('',#18410);
#6751=VERTEX_POINT('',#18412);
#6752=VERTEX_POINT('',#18414);
#6753=VERTEX_POINT('',#18418);
#6754=VERTEX_POINT('',#18419);
#6755=VERTEX_POINT('',#18421);
#6756=VERTEX_POINT('',#18423);
#6757=VERTEX_POINT('',#18427);
#6758=VERTEX_POINT('',#18428);
#6759=VERTEX_POINT('',#18430);
#6760=VERTEX_POINT('',#18432);
#6761=VERTEX_POINT('',#18436);
#6762=VERTEX_POINT('',#18437);
#6763=VERTEX_POINT('',#18439);
#6764=VERTEX_POINT('',#18441);
#6765=VERTEX_POINT('',#18445);
#6766=VERTEX_POINT('',#18446);
#6767=VERTEX_POINT('',#18448);
#6768=VERTEX_POINT('',#18450);
#6769=VERTEX_POINT('',#18454);
#6770=VERTEX_POINT('',#18455);
#6771=VERTEX_POINT('',#18457);
#6772=VERTEX_POINT('',#18459);
#6773=VERTEX_POINT('',#18463);
#6774=VERTEX_POINT('',#18464);
#6775=VERTEX_POINT('',#18466);
#6776=VERTEX_POINT('',#18468);
#6777=VERTEX_POINT('',#18472);
#6778=VERTEX_POINT('',#18473);
#6779=VERTEX_POINT('',#18475);
#6780=VERTEX_POINT('',#18477);
#6781=VERTEX_POINT('',#18481);
#6782=VERTEX_POINT('',#18482);
#6783=VERTEX_POINT('',#18484);
#6784=VERTEX_POINT('',#18486);
#6785=VERTEX_POINT('',#18490);
#6786=VERTEX_POINT('',#18491);
#6787=VERTEX_POINT('',#18493);
#6788=VERTEX_POINT('',#18495);
#6789=VERTEX_POINT('',#18499);
#6790=VERTEX_POINT('',#18500);
#6791=VERTEX_POINT('',#18502);
#6792=VERTEX_POINT('',#18504);
#6793=VERTEX_POINT('',#18508);
#6794=VERTEX_POINT('',#18509);
#6795=VERTEX_POINT('',#18511);
#6796=VERTEX_POINT('',#18513);
#6797=VERTEX_POINT('',#18517);
#6798=VERTEX_POINT('',#18518);
#6799=VERTEX_POINT('',#18520);
#6800=VERTEX_POINT('',#18522);
#6801=VERTEX_POINT('',#18526);
#6802=VERTEX_POINT('',#18527);
#6803=VERTEX_POINT('',#18529);
#6804=VERTEX_POINT('',#18531);
#6805=VERTEX_POINT('',#18535);
#6806=VERTEX_POINT('',#18536);
#6807=VERTEX_POINT('',#18538);
#6808=VERTEX_POINT('',#18540);
#6809=VERTEX_POINT('',#18544);
#6810=VERTEX_POINT('',#18545);
#6811=VERTEX_POINT('',#18547);
#6812=VERTEX_POINT('',#18549);
#6813=VERTEX_POINT('',#18553);
#6814=VERTEX_POINT('',#18554);
#6815=VERTEX_POINT('',#18556);
#6816=VERTEX_POINT('',#18558);
#6817=VERTEX_POINT('',#18562);
#6818=VERTEX_POINT('',#18563);
#6819=VERTEX_POINT('',#18565);
#6820=VERTEX_POINT('',#18567);
#6821=VERTEX_POINT('',#18571);
#6822=VERTEX_POINT('',#18572);
#6823=VERTEX_POINT('',#18574);
#6824=VERTEX_POINT('',#18576);
#6825=VERTEX_POINT('',#18580);
#6826=VERTEX_POINT('',#18581);
#6827=VERTEX_POINT('',#18583);
#6828=VERTEX_POINT('',#18585);
#6829=VERTEX_POINT('',#18589);
#6830=VERTEX_POINT('',#18590);
#6831=VERTEX_POINT('',#18592);
#6832=VERTEX_POINT('',#18594);
#6833=VERTEX_POINT('',#18598);
#6834=VERTEX_POINT('',#18599);
#6835=VERTEX_POINT('',#18601);
#6836=VERTEX_POINT('',#18603);
#6837=VERTEX_POINT('',#18607);
#6838=VERTEX_POINT('',#18608);
#6839=VERTEX_POINT('',#18610);
#6840=VERTEX_POINT('',#18612);
#6841=VERTEX_POINT('',#18616);
#6842=VERTEX_POINT('',#18617);
#6843=VERTEX_POINT('',#18619);
#6844=VERTEX_POINT('',#18621);
#6845=VERTEX_POINT('',#18625);
#6846=VERTEX_POINT('',#18626);
#6847=VERTEX_POINT('',#18628);
#6848=VERTEX_POINT('',#18630);
#6849=VERTEX_POINT('',#18634);
#6850=VERTEX_POINT('',#18635);
#6851=VERTEX_POINT('',#18637);
#6852=VERTEX_POINT('',#18639);
#6853=VERTEX_POINT('',#18643);
#6854=VERTEX_POINT('',#18644);
#6855=VERTEX_POINT('',#18646);
#6856=VERTEX_POINT('',#18648);
#6857=VERTEX_POINT('',#18652);
#6858=VERTEX_POINT('',#18653);
#6859=VERTEX_POINT('',#18655);
#6860=VERTEX_POINT('',#18657);
#6861=VERTEX_POINT('',#18661);
#6862=VERTEX_POINT('',#18662);
#6863=VERTEX_POINT('',#18664);
#6864=VERTEX_POINT('',#18666);
#6865=VERTEX_POINT('',#18670);
#6866=VERTEX_POINT('',#18671);
#6867=VERTEX_POINT('',#18673);
#6868=VERTEX_POINT('',#18675);
#6869=VERTEX_POINT('',#18679);
#6870=VERTEX_POINT('',#18680);
#6871=VERTEX_POINT('',#18682);
#6872=VERTEX_POINT('',#18684);
#6873=VERTEX_POINT('',#18688);
#6874=VERTEX_POINT('',#18689);
#6875=VERTEX_POINT('',#18691);
#6876=VERTEX_POINT('',#18693);
#6877=VERTEX_POINT('',#18697);
#6878=VERTEX_POINT('',#18698);
#6879=VERTEX_POINT('',#18700);
#6880=VERTEX_POINT('',#18702);
#6881=VERTEX_POINT('',#18706);
#6882=VERTEX_POINT('',#18707);
#6883=VERTEX_POINT('',#18709);
#6884=VERTEX_POINT('',#18711);
#6885=VERTEX_POINT('',#18715);
#6886=VERTEX_POINT('',#18716);
#6887=VERTEX_POINT('',#18718);
#6888=VERTEX_POINT('',#18720);
#6889=VERTEX_POINT('',#18724);
#6890=VERTEX_POINT('',#18725);
#6891=VERTEX_POINT('',#18727);
#6892=VERTEX_POINT('',#18729);
#6893=VERTEX_POINT('',#18733);
#6894=VERTEX_POINT('',#18734);
#6895=VERTEX_POINT('',#18736);
#6896=VERTEX_POINT('',#18738);
#6897=VERTEX_POINT('',#18742);
#6898=VERTEX_POINT('',#18743);
#6899=VERTEX_POINT('',#18745);
#6900=VERTEX_POINT('',#18747);
#6901=VERTEX_POINT('',#18751);
#6902=VERTEX_POINT('',#18752);
#6903=VERTEX_POINT('',#18754);
#6904=VERTEX_POINT('',#18756);
#6905=VERTEX_POINT('',#18760);
#6906=VERTEX_POINT('',#18761);
#6907=VERTEX_POINT('',#18763);
#6908=VERTEX_POINT('',#18765);
#6909=VERTEX_POINT('',#18769);
#6910=VERTEX_POINT('',#18771);
#6911=VERTEX_POINT('',#19914);
#6912=VERTEX_POINT('',#19916);
#6913=VERTEX_POINT('',#19918);
#6914=VERTEX_POINT('',#19920);
#6915=VERTEX_POINT('',#19923);
#6916=VERTEX_POINT('',#19926);
#6917=VERTEX_POINT('',#19929);
#6918=VERTEX_POINT('',#19932);
#6919=VERTEX_POINT('',#19937);
#6920=VERTEX_POINT('',#19940);
#6921=CIRCLE('',#10688,0.021);
#6922=CIRCLE('',#10689,0.021);
#6923=CIRCLE('',#10691,0.0359063270249522);
#6924=CIRCLE('',#10692,0.0002);
#6925=CIRCLE('',#10693,0.000629935561841266);
#6926=CIRCLE('',#10694,0.0002);
#6927=CIRCLE('',#10696,0.0359063270249522);
#6928=CIRCLE('',#10697,0.0002);
#6929=CIRCLE('',#10698,0.000629935561841266);
#6930=CIRCLE('',#10699,0.0002);
#6931=CIRCLE('',#10701,0.0359063270249522);
#6932=CIRCLE('',#10702,0.0002);
#6933=CIRCLE('',#10703,0.000629935561841266);
#6934=CIRCLE('',#10704,0.0002);
#6935=CIRCLE('',#10706,0.0359063270249522);
#6936=CIRCLE('',#10707,0.0002);
#6937=CIRCLE('',#10708,0.000629935561841266);
#6938=CIRCLE('',#10709,0.0002);
#6939=CIRCLE('',#10711,0.0359063270249522);
#6940=CIRCLE('',#10712,0.0002);
#6941=CIRCLE('',#10713,0.000629935561841266);
#6942=CIRCLE('',#10714,0.0002);
#6943=CIRCLE('',#10716,0.0359063270249522);
#6944=CIRCLE('',#10717,0.0002);
#6945=CIRCLE('',#10718,0.000629935561841266);
#6946=CIRCLE('',#10719,0.0002);
#6947=CIRCLE('',#10721,0.0359063270249522);
#6948=CIRCLE('',#10722,0.0002);
#6949=CIRCLE('',#10723,0.000629935561841266);
#6950=CIRCLE('',#10724,0.0002);
#6951=CIRCLE('',#10726,0.0359063270249522);
#6952=CIRCLE('',#10727,0.0002);
#6953=CIRCLE('',#10728,0.000629935561841266);
#6954=CIRCLE('',#10729,0.0002);
#6955=CIRCLE('',#10731,0.0359063270249522);
#6956=CIRCLE('',#10732,0.0002);
#6957=CIRCLE('',#10733,0.000629935561841266);
#6958=CIRCLE('',#10734,0.0002);
#6959=CIRCLE('',#10736,0.0359063270249522);
#6960=CIRCLE('',#10737,0.0002);
#6961=CIRCLE('',#10738,0.000629935561841266);
#6962=CIRCLE('',#10739,0.0002);
#6963=CIRCLE('',#10741,0.0359063270249522);
#6964=CIRCLE('',#10742,0.0002);
#6965=CIRCLE('',#10743,0.000629935561841266);
#6966=CIRCLE('',#10744,0.0002);
#6967=CIRCLE('',#10746,0.0359063270249522);
#6968=CIRCLE('',#10747,0.0002);
#6969=CIRCLE('',#10748,0.000629935561841266);
#6970=CIRCLE('',#10749,0.0002);
#6971=CIRCLE('',#10751,0.0359063270249522);
#6972=CIRCLE('',#10752,0.0002);
#6973=CIRCLE('',#10753,0.000629935561841266);
#6974=CIRCLE('',#10754,0.0002);
#6975=CIRCLE('',#10756,0.0359063270249522);
#6976=CIRCLE('',#10757,0.0002);
#6977=CIRCLE('',#10758,0.000629935561841266);
#6978=CIRCLE('',#10759,0.0002);
#6979=CIRCLE('',#10761,0.0359063270249522);
#6980=CIRCLE('',#10762,0.0002);
#6981=CIRCLE('',#10763,0.000629935561841266);
#6982=CIRCLE('',#10764,0.0002);
#6983=CIRCLE('',#10766,0.0359063270249522);
#6984=CIRCLE('',#10767,0.0002);
#6985=CIRCLE('',#10768,0.000629935561841266);
#6986=CIRCLE('',#10769,0.0002);
#6987=CIRCLE('',#10771,0.0359063270249522);
#6988=CIRCLE('',#10772,0.0002);
#6989=CIRCLE('',#10773,0.000629935561841266);
#6990=CIRCLE('',#10774,0.0002);
#6991=CIRCLE('',#10776,0.0359063270249522);
#6992=CIRCLE('',#10777,0.0002);
#6993=CIRCLE('',#10778,0.000629935561841266);
#6994=CIRCLE('',#10779,0.0002);
#6995=CIRCLE('',#10781,0.0359063270249522);
#6996=CIRCLE('',#10782,0.0002);
#6997=CIRCLE('',#10783,0.000629935561841266);
#6998=CIRCLE('',#10784,0.0002);
#6999=CIRCLE('',#10786,0.0359063270249522);
#7000=CIRCLE('',#10787,0.0002);
#7001=CIRCLE('',#10788,0.000629935561841266);
#7002=CIRCLE('',#10789,0.0002);
#7003=CIRCLE('',#10791,0.0359063270249522);
#7004=CIRCLE('',#10792,0.0002);
#7005=CIRCLE('',#10793,0.000629935561841266);
#7006=CIRCLE('',#10794,0.0002);
#7007=CIRCLE('',#10796,0.0359063270249522);
#7008=CIRCLE('',#10797,0.0002);
#7009=CIRCLE('',#10798,0.000629935561841266);
#7010=CIRCLE('',#10799,0.0002);
#7011=CIRCLE('',#10801,0.0359063270249522);
#7012=CIRCLE('',#10802,0.0002);
#7013=CIRCLE('',#10803,0.000629935561841266);
#7014=CIRCLE('',#10804,0.0002);
#7015=CIRCLE('',#10806,0.0359063270249522);
#7016=CIRCLE('',#10807,0.0002);
#7017=CIRCLE('',#10808,0.000629935561841266);
#7018=CIRCLE('',#10809,0.0002);
#7019=CIRCLE('',#10811,0.0359063270249522);
#7020=CIRCLE('',#10812,0.0002);
#7021=CIRCLE('',#10813,0.000629935561841266);
#7022=CIRCLE('',#10814,0.0002);
#7023=CIRCLE('',#10816,0.0359063270249522);
#7024=CIRCLE('',#10817,0.0002);
#7025=CIRCLE('',#10818,0.000629935561841266);
#7026=CIRCLE('',#10819,0.0002);
#7027=CIRCLE('',#10821,0.0359063270249522);
#7028=CIRCLE('',#10822,0.0002);
#7029=CIRCLE('',#10823,0.000629935561841266);
#7030=CIRCLE('',#10824,0.0002);
#7031=CIRCLE('',#10826,0.0359063270249522);
#7032=CIRCLE('',#10827,0.0002);
#7033=CIRCLE('',#10828,0.000629935561841266);
#7034=CIRCLE('',#10829,0.0002);
#7035=CIRCLE('',#10831,0.0359063270249522);
#7036=CIRCLE('',#10832,0.0002);
#7037=CIRCLE('',#10833,0.000629935561841266);
#7038=CIRCLE('',#10834,0.0002);
#7039=CIRCLE('',#10836,0.0359063270249522);
#7040=CIRCLE('',#10837,0.0002);
#7041=CIRCLE('',#10838,0.000629935561841266);
#7042=CIRCLE('',#10839,0.0002);
#7043=CIRCLE('',#10841,0.0359063270249522);
#7044=CIRCLE('',#10842,0.0002);
#7045=CIRCLE('',#10843,0.000629935561841266);
#7046=CIRCLE('',#10844,0.0002);
#7047=CIRCLE('',#10846,0.0359063270249522);
#7048=CIRCLE('',#10847,0.0002);
#7049=CIRCLE('',#10848,0.000629935561841266);
#7050=CIRCLE('',#10849,0.0002);
#7051=CIRCLE('',#10851,0.0359063270249522);
#7052=CIRCLE('',#10852,0.0002);
#7053=CIRCLE('',#10853,0.000629935561841266);
#7054=CIRCLE('',#10854,0.0002);
#7055=CIRCLE('',#10856,0.0359063270249522);
#7056=CIRCLE('',#10857,0.0002);
#7057=CIRCLE('',#10858,0.000629935561841266);
#7058=CIRCLE('',#10859,0.0002);
#7059=CIRCLE('',#10861,0.0359063270249522);
#7060=CIRCLE('',#10862,0.0002);
#7061=CIRCLE('',#10863,0.000629935561841266);
#7062=CIRCLE('',#10864,0.0002);
#7063=CIRCLE('',#10866,0.0359063270249522);
#7064=CIRCLE('',#10867,0.0002);
#7065=CIRCLE('',#10868,0.000629935561841266);
#7066=CIRCLE('',#10869,0.0002);
#7067=CIRCLE('',#10871,0.0359063270249522);
#7068=CIRCLE('',#10872,0.0002);
#7069=CIRCLE('',#10873,0.000629935561841266);
#7070=CIRCLE('',#10874,0.0002);
#7071=CIRCLE('',#10876,0.0359063270249522);
#7072=CIRCLE('',#10877,0.0002);
#7073=CIRCLE('',#10878,0.000629935561841266);
#7074=CIRCLE('',#10879,0.0002);
#7075=CIRCLE('',#10881,0.0359063270249522);
#7076=CIRCLE('',#10882,0.0002);
#7077=CIRCLE('',#10883,0.000629935561841266);
#7078=CIRCLE('',#10884,0.0002);
#7079=CIRCLE('',#10886,0.0359063270249522);
#7080=CIRCLE('',#10887,0.0002);
#7081=CIRCLE('',#10888,0.000629935561841266);
#7082=CIRCLE('',#10889,0.0002);
#7083=CIRCLE('',#10891,0.0359063270249522);
#7084=CIRCLE('',#10892,0.0002);
#7085=CIRCLE('',#10893,0.000629935561841266);
#7086=CIRCLE('',#10894,0.0002);
#7087=CIRCLE('',#10896,0.0359063270249522);
#7088=CIRCLE('',#10897,0.0002);
#7089=CIRCLE('',#10898,0.000629935561841266);
#7090=CIRCLE('',#10899,0.0002);
#7091=CIRCLE('',#10901,0.0359063270249522);
#7092=CIRCLE('',#10902,0.0002);
#7093=CIRCLE('',#10903,0.000629935561841266);
#7094=CIRCLE('',#10904,0.0002);
#7095=CIRCLE('',#10906,0.0359063270249522);
#7096=CIRCLE('',#10907,0.0002);
#7097=CIRCLE('',#10908,0.000629935561841266);
#7098=CIRCLE('',#10909,0.0002);
#7099=CIRCLE('',#10911,0.0359063270249522);
#7100=CIRCLE('',#10912,0.0002);
#7101=CIRCLE('',#10913,0.000629935561841266);
#7102=CIRCLE('',#10914,0.0002);
#7103=CIRCLE('',#10916,0.0359063270249522);
#7104=CIRCLE('',#10917,0.0002);
#7105=CIRCLE('',#10918,0.000629935561841266);
#7106=CIRCLE('',#10919,0.0002);
#7107=CIRCLE('',#10921,0.0359063270249522);
#7108=CIRCLE('',#10922,0.0002);
#7109=CIRCLE('',#10923,0.000629935561841266);
#7110=CIRCLE('',#10924,0.0002);
#7111=CIRCLE('',#10926,0.0359063270249522);
#7112=CIRCLE('',#10927,0.0002);
#7113=CIRCLE('',#10928,0.000629935561841266);
#7114=CIRCLE('',#10929,0.0002);
#7115=CIRCLE('',#10931,0.0359063270249522);
#7116=CIRCLE('',#10932,0.0002);
#7117=CIRCLE('',#10933,0.000629935561841266);
#7118=CIRCLE('',#10934,0.0002);
#7119=CIRCLE('',#10936,0.0359063270249522);
#7120=CIRCLE('',#10937,0.0002);
#7121=CIRCLE('',#10938,0.000629935561841266);
#7122=CIRCLE('',#10939,0.0002);
#7123=CIRCLE('',#10941,0.0359063270249522);
#7124=CIRCLE('',#10942,0.0002);
#7125=CIRCLE('',#10943,0.000629935561841266);
#7126=CIRCLE('',#10944,0.0002);
#7127=CIRCLE('',#10946,0.0359063270249522);
#7128=CIRCLE('',#10947,0.0002);
#7129=CIRCLE('',#10948,0.000629935561841266);
#7130=CIRCLE('',#10949,0.0002);
#7131=CIRCLE('',#10951,0.0359063270249522);
#7132=CIRCLE('',#10952,0.0002);
#7133=CIRCLE('',#10953,0.000629935561841266);
#7134=CIRCLE('',#10954,0.0002);
#7135=CIRCLE('',#10956,0.0359063270249522);
#7136=CIRCLE('',#10957,0.0002);
#7137=CIRCLE('',#10958,0.000629935561841266);
#7138=CIRCLE('',#10959,0.0002);
#7139=CIRCLE('',#10961,0.0359063270249522);
#7140=CIRCLE('',#10962,0.0002);
#7141=CIRCLE('',#10963,0.000629935561841266);
#7142=CIRCLE('',#10964,0.0002);
#7143=CIRCLE('',#10966,0.0359063270249522);
#7144=CIRCLE('',#10967,0.0002);
#7145=CIRCLE('',#10968,0.000629935561841266);
#7146=CIRCLE('',#10969,0.0002);
#7147=CIRCLE('',#10971,0.0359063270249522);
#7148=CIRCLE('',#10972,0.0002);
#7149=CIRCLE('',#10973,0.000629935561841266);
#7150=CIRCLE('',#10974,0.0002);
#7151=CIRCLE('',#10976,0.0359063270249522);
#7152=CIRCLE('',#10977,0.0002);
#7153=CIRCLE('',#10978,0.000629935561841266);
#7154=CIRCLE('',#10979,0.0002);
#7155=CIRCLE('',#10981,0.0359063270249522);
#7156=CIRCLE('',#10982,0.0002);
#7157=CIRCLE('',#10983,0.000629935561841266);
#7158=CIRCLE('',#10984,0.0002);
#7159=CIRCLE('',#10986,0.0359063270249522);
#7160=CIRCLE('',#10987,0.0002);
#7161=CIRCLE('',#10988,0.000629935561841266);
#7162=CIRCLE('',#10989,0.0002);
#7163=CIRCLE('',#10991,0.0359063270249522);
#7164=CIRCLE('',#10992,0.0002);
#7165=CIRCLE('',#10993,0.000629935561841266);
#7166=CIRCLE('',#10994,0.0002);
#7167=CIRCLE('',#10996,0.0359063270249522);
#7168=CIRCLE('',#10997,0.0002);
#7169=CIRCLE('',#10998,0.000629935561841266);
#7170=CIRCLE('',#10999,0.0002);
#7171=CIRCLE('',#11001,0.0359063270249522);
#7172=CIRCLE('',#11002,0.0002);
#7173=CIRCLE('',#11003,0.000629935561841266);
#7174=CIRCLE('',#11004,0.0002);
#7175=CIRCLE('',#11006,0.0359063270249522);
#7176=CIRCLE('',#11007,0.0002);
#7177=CIRCLE('',#11008,0.000629935561841266);
#7178=CIRCLE('',#11009,0.0002);
#7179=CIRCLE('',#11011,0.0359063270249522);
#7180=CIRCLE('',#11012,0.0002);
#7181=CIRCLE('',#11013,0.000629935561841266);
#7182=CIRCLE('',#11014,0.0002);
#7183=CIRCLE('',#11016,0.0359063270249522);
#7184=CIRCLE('',#11017,0.0002);
#7185=CIRCLE('',#11018,0.000629935561841266);
#7186=CIRCLE('',#11019,0.0002);
#7187=CIRCLE('',#11021,0.0359063270249522);
#7188=CIRCLE('',#11022,0.0002);
#7189=CIRCLE('',#11023,0.000629935561841266);
#7190=CIRCLE('',#11024,0.0002);
#7191=CIRCLE('',#11026,0.0359063270249522);
#7192=CIRCLE('',#11027,0.0002);
#7193=CIRCLE('',#11028,0.000629935561841266);
#7194=CIRCLE('',#11029,0.0002);
#7195=CIRCLE('',#11031,0.0359063270249522);
#7196=CIRCLE('',#11032,0.0002);
#7197=CIRCLE('',#11033,0.000629935561841266);
#7198=CIRCLE('',#11034,0.0002);
#7199=CIRCLE('',#11036,0.0359063270249522);
#7200=CIRCLE('',#11037,0.0002);
#7201=CIRCLE('',#11038,0.000629935561841266);
#7202=CIRCLE('',#11039,0.0002);
#7203=CIRCLE('',#11041,0.0359063270249522);
#7204=CIRCLE('',#11042,0.0002);
#7205=CIRCLE('',#11043,0.000629935561841266);
#7206=CIRCLE('',#11044,0.0002);
#7207=CIRCLE('',#11046,0.0359063270249522);
#7208=CIRCLE('',#11047,0.0002);
#7209=CIRCLE('',#11048,0.000629935561841266);
#7210=CIRCLE('',#11049,0.0002);
#7211=CIRCLE('',#11051,0.0359063270249522);
#7212=CIRCLE('',#11052,0.0002);
#7213=CIRCLE('',#11053,0.000629935561841266);
#7214=CIRCLE('',#11054,0.0002);
#7215=CIRCLE('',#11056,0.0359063270249522);
#7216=CIRCLE('',#11057,0.0002);
#7217=CIRCLE('',#11058,0.000629935561841266);
#7218=CIRCLE('',#11059,0.0002);
#7219=CIRCLE('',#11061,0.0359063270249522);
#7220=CIRCLE('',#11062,0.0002);
#7221=CIRCLE('',#11063,0.000629935561841266);
#7222=CIRCLE('',#11064,0.0002);
#7223=CIRCLE('',#11066,0.0359063270249522);
#7224=CIRCLE('',#11067,0.0002);
#7225=CIRCLE('',#11068,0.000629935561841266);
#7226=CIRCLE('',#11069,0.0002);
#7227=CIRCLE('',#11071,0.0359063270249522);
#7228=CIRCLE('',#11072,0.0002);
#7229=CIRCLE('',#11073,0.000629935561841266);
#7230=CIRCLE('',#11074,0.0002);
#7231=CIRCLE('',#11076,0.0359063270249522);
#7232=CIRCLE('',#11077,0.0002);
#7233=CIRCLE('',#11078,0.000629935561841266);
#7234=CIRCLE('',#11079,0.0002);
#7235=CIRCLE('',#11081,0.0359063270249522);
#7236=CIRCLE('',#11082,0.0002);
#7237=CIRCLE('',#11083,0.000629935561841266);
#7238=CIRCLE('',#11084,0.0002);
#7239=CIRCLE('',#11086,0.0359063270249522);
#7240=CIRCLE('',#11087,0.0002);
#7241=CIRCLE('',#11088,0.000629935561841266);
#7242=CIRCLE('',#11089,0.0002);
#7243=CIRCLE('',#11091,0.0359063270249522);
#7244=CIRCLE('',#11092,0.0002);
#7245=CIRCLE('',#11093,0.000629935561841266);
#7246=CIRCLE('',#11094,0.0002);
#7247=CIRCLE('',#11096,0.0359063270249522);
#7248=CIRCLE('',#11097,0.0002);
#7249=CIRCLE('',#11098,0.000629935561841266);
#7250=CIRCLE('',#11099,0.0002);
#7251=CIRCLE('',#11101,0.0359063270249522);
#7252=CIRCLE('',#11102,0.0002);
#7253=CIRCLE('',#11103,0.000629935561841266);
#7254=CIRCLE('',#11104,0.0002);
#7255=CIRCLE('',#11106,0.0359063270249522);
#7256=CIRCLE('',#11107,0.0002);
#7257=CIRCLE('',#11108,0.000629935561841266);
#7258=CIRCLE('',#11109,0.0002);
#7259=CIRCLE('',#11111,0.0359063270249522);
#7260=CIRCLE('',#11112,0.0002);
#7261=CIRCLE('',#11113,0.000629935561841266);
#7262=CIRCLE('',#11114,0.0002);
#7263=CIRCLE('',#11116,0.0359063270249522);
#7264=CIRCLE('',#11117,0.0002);
#7265=CIRCLE('',#11118,0.000629935561841266);
#7266=CIRCLE('',#11119,0.0002);
#7267=CIRCLE('',#11121,0.0359063270249522);
#7268=CIRCLE('',#11122,0.0002);
#7269=CIRCLE('',#11123,0.000629935561841266);
#7270=CIRCLE('',#11124,0.0002);
#7271=CIRCLE('',#11126,0.0359063270249522);
#7272=CIRCLE('',#11127,0.0002);
#7273=CIRCLE('',#11128,0.000629935561841266);
#7274=CIRCLE('',#11129,0.0002);
#7275=CIRCLE('',#11131,0.0359063270249522);
#7276=CIRCLE('',#11132,0.0002);
#7277=CIRCLE('',#11133,0.000629935561841266);
#7278=CIRCLE('',#11134,0.0002);
#7279=CIRCLE('',#11136,0.0359063270249522);
#7280=CIRCLE('',#11137,0.0002);
#7281=CIRCLE('',#11138,0.000629935561841266);
#7282=CIRCLE('',#11139,0.0002);
#7283=CIRCLE('',#11141,0.0359063270249522);
#7284=CIRCLE('',#11142,0.0002);
#7285=CIRCLE('',#11143,0.000629935561841266);
#7286=CIRCLE('',#11144,0.0002);
#7287=CIRCLE('',#11146,0.0359063270249522);
#7288=CIRCLE('',#11147,0.0002);
#7289=CIRCLE('',#11148,0.000629935561841266);
#7290=CIRCLE('',#11149,0.0002);
#7291=CIRCLE('',#11151,0.0359063270249522);
#7292=CIRCLE('',#11152,0.0002);
#7293=CIRCLE('',#11153,0.000629935561841266);
#7294=CIRCLE('',#11154,0.0002);
#7295=CIRCLE('',#11156,0.0359063270249522);
#7296=CIRCLE('',#11157,0.0002);
#7297=CIRCLE('',#11158,0.000629935561841266);
#7298=CIRCLE('',#11159,0.0002);
#7299=CIRCLE('',#11161,0.0359063270249522);
#7300=CIRCLE('',#11162,0.0002);
#7301=CIRCLE('',#11163,0.000629935561841266);
#7302=CIRCLE('',#11164,0.0002);
#7303=CIRCLE('',#11166,0.0359063270249522);
#7304=CIRCLE('',#11167,0.0002);
#7305=CIRCLE('',#11168,0.000629935561841266);
#7306=CIRCLE('',#11169,0.0002);
#7307=CIRCLE('',#11171,0.0359063270249522);
#7308=CIRCLE('',#11172,0.0002);
#7309=CIRCLE('',#11173,0.000629935561841266);
#7310=CIRCLE('',#11174,0.0002);
#7311=CIRCLE('',#11176,0.0359063270249522);
#7312=CIRCLE('',#11177,0.0002);
#7313=CIRCLE('',#11178,0.000629935561841266);
#7314=CIRCLE('',#11179,0.0002);
#7315=CIRCLE('',#11181,0.0359063270249522);
#7316=CIRCLE('',#11182,0.0002);
#7317=CIRCLE('',#11183,0.000629935561841266);
#7318=CIRCLE('',#11184,0.0002);
#7319=CIRCLE('',#11186,0.0359063270249522);
#7320=CIRCLE('',#11187,0.0002);
#7321=CIRCLE('',#11188,0.000629935561841266);
#7322=CIRCLE('',#11189,0.0002);
#7323=CIRCLE('',#11191,0.0359063270249522);
#7324=CIRCLE('',#11192,0.0002);
#7325=CIRCLE('',#11193,0.000629935561841266);
#7326=CIRCLE('',#11194,0.0002);
#7327=CIRCLE('',#11196,0.0359063270249522);
#7328=CIRCLE('',#11197,0.0002);
#7329=CIRCLE('',#11198,0.000629935561841266);
#7330=CIRCLE('',#11199,0.0002);
#7331=CIRCLE('',#11201,0.0359063270249522);
#7332=CIRCLE('',#11202,0.0002);
#7333=CIRCLE('',#11203,0.000629935561841266);
#7334=CIRCLE('',#11204,0.0002);
#7335=CIRCLE('',#11206,0.0359063270249522);
#7336=CIRCLE('',#11207,0.0002);
#7337=CIRCLE('',#11208,0.000629935561841266);
#7338=CIRCLE('',#11209,0.0002);
#7339=CIRCLE('',#11211,0.0359063270249522);
#7340=CIRCLE('',#11212,0.0002);
#7341=CIRCLE('',#11213,0.000629935561841266);
#7342=CIRCLE('',#11214,0.0002);
#7343=CIRCLE('',#11216,0.0359063270249522);
#7344=CIRCLE('',#11217,0.0002);
#7345=CIRCLE('',#11218,0.000629935561841266);
#7346=CIRCLE('',#11219,0.0002);
#7347=CIRCLE('',#11221,0.0359063270249522);
#7348=CIRCLE('',#11222,0.0002);
#7349=CIRCLE('',#11223,0.000629935561841266);
#7350=CIRCLE('',#11224,0.0002);
#7351=CIRCLE('',#11226,0.0359063270249522);
#7352=CIRCLE('',#11227,0.0002);
#7353=CIRCLE('',#11228,0.000629935561841266);
#7354=CIRCLE('',#11229,0.0002);
#7355=CIRCLE('',#11231,0.0359063270249522);
#7356=CIRCLE('',#11232,0.0002);
#7357=CIRCLE('',#11233,0.000629935561841266);
#7358=CIRCLE('',#11234,0.0002);
#7359=CIRCLE('',#11236,0.0359063270249522);
#7360=CIRCLE('',#11237,0.0002);
#7361=CIRCLE('',#11238,0.000629935561841266);
#7362=CIRCLE('',#11239,0.0002);
#7363=CIRCLE('',#11241,0.0359063270249522);
#7364=CIRCLE('',#11242,0.0002);
#7365=CIRCLE('',#11243,0.000629935561841266);
#7366=CIRCLE('',#11244,0.0002);
#7367=CIRCLE('',#11246,0.0359063270249522);
#7368=CIRCLE('',#11247,0.0002);
#7369=CIRCLE('',#11248,0.000629935561841266);
#7370=CIRCLE('',#11249,0.0002);
#7371=CIRCLE('',#11251,0.0359063270249522);
#7372=CIRCLE('',#11252,0.0002);
#7373=CIRCLE('',#11253,0.000629935561841266);
#7374=CIRCLE('',#11254,0.0002);
#7375=CIRCLE('',#11256,0.0359063270249522);
#7376=CIRCLE('',#11257,0.0002);
#7377=CIRCLE('',#11258,0.000629935561841266);
#7378=CIRCLE('',#11259,0.0002);
#7379=CIRCLE('',#11261,0.0366683270249522);
#7380=CIRCLE('',#11262,0.0366683270249522);
#7381=CIRCLE('',#11264,0.0359063270249522);
#7382=CIRCLE('',#11265,0.0002);
#7383=CIRCLE('',#11266,0.000629935561841266);
#7384=CIRCLE('',#11267,0.0002);
#7385=CIRCLE('',#11269,0.0359063270249522);
#7386=CIRCLE('',#11270,0.0002);
#7387=CIRCLE('',#11271,0.000629935561841266);
#7388=CIRCLE('',#11272,0.0002);
#7389=CIRCLE('',#11274,0.0359063270249522);
#7390=CIRCLE('',#11275,0.0002);
#7391=CIRCLE('',#11276,0.000629935561841266);
#7392=CIRCLE('',#11277,0.0002);
#7393=CIRCLE('',#11279,0.0359063270249522);
#7394=CIRCLE('',#11280,0.0002);
#7395=CIRCLE('',#11281,0.000629935561841266);
#7396=CIRCLE('',#11282,0.0002);
#7397=CIRCLE('',#11284,0.0359063270249522);
#7398=CIRCLE('',#11285,0.0002);
#7399=CIRCLE('',#11286,0.000629935561841266);
#7400=CIRCLE('',#11287,0.0002);
#7401=CIRCLE('',#11289,0.0359063270249522);
#7402=CIRCLE('',#11290,0.0002);
#7403=CIRCLE('',#11291,0.000629935561841266);
#7404=CIRCLE('',#11292,0.0002);
#7405=CIRCLE('',#11294,0.0359063270249522);
#7406=CIRCLE('',#11295,0.0002);
#7407=CIRCLE('',#11296,0.000629935561841266);
#7408=CIRCLE('',#11297,0.0002);
#7409=CIRCLE('',#11299,0.0359063270249522);
#7410=CIRCLE('',#11300,0.0002);
#7411=CIRCLE('',#11301,0.000629935561841266);
#7412=CIRCLE('',#11302,0.0002);
#7413=CIRCLE('',#11304,0.0359063270249522);
#7414=CIRCLE('',#11305,0.0002);
#7415=CIRCLE('',#11306,0.000629935561841266);
#7416=CIRCLE('',#11307,0.0002);
#7417=CIRCLE('',#11309,0.0359063270249522);
#7418=CIRCLE('',#11310,0.0002);
#7419=CIRCLE('',#11311,0.000629935561841266);
#7420=CIRCLE('',#11312,0.0002);
#7421=CIRCLE('',#11314,0.0359063270249522);
#7422=CIRCLE('',#11315,0.0002);
#7423=CIRCLE('',#11316,0.000629935561841266);
#7424=CIRCLE('',#11317,0.0002);
#7425=CIRCLE('',#11319,0.0359063270249522);
#7426=CIRCLE('',#11320,0.0002);
#7427=CIRCLE('',#11321,0.000629935561841266);
#7428=CIRCLE('',#11322,0.0002);
#7429=CIRCLE('',#11324,0.0359063270249522);
#7430=CIRCLE('',#11325,0.0002);
#7431=CIRCLE('',#11326,0.000629935561841266);
#7432=CIRCLE('',#11327,0.0002);
#7433=CIRCLE('',#11329,0.0359063270249522);
#7434=CIRCLE('',#11330,0.0002);
#7435=CIRCLE('',#11331,0.000629935561841266);
#7436=CIRCLE('',#11332,0.0002);
#7437=CIRCLE('',#11334,0.0359063270249522);
#7438=CIRCLE('',#11335,0.0002);
#7439=CIRCLE('',#11336,0.000629935561841266);
#7440=CIRCLE('',#11337,0.0002);
#7441=CIRCLE('',#11339,0.0359063270249522);
#7442=CIRCLE('',#11340,0.0002);
#7443=CIRCLE('',#11341,0.000629935561841266);
#7444=CIRCLE('',#11342,0.0002);
#7445=CIRCLE('',#11344,0.0359063270249522);
#7446=CIRCLE('',#11345,0.0002);
#7447=CIRCLE('',#11346,0.000629935561841266);
#7448=CIRCLE('',#11347,0.0002);
#7449=CIRCLE('',#11349,0.0359063270249522);
#7450=CIRCLE('',#11350,0.0002);
#7451=CIRCLE('',#11351,0.000629935561841266);
#7452=CIRCLE('',#11352,0.0002);
#7453=CIRCLE('',#11354,0.0359063270249522);
#7454=CIRCLE('',#11355,0.0002);
#7455=CIRCLE('',#11356,0.000629935561841266);
#7456=CIRCLE('',#11357,0.0002);
#7457=CIRCLE('',#11359,0.0359063270249522);
#7458=CIRCLE('',#11360,0.0002);
#7459=CIRCLE('',#11361,0.000629935561841266);
#7460=CIRCLE('',#11362,0.0002);
#7461=CIRCLE('',#11364,0.0359063270249522);
#7462=CIRCLE('',#11365,0.0002);
#7463=CIRCLE('',#11366,0.000629935561841266);
#7464=CIRCLE('',#11367,0.0002);
#7465=CIRCLE('',#11369,0.0359063270249522);
#7466=CIRCLE('',#11370,0.0002);
#7467=CIRCLE('',#11371,0.000629935561841266);
#7468=CIRCLE('',#11372,0.0002);
#7469=CIRCLE('',#11374,0.0359063270249522);
#7470=CIRCLE('',#11375,0.0002);
#7471=CIRCLE('',#11376,0.000629935561841266);
#7472=CIRCLE('',#11377,0.0002);
#7473=CIRCLE('',#11379,0.0359063270249522);
#7474=CIRCLE('',#11380,0.0002);
#7475=CIRCLE('',#11381,0.000629935561841266);
#7476=CIRCLE('',#11382,0.0002);
#7477=CIRCLE('',#11384,0.0359063270249522);
#7478=CIRCLE('',#11385,0.0002);
#7479=CIRCLE('',#11386,0.000629935561841266);
#7480=CIRCLE('',#11387,0.0002);
#7481=CIRCLE('',#11389,0.0359063270249522);
#7482=CIRCLE('',#11390,0.0002);
#7483=CIRCLE('',#11391,0.000629935561841266);
#7484=CIRCLE('',#11392,0.0002);
#7485=CIRCLE('',#11394,0.0359063270249522);
#7486=CIRCLE('',#11395,0.0002);
#7487=CIRCLE('',#11396,0.000629935561841266);
#7488=CIRCLE('',#11397,0.0002);
#7489=CIRCLE('',#11399,0.0359063270249522);
#7490=CIRCLE('',#11400,0.0002);
#7491=CIRCLE('',#11401,0.000629935561841266);
#7492=CIRCLE('',#11402,0.0002);
#7493=CIRCLE('',#11404,0.0359063270249522);
#7494=CIRCLE('',#11405,0.0002);
#7495=CIRCLE('',#11406,0.000629935561841266);
#7496=CIRCLE('',#11407,0.0002);
#7497=CIRCLE('',#11409,0.0359063270249522);
#7498=CIRCLE('',#11410,0.0002);
#7499=CIRCLE('',#11411,0.000629935561841266);
#7500=CIRCLE('',#11412,0.0002);
#7501=CIRCLE('',#11414,0.0359063270249522);
#7502=CIRCLE('',#11415,0.0002);
#7503=CIRCLE('',#11416,0.000629935561841266);
#7504=CIRCLE('',#11417,0.0002);
#7505=CIRCLE('',#11419,0.0359063270249522);
#7506=CIRCLE('',#11420,0.0002);
#7507=CIRCLE('',#11421,0.000629935561841266);
#7508=CIRCLE('',#11422,0.0002);
#7509=CIRCLE('',#11424,0.0359063270249522);
#7510=CIRCLE('',#11425,0.0002);
#7511=CIRCLE('',#11426,0.000629935561841266);
#7512=CIRCLE('',#11427,0.0002);
#7513=CIRCLE('',#11429,0.0359063270249522);
#7514=CIRCLE('',#11430,0.0002);
#7515=CIRCLE('',#11431,0.000629935561841266);
#7516=CIRCLE('',#11432,0.0002);
#7517=CIRCLE('',#11434,0.0359063270249522);
#7518=CIRCLE('',#11435,0.0002);
#7519=CIRCLE('',#11436,0.000629935561841266);
#7520=CIRCLE('',#11437,0.0002);
#7521=CIRCLE('',#11439,0.0359063270249522);
#7522=CIRCLE('',#11440,0.0002);
#7523=CIRCLE('',#11441,0.000629935561841266);
#7524=CIRCLE('',#11442,0.0002);
#7525=CIRCLE('',#11444,0.0359063270249522);
#7526=CIRCLE('',#11445,0.0002);
#7527=CIRCLE('',#11446,0.000629935561841266);
#7528=CIRCLE('',#11447,0.0002);
#7529=CIRCLE('',#11449,0.0359063270249522);
#7530=CIRCLE('',#11450,0.0002);
#7531=CIRCLE('',#11451,0.000629935561841266);
#7532=CIRCLE('',#11452,0.0002);
#7533=CIRCLE('',#11454,0.0359063270249522);
#7534=CIRCLE('',#11455,0.0002);
#7535=CIRCLE('',#11456,0.000629935561841266);
#7536=CIRCLE('',#11457,0.0002);
#7537=CIRCLE('',#11459,0.0359063270249522);
#7538=CIRCLE('',#11460,0.0002);
#7539=CIRCLE('',#11461,0.000629935561841266);
#7540=CIRCLE('',#11462,0.0002);
#7541=CIRCLE('',#11464,0.0359063270249522);
#7542=CIRCLE('',#11465,0.0002);
#7543=CIRCLE('',#11466,0.000629935561841266);
#7544=CIRCLE('',#11467,0.0002);
#7545=CIRCLE('',#11469,0.0359063270249522);
#7546=CIRCLE('',#11470,0.0002);
#7547=CIRCLE('',#11471,0.000629935561841266);
#7548=CIRCLE('',#11472,0.0002);
#7549=CIRCLE('',#11474,0.0359063270249522);
#7550=CIRCLE('',#11475,0.0002);
#7551=CIRCLE('',#11476,0.000629935561841266);
#7552=CIRCLE('',#11477,0.0002);
#7553=CIRCLE('',#11479,0.0359063270249522);
#7554=CIRCLE('',#11480,0.0002);
#7555=CIRCLE('',#11481,0.000629935561841266);
#7556=CIRCLE('',#11482,0.0002);
#7557=CIRCLE('',#11484,0.0359063270249522);
#7558=CIRCLE('',#11485,0.0002);
#7559=CIRCLE('',#11486,0.000629935561841266);
#7560=CIRCLE('',#11487,0.0002);
#7561=CIRCLE('',#11489,0.0359063270249522);
#7562=CIRCLE('',#11490,0.0002);
#7563=CIRCLE('',#11491,0.000629935561841266);
#7564=CIRCLE('',#11492,0.0002);
#7565=CIRCLE('',#11494,0.0359063270249522);
#7566=CIRCLE('',#11495,0.0002);
#7567=CIRCLE('',#11496,0.000629935561841266);
#7568=CIRCLE('',#11497,0.0002);
#7569=CIRCLE('',#11499,0.0359063270249522);
#7570=CIRCLE('',#11500,0.0002);
#7571=CIRCLE('',#11501,0.000629935561841266);
#7572=CIRCLE('',#11502,0.0002);
#7573=CIRCLE('',#11504,0.0359063270249522);
#7574=CIRCLE('',#11505,0.0002);
#7575=CIRCLE('',#11506,0.000629935561841266);
#7576=CIRCLE('',#11507,0.0002);
#7577=CIRCLE('',#11509,0.0359063270249522);
#7578=CIRCLE('',#11510,0.0002);
#7579=CIRCLE('',#11511,0.000629935561841266);
#7580=CIRCLE('',#11512,0.0002);
#7581=CIRCLE('',#11514,0.0359063270249522);
#7582=CIRCLE('',#11515,0.0002);
#7583=CIRCLE('',#11516,0.000629935561841266);
#7584=CIRCLE('',#11517,0.0002);
#7585=CIRCLE('',#11519,0.0359063270249522);
#7586=CIRCLE('',#11520,0.0002);
#7587=CIRCLE('',#11521,0.000629935561841266);
#7588=CIRCLE('',#11522,0.0002);
#7589=CIRCLE('',#11524,0.0359063270249522);
#7590=CIRCLE('',#11525,0.0002);
#7591=CIRCLE('',#11526,0.000629935561841266);
#7592=CIRCLE('',#11527,0.0002);
#7593=CIRCLE('',#11529,0.0359063270249522);
#7594=CIRCLE('',#11530,0.0002);
#7595=CIRCLE('',#11531,0.000629935561841266);
#7596=CIRCLE('',#11532,0.0002);
#7597=CIRCLE('',#11534,0.0359063270249522);
#7598=CIRCLE('',#11535,0.0002);
#7599=CIRCLE('',#11536,0.000629935561841266);
#7600=CIRCLE('',#11537,0.0002);
#7601=CIRCLE('',#11539,0.0359063270249522);
#7602=CIRCLE('',#11540,0.0002);
#7603=CIRCLE('',#11541,0.000629935561841266);
#7604=CIRCLE('',#11542,0.0002);
#7605=CIRCLE('',#11544,0.0359063270249522);
#7606=CIRCLE('',#11545,0.0002);
#7607=CIRCLE('',#11546,0.000629935561841266);
#7608=CIRCLE('',#11547,0.0002);
#7609=CIRCLE('',#11549,0.0359063270249522);
#7610=CIRCLE('',#11550,0.0002);
#7611=CIRCLE('',#11551,0.000629935561841266);
#7612=CIRCLE('',#11552,0.0002);
#7613=CIRCLE('',#11554,0.0359063270249522);
#7614=CIRCLE('',#11555,0.0002);
#7615=CIRCLE('',#11556,0.000629935561841266);
#7616=CIRCLE('',#11557,0.0002);
#7617=CIRCLE('',#11559,0.0359063270249522);
#7618=CIRCLE('',#11560,0.0002);
#7619=CIRCLE('',#11561,0.000629935561841266);
#7620=CIRCLE('',#11562,0.0002);
#7621=CIRCLE('',#11564,0.0359063270249522);
#7622=CIRCLE('',#11565,0.0002);
#7623=CIRCLE('',#11566,0.000629935561841266);
#7624=CIRCLE('',#11567,0.0002);
#7625=CIRCLE('',#11569,0.0359063270249522);
#7626=CIRCLE('',#11570,0.0002);
#7627=CIRCLE('',#11571,0.000629935561841266);
#7628=CIRCLE('',#11572,0.0002);
#7629=CIRCLE('',#11574,0.0359063270249522);
#7630=CIRCLE('',#11575,0.0002);
#7631=CIRCLE('',#11576,0.000629935561841266);
#7632=CIRCLE('',#11577,0.0002);
#7633=CIRCLE('',#11579,0.0359063270249522);
#7634=CIRCLE('',#11580,0.0002);
#7635=CIRCLE('',#11581,0.000629935561841266);
#7636=CIRCLE('',#11582,0.0002);
#7637=CIRCLE('',#11584,0.0359063270249522);
#7638=CIRCLE('',#11585,0.0002);
#7639=CIRCLE('',#11586,0.000629935561841266);
#7640=CIRCLE('',#11587,0.0002);
#7641=CIRCLE('',#11589,0.0359063270249522);
#7642=CIRCLE('',#11590,0.0002);
#7643=CIRCLE('',#11591,0.000629935561841266);
#7644=CIRCLE('',#11592,0.0002);
#7645=CIRCLE('',#11594,0.0359063270249522);
#7646=CIRCLE('',#11595,0.0002);
#7647=CIRCLE('',#11596,0.000629935561841266);
#7648=CIRCLE('',#11597,0.0002);
#7649=CIRCLE('',#11599,0.0359063270249522);
#7650=CIRCLE('',#11600,0.0002);
#7651=CIRCLE('',#11601,0.000629935561841266);
#7652=CIRCLE('',#11602,0.0002);
#7653=CIRCLE('',#11604,0.0359063270249522);
#7654=CIRCLE('',#11605,0.0002);
#7655=CIRCLE('',#11606,0.000629935561841266);
#7656=CIRCLE('',#11607,0.0002);
#7657=CIRCLE('',#11609,0.0359063270249522);
#7658=CIRCLE('',#11610,0.0002);
#7659=CIRCLE('',#11611,0.000629935561841266);
#7660=CIRCLE('',#11612,0.0002);
#7661=CIRCLE('',#11614,0.0359063270249522);
#7662=CIRCLE('',#11615,0.0002);
#7663=CIRCLE('',#11616,0.000629935561841266);
#7664=CIRCLE('',#11617,0.0002);
#7665=CIRCLE('',#11619,0.0359063270249522);
#7666=CIRCLE('',#11620,0.0002);
#7667=CIRCLE('',#11621,0.000629935561841266);
#7668=CIRCLE('',#11622,0.0002);
#7669=CIRCLE('',#11624,0.0359063270249522);
#7670=CIRCLE('',#11625,0.0002);
#7671=CIRCLE('',#11626,0.000629935561841266);
#7672=CIRCLE('',#11627,0.0002);
#7673=CIRCLE('',#11629,0.0359063270249522);
#7674=CIRCLE('',#11630,0.0002);
#7675=CIRCLE('',#11631,0.000629935561841266);
#7676=CIRCLE('',#11632,0.0002);
#7677=CIRCLE('',#11634,0.0359063270249522);
#7678=CIRCLE('',#11635,0.0002);
#7679=CIRCLE('',#11636,0.000629935561841266);
#7680=CIRCLE('',#11637,0.0002);
#7681=CIRCLE('',#11639,0.0359063270249522);
#7682=CIRCLE('',#11640,0.0002);
#7683=CIRCLE('',#11641,0.000629935561841266);
#7684=CIRCLE('',#11642,0.0002);
#7685=CIRCLE('',#11644,0.0359063270249522);
#7686=CIRCLE('',#11645,0.0002);
#7687=CIRCLE('',#11646,0.000629935561841266);
#7688=CIRCLE('',#11647,0.0002);
#7689=CIRCLE('',#11649,0.0359063270249522);
#7690=CIRCLE('',#11650,0.0002);
#7691=CIRCLE('',#11651,0.000629935561841266);
#7692=CIRCLE('',#11652,0.0002);
#7693=CIRCLE('',#11654,0.0359063270249522);
#7694=CIRCLE('',#11655,0.0002);
#7695=CIRCLE('',#11656,0.000629935561841266);
#7696=CIRCLE('',#11657,0.0002);
#7697=CIRCLE('',#11659,0.0359063270249522);
#7698=CIRCLE('',#11660,0.0002);
#7699=CIRCLE('',#11661,0.000629935561841266);
#7700=CIRCLE('',#11662,0.0002);
#7701=CIRCLE('',#11664,0.0359063270249522);
#7702=CIRCLE('',#11665,0.0002);
#7703=CIRCLE('',#11666,0.000629935561841266);
#7704=CIRCLE('',#11667,0.0002);
#7705=CIRCLE('',#11669,0.0359063270249522);
#7706=CIRCLE('',#11670,0.0002);
#7707=CIRCLE('',#11671,0.000629935561841266);
#7708=CIRCLE('',#11672,0.0002);
#7709=CIRCLE('',#11674,0.0359063270249522);
#7710=CIRCLE('',#11675,0.0002);
#7711=CIRCLE('',#11676,0.000629935561841266);
#7712=CIRCLE('',#11677,0.0002);
#7713=CIRCLE('',#11679,0.0359063270249522);
#7714=CIRCLE('',#11680,0.0002);
#7715=CIRCLE('',#11681,0.000629935561841266);
#7716=CIRCLE('',#11682,0.0002);
#7717=CIRCLE('',#11684,0.0359063270249522);
#7718=CIRCLE('',#11685,0.0002);
#7719=CIRCLE('',#11686,0.000629935561841266);
#7720=CIRCLE('',#11687,0.0002);
#7721=CIRCLE('',#11689,0.0359063270249522);
#7722=CIRCLE('',#11690,0.0002);
#7723=CIRCLE('',#11691,0.000629935561841266);
#7724=CIRCLE('',#11692,0.0002);
#7725=CIRCLE('',#11694,0.0359063270249522);
#7726=CIRCLE('',#11695,0.0002);
#7727=CIRCLE('',#11696,0.000629935561841266);
#7728=CIRCLE('',#11697,0.0002);
#7729=CIRCLE('',#11699,0.0359063270249522);
#7730=CIRCLE('',#11700,0.0002);
#7731=CIRCLE('',#11701,0.000629935561841266);
#7732=CIRCLE('',#11702,0.0002);
#7733=CIRCLE('',#11704,0.0359063270249522);
#7734=CIRCLE('',#11705,0.0002);
#7735=CIRCLE('',#11706,0.000629935561841266);
#7736=CIRCLE('',#11707,0.0002);
#7737=CIRCLE('',#11709,0.0359063270249522);
#7738=CIRCLE('',#11710,0.0002);
#7739=CIRCLE('',#11711,0.000629935561841266);
#7740=CIRCLE('',#11712,0.0002);
#7741=CIRCLE('',#11714,0.0359063270249522);
#7742=CIRCLE('',#11715,0.0002);
#7743=CIRCLE('',#11716,0.000629935561841266);
#7744=CIRCLE('',#11717,0.0002);
#7745=CIRCLE('',#11719,0.0359063270249522);
#7746=CIRCLE('',#11720,0.0002);
#7747=CIRCLE('',#11721,0.000629935561841266);
#7748=CIRCLE('',#11722,0.0002);
#7749=CIRCLE('',#11724,0.0359063270249522);
#7750=CIRCLE('',#11725,0.0002);
#7751=CIRCLE('',#11726,0.000629935561841266);
#7752=CIRCLE('',#11727,0.0002);
#7753=CIRCLE('',#11729,0.0359063270249522);
#7754=CIRCLE('',#11730,0.0002);
#7755=CIRCLE('',#11731,0.000629935561841266);
#7756=CIRCLE('',#11732,0.0002);
#7757=CIRCLE('',#11734,0.0359063270249522);
#7758=CIRCLE('',#11735,0.0002);
#7759=CIRCLE('',#11736,0.000629935561841266);
#7760=CIRCLE('',#11737,0.0002);
#7761=CIRCLE('',#11739,0.0359063270249522);
#7762=CIRCLE('',#11740,0.0002);
#7763=CIRCLE('',#11741,0.000629935561841266);
#7764=CIRCLE('',#11742,0.0002);
#7765=CIRCLE('',#11744,0.0359063270249522);
#7766=CIRCLE('',#11745,0.0002);
#7767=CIRCLE('',#11746,0.000629935561841266);
#7768=CIRCLE('',#11747,0.0002);
#7769=CIRCLE('',#11749,0.0359063270249522);
#7770=CIRCLE('',#11750,0.0002);
#7771=CIRCLE('',#11751,0.000629935561841266);
#7772=CIRCLE('',#11752,0.0002);
#7773=CIRCLE('',#11754,0.0359063270249522);
#7774=CIRCLE('',#11755,0.0002);
#7775=CIRCLE('',#11756,0.000629935561841266);
#7776=CIRCLE('',#11757,0.0002);
#7777=CIRCLE('',#11759,0.0359063270249522);
#7778=CIRCLE('',#11760,0.0002);
#7779=CIRCLE('',#11761,0.000629935561841266);
#7780=CIRCLE('',#11762,0.0002);
#7781=CIRCLE('',#11764,0.0359063270249522);
#7782=CIRCLE('',#11765,0.0002);
#7783=CIRCLE('',#11766,0.000629935561841266);
#7784=CIRCLE('',#11767,0.0002);
#7785=CIRCLE('',#11769,0.0359063270249522);
#7786=CIRCLE('',#11770,0.0002);
#7787=CIRCLE('',#11771,0.000629935561841266);
#7788=CIRCLE('',#11772,0.0002);
#7789=CIRCLE('',#11774,0.0359063270249522);
#7790=CIRCLE('',#11775,0.0002);
#7791=CIRCLE('',#11776,0.000629935561841266);
#7792=CIRCLE('',#11777,0.0002);
#7793=CIRCLE('',#11779,0.0359063270249522);
#7794=CIRCLE('',#11780,0.0002);
#7795=CIRCLE('',#11781,0.000629935561841266);
#7796=CIRCLE('',#11782,0.0002);
#7797=CIRCLE('',#11784,0.0359063270249522);
#7798=CIRCLE('',#11785,0.0002);
#7799=CIRCLE('',#11786,0.000629935561841266);
#7800=CIRCLE('',#11787,0.0002);
#7801=CIRCLE('',#11789,0.0359063270249522);
#7802=CIRCLE('',#11790,0.0002);
#7803=CIRCLE('',#11791,0.000629935561841266);
#7804=CIRCLE('',#11792,0.0002);
#7805=CIRCLE('',#11794,0.0359063270249522);
#7806=CIRCLE('',#11795,0.0002);
#7807=CIRCLE('',#11796,0.000629935561841266);
#7808=CIRCLE('',#11797,0.0002);
#7809=CIRCLE('',#11799,0.0359063270249522);
#7810=CIRCLE('',#11800,0.0002);
#7811=CIRCLE('',#11801,0.000629935561841266);
#7812=CIRCLE('',#11802,0.0002);
#7813=CIRCLE('',#11804,0.0359063270249522);
#7814=CIRCLE('',#11805,0.0002);
#7815=CIRCLE('',#11806,0.000629935561841266);
#7816=CIRCLE('',#11807,0.0002);
#7817=CIRCLE('',#11809,0.0359063270249522);
#7818=CIRCLE('',#11810,0.0002);
#7819=CIRCLE('',#11811,0.000629935561841266);
#7820=CIRCLE('',#11812,0.0002);
#7821=CIRCLE('',#11814,0.0359063270249522);
#7822=CIRCLE('',#11815,0.0002);
#7823=CIRCLE('',#11816,0.000629935561841266);
#7824=CIRCLE('',#11817,0.0002);
#7825=CIRCLE('',#11819,0.0359063270249522);
#7826=CIRCLE('',#11820,0.0002);
#7827=CIRCLE('',#11821,0.000629935561841266);
#7828=CIRCLE('',#11822,0.0002);
#7829=CIRCLE('',#11824,0.0359063270249522);
#7830=CIRCLE('',#11825,0.0002);
#7831=CIRCLE('',#11826,0.000629935561841266);
#7832=CIRCLE('',#11827,0.0002);
#7833=CIRCLE('',#11829,0.0359063270249522);
#7834=CIRCLE('',#11830,0.0002);
#7835=CIRCLE('',#11831,0.000629935561841266);
#7836=CIRCLE('',#11832,0.0002);
#7837=CIRCLE('',#11834,0.0366683270249522);
#7838=CIRCLE('',#11835,0.0366683270249522);
#7839=CIRCLE('',#11837,0.0359063270249522);
#7840=CIRCLE('',#11838,0.0359063270249522);
#7841=CIRCLE('',#11843,0.0359063270249522);
#7842=CIRCLE('',#11844,0.0359063270249522);
#7843=CIRCLE('',#11849,0.0359063270249522);
#7844=CIRCLE('',#11850,0.0359063270249522);
#7845=CIRCLE('',#11855,0.0359063270249522);
#7846=CIRCLE('',#11856,0.0359063270249522);
#7847=CIRCLE('',#11861,0.0359063270249522);
#7848=CIRCLE('',#11862,0.0359063270249522);
#7849=CIRCLE('',#11867,0.0359063270249522);
#7850=CIRCLE('',#11868,0.0359063270249522);
#7851=CIRCLE('',#11873,0.0359063270249522);
#7852=CIRCLE('',#11874,0.0359063270249522);
#7853=CIRCLE('',#11879,0.0359063270249522);
#7854=CIRCLE('',#11880,0.0359063270249522);
#7855=CIRCLE('',#11885,0.0359063270249522);
#7856=CIRCLE('',#11886,0.0359063270249522);
#7857=CIRCLE('',#11891,0.0359063270249522);
#7858=CIRCLE('',#11892,0.0359063270249522);
#7859=CIRCLE('',#11897,0.0359063270249522);
#7860=CIRCLE('',#11898,0.0359063270249522);
#7861=CIRCLE('',#11903,0.0359063270249522);
#7862=CIRCLE('',#11904,0.0359063270249522);
#7863=CIRCLE('',#11909,0.0359063270249522);
#7864=CIRCLE('',#11910,0.0359063270249522);
#7865=CIRCLE('',#11915,0.0359063270249522);
#7866=CIRCLE('',#11916,0.0359063270249522);
#7867=CIRCLE('',#11921,0.0359063270249522);
#7868=CIRCLE('',#11922,0.0359063270249522);
#7869=CIRCLE('',#11927,0.0359063270249522);
#7870=CIRCLE('',#11928,0.0359063270249522);
#7871=CIRCLE('',#11933,0.0359063270249522);
#7872=CIRCLE('',#11934,0.0359063270249522);
#7873=CIRCLE('',#11939,0.0359063270249522);
#7874=CIRCLE('',#11940,0.0359063270249522);
#7875=CIRCLE('',#11945,0.0359063270249522);
#7876=CIRCLE('',#11946,0.0359063270249522);
#7877=CIRCLE('',#11951,0.0359063270249522);
#7878=CIRCLE('',#11952,0.0359063270249522);
#7879=CIRCLE('',#11957,0.0359063270249522);
#7880=CIRCLE('',#11958,0.0359063270249522);
#7881=CIRCLE('',#11963,0.0359063270249522);
#7882=CIRCLE('',#11964,0.0359063270249522);
#7883=CIRCLE('',#11969,0.0359063270249522);
#7884=CIRCLE('',#11970,0.0359063270249522);
#7885=CIRCLE('',#11975,0.0359063270249522);
#7886=CIRCLE('',#11976,0.0359063270249522);
#7887=CIRCLE('',#11981,0.0359063270249522);
#7888=CIRCLE('',#11982,0.0359063270249522);
#7889=CIRCLE('',#11987,0.0359063270249522);
#7890=CIRCLE('',#11988,0.0359063270249522);
#7891=CIRCLE('',#11993,0.0359063270249522);
#7892=CIRCLE('',#11994,0.0359063270249522);
#7893=CIRCLE('',#11999,0.0359063270249522);
#7894=CIRCLE('',#12000,0.0359063270249522);
#7895=CIRCLE('',#12005,0.0359063270249522);
#7896=CIRCLE('',#12006,0.0359063270249522);
#7897=CIRCLE('',#12011,0.0359063270249522);
#7898=CIRCLE('',#12012,0.0359063270249522);
#7899=CIRCLE('',#12017,0.0359063270249522);
#7900=CIRCLE('',#12018,0.0359063270249522);
#7901=CIRCLE('',#12023,0.0359063270249522);
#7902=CIRCLE('',#12024,0.0359063270249522);
#7903=CIRCLE('',#12029,0.0359063270249522);
#7904=CIRCLE('',#12030,0.0359063270249522);
#7905=CIRCLE('',#12035,0.0359063270249522);
#7906=CIRCLE('',#12036,0.0359063270249522);
#7907=CIRCLE('',#12041,0.0359063270249522);
#7908=CIRCLE('',#12042,0.0359063270249522);
#7909=CIRCLE('',#12047,0.0359063270249522);
#7910=CIRCLE('',#12048,0.0359063270249522);
#7911=CIRCLE('',#12053,0.0359063270249522);
#7912=CIRCLE('',#12054,0.0359063270249522);
#7913=CIRCLE('',#12059,0.0359063270249522);
#7914=CIRCLE('',#12060,0.0359063270249522);
#7915=CIRCLE('',#12065,0.0359063270249522);
#7916=CIRCLE('',#12066,0.0359063270249522);
#7917=CIRCLE('',#12071,0.0359063270249522);
#7918=CIRCLE('',#12072,0.0359063270249522);
#7919=CIRCLE('',#12077,0.0359063270249522);
#7920=CIRCLE('',#12078,0.0359063270249522);
#7921=CIRCLE('',#12083,0.0359063270249522);
#7922=CIRCLE('',#12084,0.0359063270249522);
#7923=CIRCLE('',#12089,0.0359063270249522);
#7924=CIRCLE('',#12090,0.0359063270249522);
#7925=CIRCLE('',#12095,0.0359063270249522);
#7926=CIRCLE('',#12096,0.0359063270249522);
#7927=CIRCLE('',#12101,0.0359063270249522);
#7928=CIRCLE('',#12102,0.0359063270249522);
#7929=CIRCLE('',#12107,0.0359063270249522);
#7930=CIRCLE('',#12108,0.0359063270249522);
#7931=CIRCLE('',#12113,0.0359063270249522);
#7932=CIRCLE('',#12114,0.0359063270249522);
#7933=CIRCLE('',#12119,0.0359063270249522);
#7934=CIRCLE('',#12120,0.0359063270249522);
#7935=CIRCLE('',#12125,0.0359063270249522);
#7936=CIRCLE('',#12126,0.0359063270249522);
#7937=CIRCLE('',#12131,0.0359063270249522);
#7938=CIRCLE('',#12132,0.0359063270249522);
#7939=CIRCLE('',#12137,0.0359063270249522);
#7940=CIRCLE('',#12138,0.0359063270249522);
#7941=CIRCLE('',#12143,0.0359063270249522);
#7942=CIRCLE('',#12144,0.0359063270249522);
#7943=CIRCLE('',#12149,0.0359063270249522);
#7944=CIRCLE('',#12150,0.0359063270249522);
#7945=CIRCLE('',#12155,0.0359063270249522);
#7946=CIRCLE('',#12156,0.0359063270249522);
#7947=CIRCLE('',#12161,0.0359063270249522);
#7948=CIRCLE('',#12162,0.0359063270249522);
#7949=CIRCLE('',#12167,0.0359063270249522);
#7950=CIRCLE('',#12168,0.0359063270249522);
#7951=CIRCLE('',#12173,0.0359063270249522);
#7952=CIRCLE('',#12174,0.0359063270249522);
#7953=CIRCLE('',#12179,0.0359063270249522);
#7954=CIRCLE('',#12180,0.0359063270249522);
#7955=CIRCLE('',#12185,0.0359063270249522);
#7956=CIRCLE('',#12186,0.0359063270249522);
#7957=CIRCLE('',#12191,0.0359063270249522);
#7958=CIRCLE('',#12192,0.0359063270249522);
#7959=CIRCLE('',#12197,0.0359063270249522);
#7960=CIRCLE('',#12198,0.0359063270249522);
#7961=CIRCLE('',#12203,0.0359063270249522);
#7962=CIRCLE('',#12204,0.0359063270249522);
#7963=CIRCLE('',#12209,0.0359063270249522);
#7964=CIRCLE('',#12210,0.0359063270249522);
#7965=CIRCLE('',#12215,0.0359063270249522);
#7966=CIRCLE('',#12216,0.0359063270249522);
#7967=CIRCLE('',#12221,0.0359063270249522);
#7968=CIRCLE('',#12222,0.0359063270249522);
#7969=CIRCLE('',#12227,0.0359063270249522);
#7970=CIRCLE('',#12228,0.0359063270249522);
#7971=CIRCLE('',#12233,0.0359063270249522);
#7972=CIRCLE('',#12234,0.0359063270249522);
#7973=CIRCLE('',#12239,0.0359063270249522);
#7974=CIRCLE('',#12240,0.0359063270249522);
#7975=CIRCLE('',#12245,0.0359063270249522);
#7976=CIRCLE('',#12246,0.0359063270249522);
#7977=CIRCLE('',#12251,0.0359063270249522);
#7978=CIRCLE('',#12252,0.0359063270249522);
#7979=CIRCLE('',#12257,0.0359063270249522);
#7980=CIRCLE('',#12258,0.0359063270249522);
#7981=CIRCLE('',#12263,0.0359063270249522);
#7982=CIRCLE('',#12264,0.0359063270249522);
#7983=CIRCLE('',#12269,0.0359063270249522);
#7984=CIRCLE('',#12270,0.0359063270249522);
#7985=CIRCLE('',#12275,0.0359063270249522);
#7986=CIRCLE('',#12276,0.0359063270249522);
#7987=CIRCLE('',#12281,0.0359063270249522);
#7988=CIRCLE('',#12282,0.0359063270249522);
#7989=CIRCLE('',#12287,0.0359063270249522);
#7990=CIRCLE('',#12288,0.0359063270249522);
#7991=CIRCLE('',#12293,0.0359063270249522);
#7992=CIRCLE('',#12294,0.0359063270249522);
#7993=CIRCLE('',#12299,0.0359063270249522);
#7994=CIRCLE('',#12300,0.0359063270249522);
#7995=CIRCLE('',#12305,0.0359063270249522);
#7996=CIRCLE('',#12306,0.0359063270249522);
#7997=CIRCLE('',#12311,0.0359063270249522);
#7998=CIRCLE('',#12312,0.0359063270249522);
#7999=CIRCLE('',#12317,0.0359063270249522);
#8000=CIRCLE('',#12318,0.0359063270249522);
#8001=CIRCLE('',#12323,0.0359063270249522);
#8002=CIRCLE('',#12324,0.0359063270249522);
#8003=CIRCLE('',#12329,0.0359063270249522);
#8004=CIRCLE('',#12330,0.0359063270249522);
#8005=CIRCLE('',#12335,0.0359063270249522);
#8006=CIRCLE('',#12336,0.0359063270249522);
#8007=CIRCLE('',#12341,0.0359063270249522);
#8008=CIRCLE('',#12342,0.0359063270249522);
#8009=CIRCLE('',#12347,0.0359063270249522);
#8010=CIRCLE('',#12348,0.0359063270249522);
#8011=CIRCLE('',#12353,0.0359063270249522);
#8012=CIRCLE('',#12354,0.0359063270249522);
#8013=CIRCLE('',#12359,0.0359063270249522);
#8014=CIRCLE('',#12360,0.0359063270249522);
#8015=CIRCLE('',#12365,0.0359063270249522);
#8016=CIRCLE('',#12366,0.0359063270249522);
#8017=CIRCLE('',#12371,0.0359063270249522);
#8018=CIRCLE('',#12372,0.0359063270249522);
#8019=CIRCLE('',#12377,0.0359063270249522);
#8020=CIRCLE('',#12378,0.0359063270249522);
#8021=CIRCLE('',#12383,0.0359063270249522);
#8022=CIRCLE('',#12384,0.0359063270249522);
#8023=CIRCLE('',#12389,0.0359063270249522);
#8024=CIRCLE('',#12390,0.0359063270249522);
#8025=CIRCLE('',#12395,0.0359063270249522);
#8026=CIRCLE('',#12396,0.0359063270249522);
#8027=CIRCLE('',#12401,0.0359063270249522);
#8028=CIRCLE('',#12402,0.0359063270249522);
#8029=CIRCLE('',#12407,0.0359063270249522);
#8030=CIRCLE('',#12408,0.0359063270249522);
#8031=CIRCLE('',#12413,0.0359063270249522);
#8032=CIRCLE('',#12414,0.0359063270249522);
#8033=CIRCLE('',#12419,0.0359063270249522);
#8034=CIRCLE('',#12420,0.0359063270249522);
#8035=CIRCLE('',#12425,0.0359063270249522);
#8036=CIRCLE('',#12426,0.0359063270249522);
#8037=CIRCLE('',#12431,0.0359063270249522);
#8038=CIRCLE('',#12432,0.0359063270249522);
#8039=CIRCLE('',#12437,0.0359063270249522);
#8040=CIRCLE('',#12438,0.0359063270249522);
#8041=CIRCLE('',#12443,0.0359063270249522);
#8042=CIRCLE('',#12444,0.0359063270249522);
#8043=CIRCLE('',#12449,0.0359063270249522);
#8044=CIRCLE('',#12450,0.0359063270249522);
#8045=CIRCLE('',#12455,0.0359063270249522);
#8046=CIRCLE('',#12456,0.0359063270249522);
#8047=CIRCLE('',#12461,0.0359063270249522);
#8048=CIRCLE('',#12462,0.0359063270249522);
#8049=CIRCLE('',#12467,0.0359063270249522);
#8050=CIRCLE('',#12468,0.0359063270249522);
#8051=CIRCLE('',#12473,0.0359063270249522);
#8052=CIRCLE('',#12474,0.0359063270249522);
#8053=CIRCLE('',#12479,0.0359063270249522);
#8054=CIRCLE('',#12480,0.0359063270249522);
#8055=CIRCLE('',#12485,0.0359063270249522);
#8056=CIRCLE('',#12486,0.0359063270249522);
#8057=CIRCLE('',#12491,0.0359063270249522);
#8058=CIRCLE('',#12492,0.0359063270249522);
#8059=CIRCLE('',#12497,0.0359063270249522);
#8060=CIRCLE('',#12498,0.0359063270249522);
#8061=CIRCLE('',#12503,0.0359063270249522);
#8062=CIRCLE('',#12504,0.0359063270249522);
#8063=CIRCLE('',#12509,0.0359063270249522);
#8064=CIRCLE('',#12510,0.0359063270249522);
#8065=CIRCLE('',#12515,0.0359063270249522);
#8066=CIRCLE('',#12516,0.0359063270249522);
#8067=CIRCLE('',#12521,0.00185);
#8068=CIRCLE('',#12522,0.00185);
#8069=CIRCLE('',#12523,0.00185);
#8070=CIRCLE('',#12524,0.00185);
#8071=CIRCLE('',#12526,0.00185);
#8072=CIRCLE('',#12528,0.00185);
#8073=CIRCLE('',#12530,0.00185);
#8074=CIRCLE('',#12532,0.00185);
#8075=CIRCLE('',#12536,0.0165);
#8076=CIRCLE('',#12538,0.0165);
#8077=EDGE_LOOP('',(#1157));
#8078=EDGE_LOOP('',(#1158));
#8079=EDGE_LOOP('',(#1159,#1160,#1161,#1162));
#8080=EDGE_LOOP('',(#1163,#1164,#1165,#1166));
#8081=EDGE_LOOP('',(#1167,#1168,#1169,#1170));
#8082=EDGE_LOOP('',(#1171,#1172,#1173,#1174));
#8083=EDGE_LOOP('',(#1175,#1176,#1177,#1178));
#8084=EDGE_LOOP('',(#1179,#1180,#1181,#1182));
#8085=EDGE_LOOP('',(#1183,#1184,#1185,#1186));
#8086=EDGE_LOOP('',(#1187,#1188,#1189,#1190));
#8087=EDGE_LOOP('',(#1191,#1192,#1193,#1194));
#8088=EDGE_LOOP('',(#1195,#1196,#1197,#1198));
#8089=EDGE_LOOP('',(#1199,#1200,#1201,#1202));
#8090=EDGE_LOOP('',(#1203,#1204,#1205,#1206));
#8091=EDGE_LOOP('',(#1207,#1208,#1209,#1210));
#8092=EDGE_LOOP('',(#1211,#1212,#1213,#1214));
#8093=EDGE_LOOP('',(#1215,#1216,#1217,#1218));
#8094=EDGE_LOOP('',(#1219,#1220,#1221,#1222));
#8095=EDGE_LOOP('',(#1223,#1224,#1225,#1226));
#8096=EDGE_LOOP('',(#1227,#1228,#1229,#1230));
#8097=EDGE_LOOP('',(#1231,#1232,#1233,#1234));
#8098=EDGE_LOOP('',(#1235,#1236,#1237,#1238));
#8099=EDGE_LOOP('',(#1239,#1240,#1241,#1242));
#8100=EDGE_LOOP('',(#1243,#1244,#1245,#1246));
#8101=EDGE_LOOP('',(#1247,#1248,#1249,#1250));
#8102=EDGE_LOOP('',(#1251,#1252,#1253,#1254));
#8103=EDGE_LOOP('',(#1255,#1256,#1257,#1258));
#8104=EDGE_LOOP('',(#1259,#1260,#1261,#1262));
#8105=EDGE_LOOP('',(#1263,#1264,#1265,#1266));
#8106=EDGE_LOOP('',(#1267,#1268,#1269,#1270));
#8107=EDGE_LOOP('',(#1271,#1272,#1273,#1274));
#8108=EDGE_LOOP('',(#1275,#1276,#1277,#1278));
#8109=EDGE_LOOP('',(#1279,#1280,#1281,#1282));
#8110=EDGE_LOOP('',(#1283,#1284,#1285,#1286));
#8111=EDGE_LOOP('',(#1287,#1288,#1289,#1290));
#8112=EDGE_LOOP('',(#1291,#1292,#1293,#1294));
#8113=EDGE_LOOP('',(#1295,#1296,#1297,#1298));
#8114=EDGE_LOOP('',(#1299,#1300,#1301,#1302));
#8115=EDGE_LOOP('',(#1303,#1304,#1305,#1306));
#8116=EDGE_LOOP('',(#1307,#1308,#1309,#1310));
#8117=EDGE_LOOP('',(#1311,#1312,#1313,#1314));
#8118=EDGE_LOOP('',(#1315,#1316,#1317,#1318));
#8119=EDGE_LOOP('',(#1319,#1320,#1321,#1322));
#8120=EDGE_LOOP('',(#1323,#1324,#1325,#1326));
#8121=EDGE_LOOP('',(#1327,#1328,#1329,#1330));
#8122=EDGE_LOOP('',(#1331,#1332,#1333,#1334));
#8123=EDGE_LOOP('',(#1335,#1336,#1337,#1338));
#8124=EDGE_LOOP('',(#1339,#1340,#1341,#1342));
#8125=EDGE_LOOP('',(#1343,#1344,#1345,#1346));
#8126=EDGE_LOOP('',(#1347,#1348,#1349,#1350));
#8127=EDGE_LOOP('',(#1351,#1352,#1353,#1354));
#8128=EDGE_LOOP('',(#1355,#1356,#1357,#1358));
#8129=EDGE_LOOP('',(#1359,#1360,#1361,#1362));
#8130=EDGE_LOOP('',(#1363,#1364,#1365,#1366));
#8131=EDGE_LOOP('',(#1367,#1368,#1369,#1370));
#8132=EDGE_LOOP('',(#1371,#1372,#1373,#1374));
#8133=EDGE_LOOP('',(#1375,#1376,#1377,#1378));
#8134=EDGE_LOOP('',(#1379,#1380,#1381,#1382));
#8135=EDGE_LOOP('',(#1383,#1384,#1385,#1386));
#8136=EDGE_LOOP('',(#1387,#1388,#1389,#1390));
#8137=EDGE_LOOP('',(#1391,#1392,#1393,#1394));
#8138=EDGE_LOOP('',(#1395,#1396,#1397,#1398));
#8139=EDGE_LOOP('',(#1399,#1400,#1401,#1402));
#8140=EDGE_LOOP('',(#1403,#1404,#1405,#1406));
#8141=EDGE_LOOP('',(#1407,#1408,#1409,#1410));
#8142=EDGE_LOOP('',(#1411,#1412,#1413,#1414));
#8143=EDGE_LOOP('',(#1415,#1416,#1417,#1418));
#8144=EDGE_LOOP('',(#1419,#1420,#1421,#1422));
#8145=EDGE_LOOP('',(#1423,#1424,#1425,#1426));
#8146=EDGE_LOOP('',(#1427,#1428,#1429,#1430));
#8147=EDGE_LOOP('',(#1431,#1432,#1433,#1434));
#8148=EDGE_LOOP('',(#1435,#1436,#1437,#1438));
#8149=EDGE_LOOP('',(#1439,#1440,#1441,#1442));
#8150=EDGE_LOOP('',(#1443,#1444,#1445,#1446));
#8151=EDGE_LOOP('',(#1447,#1448,#1449,#1450));
#8152=EDGE_LOOP('',(#1451,#1452,#1453,#1454));
#8153=EDGE_LOOP('',(#1455,#1456,#1457,#1458));
#8154=EDGE_LOOP('',(#1459,#1460,#1461,#1462));
#8155=EDGE_LOOP('',(#1463,#1464,#1465,#1466));
#8156=EDGE_LOOP('',(#1467,#1468,#1469,#1470));
#8157=EDGE_LOOP('',(#1471,#1472,#1473,#1474));
#8158=EDGE_LOOP('',(#1475,#1476,#1477,#1478));
#8159=EDGE_LOOP('',(#1479,#1480,#1481,#1482));
#8160=EDGE_LOOP('',(#1483,#1484,#1485,#1486));
#8161=EDGE_LOOP('',(#1487,#1488,#1489,#1490));
#8162=EDGE_LOOP('',(#1491,#1492,#1493,#1494));
#8163=EDGE_LOOP('',(#1495,#1496,#1497,#1498));
#8164=EDGE_LOOP('',(#1499,#1500,#1501,#1502));
#8165=EDGE_LOOP('',(#1503,#1504,#1505,#1506));
#8166=EDGE_LOOP('',(#1507,#1508,#1509,#1510));
#8167=EDGE_LOOP('',(#1511,#1512,#1513,#1514));
#8168=EDGE_LOOP('',(#1515,#1516,#1517,#1518));
#8169=EDGE_LOOP('',(#1519,#1520,#1521,#1522));
#8170=EDGE_LOOP('',(#1523,#1524,#1525,#1526));
#8171=EDGE_LOOP('',(#1527,#1528,#1529,#1530));
#8172=EDGE_LOOP('',(#1531,#1532,#1533,#1534));
#8173=EDGE_LOOP('',(#1535,#1536,#1537,#1538));
#8174=EDGE_LOOP('',(#1539,#1540,#1541,#1542));
#8175=EDGE_LOOP('',(#1543,#1544,#1545,#1546));
#8176=EDGE_LOOP('',(#1547,#1548,#1549,#1550));
#8177=EDGE_LOOP('',(#1551,#1552,#1553,#1554));
#8178=EDGE_LOOP('',(#1555,#1556,#1557,#1558));
#8179=EDGE_LOOP('',(#1559,#1560,#1561,#1562));
#8180=EDGE_LOOP('',(#1563,#1564,#1565,#1566));
#8181=EDGE_LOOP('',(#1567,#1568,#1569,#1570));
#8182=EDGE_LOOP('',(#1571,#1572,#1573,#1574));
#8183=EDGE_LOOP('',(#1575,#1576,#1577,#1578));
#8184=EDGE_LOOP('',(#1579,#1580,#1581,#1582));
#8185=EDGE_LOOP('',(#1583,#1584,#1585,#1586));
#8186=EDGE_LOOP('',(#1587,#1588,#1589,#1590));
#8187=EDGE_LOOP('',(#1591,#1592,#1593,#1594));
#8188=EDGE_LOOP('',(#1595,#1596,#1597,#1598));
#8189=EDGE_LOOP('',(#1599,#1600,#1601,#1602));
#8190=EDGE_LOOP('',(#1603,#1604,#1605,#1606));
#8191=EDGE_LOOP('',(#1607,#1608,#1609,#1610));
#8192=EDGE_LOOP('',(#1611,#1612,#1613,#1614));
#8193=EDGE_LOOP('',(#1615));
#8194=EDGE_LOOP('',(#1616));
#8195=EDGE_LOOP('',(#1617,#1618,#1619,#1620));
#8196=EDGE_LOOP('',(#1621,#1622,#1623,#1624));
#8197=EDGE_LOOP('',(#1625,#1626,#1627,#1628));
#8198=EDGE_LOOP('',(#1629,#1630,#1631,#1632));
#8199=EDGE_LOOP('',(#1633,#1634,#1635,#1636));
#8200=EDGE_LOOP('',(#1637,#1638,#1639,#1640));
#8201=EDGE_LOOP('',(#1641,#1642,#1643,#1644));
#8202=EDGE_LOOP('',(#1645,#1646,#1647,#1648));
#8203=EDGE_LOOP('',(#1649,#1650,#1651,#1652));
#8204=EDGE_LOOP('',(#1653,#1654,#1655,#1656));
#8205=EDGE_LOOP('',(#1657,#1658,#1659,#1660));
#8206=EDGE_LOOP('',(#1661,#1662,#1663,#1664));
#8207=EDGE_LOOP('',(#1665,#1666,#1667,#1668));
#8208=EDGE_LOOP('',(#1669,#1670,#1671,#1672));
#8209=EDGE_LOOP('',(#1673,#1674,#1675,#1676));
#8210=EDGE_LOOP('',(#1677,#1678,#1679,#1680));
#8211=EDGE_LOOP('',(#1681,#1682,#1683,#1684));
#8212=EDGE_LOOP('',(#1685,#1686,#1687,#1688));
#8213=EDGE_LOOP('',(#1689,#1690,#1691,#1692));
#8214=EDGE_LOOP('',(#1693,#1694,#1695,#1696));
#8215=EDGE_LOOP('',(#1697,#1698,#1699,#1700));
#8216=EDGE_LOOP('',(#1701,#1702,#1703,#1704));
#8217=EDGE_LOOP('',(#1705,#1706,#1707,#1708));
#8218=EDGE_LOOP('',(#1709,#1710,#1711,#1712));
#8219=EDGE_LOOP('',(#1713,#1714,#1715,#1716));
#8220=EDGE_LOOP('',(#1717,#1718,#1719,#1720));
#8221=EDGE_LOOP('',(#1721,#1722,#1723,#1724));
#8222=EDGE_LOOP('',(#1725,#1726,#1727,#1728));
#8223=EDGE_LOOP('',(#1729,#1730,#1731,#1732));
#8224=EDGE_LOOP('',(#1733,#1734,#1735,#1736));
#8225=EDGE_LOOP('',(#1737,#1738,#1739,#1740));
#8226=EDGE_LOOP('',(#1741,#1742,#1743,#1744));
#8227=EDGE_LOOP('',(#1745,#1746,#1747,#1748));
#8228=EDGE_LOOP('',(#1749,#1750,#1751,#1752));
#8229=EDGE_LOOP('',(#1753,#1754,#1755,#1756));
#8230=EDGE_LOOP('',(#1757,#1758,#1759,#1760));
#8231=EDGE_LOOP('',(#1761,#1762,#1763,#1764));
#8232=EDGE_LOOP('',(#1765,#1766,#1767,#1768));
#8233=EDGE_LOOP('',(#1769,#1770,#1771,#1772));
#8234=EDGE_LOOP('',(#1773,#1774,#1775,#1776));
#8235=EDGE_LOOP('',(#1777,#1778,#1779,#1780));
#8236=EDGE_LOOP('',(#1781,#1782,#1783,#1784));
#8237=EDGE_LOOP('',(#1785,#1786,#1787,#1788));
#8238=EDGE_LOOP('',(#1789,#1790,#1791,#1792));
#8239=EDGE_LOOP('',(#1793,#1794,#1795,#1796));
#8240=EDGE_LOOP('',(#1797,#1798,#1799,#1800));
#8241=EDGE_LOOP('',(#1801,#1802,#1803,#1804));
#8242=EDGE_LOOP('',(#1805,#1806,#1807,#1808));
#8243=EDGE_LOOP('',(#1809,#1810,#1811,#1812));
#8244=EDGE_LOOP('',(#1813,#1814,#1815,#1816));
#8245=EDGE_LOOP('',(#1817,#1818,#1819,#1820));
#8246=EDGE_LOOP('',(#1821,#1822,#1823,#1824));
#8247=EDGE_LOOP('',(#1825,#1826,#1827,#1828));
#8248=EDGE_LOOP('',(#1829,#1830,#1831,#1832));
#8249=EDGE_LOOP('',(#1833,#1834,#1835,#1836));
#8250=EDGE_LOOP('',(#1837,#1838,#1839,#1840));
#8251=EDGE_LOOP('',(#1841,#1842,#1843,#1844));
#8252=EDGE_LOOP('',(#1845,#1846,#1847,#1848));
#8253=EDGE_LOOP('',(#1849,#1850,#1851,#1852));
#8254=EDGE_LOOP('',(#1853,#1854,#1855,#1856));
#8255=EDGE_LOOP('',(#1857,#1858,#1859,#1860));
#8256=EDGE_LOOP('',(#1861,#1862,#1863,#1864));
#8257=EDGE_LOOP('',(#1865,#1866,#1867,#1868));
#8258=EDGE_LOOP('',(#1869,#1870,#1871,#1872));
#8259=EDGE_LOOP('',(#1873,#1874,#1875,#1876));
#8260=EDGE_LOOP('',(#1877,#1878,#1879,#1880));
#8261=EDGE_LOOP('',(#1881,#1882,#1883,#1884));
#8262=EDGE_LOOP('',(#1885,#1886,#1887,#1888));
#8263=EDGE_LOOP('',(#1889,#1890,#1891,#1892));
#8264=EDGE_LOOP('',(#1893,#1894,#1895,#1896));
#8265=EDGE_LOOP('',(#1897,#1898,#1899,#1900));
#8266=EDGE_LOOP('',(#1901,#1902,#1903,#1904));
#8267=EDGE_LOOP('',(#1905,#1906,#1907,#1908));
#8268=EDGE_LOOP('',(#1909,#1910,#1911,#1912));
#8269=EDGE_LOOP('',(#1913,#1914,#1915,#1916));
#8270=EDGE_LOOP('',(#1917,#1918,#1919,#1920));
#8271=EDGE_LOOP('',(#1921,#1922,#1923,#1924));
#8272=EDGE_LOOP('',(#1925,#1926,#1927,#1928));
#8273=EDGE_LOOP('',(#1929,#1930,#1931,#1932));
#8274=EDGE_LOOP('',(#1933,#1934,#1935,#1936));
#8275=EDGE_LOOP('',(#1937,#1938,#1939,#1940));
#8276=EDGE_LOOP('',(#1941,#1942,#1943,#1944));
#8277=EDGE_LOOP('',(#1945,#1946,#1947,#1948));
#8278=EDGE_LOOP('',(#1949,#1950,#1951,#1952));
#8279=EDGE_LOOP('',(#1953,#1954,#1955,#1956));
#8280=EDGE_LOOP('',(#1957,#1958,#1959,#1960));
#8281=EDGE_LOOP('',(#1961,#1962,#1963,#1964));
#8282=EDGE_LOOP('',(#1965,#1966,#1967,#1968));
#8283=EDGE_LOOP('',(#1969,#1970,#1971,#1972));
#8284=EDGE_LOOP('',(#1973,#1974,#1975,#1976));
#8285=EDGE_LOOP('',(#1977,#1978,#1979,#1980));
#8286=EDGE_LOOP('',(#1981,#1982,#1983,#1984));
#8287=EDGE_LOOP('',(#1985,#1986,#1987,#1988));
#8288=EDGE_LOOP('',(#1989,#1990,#1991,#1992));
#8289=EDGE_LOOP('',(#1993,#1994,#1995,#1996));
#8290=EDGE_LOOP('',(#1997,#1998,#1999,#2000));
#8291=EDGE_LOOP('',(#2001,#2002,#2003,#2004));
#8292=EDGE_LOOP('',(#2005,#2006,#2007,#2008));
#8293=EDGE_LOOP('',(#2009,#2010,#2011,#2012));
#8294=EDGE_LOOP('',(#2013,#2014,#2015,#2016));
#8295=EDGE_LOOP('',(#2017,#2018,#2019,#2020));
#8296=EDGE_LOOP('',(#2021,#2022,#2023,#2024));
#8297=EDGE_LOOP('',(#2025,#2026,#2027,#2028));
#8298=EDGE_LOOP('',(#2029,#2030,#2031,#2032));
#8299=EDGE_LOOP('',(#2033,#2034,#2035,#2036));
#8300=EDGE_LOOP('',(#2037,#2038,#2039,#2040));
#8301=EDGE_LOOP('',(#2041,#2042,#2043,#2044));
#8302=EDGE_LOOP('',(#2045,#2046,#2047,#2048));
#8303=EDGE_LOOP('',(#2049,#2050,#2051,#2052));
#8304=EDGE_LOOP('',(#2053,#2054,#2055,#2056));
#8305=EDGE_LOOP('',(#2057,#2058,#2059,#2060));
#8306=EDGE_LOOP('',(#2061,#2062,#2063,#2064));
#8307=EDGE_LOOP('',(#2065,#2066,#2067,#2068));
#8308=EDGE_LOOP('',(#2069,#2070,#2071,#2072));
#8309=EDGE_LOOP('',(#2073));
#8310=EDGE_LOOP('',(#2074));
#8311=EDGE_LOOP('',(#2075,#2076,#2077,#2078));
#8312=EDGE_LOOP('',(#2079,#2080,#2081,#2082));
#8313=EDGE_LOOP('',(#2083,#2084,#2085,#2086));
#8314=EDGE_LOOP('',(#2087,#2088,#2089,#2090));
#8315=EDGE_LOOP('',(#2091,#2092,#2093,#2094));
#8316=EDGE_LOOP('',(#2095,#2096,#2097,#2098));
#8317=EDGE_LOOP('',(#2099,#2100,#2101,#2102));
#8318=EDGE_LOOP('',(#2103,#2104,#2105,#2106));
#8319=EDGE_LOOP('',(#2107,#2108,#2109,#2110));
#8320=EDGE_LOOP('',(#2111,#2112,#2113,#2114));
#8321=EDGE_LOOP('',(#2115,#2116,#2117,#2118));
#8322=EDGE_LOOP('',(#2119,#2120,#2121,#2122));
#8323=EDGE_LOOP('',(#2123,#2124,#2125,#2126));
#8324=EDGE_LOOP('',(#2127,#2128,#2129,#2130));
#8325=EDGE_LOOP('',(#2131,#2132,#2133,#2134));
#8326=EDGE_LOOP('',(#2135,#2136,#2137,#2138));
#8327=EDGE_LOOP('',(#2139,#2140,#2141,#2142));
#8328=EDGE_LOOP('',(#2143,#2144,#2145,#2146));
#8329=EDGE_LOOP('',(#2147,#2148,#2149,#2150));
#8330=EDGE_LOOP('',(#2151,#2152,#2153,#2154));
#8331=EDGE_LOOP('',(#2155,#2156,#2157,#2158));
#8332=EDGE_LOOP('',(#2159,#2160,#2161,#2162));
#8333=EDGE_LOOP('',(#2163,#2164,#2165,#2166));
#8334=EDGE_LOOP('',(#2167,#2168,#2169,#2170));
#8335=EDGE_LOOP('',(#2171,#2172,#2173,#2174));
#8336=EDGE_LOOP('',(#2175,#2176,#2177,#2178));
#8337=EDGE_LOOP('',(#2179,#2180,#2181,#2182));
#8338=EDGE_LOOP('',(#2183,#2184,#2185,#2186));
#8339=EDGE_LOOP('',(#2187,#2188,#2189,#2190));
#8340=EDGE_LOOP('',(#2191,#2192,#2193,#2194));
#8341=EDGE_LOOP('',(#2195,#2196,#2197,#2198));
#8342=EDGE_LOOP('',(#2199,#2200,#2201,#2202));
#8343=EDGE_LOOP('',(#2203,#2204,#2205,#2206));
#8344=EDGE_LOOP('',(#2207,#2208,#2209,#2210));
#8345=EDGE_LOOP('',(#2211,#2212,#2213,#2214));
#8346=EDGE_LOOP('',(#2215,#2216,#2217,#2218));
#8347=EDGE_LOOP('',(#2219,#2220,#2221,#2222));
#8348=EDGE_LOOP('',(#2223,#2224,#2225,#2226));
#8349=EDGE_LOOP('',(#2227,#2228,#2229,#2230));
#8350=EDGE_LOOP('',(#2231,#2232,#2233,#2234));
#8351=EDGE_LOOP('',(#2235,#2236,#2237,#2238));
#8352=EDGE_LOOP('',(#2239,#2240,#2241,#2242));
#8353=EDGE_LOOP('',(#2243,#2244,#2245,#2246));
#8354=EDGE_LOOP('',(#2247,#2248,#2249,#2250));
#8355=EDGE_LOOP('',(#2251,#2252,#2253,#2254));
#8356=EDGE_LOOP('',(#2255,#2256,#2257,#2258));
#8357=EDGE_LOOP('',(#2259,#2260,#2261,#2262));
#8358=EDGE_LOOP('',(#2263,#2264,#2265,#2266));
#8359=EDGE_LOOP('',(#2267,#2268,#2269,#2270));
#8360=EDGE_LOOP('',(#2271,#2272,#2273,#2274));
#8361=EDGE_LOOP('',(#2275,#2276,#2277,#2278));
#8362=EDGE_LOOP('',(#2279,#2280,#2281,#2282));
#8363=EDGE_LOOP('',(#2283,#2284,#2285,#2286));
#8364=EDGE_LOOP('',(#2287,#2288,#2289,#2290));
#8365=EDGE_LOOP('',(#2291,#2292,#2293,#2294));
#8366=EDGE_LOOP('',(#2295,#2296,#2297,#2298));
#8367=EDGE_LOOP('',(#2299,#2300,#2301,#2302));
#8368=EDGE_LOOP('',(#2303,#2304,#2305,#2306));
#8369=EDGE_LOOP('',(#2307,#2308,#2309,#2310));
#8370=EDGE_LOOP('',(#2311,#2312,#2313,#2314));
#8371=EDGE_LOOP('',(#2315,#2316,#2317,#2318));
#8372=EDGE_LOOP('',(#2319,#2320,#2321,#2322));
#8373=EDGE_LOOP('',(#2323,#2324,#2325,#2326));
#8374=EDGE_LOOP('',(#2327,#2328,#2329,#2330));
#8375=EDGE_LOOP('',(#2331,#2332,#2333,#2334));
#8376=EDGE_LOOP('',(#2335,#2336,#2337,#2338));
#8377=EDGE_LOOP('',(#2339,#2340,#2341,#2342));
#8378=EDGE_LOOP('',(#2343,#2344,#2345,#2346));
#8379=EDGE_LOOP('',(#2347,#2348,#2349,#2350));
#8380=EDGE_LOOP('',(#2351,#2352,#2353,#2354));
#8381=EDGE_LOOP('',(#2355,#2356,#2357,#2358));
#8382=EDGE_LOOP('',(#2359,#2360,#2361,#2362));
#8383=EDGE_LOOP('',(#2363,#2364,#2365,#2366));
#8384=EDGE_LOOP('',(#2367,#2368,#2369,#2370));
#8385=EDGE_LOOP('',(#2371,#2372,#2373,#2374));
#8386=EDGE_LOOP('',(#2375,#2376,#2377,#2378));
#8387=EDGE_LOOP('',(#2379,#2380,#2381,#2382));
#8388=EDGE_LOOP('',(#2383,#2384,#2385,#2386));
#8389=EDGE_LOOP('',(#2387,#2388,#2389,#2390));
#8390=EDGE_LOOP('',(#2391,#2392,#2393,#2394));
#8391=EDGE_LOOP('',(#2395,#2396,#2397,#2398));
#8392=EDGE_LOOP('',(#2399,#2400,#2401,#2402));
#8393=EDGE_LOOP('',(#2403,#2404,#2405,#2406));
#8394=EDGE_LOOP('',(#2407,#2408,#2409,#2410));
#8395=EDGE_LOOP('',(#2411,#2412,#2413,#2414));
#8396=EDGE_LOOP('',(#2415,#2416,#2417,#2418));
#8397=EDGE_LOOP('',(#2419,#2420,#2421,#2422));
#8398=EDGE_LOOP('',(#2423,#2424,#2425,#2426));
#8399=EDGE_LOOP('',(#2427,#2428,#2429,#2430));
#8400=EDGE_LOOP('',(#2431,#2432,#2433,#2434));
#8401=EDGE_LOOP('',(#2435,#2436,#2437,#2438));
#8402=EDGE_LOOP('',(#2439,#2440,#2441,#2442));
#8403=EDGE_LOOP('',(#2443,#2444,#2445,#2446));
#8404=EDGE_LOOP('',(#2447,#2448,#2449,#2450));
#8405=EDGE_LOOP('',(#2451,#2452,#2453,#2454));
#8406=EDGE_LOOP('',(#2455,#2456,#2457,#2458));
#8407=EDGE_LOOP('',(#2459,#2460,#2461,#2462));
#8408=EDGE_LOOP('',(#2463,#2464,#2465,#2466));
#8409=EDGE_LOOP('',(#2467,#2468,#2469,#2470));
#8410=EDGE_LOOP('',(#2471,#2472,#2473,#2474));
#8411=EDGE_LOOP('',(#2475,#2476,#2477,#2478));
#8412=EDGE_LOOP('',(#2479,#2480,#2481,#2482));
#8413=EDGE_LOOP('',(#2483,#2484,#2485,#2486));
#8414=EDGE_LOOP('',(#2487,#2488,#2489,#2490));
#8415=EDGE_LOOP('',(#2491,#2492,#2493,#2494));
#8416=EDGE_LOOP('',(#2495,#2496,#2497,#2498));
#8417=EDGE_LOOP('',(#2499,#2500,#2501,#2502));
#8418=EDGE_LOOP('',(#2503,#2504,#2505,#2506));
#8419=EDGE_LOOP('',(#2507,#2508,#2509,#2510));
#8420=EDGE_LOOP('',(#2511,#2512,#2513,#2514));
#8421=EDGE_LOOP('',(#2515,#2516,#2517,#2518));
#8422=EDGE_LOOP('',(#2519,#2520,#2521,#2522));
#8423=EDGE_LOOP('',(#2523,#2524,#2525,#2526));
#8424=EDGE_LOOP('',(#2527,#2528,#2529,#2530));
#8425=EDGE_LOOP('',(#2531,#2532,#2533,#2534));
#8426=EDGE_LOOP('',(#2535,#2536,#2537,#2538));
#8427=EDGE_LOOP('',(#2539,#2540,#2541,#2542));
#8428=EDGE_LOOP('',(#2543,#2544,#2545,#2546));
#8429=EDGE_LOOP('',(#2547,#2548,#2549,#2550));
#8430=EDGE_LOOP('',(#2551,#2552,#2553,#2554));
#8431=EDGE_LOOP('',(#2555,#2556,#2557,#2558));
#8432=EDGE_LOOP('',(#2559,#2560,#2561,#2562));
#8433=EDGE_LOOP('',(#2563,#2564,#2565,#2566));
#8434=EDGE_LOOP('',(#2567,#2568,#2569,#2570));
#8435=EDGE_LOOP('',(#2571,#2572,#2573,#2574));
#8436=EDGE_LOOP('',(#2575,#2576,#2577,#2578));
#8437=EDGE_LOOP('',(#2579,#2580,#2581,#2582));
#8438=EDGE_LOOP('',(#2583,#2584,#2585,#2586));
#8439=EDGE_LOOP('',(#2587,#2588,#2589,#2590));
#8440=EDGE_LOOP('',(#2591,#2592,#2593,#2594));
#8441=EDGE_LOOP('',(#2595,#2596,#2597,#2598));
#8442=EDGE_LOOP('',(#2599,#2600,#2601,#2602));
#8443=EDGE_LOOP('',(#2603,#2604,#2605,#2606));
#8444=EDGE_LOOP('',(#2607,#2608,#2609,#2610));
#8445=EDGE_LOOP('',(#2611,#2612,#2613,#2614));
#8446=EDGE_LOOP('',(#2615,#2616,#2617,#2618));
#8447=EDGE_LOOP('',(#2619,#2620,#2621,#2622));
#8448=EDGE_LOOP('',(#2623,#2624,#2625,#2626));
#8449=EDGE_LOOP('',(#2627,#2628,#2629,#2630));
#8450=EDGE_LOOP('',(#2631,#2632,#2633,#2634));
#8451=EDGE_LOOP('',(#2635,#2636,#2637,#2638));
#8452=EDGE_LOOP('',(#2639,#2640,#2641,#2642));
#8453=EDGE_LOOP('',(#2643,#2644,#2645,#2646));
#8454=EDGE_LOOP('',(#2647,#2648,#2649,#2650));
#8455=EDGE_LOOP('',(#2651,#2652,#2653,#2654));
#8456=EDGE_LOOP('',(#2655,#2656,#2657,#2658));
#8457=EDGE_LOOP('',(#2659,#2660,#2661,#2662));
#8458=EDGE_LOOP('',(#2663,#2664,#2665,#2666));
#8459=EDGE_LOOP('',(#2667,#2668,#2669,#2670));
#8460=EDGE_LOOP('',(#2671,#2672,#2673,#2674));
#8461=EDGE_LOOP('',(#2675,#2676,#2677,#2678));
#8462=EDGE_LOOP('',(#2679,#2680,#2681,#2682));
#8463=EDGE_LOOP('',(#2683,#2684,#2685,#2686));
#8464=EDGE_LOOP('',(#2687,#2688,#2689,#2690));
#8465=EDGE_LOOP('',(#2691,#2692,#2693,#2694));
#8466=EDGE_LOOP('',(#2695,#2696,#2697,#2698));
#8467=EDGE_LOOP('',(#2699,#2700,#2701,#2702));
#8468=EDGE_LOOP('',(#2703,#2704,#2705,#2706));
#8469=EDGE_LOOP('',(#2707,#2708,#2709,#2710));
#8470=EDGE_LOOP('',(#2711,#2712,#2713,#2714));
#8471=EDGE_LOOP('',(#2715,#2716,#2717,#2718));
#8472=EDGE_LOOP('',(#2719,#2720,#2721,#2722));
#8473=EDGE_LOOP('',(#2723,#2724,#2725,#2726));
#8474=EDGE_LOOP('',(#2727,#2728,#2729,#2730));
#8475=EDGE_LOOP('',(#2731,#2732,#2733,#2734));
#8476=EDGE_LOOP('',(#2735,#2736,#2737,#2738));
#8477=EDGE_LOOP('',(#2739,#2740,#2741,#2742));
#8478=EDGE_LOOP('',(#2743,#2744,#2745,#2746));
#8479=EDGE_LOOP('',(#2747,#2748,#2749,#2750));
#8480=EDGE_LOOP('',(#2751,#2752,#2753,#2754));
#8481=EDGE_LOOP('',(#2755,#2756,#2757,#2758));
#8482=EDGE_LOOP('',(#2759,#2760,#2761,#2762));
#8483=EDGE_LOOP('',(#2763,#2764,#2765,#2766));
#8484=EDGE_LOOP('',(#2767,#2768,#2769,#2770));
#8485=EDGE_LOOP('',(#2771,#2772,#2773,#2774));
#8486=EDGE_LOOP('',(#2775,#2776,#2777,#2778));
#8487=EDGE_LOOP('',(#2779,#2780,#2781,#2782));
#8488=EDGE_LOOP('',(#2783,#2784,#2785,#2786));
#8489=EDGE_LOOP('',(#2787,#2788,#2789,#2790));
#8490=EDGE_LOOP('',(#2791,#2792,#2793,#2794));
#8491=EDGE_LOOP('',(#2795,#2796,#2797,#2798));
#8492=EDGE_LOOP('',(#2799,#2800,#2801,#2802));
#8493=EDGE_LOOP('',(#2803,#2804,#2805,#2806));
#8494=EDGE_LOOP('',(#2807,#2808,#2809,#2810));
#8495=EDGE_LOOP('',(#2811,#2812,#2813,#2814));
#8496=EDGE_LOOP('',(#2815,#2816,#2817,#2818));
#8497=EDGE_LOOP('',(#2819,#2820,#2821,#2822));
#8498=EDGE_LOOP('',(#2823,#2824,#2825,#2826));
#8499=EDGE_LOOP('',(#2827,#2828,#2829,#2830));
#8500=EDGE_LOOP('',(#2831,#2832,#2833,#2834));
#8501=EDGE_LOOP('',(#2835,#2836,#2837,#2838));
#8502=EDGE_LOOP('',(#2839,#2840,#2841,#2842));
#8503=EDGE_LOOP('',(#2843,#2844,#2845,#2846));
#8504=EDGE_LOOP('',(#2847,#2848,#2849,#2850));
#8505=EDGE_LOOP('',(#2851,#2852,#2853,#2854));
#8506=EDGE_LOOP('',(#2855,#2856,#2857,#2858));
#8507=EDGE_LOOP('',(#2859,#2860,#2861,#2862));
#8508=EDGE_LOOP('',(#2863,#2864,#2865,#2866));
#8509=EDGE_LOOP('',(#2867,#2868,#2869,#2870));
#8510=EDGE_LOOP('',(#2871,#2872,#2873,#2874));
#8511=EDGE_LOOP('',(#2875,#2876,#2877,#2878));
#8512=EDGE_LOOP('',(#2879,#2880,#2881,#2882));
#8513=EDGE_LOOP('',(#2883,#2884,#2885,#2886));
#8514=EDGE_LOOP('',(#2887,#2888,#2889,#2890));
#8515=EDGE_LOOP('',(#2891,#2892,#2893,#2894));
#8516=EDGE_LOOP('',(#2895,#2896,#2897,#2898));
#8517=EDGE_LOOP('',(#2899,#2900,#2901,#2902));
#8518=EDGE_LOOP('',(#2903,#2904,#2905,#2906));
#8519=EDGE_LOOP('',(#2907,#2908,#2909,#2910));
#8520=EDGE_LOOP('',(#2911,#2912,#2913,#2914));
#8521=EDGE_LOOP('',(#2915,#2916,#2917,#2918));
#8522=EDGE_LOOP('',(#2919,#2920,#2921,#2922));
#8523=EDGE_LOOP('',(#2923,#2924,#2925,#2926));
#8524=EDGE_LOOP('',(#2927,#2928,#2929,#2930));
#8525=EDGE_LOOP('',(#2931,#2932,#2933,#2934));
#8526=EDGE_LOOP('',(#2935,#2936,#2937,#2938));
#8527=EDGE_LOOP('',(#2939,#2940,#2941,#2942));
#8528=EDGE_LOOP('',(#2943,#2944,#2945,#2946));
#8529=EDGE_LOOP('',(#2947,#2948,#2949,#2950));
#8530=EDGE_LOOP('',(#2951,#2952,#2953,#2954));
#8531=EDGE_LOOP('',(#2955,#2956,#2957,#2958));
#8532=EDGE_LOOP('',(#2959,#2960,#2961,#2962));
#8533=EDGE_LOOP('',(#2963,#2964,#2965,#2966));
#8534=EDGE_LOOP('',(#2967,#2968,#2969,#2970));
#8535=EDGE_LOOP('',(#2971,#2972,#2973,#2974));
#8536=EDGE_LOOP('',(#2975,#2976,#2977,#2978));
#8537=EDGE_LOOP('',(#2979,#2980,#2981,#2982));
#8538=EDGE_LOOP('',(#2983,#2984,#2985,#2986));
#8539=EDGE_LOOP('',(#2987,#2988,#2989,#2990));
#8540=EDGE_LOOP('',(#2991,#2992,#2993,#2994));
#8541=EDGE_LOOP('',(#2995,#2996,#2997,#2998));
#8542=EDGE_LOOP('',(#2999,#3000,#3001,#3002));
#8543=EDGE_LOOP('',(#3003,#3004,#3005,#3006));
#8544=EDGE_LOOP('',(#3007,#3008,#3009,#3010));
#8545=EDGE_LOOP('',(#3011,#3012,#3013,#3014));
#8546=EDGE_LOOP('',(#3015,#3016,#3017,#3018));
#8547=EDGE_LOOP('',(#3019,#3020,#3021,#3022));
#8548=EDGE_LOOP('',(#3023,#3024,#3025,#3026));
#8549=EDGE_LOOP('',(#3027,#3028,#3029,#3030));
#8550=EDGE_LOOP('',(#3031,#3032,#3033,#3034));
#8551=EDGE_LOOP('',(#3035,#3036,#3037,#3038));
#8552=EDGE_LOOP('',(#3039,#3040,#3041,#3042));
#8553=EDGE_LOOP('',(#3043,#3044,#3045,#3046));
#8554=EDGE_LOOP('',(#3047,#3048,#3049,#3050));
#8555=EDGE_LOOP('',(#3051,#3052,#3053,#3054));
#8556=EDGE_LOOP('',(#3055,#3056,#3057,#3058));
#8557=EDGE_LOOP('',(#3059,#3060,#3061,#3062));
#8558=EDGE_LOOP('',(#3063,#3064,#3065,#3066));
#8559=EDGE_LOOP('',(#3067,#3068,#3069,#3070));
#8560=EDGE_LOOP('',(#3071,#3072,#3073,#3074));
#8561=EDGE_LOOP('',(#3075,#3076,#3077,#3078));
#8562=EDGE_LOOP('',(#3079,#3080,#3081,#3082));
#8563=EDGE_LOOP('',(#3083,#3084,#3085,#3086));
#8564=EDGE_LOOP('',(#3087,#3088,#3089,#3090));
#8565=EDGE_LOOP('',(#3091,#3092,#3093,#3094));
#8566=EDGE_LOOP('',(#3095,#3096,#3097,#3098));
#8567=EDGE_LOOP('',(#3099,#3100,#3101,#3102));
#8568=EDGE_LOOP('',(#3103,#3104,#3105,#3106));
#8569=EDGE_LOOP('',(#3107,#3108,#3109,#3110));
#8570=EDGE_LOOP('',(#3111,#3112,#3113,#3114));
#8571=EDGE_LOOP('',(#3115,#3116,#3117,#3118));
#8572=EDGE_LOOP('',(#3119,#3120,#3121,#3122));
#8573=EDGE_LOOP('',(#3123,#3124,#3125,#3126));
#8574=EDGE_LOOP('',(#3127,#3128,#3129,#3130));
#8575=EDGE_LOOP('',(#3131,#3132,#3133,#3134));
#8576=EDGE_LOOP('',(#3135,#3136,#3137,#3138));
#8577=EDGE_LOOP('',(#3139,#3140,#3141,#3142));
#8578=EDGE_LOOP('',(#3143,#3144,#3145,#3146));
#8579=EDGE_LOOP('',(#3147,#3148,#3149,#3150));
#8580=EDGE_LOOP('',(#3151,#3152,#3153,#3154));
#8581=EDGE_LOOP('',(#3155,#3156,#3157,#3158));
#8582=EDGE_LOOP('',(#3159,#3160,#3161,#3162));
#8583=EDGE_LOOP('',(#3163,#3164,#3165,#3166));
#8584=EDGE_LOOP('',(#3167,#3168,#3169,#3170));
#8585=EDGE_LOOP('',(#3171,#3172,#3173,#3174));
#8586=EDGE_LOOP('',(#3175,#3176,#3177,#3178));
#8587=EDGE_LOOP('',(#3179,#3180,#3181,#3182));
#8588=EDGE_LOOP('',(#3183,#3184,#3185,#3186));
#8589=EDGE_LOOP('',(#3187,#3188,#3189,#3190));
#8590=EDGE_LOOP('',(#3191,#3192,#3193,#3194));
#8591=EDGE_LOOP('',(#3195,#3196,#3197,#3198));
#8592=EDGE_LOOP('',(#3199,#3200,#3201,#3202));
#8593=EDGE_LOOP('',(#3203,#3204,#3205,#3206));
#8594=EDGE_LOOP('',(#3207,#3208,#3209,#3210));
#8595=EDGE_LOOP('',(#3211,#3212,#3213,#3214));
#8596=EDGE_LOOP('',(#3215,#3216,#3217,#3218));
#8597=EDGE_LOOP('',(#3219,#3220,#3221,#3222));
#8598=EDGE_LOOP('',(#3223,#3224,#3225,#3226));
#8599=EDGE_LOOP('',(#3227,#3228,#3229,#3230));
#8600=EDGE_LOOP('',(#3231,#3232,#3233,#3234));
#8601=EDGE_LOOP('',(#3235,#3236,#3237,#3238));
#8602=EDGE_LOOP('',(#3239,#3240,#3241,#3242));
#8603=EDGE_LOOP('',(#3243,#3244,#3245,#3246));
#8604=EDGE_LOOP('',(#3247,#3248,#3249,#3250));
#8605=EDGE_LOOP('',(#3251,#3252,#3253,#3254));
#8606=EDGE_LOOP('',(#3255,#3256,#3257,#3258));
#8607=EDGE_LOOP('',(#3259,#3260,#3261,#3262));
#8608=EDGE_LOOP('',(#3263,#3264,#3265,#3266));
#8609=EDGE_LOOP('',(#3267,#3268,#3269,#3270));
#8610=EDGE_LOOP('',(#3271,#3272,#3273,#3274));
#8611=EDGE_LOOP('',(#3275,#3276,#3277,#3278));
#8612=EDGE_LOOP('',(#3279,#3280,#3281,#3282));
#8613=EDGE_LOOP('',(#3283,#3284,#3285,#3286));
#8614=EDGE_LOOP('',(#3287,#3288,#3289,#3290));
#8615=EDGE_LOOP('',(#3291,#3292,#3293,#3294));
#8616=EDGE_LOOP('',(#3295,#3296,#3297,#3298));
#8617=EDGE_LOOP('',(#3299,#3300,#3301,#3302));
#8618=EDGE_LOOP('',(#3303,#3304,#3305,#3306));
#8619=EDGE_LOOP('',(#3307,#3308,#3309,#3310));
#8620=EDGE_LOOP('',(#3311,#3312,#3313,#3314));
#8621=EDGE_LOOP('',(#3315,#3316,#3317,#3318));
#8622=EDGE_LOOP('',(#3319,#3320,#3321,#3322));
#8623=EDGE_LOOP('',(#3323,#3324,#3325,#3326));
#8624=EDGE_LOOP('',(#3327,#3328,#3329,#3330));
#8625=EDGE_LOOP('',(#3331,#3332,#3333,#3334));
#8626=EDGE_LOOP('',(#3335,#3336,#3337,#3338));
#8627=EDGE_LOOP('',(#3339,#3340,#3341,#3342));
#8628=EDGE_LOOP('',(#3343,#3344,#3345,#3346));
#8629=EDGE_LOOP('',(#3347,#3348,#3349,#3350));
#8630=EDGE_LOOP('',(#3351,#3352,#3353,#3354));
#8631=EDGE_LOOP('',(#3355,#3356,#3357,#3358));
#8632=EDGE_LOOP('',(#3359,#3360,#3361,#3362));
#8633=EDGE_LOOP('',(#3363,#3364,#3365,#3366));
#8634=EDGE_LOOP('',(#3367,#3368,#3369,#3370));
#8635=EDGE_LOOP('',(#3371,#3372,#3373,#3374));
#8636=EDGE_LOOP('',(#3375,#3376,#3377,#3378));
#8637=EDGE_LOOP('',(#3379,#3380,#3381,#3382));
#8638=EDGE_LOOP('',(#3383,#3384,#3385,#3386));
#8639=EDGE_LOOP('',(#3387,#3388,#3389,#3390));
#8640=EDGE_LOOP('',(#3391,#3392,#3393,#3394));
#8641=EDGE_LOOP('',(#3395,#3396,#3397,#3398));
#8642=EDGE_LOOP('',(#3399,#3400,#3401,#3402));
#8643=EDGE_LOOP('',(#3403,#3404,#3405,#3406));
#8644=EDGE_LOOP('',(#3407,#3408,#3409,#3410));
#8645=EDGE_LOOP('',(#3411,#3412,#3413,#3414));
#8646=EDGE_LOOP('',(#3415,#3416,#3417,#3418));
#8647=EDGE_LOOP('',(#3419,#3420,#3421,#3422));
#8648=EDGE_LOOP('',(#3423,#3424,#3425,#3426));
#8649=EDGE_LOOP('',(#3427,#3428,#3429,#3430));
#8650=EDGE_LOOP('',(#3431,#3432,#3433,#3434));
#8651=EDGE_LOOP('',(#3435,#3436,#3437,#3438));
#8652=EDGE_LOOP('',(#3439,#3440,#3441,#3442));
#8653=EDGE_LOOP('',(#3443,#3444,#3445,#3446));
#8654=EDGE_LOOP('',(#3447,#3448,#3449,#3450));
#8655=EDGE_LOOP('',(#3451,#3452,#3453,#3454));
#8656=EDGE_LOOP('',(#3455,#3456,#3457,#3458));
#8657=EDGE_LOOP('',(#3459,#3460,#3461,#3462));
#8658=EDGE_LOOP('',(#3463,#3464,#3465,#3466));
#8659=EDGE_LOOP('',(#3467,#3468,#3469,#3470));
#8660=EDGE_LOOP('',(#3471,#3472,#3473,#3474));
#8661=EDGE_LOOP('',(#3475,#3476,#3477,#3478));
#8662=EDGE_LOOP('',(#3479,#3480,#3481,#3482));
#8663=EDGE_LOOP('',(#3483,#3484,#3485,#3486));
#8664=EDGE_LOOP('',(#3487,#3488,#3489,#3490));
#8665=EDGE_LOOP('',(#3491,#3492,#3493,#3494));
#8666=EDGE_LOOP('',(#3495,#3496,#3497,#3498));
#8667=EDGE_LOOP('',(#3499,#3500,#3501,#3502));
#8668=EDGE_LOOP('',(#3503,#3504,#3505,#3506));
#8669=EDGE_LOOP('',(#3507,#3508,#3509,#3510));
#8670=EDGE_LOOP('',(#3511,#3512,#3513,#3514));
#8671=EDGE_LOOP('',(#3515,#3516,#3517,#3518));
#8672=EDGE_LOOP('',(#3519,#3520,#3521,#3522));
#8673=EDGE_LOOP('',(#3523,#3524,#3525,#3526));
#8674=EDGE_LOOP('',(#3527,#3528,#3529,#3530));
#8675=EDGE_LOOP('',(#3531,#3532,#3533,#3534));
#8676=EDGE_LOOP('',(#3535,#3536,#3537,#3538));
#8677=EDGE_LOOP('',(#3539,#3540,#3541,#3542));
#8678=EDGE_LOOP('',(#3543,#3544,#3545,#3546));
#8679=EDGE_LOOP('',(#3547,#3548,#3549,#3550));
#8680=EDGE_LOOP('',(#3551,#3552,#3553,#3554));
#8681=EDGE_LOOP('',(#3555,#3556,#3557,#3558));
#8682=EDGE_LOOP('',(#3559,#3560,#3561,#3562));
#8683=EDGE_LOOP('',(#3563,#3564,#3565,#3566));
#8684=EDGE_LOOP('',(#3567,#3568,#3569,#3570));
#8685=EDGE_LOOP('',(#3571,#3572,#3573,#3574));
#8686=EDGE_LOOP('',(#3575,#3576,#3577,#3578));
#8687=EDGE_LOOP('',(#3579,#3580,#3581,#3582));
#8688=EDGE_LOOP('',(#3583,#3584,#3585,#3586));
#8689=EDGE_LOOP('',(#3587,#3588,#3589,#3590));
#8690=EDGE_LOOP('',(#3591,#3592,#3593,#3594));
#8691=EDGE_LOOP('',(#3595,#3596,#3597,#3598));
#8692=EDGE_LOOP('',(#3599,#3600,#3601,#3602));
#8693=EDGE_LOOP('',(#3603,#3604,#3605,#3606));
#8694=EDGE_LOOP('',(#3607,#3608,#3609,#3610));
#8695=EDGE_LOOP('',(#3611,#3612,#3613,#3614));
#8696=EDGE_LOOP('',(#3615,#3616,#3617,#3618));
#8697=EDGE_LOOP('',(#3619,#3620,#3621,#3622));
#8698=EDGE_LOOP('',(#3623,#3624,#3625,#3626));
#8699=EDGE_LOOP('',(#3627,#3628,#3629,#3630));
#8700=EDGE_LOOP('',(#3631,#3632,#3633,#3634));
#8701=EDGE_LOOP('',(#3635,#3636,#3637,#3638));
#8702=EDGE_LOOP('',(#3639,#3640,#3641,#3642));
#8703=EDGE_LOOP('',(#3643,#3644,#3645,#3646));
#8704=EDGE_LOOP('',(#3647,#3648,#3649,#3650));
#8705=EDGE_LOOP('',(#3651,#3652,#3653,#3654));
#8706=EDGE_LOOP('',(#3655,#3656,#3657,#3658));
#8707=EDGE_LOOP('',(#3659,#3660,#3661,#3662));
#8708=EDGE_LOOP('',(#3663,#3664,#3665,#3666));
#8709=EDGE_LOOP('',(#3667,#3668,#3669,#3670));
#8710=EDGE_LOOP('',(#3671,#3672,#3673,#3674));
#8711=EDGE_LOOP('',(#3675,#3676,#3677,#3678));
#8712=EDGE_LOOP('',(#3679,#3680,#3681,#3682));
#8713=EDGE_LOOP('',(#3683,#3684,#3685,#3686));
#8714=EDGE_LOOP('',(#3687,#3688,#3689,#3690));
#8715=EDGE_LOOP('',(#3691,#3692,#3693,#3694));
#8716=EDGE_LOOP('',(#3695,#3696,#3697,#3698));
#8717=EDGE_LOOP('',(#3699,#3700,#3701,#3702));
#8718=EDGE_LOOP('',(#3703,#3704,#3705,#3706));
#8719=EDGE_LOOP('',(#3707,#3708,#3709,#3710));
#8720=EDGE_LOOP('',(#3711,#3712,#3713,#3714));
#8721=EDGE_LOOP('',(#3715,#3716,#3717,#3718));
#8722=EDGE_LOOP('',(#3719,#3720,#3721,#3722));
#8723=EDGE_LOOP('',(#3723,#3724,#3725,#3726));
#8724=EDGE_LOOP('',(#3727,#3728,#3729,#3730));
#8725=EDGE_LOOP('',(#3731,#3732,#3733,#3734));
#8726=EDGE_LOOP('',(#3735,#3736,#3737,#3738));
#8727=EDGE_LOOP('',(#3739,#3740,#3741,#3742));
#8728=EDGE_LOOP('',(#3743,#3744,#3745,#3746));
#8729=EDGE_LOOP('',(#3747,#3748,#3749,#3750));
#8730=EDGE_LOOP('',(#3751,#3752,#3753,#3754));
#8731=EDGE_LOOP('',(#3755,#3756,#3757,#3758));
#8732=EDGE_LOOP('',(#3759,#3760,#3761,#3762));
#8733=EDGE_LOOP('',(#3763,#3764,#3765,#3766));
#8734=EDGE_LOOP('',(#3767,#3768,#3769,#3770));
#8735=EDGE_LOOP('',(#3771,#3772,#3773,#3774));
#8736=EDGE_LOOP('',(#3775,#3776,#3777,#3778));
#8737=EDGE_LOOP('',(#3779,#3780,#3781,#3782));
#8738=EDGE_LOOP('',(#3783,#3784,#3785,#3786));
#8739=EDGE_LOOP('',(#3787,#3788,#3789,#3790));
#8740=EDGE_LOOP('',(#3791,#3792,#3793,#3794));
#8741=EDGE_LOOP('',(#3795,#3796,#3797,#3798));
#8742=EDGE_LOOP('',(#3799,#3800,#3801,#3802));
#8743=EDGE_LOOP('',(#3803,#3804,#3805,#3806));
#8744=EDGE_LOOP('',(#3807,#3808,#3809,#3810));
#8745=EDGE_LOOP('',(#3811,#3812,#3813,#3814));
#8746=EDGE_LOOP('',(#3815,#3816,#3817,#3818));
#8747=EDGE_LOOP('',(#3819,#3820,#3821,#3822));
#8748=EDGE_LOOP('',(#3823,#3824,#3825,#3826));
#8749=EDGE_LOOP('',(#3827,#3828,#3829,#3830));
#8750=EDGE_LOOP('',(#3831,#3832,#3833,#3834));
#8751=EDGE_LOOP('',(#3835,#3836,#3837,#3838));
#8752=EDGE_LOOP('',(#3839,#3840,#3841,#3842));
#8753=EDGE_LOOP('',(#3843,#3844,#3845,#3846));
#8754=EDGE_LOOP('',(#3847,#3848,#3849,#3850));
#8755=EDGE_LOOP('',(#3851,#3852,#3853,#3854));
#8756=EDGE_LOOP('',(#3855,#3856,#3857,#3858));
#8757=EDGE_LOOP('',(#3859,#3860,#3861,#3862));
#8758=EDGE_LOOP('',(#3863,#3864,#3865,#3866));
#8759=EDGE_LOOP('',(#3867,#3868,#3869,#3870));
#8760=EDGE_LOOP('',(#3871,#3872,#3873,#3874));
#8761=EDGE_LOOP('',(#3875,#3876,#3877,#3878));
#8762=EDGE_LOOP('',(#3879,#3880,#3881,#3882));
#8763=EDGE_LOOP('',(#3883,#3884,#3885,#3886));
#8764=EDGE_LOOP('',(#3887,#3888,#3889,#3890));
#8765=EDGE_LOOP('',(#3891,#3892,#3893,#3894));
#8766=EDGE_LOOP('',(#3895,#3896,#3897,#3898));
#8767=EDGE_LOOP('',(#3899));
#8768=EDGE_LOOP('',(#3900));
#8769=EDGE_LOOP('',(#3901));
#8770=EDGE_LOOP('',(#3902));
#8771=EDGE_LOOP('',(#3903));
#8772=EDGE_LOOP('',(#3904));
#8773=EDGE_LOOP('',(#3905));
#8774=EDGE_LOOP('',(#3906));
#8775=EDGE_LOOP('',(#3907));
#8776=EDGE_LOOP('',(#3908));
#8777=EDGE_LOOP('',(#3909));
#8778=EDGE_LOOP('',(#3910));
#8779=EDGE_LOOP('',(#3911));
#8780=EDGE_LOOP('',(#3912));
#8781=EDGE_LOOP('',(#3913));
#8782=EDGE_LOOP('',(#3914,#3915,#3916,#3917,#3918,#3919,#3920,#3921,#3922,
#3923,#3924,#3925,#3926,#3927,#3928,#3929,#3930,#3931,#3932,#3933,#3934,
#3935,#3936,#3937,#3938,#3939,#3940,#3941,#3942,#3943,#3944,#3945,#3946,
#3947,#3948,#3949,#3950,#3951,#3952,#3953,#3954,#3955,#3956,#3957,#3958,
#3959,#3960,#3961,#3962,#3963,#3964,#3965,#3966,#3967,#3968,#3969,#3970,
#3971,#3972,#3973,#3974,#3975,#3976,#3977,#3978,#3979,#3980,#3981,#3982,
#3983,#3984,#3985,#3986,#3987,#3988,#3989,#3990,#3991,#3992,#3993,#3994,
#3995,#3996,#3997,#3998,#3999,#4000,#4001,#4002,#4003,#4004,#4005,#4006,
#4007,#4008,#4009,#4010,#4011,#4012,#4013,#4014,#4015,#4016,#4017,#4018,
#4019,#4020,#4021,#4022,#4023,#4024,#4025,#4026,#4027,#4028,#4029,#4030,
#4031,#4032,#4033,#4034,#4035,#4036,#4037,#4038,#4039,#4040,#4041,#4042,
#4043,#4044,#4045,#4046,#4047,#4048,#4049,#4050,#4051,#4052,#4053,#4054,
#4055,#4056,#4057,#4058,#4059,#4060,#4061,#4062,#4063,#4064,#4065,#4066,
#4067,#4068,#4069,#4070,#4071,#4072,#4073,#4074,#4075,#4076,#4077,#4078,
#4079,#4080,#4081,#4082,#4083,#4084,#4085,#4086,#4087,#4088,#4089,#4090,
#4091,#4092,#4093,#4094,#4095,#4096,#4097,#4098,#4099,#4100,#4101,#4102,
#4103,#4104,#4105,#4106,#4107,#4108,#4109,#4110,#4111,#4112,#4113,#4114,
#4115,#4116,#4117,#4118,#4119,#4120,#4121,#4122,#4123,#4124,#4125,#4126,
#4127,#4128,#4129,#4130,#4131,#4132,#4133,#4134,#4135,#4136,#4137,#4138,
#4139,#4140,#4141));
#8783=EDGE_LOOP('',(#4142));
#8784=EDGE_LOOP('',(#4143,#4144,#4145,#4146,#4147,#4148,#4149,#4150,#4151,
#4152,#4153,#4154,#4155,#4156,#4157,#4158,#4159,#4160,#4161,#4162,#4163,
#4164,#4165,#4166,#4167,#4168,#4169,#4170,#4171,#4172,#4173,#4174,#4175,
#4176,#4177,#4178,#4179,#4180,#4181,#4182,#4183,#4184,#4185,#4186,#4187,
#4188,#4189,#4190,#4191,#4192,#4193,#4194,#4195,#4196,#4197,#4198,#4199,
#4200,#4201,#4202,#4203,#4204,#4205,#4206,#4207,#4208,#4209,#4210,#4211,
#4212,#4213,#4214,#4215,#4216,#4217,#4218,#4219,#4220,#4221,#4222,#4223,
#4224,#4225,#4226,#4227,#4228,#4229,#4230,#4231,#4232,#4233,#4234,#4235,
#4236,#4237,#4238,#4239,#4240,#4241,#4242,#4243,#4244,#4245,#4246,#4247,
#4248,#4249,#4250,#4251,#4252,#4253,#4254,#4255,#4256,#4257,#4258,#4259,
#4260,#4261,#4262,#4263,#4264,#4265,#4266,#4267,#4268,#4269,#4270,#4271,
#4272,#4273,#4274,#4275,#4276,#4277,#4278,#4279,#4280,#4281,#4282,#4283,
#4284,#4285,#4286,#4287,#4288,#4289,#4290,#4291,#4292,#4293,#4294,#4295,
#4296,#4297,#4298,#4299,#4300,#4301,#4302,#4303,#4304,#4305,#4306,#4307,
#4308,#4309,#4310,#4311,#4312,#4313,#4314,#4315,#4316,#4317,#4318,#4319,
#4320,#4321,#4322,#4323,#4324,#4325,#4326,#4327,#4328,#4329,#4330,#4331,
#4332,#4333,#4334,#4335,#4336,#4337,#4338,#4339,#4340,#4341,#4342,#4343,
#4344,#4345,#4346,#4347,#4348,#4349,#4350,#4351,#4352,#4353,#4354,#4355,
#4356,#4357,#4358,#4359,#4360,#4361,#4362,#4363,#4364,#4365,#4366,#4367,
#4368,#4369,#4370));
#8785=EDGE_LOOP('',(#4371));
#8786=EDGE_LOOP('',(#4372));
#8787=EDGE_LOOP('',(#4373));
#8788=EDGE_LOOP('',(#4374));
#8789=EDGE_LOOP('',(#4375));
#8790=EDGE_LOOP('',(#4376));
#8791=EDGE_LOOP('',(#4377));
#8792=EDGE_LOOP('',(#4378));
#8793=EDGE_LOOP('',(#4379));
#8794=EDGE_LOOP('',(#4380));
#8795=FACE_BOUND('',#8077,.T.);
#8796=FACE_BOUND('',#8078,.T.);
#8797=FACE_BOUND('',#8079,.T.);
#8798=FACE_BOUND('',#8080,.T.);
#8799=FACE_BOUND('',#8081,.T.);
#8800=FACE_BOUND('',#8082,.T.);
#8801=FACE_BOUND('',#8083,.T.);
#8802=FACE_BOUND('',#8084,.T.);
#8803=FACE_BOUND('',#8085,.T.);
#8804=FACE_BOUND('',#8086,.T.);
#8805=FACE_BOUND('',#8087,.T.);
#8806=FACE_BOUND('',#8088,.T.);
#8807=FACE_BOUND('',#8089,.T.);
#8808=FACE_BOUND('',#8090,.T.);
#8809=FACE_BOUND('',#8091,.T.);
#8810=FACE_BOUND('',#8092,.T.);
#8811=FACE_BOUND('',#8093,.T.);
#8812=FACE_BOUND('',#8094,.T.);
#8813=FACE_BOUND('',#8095,.T.);
#8814=FACE_BOUND('',#8096,.T.);
#8815=FACE_BOUND('',#8097,.T.);
#8816=FACE_BOUND('',#8098,.T.);
#8817=FACE_BOUND('',#8099,.T.);
#8818=FACE_BOUND('',#8100,.T.);
#8819=FACE_BOUND('',#8101,.T.);
#8820=FACE_BOUND('',#8102,.T.);
#8821=FACE_BOUND('',#8103,.T.);
#8822=FACE_BOUND('',#8104,.T.);
#8823=FACE_BOUND('',#8105,.T.);
#8824=FACE_BOUND('',#8106,.T.);
#8825=FACE_BOUND('',#8107,.T.);
#8826=FACE_BOUND('',#8108,.T.);
#8827=FACE_BOUND('',#8109,.T.);
#8828=FACE_BOUND('',#8110,.T.);
#8829=FACE_BOUND('',#8111,.T.);
#8830=FACE_BOUND('',#8112,.T.);
#8831=FACE_BOUND('',#8113,.T.);
#8832=FACE_BOUND('',#8114,.T.);
#8833=FACE_BOUND('',#8115,.T.);
#8834=FACE_BOUND('',#8116,.T.);
#8835=FACE_BOUND('',#8117,.T.);
#8836=FACE_BOUND('',#8118,.T.);
#8837=FACE_BOUND('',#8119,.T.);
#8838=FACE_BOUND('',#8120,.T.);
#8839=FACE_BOUND('',#8121,.T.);
#8840=FACE_BOUND('',#8122,.T.);
#8841=FACE_BOUND('',#8123,.T.);
#8842=FACE_BOUND('',#8124,.T.);
#8843=FACE_BOUND('',#8125,.T.);
#8844=FACE_BOUND('',#8126,.T.);
#8845=FACE_BOUND('',#8127,.T.);
#8846=FACE_BOUND('',#8128,.T.);
#8847=FACE_BOUND('',#8129,.T.);
#8848=FACE_BOUND('',#8130,.T.);
#8849=FACE_BOUND('',#8131,.T.);
#8850=FACE_BOUND('',#8132,.T.);
#8851=FACE_BOUND('',#8133,.T.);
#8852=FACE_BOUND('',#8134,.T.);
#8853=FACE_BOUND('',#8135,.T.);
#8854=FACE_BOUND('',#8136,.T.);
#8855=FACE_BOUND('',#8137,.T.);
#8856=FACE_BOUND('',#8138,.T.);
#8857=FACE_BOUND('',#8139,.T.);
#8858=FACE_BOUND('',#8140,.T.);
#8859=FACE_BOUND('',#8141,.T.);
#8860=FACE_BOUND('',#8142,.T.);
#8861=FACE_BOUND('',#8143,.T.);
#8862=FACE_BOUND('',#8144,.T.);
#8863=FACE_BOUND('',#8145,.T.);
#8864=FACE_BOUND('',#8146,.T.);
#8865=FACE_BOUND('',#8147,.T.);
#8866=FACE_BOUND('',#8148,.T.);
#8867=FACE_BOUND('',#8149,.T.);
#8868=FACE_BOUND('',#8150,.T.);
#8869=FACE_BOUND('',#8151,.T.);
#8870=FACE_BOUND('',#8152,.T.);
#8871=FACE_BOUND('',#8153,.T.);
#8872=FACE_BOUND('',#8154,.T.);
#8873=FACE_BOUND('',#8155,.T.);
#8874=FACE_BOUND('',#8156,.T.);
#8875=FACE_BOUND('',#8157,.T.);
#8876=FACE_BOUND('',#8158,.T.);
#8877=FACE_BOUND('',#8159,.T.);
#8878=FACE_BOUND('',#8160,.T.);
#8879=FACE_BOUND('',#8161,.T.);
#8880=FACE_BOUND('',#8162,.T.);
#8881=FACE_BOUND('',#8163,.T.);
#8882=FACE_BOUND('',#8164,.T.);
#8883=FACE_BOUND('',#8165,.T.);
#8884=FACE_BOUND('',#8166,.T.);
#8885=FACE_BOUND('',#8167,.T.);
#8886=FACE_BOUND('',#8168,.T.);
#8887=FACE_BOUND('',#8169,.T.);
#8888=FACE_BOUND('',#8170,.T.);
#8889=FACE_BOUND('',#8171,.T.);
#8890=FACE_BOUND('',#8172,.T.);
#8891=FACE_BOUND('',#8173,.T.);
#8892=FACE_BOUND('',#8174,.T.);
#8893=FACE_BOUND('',#8175,.T.);
#8894=FACE_BOUND('',#8176,.T.);
#8895=FACE_BOUND('',#8177,.T.);
#8896=FACE_BOUND('',#8178,.T.);
#8897=FACE_BOUND('',#8179,.T.);
#8898=FACE_BOUND('',#8180,.T.);
#8899=FACE_BOUND('',#8181,.T.);
#8900=FACE_BOUND('',#8182,.T.);
#8901=FACE_BOUND('',#8183,.T.);
#8902=FACE_BOUND('',#8184,.T.);
#8903=FACE_BOUND('',#8185,.T.);
#8904=FACE_BOUND('',#8186,.T.);
#8905=FACE_BOUND('',#8187,.T.);
#8906=FACE_BOUND('',#8188,.T.);
#8907=FACE_BOUND('',#8189,.T.);
#8908=FACE_BOUND('',#8190,.T.);
#8909=FACE_BOUND('',#8191,.T.);
#8910=FACE_BOUND('',#8192,.T.);
#8911=FACE_BOUND('',#8193,.T.);
#8912=FACE_BOUND('',#8194,.T.);
#8913=FACE_BOUND('',#8195,.T.);
#8914=FACE_BOUND('',#8196,.T.);
#8915=FACE_BOUND('',#8197,.T.);
#8916=FACE_BOUND('',#8198,.T.);
#8917=FACE_BOUND('',#8199,.T.);
#8918=FACE_BOUND('',#8200,.T.);
#8919=FACE_BOUND('',#8201,.T.);
#8920=FACE_BOUND('',#8202,.T.);
#8921=FACE_BOUND('',#8203,.T.);
#8922=FACE_BOUND('',#8204,.T.);
#8923=FACE_BOUND('',#8205,.T.);
#8924=FACE_BOUND('',#8206,.T.);
#8925=FACE_BOUND('',#8207,.T.);
#8926=FACE_BOUND('',#8208,.T.);
#8927=FACE_BOUND('',#8209,.T.);
#8928=FACE_BOUND('',#8210,.T.);
#8929=FACE_BOUND('',#8211,.T.);
#8930=FACE_BOUND('',#8212,.T.);
#8931=FACE_BOUND('',#8213,.T.);
#8932=FACE_BOUND('',#8214,.T.);
#8933=FACE_BOUND('',#8215,.T.);
#8934=FACE_BOUND('',#8216,.T.);
#8935=FACE_BOUND('',#8217,.T.);
#8936=FACE_BOUND('',#8218,.T.);
#8937=FACE_BOUND('',#8219,.T.);
#8938=FACE_BOUND('',#8220,.T.);
#8939=FACE_BOUND('',#8221,.T.);
#8940=FACE_BOUND('',#8222,.T.);
#8941=FACE_BOUND('',#8223,.T.);
#8942=FACE_BOUND('',#8224,.T.);
#8943=FACE_BOUND('',#8225,.T.);
#8944=FACE_BOUND('',#8226,.T.);
#8945=FACE_BOUND('',#8227,.T.);
#8946=FACE_BOUND('',#8228,.T.);
#8947=FACE_BOUND('',#8229,.T.);
#8948=FACE_BOUND('',#8230,.T.);
#8949=FACE_BOUND('',#8231,.T.);
#8950=FACE_BOUND('',#8232,.T.);
#8951=FACE_BOUND('',#8233,.T.);
#8952=FACE_BOUND('',#8234,.T.);
#8953=FACE_BOUND('',#8235,.T.);
#8954=FACE_BOUND('',#8236,.T.);
#8955=FACE_BOUND('',#8237,.T.);
#8956=FACE_BOUND('',#8238,.T.);
#8957=FACE_BOUND('',#8239,.T.);
#8958=FACE_BOUND('',#8240,.T.);
#8959=FACE_BOUND('',#8241,.T.);
#8960=FACE_BOUND('',#8242,.T.);
#8961=FACE_BOUND('',#8243,.T.);
#8962=FACE_BOUND('',#8244,.T.);
#8963=FACE_BOUND('',#8245,.T.);
#8964=FACE_BOUND('',#8246,.T.);
#8965=FACE_BOUND('',#8247,.T.);
#8966=FACE_BOUND('',#8248,.T.);
#8967=FACE_BOUND('',#8249,.T.);
#8968=FACE_BOUND('',#8250,.T.);
#8969=FACE_BOUND('',#8251,.T.);
#8970=FACE_BOUND('',#8252,.T.);
#8971=FACE_BOUND('',#8253,.T.);
#8972=FACE_BOUND('',#8254,.T.);
#8973=FACE_BOUND('',#8255,.T.);
#8974=FACE_BOUND('',#8256,.T.);
#8975=FACE_BOUND('',#8257,.T.);
#8976=FACE_BOUND('',#8258,.T.);
#8977=FACE_BOUND('',#8259,.T.);
#8978=FACE_BOUND('',#8260,.T.);
#8979=FACE_BOUND('',#8261,.T.);
#8980=FACE_BOUND('',#8262,.T.);
#8981=FACE_BOUND('',#8263,.T.);
#8982=FACE_BOUND('',#8264,.T.);
#8983=FACE_BOUND('',#8265,.T.);
#8984=FACE_BOUND('',#8266,.T.);
#8985=FACE_BOUND('',#8267,.T.);
#8986=FACE_BOUND('',#8268,.T.);
#8987=FACE_BOUND('',#8269,.T.);
#8988=FACE_BOUND('',#8270,.T.);
#8989=FACE_BOUND('',#8271,.T.);
#8990=FACE_BOUND('',#8272,.T.);
#8991=FACE_BOUND('',#8273,.T.);
#8992=FACE_BOUND('',#8274,.T.);
#8993=FACE_BOUND('',#8275,.T.);
#8994=FACE_BOUND('',#8276,.T.);
#8995=FACE_BOUND('',#8277,.T.);
#8996=FACE_BOUND('',#8278,.T.);
#8997=FACE_BOUND('',#8279,.T.);
#8998=FACE_BOUND('',#8280,.T.);
#8999=FACE_BOUND('',#8281,.T.);
#9000=FACE_BOUND('',#8282,.T.);
#9001=FACE_BOUND('',#8283,.T.);
#9002=FACE_BOUND('',#8284,.T.);
#9003=FACE_BOUND('',#8285,.T.);
#9004=FACE_BOUND('',#8286,.T.);
#9005=FACE_BOUND('',#8287,.T.);
#9006=FACE_BOUND('',#8288,.T.);
#9007=FACE_BOUND('',#8289,.T.);
#9008=FACE_BOUND('',#8290,.T.);
#9009=FACE_BOUND('',#8291,.T.);
#9010=FACE_BOUND('',#8292,.T.);
#9011=FACE_BOUND('',#8293,.T.);
#9012=FACE_BOUND('',#8294,.T.);
#9013=FACE_BOUND('',#8295,.T.);
#9014=FACE_BOUND('',#8296,.T.);
#9015=FACE_BOUND('',#8297,.T.);
#9016=FACE_BOUND('',#8298,.T.);
#9017=FACE_BOUND('',#8299,.T.);
#9018=FACE_BOUND('',#8300,.T.);
#9019=FACE_BOUND('',#8301,.T.);
#9020=FACE_BOUND('',#8302,.T.);
#9021=FACE_BOUND('',#8303,.T.);
#9022=FACE_BOUND('',#8304,.T.);
#9023=FACE_BOUND('',#8305,.T.);
#9024=FACE_BOUND('',#8306,.T.);
#9025=FACE_BOUND('',#8307,.T.);
#9026=FACE_BOUND('',#8308,.T.);
#9027=FACE_BOUND('',#8309,.T.);
#9028=FACE_BOUND('',#8310,.T.);
#9029=FACE_BOUND('',#8311,.T.);
#9030=FACE_BOUND('',#8312,.T.);
#9031=FACE_BOUND('',#8313,.T.);
#9032=FACE_BOUND('',#8314,.T.);
#9033=FACE_BOUND('',#8315,.T.);
#9034=FACE_BOUND('',#8316,.T.);
#9035=FACE_BOUND('',#8317,.T.);
#9036=FACE_BOUND('',#8318,.T.);
#9037=FACE_BOUND('',#8319,.T.);
#9038=FACE_BOUND('',#8320,.T.);
#9039=FACE_BOUND('',#8321,.T.);
#9040=FACE_BOUND('',#8322,.T.);
#9041=FACE_BOUND('',#8323,.T.);
#9042=FACE_BOUND('',#8324,.T.);
#9043=FACE_BOUND('',#8325,.T.);
#9044=FACE_BOUND('',#8326,.T.);
#9045=FACE_BOUND('',#8327,.T.);
#9046=FACE_BOUND('',#8328,.T.);
#9047=FACE_BOUND('',#8329,.T.);
#9048=FACE_BOUND('',#8330,.T.);
#9049=FACE_BOUND('',#8331,.T.);
#9050=FACE_BOUND('',#8332,.T.);
#9051=FACE_BOUND('',#8333,.T.);
#9052=FACE_BOUND('',#8334,.T.);
#9053=FACE_BOUND('',#8335,.T.);
#9054=FACE_BOUND('',#8336,.T.);
#9055=FACE_BOUND('',#8337,.T.);
#9056=FACE_BOUND('',#8338,.T.);
#9057=FACE_BOUND('',#8339,.T.);
#9058=FACE_BOUND('',#8340,.T.);
#9059=FACE_BOUND('',#8341,.T.);
#9060=FACE_BOUND('',#8342,.T.);
#9061=FACE_BOUND('',#8343,.T.);
#9062=FACE_BOUND('',#8344,.T.);
#9063=FACE_BOUND('',#8345,.T.);
#9064=FACE_BOUND('',#8346,.T.);
#9065=FACE_BOUND('',#8347,.T.);
#9066=FACE_BOUND('',#8348,.T.);
#9067=FACE_BOUND('',#8349,.T.);
#9068=FACE_BOUND('',#8350,.T.);
#9069=FACE_BOUND('',#8351,.T.);
#9070=FACE_BOUND('',#8352,.T.);
#9071=FACE_BOUND('',#8353,.T.);
#9072=FACE_BOUND('',#8354,.T.);
#9073=FACE_BOUND('',#8355,.T.);
#9074=FACE_BOUND('',#8356,.T.);
#9075=FACE_BOUND('',#8357,.T.);
#9076=FACE_BOUND('',#8358,.T.);
#9077=FACE_BOUND('',#8359,.T.);
#9078=FACE_BOUND('',#8360,.T.);
#9079=FACE_BOUND('',#8361,.T.);
#9080=FACE_BOUND('',#8362,.T.);
#9081=FACE_BOUND('',#8363,.T.);
#9082=FACE_BOUND('',#8364,.T.);
#9083=FACE_BOUND('',#8365,.T.);
#9084=FACE_BOUND('',#8366,.T.);
#9085=FACE_BOUND('',#8367,.T.);
#9086=FACE_BOUND('',#8368,.T.);
#9087=FACE_BOUND('',#8369,.T.);
#9088=FACE_BOUND('',#8370,.T.);
#9089=FACE_BOUND('',#8371,.T.);
#9090=FACE_BOUND('',#8372,.T.);
#9091=FACE_BOUND('',#8373,.T.);
#9092=FACE_BOUND('',#8374,.T.);
#9093=FACE_BOUND('',#8375,.T.);
#9094=FACE_BOUND('',#8376,.T.);
#9095=FACE_BOUND('',#8377,.T.);
#9096=FACE_BOUND('',#8378,.T.);
#9097=FACE_BOUND('',#8379,.T.);
#9098=FACE_BOUND('',#8380,.T.);
#9099=FACE_BOUND('',#8381,.T.);
#9100=FACE_BOUND('',#8382,.T.);
#9101=FACE_BOUND('',#8383,.T.);
#9102=FACE_BOUND('',#8384,.T.);
#9103=FACE_BOUND('',#8385,.T.);
#9104=FACE_BOUND('',#8386,.T.);
#9105=FACE_BOUND('',#8387,.T.);
#9106=FACE_BOUND('',#8388,.T.);
#9107=FACE_BOUND('',#8389,.T.);
#9108=FACE_BOUND('',#8390,.T.);
#9109=FACE_BOUND('',#8391,.T.);
#9110=FACE_BOUND('',#8392,.T.);
#9111=FACE_BOUND('',#8393,.T.);
#9112=FACE_BOUND('',#8394,.T.);
#9113=FACE_BOUND('',#8395,.T.);
#9114=FACE_BOUND('',#8396,.T.);
#9115=FACE_BOUND('',#8397,.T.);
#9116=FACE_BOUND('',#8398,.T.);
#9117=FACE_BOUND('',#8399,.T.);
#9118=FACE_BOUND('',#8400,.T.);
#9119=FACE_BOUND('',#8401,.T.);
#9120=FACE_BOUND('',#8402,.T.);
#9121=FACE_BOUND('',#8403,.T.);
#9122=FACE_BOUND('',#8404,.T.);
#9123=FACE_BOUND('',#8405,.T.);
#9124=FACE_BOUND('',#8406,.T.);
#9125=FACE_BOUND('',#8407,.T.);
#9126=FACE_BOUND('',#8408,.T.);
#9127=FACE_BOUND('',#8409,.T.);
#9128=FACE_BOUND('',#8410,.T.);
#9129=FACE_BOUND('',#8411,.T.);
#9130=FACE_BOUND('',#8412,.T.);
#9131=FACE_BOUND('',#8413,.T.);
#9132=FACE_BOUND('',#8414,.T.);
#9133=FACE_BOUND('',#8415,.T.);
#9134=FACE_BOUND('',#8416,.T.);
#9135=FACE_BOUND('',#8417,.T.);
#9136=FACE_BOUND('',#8418,.T.);
#9137=FACE_BOUND('',#8419,.T.);
#9138=FACE_BOUND('',#8420,.T.);
#9139=FACE_BOUND('',#8421,.T.);
#9140=FACE_BOUND('',#8422,.T.);
#9141=FACE_BOUND('',#8423,.T.);
#9142=FACE_BOUND('',#8424,.T.);
#9143=FACE_BOUND('',#8425,.T.);
#9144=FACE_BOUND('',#8426,.T.);
#9145=FACE_BOUND('',#8427,.T.);
#9146=FACE_BOUND('',#8428,.T.);
#9147=FACE_BOUND('',#8429,.T.);
#9148=FACE_BOUND('',#8430,.T.);
#9149=FACE_BOUND('',#8431,.T.);
#9150=FACE_BOUND('',#8432,.T.);
#9151=FACE_BOUND('',#8433,.T.);
#9152=FACE_BOUND('',#8434,.T.);
#9153=FACE_BOUND('',#8435,.T.);
#9154=FACE_BOUND('',#8436,.T.);
#9155=FACE_BOUND('',#8437,.T.);
#9156=FACE_BOUND('',#8438,.T.);
#9157=FACE_BOUND('',#8439,.T.);
#9158=FACE_BOUND('',#8440,.T.);
#9159=FACE_BOUND('',#8441,.T.);
#9160=FACE_BOUND('',#8442,.T.);
#9161=FACE_BOUND('',#8443,.T.);
#9162=FACE_BOUND('',#8444,.T.);
#9163=FACE_BOUND('',#8445,.T.);
#9164=FACE_BOUND('',#8446,.T.);
#9165=FACE_BOUND('',#8447,.T.);
#9166=FACE_BOUND('',#8448,.T.);
#9167=FACE_BOUND('',#8449,.T.);
#9168=FACE_BOUND('',#8450,.T.);
#9169=FACE_BOUND('',#8451,.T.);
#9170=FACE_BOUND('',#8452,.T.);
#9171=FACE_BOUND('',#8453,.T.);
#9172=FACE_BOUND('',#8454,.T.);
#9173=FACE_BOUND('',#8455,.T.);
#9174=FACE_BOUND('',#8456,.T.);
#9175=FACE_BOUND('',#8457,.T.);
#9176=FACE_BOUND('',#8458,.T.);
#9177=FACE_BOUND('',#8459,.T.);
#9178=FACE_BOUND('',#8460,.T.);
#9179=FACE_BOUND('',#8461,.T.);
#9180=FACE_BOUND('',#8462,.T.);
#9181=FACE_BOUND('',#8463,.T.);
#9182=FACE_BOUND('',#8464,.T.);
#9183=FACE_BOUND('',#8465,.T.);
#9184=FACE_BOUND('',#8466,.T.);
#9185=FACE_BOUND('',#8467,.T.);
#9186=FACE_BOUND('',#8468,.T.);
#9187=FACE_BOUND('',#8469,.T.);
#9188=FACE_BOUND('',#8470,.T.);
#9189=FACE_BOUND('',#8471,.T.);
#9190=FACE_BOUND('',#8472,.T.);
#9191=FACE_BOUND('',#8473,.T.);
#9192=FACE_BOUND('',#8474,.T.);
#9193=FACE_BOUND('',#8475,.T.);
#9194=FACE_BOUND('',#8476,.T.);
#9195=FACE_BOUND('',#8477,.T.);
#9196=FACE_BOUND('',#8478,.T.);
#9197=FACE_BOUND('',#8479,.T.);
#9198=FACE_BOUND('',#8480,.T.);
#9199=FACE_BOUND('',#8481,.T.);
#9200=FACE_BOUND('',#8482,.T.);
#9201=FACE_BOUND('',#8483,.T.);
#9202=FACE_BOUND('',#8484,.T.);
#9203=FACE_BOUND('',#8485,.T.);
#9204=FACE_BOUND('',#8486,.T.);
#9205=FACE_BOUND('',#8487,.T.);
#9206=FACE_BOUND('',#8488,.T.);
#9207=FACE_BOUND('',#8489,.T.);
#9208=FACE_BOUND('',#8490,.T.);
#9209=FACE_BOUND('',#8491,.T.);
#9210=FACE_BOUND('',#8492,.T.);
#9211=FACE_BOUND('',#8493,.T.);
#9212=FACE_BOUND('',#8494,.T.);
#9213=FACE_BOUND('',#8495,.T.);
#9214=FACE_BOUND('',#8496,.T.);
#9215=FACE_BOUND('',#8497,.T.);
#9216=FACE_BOUND('',#8498,.T.);
#9217=FACE_BOUND('',#8499,.T.);
#9218=FACE_BOUND('',#8500,.T.);
#9219=FACE_BOUND('',#8501,.T.);
#9220=FACE_BOUND('',#8502,.T.);
#9221=FACE_BOUND('',#8503,.T.);
#9222=FACE_BOUND('',#8504,.T.);
#9223=FACE_BOUND('',#8505,.T.);
#9224=FACE_BOUND('',#8506,.T.);
#9225=FACE_BOUND('',#8507,.T.);
#9226=FACE_BOUND('',#8508,.T.);
#9227=FACE_BOUND('',#8509,.T.);
#9228=FACE_BOUND('',#8510,.T.);
#9229=FACE_BOUND('',#8511,.T.);
#9230=FACE_BOUND('',#8512,.T.);
#9231=FACE_BOUND('',#8513,.T.);
#9232=FACE_BOUND('',#8514,.T.);
#9233=FACE_BOUND('',#8515,.T.);
#9234=FACE_BOUND('',#8516,.T.);
#9235=FACE_BOUND('',#8517,.T.);
#9236=FACE_BOUND('',#8518,.T.);
#9237=FACE_BOUND('',#8519,.T.);
#9238=FACE_BOUND('',#8520,.T.);
#9239=FACE_BOUND('',#8521,.T.);
#9240=FACE_BOUND('',#8522,.T.);
#9241=FACE_BOUND('',#8523,.T.);
#9242=FACE_BOUND('',#8524,.T.);
#9243=FACE_BOUND('',#8525,.T.);
#9244=FACE_BOUND('',#8526,.T.);
#9245=FACE_BOUND('',#8527,.T.);
#9246=FACE_BOUND('',#8528,.T.);
#9247=FACE_BOUND('',#8529,.T.);
#9248=FACE_BOUND('',#8530,.T.);
#9249=FACE_BOUND('',#8531,.T.);
#9250=FACE_BOUND('',#8532,.T.);
#9251=FACE_BOUND('',#8533,.T.);
#9252=FACE_BOUND('',#8534,.T.);
#9253=FACE_BOUND('',#8535,.T.);
#9254=FACE_BOUND('',#8536,.T.);
#9255=FACE_BOUND('',#8537,.T.);
#9256=FACE_BOUND('',#8538,.T.);
#9257=FACE_BOUND('',#8539,.T.);
#9258=FACE_BOUND('',#8540,.T.);
#9259=FACE_BOUND('',#8541,.T.);
#9260=FACE_BOUND('',#8542,.T.);
#9261=FACE_BOUND('',#8543,.T.);
#9262=FACE_BOUND('',#8544,.T.);
#9263=FACE_BOUND('',#8545,.T.);
#9264=FACE_BOUND('',#8546,.T.);
#9265=FACE_BOUND('',#8547,.T.);
#9266=FACE_BOUND('',#8548,.T.);
#9267=FACE_BOUND('',#8549,.T.);
#9268=FACE_BOUND('',#8550,.T.);
#9269=FACE_BOUND('',#8551,.T.);
#9270=FACE_BOUND('',#8552,.T.);
#9271=FACE_BOUND('',#8553,.T.);
#9272=FACE_BOUND('',#8554,.T.);
#9273=FACE_BOUND('',#8555,.T.);
#9274=FACE_BOUND('',#8556,.T.);
#9275=FACE_BOUND('',#8557,.T.);
#9276=FACE_BOUND('',#8558,.T.);
#9277=FACE_BOUND('',#8559,.T.);
#9278=FACE_BOUND('',#8560,.T.);
#9279=FACE_BOUND('',#8561,.T.);
#9280=FACE_BOUND('',#8562,.T.);
#9281=FACE_BOUND('',#8563,.T.);
#9282=FACE_BOUND('',#8564,.T.);
#9283=FACE_BOUND('',#8565,.T.);
#9284=FACE_BOUND('',#8566,.T.);
#9285=FACE_BOUND('',#8567,.T.);
#9286=FACE_BOUND('',#8568,.T.);
#9287=FACE_BOUND('',#8569,.T.);
#9288=FACE_BOUND('',#8570,.T.);
#9289=FACE_BOUND('',#8571,.T.);
#9290=FACE_BOUND('',#8572,.T.);
#9291=FACE_BOUND('',#8573,.T.);
#9292=FACE_BOUND('',#8574,.T.);
#9293=FACE_BOUND('',#8575,.T.);
#9294=FACE_BOUND('',#8576,.T.);
#9295=FACE_BOUND('',#8577,.T.);
#9296=FACE_BOUND('',#8578,.T.);
#9297=FACE_BOUND('',#8579,.T.);
#9298=FACE_BOUND('',#8580,.T.);
#9299=FACE_BOUND('',#8581,.T.);
#9300=FACE_BOUND('',#8582,.T.);
#9301=FACE_BOUND('',#8583,.T.);
#9302=FACE_BOUND('',#8584,.T.);
#9303=FACE_BOUND('',#8585,.T.);
#9304=FACE_BOUND('',#8586,.T.);
#9305=FACE_BOUND('',#8587,.T.);
#9306=FACE_BOUND('',#8588,.T.);
#9307=FACE_BOUND('',#8589,.T.);
#9308=FACE_BOUND('',#8590,.T.);
#9309=FACE_BOUND('',#8591,.T.);
#9310=FACE_BOUND('',#8592,.T.);
#9311=FACE_BOUND('',#8593,.T.);
#9312=FACE_BOUND('',#8594,.T.);
#9313=FACE_BOUND('',#8595,.T.);
#9314=FACE_BOUND('',#8596,.T.);
#9315=FACE_BOUND('',#8597,.T.);
#9316=FACE_BOUND('',#8598,.T.);
#9317=FACE_BOUND('',#8599,.T.);
#9318=FACE_BOUND('',#8600,.T.);
#9319=FACE_BOUND('',#8601,.T.);
#9320=FACE_BOUND('',#8602,.T.);
#9321=FACE_BOUND('',#8603,.T.);
#9322=FACE_BOUND('',#8604,.T.);
#9323=FACE_BOUND('',#8605,.T.);
#9324=FACE_BOUND('',#8606,.T.);
#9325=FACE_BOUND('',#8607,.T.);
#9326=FACE_BOUND('',#8608,.T.);
#9327=FACE_BOUND('',#8609,.T.);
#9328=FACE_BOUND('',#8610,.T.);
#9329=FACE_BOUND('',#8611,.T.);
#9330=FACE_BOUND('',#8612,.T.);
#9331=FACE_BOUND('',#8613,.T.);
#9332=FACE_BOUND('',#8614,.T.);
#9333=FACE_BOUND('',#8615,.T.);
#9334=FACE_BOUND('',#8616,.T.);
#9335=FACE_BOUND('',#8617,.T.);
#9336=FACE_BOUND('',#8618,.T.);
#9337=FACE_BOUND('',#8619,.T.);
#9338=FACE_BOUND('',#8620,.T.);
#9339=FACE_BOUND('',#8621,.T.);
#9340=FACE_BOUND('',#8622,.T.);
#9341=FACE_BOUND('',#8623,.T.);
#9342=FACE_BOUND('',#8624,.T.);
#9343=FACE_BOUND('',#8625,.T.);
#9344=FACE_BOUND('',#8626,.T.);
#9345=FACE_BOUND('',#8627,.T.);
#9346=FACE_BOUND('',#8628,.T.);
#9347=FACE_BOUND('',#8629,.T.);
#9348=FACE_BOUND('',#8630,.T.);
#9349=FACE_BOUND('',#8631,.T.);
#9350=FACE_BOUND('',#8632,.T.);
#9351=FACE_BOUND('',#8633,.T.);
#9352=FACE_BOUND('',#8634,.T.);
#9353=FACE_BOUND('',#8635,.T.);
#9354=FACE_BOUND('',#8636,.T.);
#9355=FACE_BOUND('',#8637,.T.);
#9356=FACE_BOUND('',#8638,.T.);
#9357=FACE_BOUND('',#8639,.T.);
#9358=FACE_BOUND('',#8640,.T.);
#9359=FACE_BOUND('',#8641,.T.);
#9360=FACE_BOUND('',#8642,.T.);
#9361=FACE_BOUND('',#8643,.T.);
#9362=FACE_BOUND('',#8644,.T.);
#9363=FACE_BOUND('',#8645,.T.);
#9364=FACE_BOUND('',#8646,.T.);
#9365=FACE_BOUND('',#8647,.T.);
#9366=FACE_BOUND('',#8648,.T.);
#9367=FACE_BOUND('',#8649,.T.);
#9368=FACE_BOUND('',#8650,.T.);
#9369=FACE_BOUND('',#8651,.T.);
#9370=FACE_BOUND('',#8652,.T.);
#9371=FACE_BOUND('',#8653,.T.);
#9372=FACE_BOUND('',#8654,.T.);
#9373=FACE_BOUND('',#8655,.T.);
#9374=FACE_BOUND('',#8656,.T.);
#9375=FACE_BOUND('',#8657,.T.);
#9376=FACE_BOUND('',#8658,.T.);
#9377=FACE_BOUND('',#8659,.T.);
#9378=FACE_BOUND('',#8660,.T.);
#9379=FACE_BOUND('',#8661,.T.);
#9380=FACE_BOUND('',#8662,.T.);
#9381=FACE_BOUND('',#8663,.T.);
#9382=FACE_BOUND('',#8664,.T.);
#9383=FACE_BOUND('',#8665,.T.);
#9384=FACE_BOUND('',#8666,.T.);
#9385=FACE_BOUND('',#8667,.T.);
#9386=FACE_BOUND('',#8668,.T.);
#9387=FACE_BOUND('',#8669,.T.);
#9388=FACE_BOUND('',#8670,.T.);
#9389=FACE_BOUND('',#8671,.T.);
#9390=FACE_BOUND('',#8672,.T.);
#9391=FACE_BOUND('',#8673,.T.);
#9392=FACE_BOUND('',#8674,.T.);
#9393=FACE_BOUND('',#8675,.T.);
#9394=FACE_BOUND('',#8676,.T.);
#9395=FACE_BOUND('',#8677,.T.);
#9396=FACE_BOUND('',#8678,.T.);
#9397=FACE_BOUND('',#8679,.T.);
#9398=FACE_BOUND('',#8680,.T.);
#9399=FACE_BOUND('',#8681,.T.);
#9400=FACE_BOUND('',#8682,.T.);
#9401=FACE_BOUND('',#8683,.T.);
#9402=FACE_BOUND('',#8684,.T.);
#9403=FACE_BOUND('',#8685,.T.);
#9404=FACE_BOUND('',#8686,.T.);
#9405=FACE_BOUND('',#8687,.T.);
#9406=FACE_BOUND('',#8688,.T.);
#9407=FACE_BOUND('',#8689,.T.);
#9408=FACE_BOUND('',#8690,.T.);
#9409=FACE_BOUND('',#8691,.T.);
#9410=FACE_BOUND('',#8692,.T.);
#9411=FACE_BOUND('',#8693,.T.);
#9412=FACE_BOUND('',#8694,.T.);
#9413=FACE_BOUND('',#8695,.T.);
#9414=FACE_BOUND('',#8696,.T.);
#9415=FACE_BOUND('',#8697,.T.);
#9416=FACE_BOUND('',#8698,.T.);
#9417=FACE_BOUND('',#8699,.T.);
#9418=FACE_BOUND('',#8700,.T.);
#9419=FACE_BOUND('',#8701,.T.);
#9420=FACE_BOUND('',#8702,.T.);
#9421=FACE_BOUND('',#8703,.T.);
#9422=FACE_BOUND('',#8704,.T.);
#9423=FACE_BOUND('',#8705,.T.);
#9424=FACE_BOUND('',#8706,.T.);
#9425=FACE_BOUND('',#8707,.T.);
#9426=FACE_BOUND('',#8708,.T.);
#9427=FACE_BOUND('',#8709,.T.);
#9428=FACE_BOUND('',#8710,.T.);
#9429=FACE_BOUND('',#8711,.T.);
#9430=FACE_BOUND('',#8712,.T.);
#9431=FACE_BOUND('',#8713,.T.);
#9432=FACE_BOUND('',#8714,.T.);
#9433=FACE_BOUND('',#8715,.T.);
#9434=FACE_BOUND('',#8716,.T.);
#9435=FACE_BOUND('',#8717,.T.);
#9436=FACE_BOUND('',#8718,.T.);
#9437=FACE_BOUND('',#8719,.T.);
#9438=FACE_BOUND('',#8720,.T.);
#9439=FACE_BOUND('',#8721,.T.);
#9440=FACE_BOUND('',#8722,.T.);
#9441=FACE_BOUND('',#8723,.T.);
#9442=FACE_BOUND('',#8724,.T.);
#9443=FACE_BOUND('',#8725,.T.);
#9444=FACE_BOUND('',#8726,.T.);
#9445=FACE_BOUND('',#8727,.T.);
#9446=FACE_BOUND('',#8728,.T.);
#9447=FACE_BOUND('',#8729,.T.);
#9448=FACE_BOUND('',#8730,.T.);
#9449=FACE_BOUND('',#8731,.T.);
#9450=FACE_BOUND('',#8732,.T.);
#9451=FACE_BOUND('',#8733,.T.);
#9452=FACE_BOUND('',#8734,.T.);
#9453=FACE_BOUND('',#8735,.T.);
#9454=FACE_BOUND('',#8736,.T.);
#9455=FACE_BOUND('',#8737,.T.);
#9456=FACE_BOUND('',#8738,.T.);
#9457=FACE_BOUND('',#8739,.T.);
#9458=FACE_BOUND('',#8740,.T.);
#9459=FACE_BOUND('',#8741,.T.);
#9460=FACE_BOUND('',#8742,.T.);
#9461=FACE_BOUND('',#8743,.T.);
#9462=FACE_BOUND('',#8744,.T.);
#9463=FACE_BOUND('',#8745,.T.);
#9464=FACE_BOUND('',#8746,.T.);
#9465=FACE_BOUND('',#8747,.T.);
#9466=FACE_BOUND('',#8748,.T.);
#9467=FACE_BOUND('',#8749,.T.);
#9468=FACE_BOUND('',#8750,.T.);
#9469=FACE_BOUND('',#8751,.T.);
#9470=FACE_BOUND('',#8752,.T.);
#9471=FACE_BOUND('',#8753,.T.);
#9472=FACE_BOUND('',#8754,.T.);
#9473=FACE_BOUND('',#8755,.T.);
#9474=FACE_BOUND('',#8756,.T.);
#9475=FACE_BOUND('',#8757,.T.);
#9476=FACE_BOUND('',#8758,.T.);
#9477=FACE_BOUND('',#8759,.T.);
#9478=FACE_BOUND('',#8760,.T.);
#9479=FACE_BOUND('',#8761,.T.);
#9480=FACE_BOUND('',#8762,.T.);
#9481=FACE_BOUND('',#8763,.T.);
#9482=FACE_BOUND('',#8764,.T.);
#9483=FACE_BOUND('',#8765,.T.);
#9484=FACE_BOUND('',#8766,.T.);
#9485=FACE_BOUND('',#8767,.T.);
#9486=FACE_BOUND('',#8768,.T.);
#9487=FACE_BOUND('',#8769,.T.);
#9488=FACE_BOUND('',#8770,.T.);
#9489=FACE_BOUND('',#8771,.T.);
#9490=FACE_BOUND('',#8772,.T.);
#9491=FACE_BOUND('',#8773,.T.);
#9492=FACE_BOUND('',#8774,.T.);
#9493=FACE_BOUND('',#8775,.T.);
#9494=FACE_BOUND('',#8776,.T.);
#9495=FACE_BOUND('',#8777,.T.);
#9496=FACE_BOUND('',#8778,.T.);
#9497=FACE_BOUND('',#8779,.T.);
#9498=FACE_BOUND('',#8780,.T.);
#9499=FACE_BOUND('',#8781,.T.);
#9500=FACE_BOUND('',#8782,.T.);
#9501=FACE_BOUND('',#8783,.T.);
#9502=FACE_BOUND('',#8784,.T.);
#9503=FACE_BOUND('',#8785,.T.);
#9504=FACE_BOUND('',#8786,.T.);
#9505=FACE_BOUND('',#8787,.T.);
#9506=FACE_BOUND('',#8788,.T.);
#9507=FACE_BOUND('',#8789,.T.);
#9508=FACE_BOUND('',#8790,.T.);
#9509=FACE_BOUND('',#8791,.T.);
#9510=FACE_BOUND('',#8792,.T.);
#9511=FACE_BOUND('',#8793,.T.);
#9512=FACE_BOUND('',#8794,.T.);
#9513=CYLINDRICAL_SURFACE('',#10687,0.021);
#9514=CYLINDRICAL_SURFACE('',#11260,0.0366683270249522);
#9515=CYLINDRICAL_SURFACE('',#11833,0.0366683270249522);
#9516=CYLINDRICAL_SURFACE('',#11836,0.0359063270249522);
#9517=CYLINDRICAL_SURFACE('',#11839,0.0002);
#9518=CYLINDRICAL_SURFACE('',#11840,0.0002);
#9519=CYLINDRICAL_SURFACE('',#11841,0.000629935561841266);
#9520=CYLINDRICAL_SURFACE('',#11842,0.0359063270249522);
#9521=CYLINDRICAL_SURFACE('',#11845,0.0002);
#9522=CYLINDRICAL_SURFACE('',#11846,0.0002);
#9523=CYLINDRICAL_SURFACE('',#11847,0.000629935561841266);
#9524=CYLINDRICAL_SURFACE('',#11848,0.0359063270249522);
#9525=CYLINDRICAL_SURFACE('',#11851,0.0002);
#9526=CYLINDRICAL_SURFACE('',#11852,0.0002);
#9527=CYLINDRICAL_SURFACE('',#11853,0.000629935561841266);
#9528=CYLINDRICAL_SURFACE('',#11854,0.0359063270249522);
#9529=CYLINDRICAL_SURFACE('',#11857,0.0002);
#9530=CYLINDRICAL_SURFACE('',#11858,0.0002);
#9531=CYLINDRICAL_SURFACE('',#11859,0.000629935561841266);
#9532=CYLINDRICAL_SURFACE('',#11860,0.0359063270249522);
#9533=CYLINDRICAL_SURFACE('',#11863,0.0002);
#9534=CYLINDRICAL_SURFACE('',#11864,0.0002);
#9535=CYLINDRICAL_SURFACE('',#11865,0.000629935561841266);
#9536=CYLINDRICAL_SURFACE('',#11866,0.0359063270249522);
#9537=CYLINDRICAL_SURFACE('',#11869,0.0002);
#9538=CYLINDRICAL_SURFACE('',#11870,0.0002);
#9539=CYLINDRICAL_SURFACE('',#11871,0.000629935561841266);
#9540=CYLINDRICAL_SURFACE('',#11872,0.0359063270249522);
#9541=CYLINDRICAL_SURFACE('',#11875,0.0002);
#9542=CYLINDRICAL_SURFACE('',#11876,0.0002);
#9543=CYLINDRICAL_SURFACE('',#11877,0.000629935561841266);
#9544=CYLINDRICAL_SURFACE('',#11878,0.0359063270249522);
#9545=CYLINDRICAL_SURFACE('',#11881,0.0002);
#9546=CYLINDRICAL_SURFACE('',#11882,0.0002);
#9547=CYLINDRICAL_SURFACE('',#11883,0.000629935561841266);
#9548=CYLINDRICAL_SURFACE('',#11884,0.0359063270249522);
#9549=CYLINDRICAL_SURFACE('',#11887,0.0002);
#9550=CYLINDRICAL_SURFACE('',#11888,0.0002);
#9551=CYLINDRICAL_SURFACE('',#11889,0.000629935561841266);
#9552=CYLINDRICAL_SURFACE('',#11890,0.0359063270249522);
#9553=CYLINDRICAL_SURFACE('',#11893,0.0002);
#9554=CYLINDRICAL_SURFACE('',#11894,0.0002);
#9555=CYLINDRICAL_SURFACE('',#11895,0.000629935561841266);
#9556=CYLINDRICAL_SURFACE('',#11896,0.0359063270249522);
#9557=CYLINDRICAL_SURFACE('',#11899,0.0002);
#9558=CYLINDRICAL_SURFACE('',#11900,0.0002);
#9559=CYLINDRICAL_SURFACE('',#11901,0.000629935561841266);
#9560=CYLINDRICAL_SURFACE('',#11902,0.0359063270249522);
#9561=CYLINDRICAL_SURFACE('',#11905,0.0002);
#9562=CYLINDRICAL_SURFACE('',#11906,0.0002);
#9563=CYLINDRICAL_SURFACE('',#11907,0.000629935561841266);
#9564=CYLINDRICAL_SURFACE('',#11908,0.0359063270249522);
#9565=CYLINDRICAL_SURFACE('',#11911,0.0002);
#9566=CYLINDRICAL_SURFACE('',#11912,0.0002);
#9567=CYLINDRICAL_SURFACE('',#11913,0.000629935561841266);
#9568=CYLINDRICAL_SURFACE('',#11914,0.0359063270249522);
#9569=CYLINDRICAL_SURFACE('',#11917,0.0002);
#9570=CYLINDRICAL_SURFACE('',#11918,0.0002);
#9571=CYLINDRICAL_SURFACE('',#11919,0.000629935561841266);
#9572=CYLINDRICAL_SURFACE('',#11920,0.0359063270249522);
#9573=CYLINDRICAL_SURFACE('',#11923,0.0002);
#9574=CYLINDRICAL_SURFACE('',#11924,0.0002);
#9575=CYLINDRICAL_SURFACE('',#11925,0.000629935561841266);
#9576=CYLINDRICAL_SURFACE('',#11926,0.0359063270249522);
#9577=CYLINDRICAL_SURFACE('',#11929,0.0002);
#9578=CYLINDRICAL_SURFACE('',#11930,0.0002);
#9579=CYLINDRICAL_SURFACE('',#11931,0.000629935561841266);
#9580=CYLINDRICAL_SURFACE('',#11932,0.0359063270249522);
#9581=CYLINDRICAL_SURFACE('',#11935,0.0002);
#9582=CYLINDRICAL_SURFACE('',#11936,0.0002);
#9583=CYLINDRICAL_SURFACE('',#11937,0.000629935561841266);
#9584=CYLINDRICAL_SURFACE('',#11938,0.0359063270249522);
#9585=CYLINDRICAL_SURFACE('',#11941,0.0002);
#9586=CYLINDRICAL_SURFACE('',#11942,0.0002);
#9587=CYLINDRICAL_SURFACE('',#11943,0.000629935561841266);
#9588=CYLINDRICAL_SURFACE('',#11944,0.0359063270249522);
#9589=CYLINDRICAL_SURFACE('',#11947,0.0002);
#9590=CYLINDRICAL_SURFACE('',#11948,0.0002);
#9591=CYLINDRICAL_SURFACE('',#11949,0.000629935561841266);
#9592=CYLINDRICAL_SURFACE('',#11950,0.0359063270249522);
#9593=CYLINDRICAL_SURFACE('',#11953,0.0002);
#9594=CYLINDRICAL_SURFACE('',#11954,0.0002);
#9595=CYLINDRICAL_SURFACE('',#11955,0.000629935561841266);
#9596=CYLINDRICAL_SURFACE('',#11956,0.0359063270249522);
#9597=CYLINDRICAL_SURFACE('',#11959,0.0002);
#9598=CYLINDRICAL_SURFACE('',#11960,0.0002);
#9599=CYLINDRICAL_SURFACE('',#11961,0.000629935561841266);
#9600=CYLINDRICAL_SURFACE('',#11962,0.0359063270249522);
#9601=CYLINDRICAL_SURFACE('',#11965,0.0002);
#9602=CYLINDRICAL_SURFACE('',#11966,0.0002);
#9603=CYLINDRICAL_SURFACE('',#11967,0.000629935561841266);
#9604=CYLINDRICAL_SURFACE('',#11968,0.0359063270249522);
#9605=CYLINDRICAL_SURFACE('',#11971,0.0002);
#9606=CYLINDRICAL_SURFACE('',#11972,0.0002);
#9607=CYLINDRICAL_SURFACE('',#11973,0.000629935561841266);
#9608=CYLINDRICAL_SURFACE('',#11974,0.0359063270249522);
#9609=CYLINDRICAL_SURFACE('',#11977,0.0002);
#9610=CYLINDRICAL_SURFACE('',#11978,0.0002);
#9611=CYLINDRICAL_SURFACE('',#11979,0.000629935561841266);
#9612=CYLINDRICAL_SURFACE('',#11980,0.0359063270249522);
#9613=CYLINDRICAL_SURFACE('',#11983,0.0002);
#9614=CYLINDRICAL_SURFACE('',#11984,0.0002);
#9615=CYLINDRICAL_SURFACE('',#11985,0.000629935561841266);
#9616=CYLINDRICAL_SURFACE('',#11986,0.0359063270249522);
#9617=CYLINDRICAL_SURFACE('',#11989,0.0002);
#9618=CYLINDRICAL_SURFACE('',#11990,0.0002);
#9619=CYLINDRICAL_SURFACE('',#11991,0.000629935561841266);
#9620=CYLINDRICAL_SURFACE('',#11992,0.0359063270249522);
#9621=CYLINDRICAL_SURFACE('',#11995,0.0002);
#9622=CYLINDRICAL_SURFACE('',#11996,0.0002);
#9623=CYLINDRICAL_SURFACE('',#11997,0.000629935561841266);
#9624=CYLINDRICAL_SURFACE('',#11998,0.0359063270249522);
#9625=CYLINDRICAL_SURFACE('',#12001,0.0002);
#9626=CYLINDRICAL_SURFACE('',#12002,0.0002);
#9627=CYLINDRICAL_SURFACE('',#12003,0.000629935561841266);
#9628=CYLINDRICAL_SURFACE('',#12004,0.0359063270249522);
#9629=CYLINDRICAL_SURFACE('',#12007,0.0002);
#9630=CYLINDRICAL_SURFACE('',#12008,0.0002);
#9631=CYLINDRICAL_SURFACE('',#12009,0.000629935561841266);
#9632=CYLINDRICAL_SURFACE('',#12010,0.0359063270249522);
#9633=CYLINDRICAL_SURFACE('',#12013,0.0002);
#9634=CYLINDRICAL_SURFACE('',#12014,0.0002);
#9635=CYLINDRICAL_SURFACE('',#12015,0.000629935561841266);
#9636=CYLINDRICAL_SURFACE('',#12016,0.0359063270249522);
#9637=CYLINDRICAL_SURFACE('',#12019,0.0002);
#9638=CYLINDRICAL_SURFACE('',#12020,0.0002);
#9639=CYLINDRICAL_SURFACE('',#12021,0.000629935561841266);
#9640=CYLINDRICAL_SURFACE('',#12022,0.0359063270249522);
#9641=CYLINDRICAL_SURFACE('',#12025,0.0002);
#9642=CYLINDRICAL_SURFACE('',#12026,0.0002);
#9643=CYLINDRICAL_SURFACE('',#12027,0.000629935561841266);
#9644=CYLINDRICAL_SURFACE('',#12028,0.0359063270249522);
#9645=CYLINDRICAL_SURFACE('',#12031,0.0002);
#9646=CYLINDRICAL_SURFACE('',#12032,0.0002);
#9647=CYLINDRICAL_SURFACE('',#12033,0.000629935561841266);
#9648=CYLINDRICAL_SURFACE('',#12034,0.0359063270249522);
#9649=CYLINDRICAL_SURFACE('',#12037,0.0002);
#9650=CYLINDRICAL_SURFACE('',#12038,0.0002);
#9651=CYLINDRICAL_SURFACE('',#12039,0.000629935561841266);
#9652=CYLINDRICAL_SURFACE('',#12040,0.0359063270249522);
#9653=CYLINDRICAL_SURFACE('',#12043,0.0002);
#9654=CYLINDRICAL_SURFACE('',#12044,0.0002);
#9655=CYLINDRICAL_SURFACE('',#12045,0.000629935561841266);
#9656=CYLINDRICAL_SURFACE('',#12046,0.0359063270249522);
#9657=CYLINDRICAL_SURFACE('',#12049,0.0002);
#9658=CYLINDRICAL_SURFACE('',#12050,0.0002);
#9659=CYLINDRICAL_SURFACE('',#12051,0.000629935561841266);
#9660=CYLINDRICAL_SURFACE('',#12052,0.0359063270249522);
#9661=CYLINDRICAL_SURFACE('',#12055,0.0002);
#9662=CYLINDRICAL_SURFACE('',#12056,0.0002);
#9663=CYLINDRICAL_SURFACE('',#12057,0.000629935561841266);
#9664=CYLINDRICAL_SURFACE('',#12058,0.0359063270249522);
#9665=CYLINDRICAL_SURFACE('',#12061,0.0002);
#9666=CYLINDRICAL_SURFACE('',#12062,0.0002);
#9667=CYLINDRICAL_SURFACE('',#12063,0.000629935561841266);
#9668=CYLINDRICAL_SURFACE('',#12064,0.0359063270249522);
#9669=CYLINDRICAL_SURFACE('',#12067,0.0002);
#9670=CYLINDRICAL_SURFACE('',#12068,0.0002);
#9671=CYLINDRICAL_SURFACE('',#12069,0.000629935561841266);
#9672=CYLINDRICAL_SURFACE('',#12070,0.0359063270249522);
#9673=CYLINDRICAL_SURFACE('',#12073,0.0002);
#9674=CYLINDRICAL_SURFACE('',#12074,0.0002);
#9675=CYLINDRICAL_SURFACE('',#12075,0.000629935561841266);
#9676=CYLINDRICAL_SURFACE('',#12076,0.0359063270249522);
#9677=CYLINDRICAL_SURFACE('',#12079,0.0002);
#9678=CYLINDRICAL_SURFACE('',#12080,0.0002);
#9679=CYLINDRICAL_SURFACE('',#12081,0.000629935561841266);
#9680=CYLINDRICAL_SURFACE('',#12082,0.0359063270249522);
#9681=CYLINDRICAL_SURFACE('',#12085,0.0002);
#9682=CYLINDRICAL_SURFACE('',#12086,0.0002);
#9683=CYLINDRICAL_SURFACE('',#12087,0.000629935561841266);
#9684=CYLINDRICAL_SURFACE('',#12088,0.0359063270249522);
#9685=CYLINDRICAL_SURFACE('',#12091,0.0002);
#9686=CYLINDRICAL_SURFACE('',#12092,0.0002);
#9687=CYLINDRICAL_SURFACE('',#12093,0.000629935561841266);
#9688=CYLINDRICAL_SURFACE('',#12094,0.0359063270249522);
#9689=CYLINDRICAL_SURFACE('',#12097,0.0002);
#9690=CYLINDRICAL_SURFACE('',#12098,0.0002);
#9691=CYLINDRICAL_SURFACE('',#12099,0.000629935561841266);
#9692=CYLINDRICAL_SURFACE('',#12100,0.0359063270249522);
#9693=CYLINDRICAL_SURFACE('',#12103,0.0002);
#9694=CYLINDRICAL_SURFACE('',#12104,0.0002);
#9695=CYLINDRICAL_SURFACE('',#12105,0.000629935561841266);
#9696=CYLINDRICAL_SURFACE('',#12106,0.0359063270249522);
#9697=CYLINDRICAL_SURFACE('',#12109,0.0002);
#9698=CYLINDRICAL_SURFACE('',#12110,0.0002);
#9699=CYLINDRICAL_SURFACE('',#12111,0.000629935561841266);
#9700=CYLINDRICAL_SURFACE('',#12112,0.0359063270249522);
#9701=CYLINDRICAL_SURFACE('',#12115,0.0002);
#9702=CYLINDRICAL_SURFACE('',#12116,0.0002);
#9703=CYLINDRICAL_SURFACE('',#12117,0.000629935561841266);
#9704=CYLINDRICAL_SURFACE('',#12118,0.0359063270249522);
#9705=CYLINDRICAL_SURFACE('',#12121,0.0002);
#9706=CYLINDRICAL_SURFACE('',#12122,0.0002);
#9707=CYLINDRICAL_SURFACE('',#12123,0.000629935561841266);
#9708=CYLINDRICAL_SURFACE('',#12124,0.0359063270249522);
#9709=CYLINDRICAL_SURFACE('',#12127,0.0002);
#9710=CYLINDRICAL_SURFACE('',#12128,0.0002);
#9711=CYLINDRICAL_SURFACE('',#12129,0.000629935561841266);
#9712=CYLINDRICAL_SURFACE('',#12130,0.0359063270249522);
#9713=CYLINDRICAL_SURFACE('',#12133,0.0002);
#9714=CYLINDRICAL_SURFACE('',#12134,0.0002);
#9715=CYLINDRICAL_SURFACE('',#12135,0.000629935561841266);
#9716=CYLINDRICAL_SURFACE('',#12136,0.0359063270249522);
#9717=CYLINDRICAL_SURFACE('',#12139,0.0002);
#9718=CYLINDRICAL_SURFACE('',#12140,0.0002);
#9719=CYLINDRICAL_SURFACE('',#12141,0.000629935561841266);
#9720=CYLINDRICAL_SURFACE('',#12142,0.0359063270249522);
#9721=CYLINDRICAL_SURFACE('',#12145,0.0002);
#9722=CYLINDRICAL_SURFACE('',#12146,0.0002);
#9723=CYLINDRICAL_SURFACE('',#12147,0.000629935561841266);
#9724=CYLINDRICAL_SURFACE('',#12148,0.0359063270249522);
#9725=CYLINDRICAL_SURFACE('',#12151,0.0002);
#9726=CYLINDRICAL_SURFACE('',#12152,0.0002);
#9727=CYLINDRICAL_SURFACE('',#12153,0.000629935561841266);
#9728=CYLINDRICAL_SURFACE('',#12154,0.0359063270249522);
#9729=CYLINDRICAL_SURFACE('',#12157,0.0002);
#9730=CYLINDRICAL_SURFACE('',#12158,0.0002);
#9731=CYLINDRICAL_SURFACE('',#12159,0.000629935561841266);
#9732=CYLINDRICAL_SURFACE('',#12160,0.0359063270249522);
#9733=CYLINDRICAL_SURFACE('',#12163,0.0002);
#9734=CYLINDRICAL_SURFACE('',#12164,0.0002);
#9735=CYLINDRICAL_SURFACE('',#12165,0.000629935561841266);
#9736=CYLINDRICAL_SURFACE('',#12166,0.0359063270249522);
#9737=CYLINDRICAL_SURFACE('',#12169,0.0002);
#9738=CYLINDRICAL_SURFACE('',#12170,0.0002);
#9739=CYLINDRICAL_SURFACE('',#12171,0.000629935561841266);
#9740=CYLINDRICAL_SURFACE('',#12172,0.0359063270249522);
#9741=CYLINDRICAL_SURFACE('',#12175,0.0002);
#9742=CYLINDRICAL_SURFACE('',#12176,0.0002);
#9743=CYLINDRICAL_SURFACE('',#12177,0.000629935561841266);
#9744=CYLINDRICAL_SURFACE('',#12178,0.0359063270249522);
#9745=CYLINDRICAL_SURFACE('',#12181,0.0002);
#9746=CYLINDRICAL_SURFACE('',#12182,0.0002);
#9747=CYLINDRICAL_SURFACE('',#12183,0.000629935561841266);
#9748=CYLINDRICAL_SURFACE('',#12184,0.0359063270249522);
#9749=CYLINDRICAL_SURFACE('',#12187,0.0002);
#9750=CYLINDRICAL_SURFACE('',#12188,0.0002);
#9751=CYLINDRICAL_SURFACE('',#12189,0.000629935561841266);
#9752=CYLINDRICAL_SURFACE('',#12190,0.0359063270249522);
#9753=CYLINDRICAL_SURFACE('',#12193,0.0002);
#9754=CYLINDRICAL_SURFACE('',#12194,0.0002);
#9755=CYLINDRICAL_SURFACE('',#12195,0.000629935561841266);
#9756=CYLINDRICAL_SURFACE('',#12196,0.0359063270249522);
#9757=CYLINDRICAL_SURFACE('',#12199,0.0002);
#9758=CYLINDRICAL_SURFACE('',#12200,0.0002);
#9759=CYLINDRICAL_SURFACE('',#12201,0.000629935561841266);
#9760=CYLINDRICAL_SURFACE('',#12202,0.0359063270249522);
#9761=CYLINDRICAL_SURFACE('',#12205,0.0002);
#9762=CYLINDRICAL_SURFACE('',#12206,0.0002);
#9763=CYLINDRICAL_SURFACE('',#12207,0.000629935561841266);
#9764=CYLINDRICAL_SURFACE('',#12208,0.0359063270249522);
#9765=CYLINDRICAL_SURFACE('',#12211,0.0002);
#9766=CYLINDRICAL_SURFACE('',#12212,0.0002);
#9767=CYLINDRICAL_SURFACE('',#12213,0.000629935561841266);
#9768=CYLINDRICAL_SURFACE('',#12214,0.0359063270249522);
#9769=CYLINDRICAL_SURFACE('',#12217,0.0002);
#9770=CYLINDRICAL_SURFACE('',#12218,0.0002);
#9771=CYLINDRICAL_SURFACE('',#12219,0.000629935561841266);
#9772=CYLINDRICAL_SURFACE('',#12220,0.0359063270249522);
#9773=CYLINDRICAL_SURFACE('',#12223,0.0002);
#9774=CYLINDRICAL_SURFACE('',#12224,0.0002);
#9775=CYLINDRICAL_SURFACE('',#12225,0.000629935561841266);
#9776=CYLINDRICAL_SURFACE('',#12226,0.0359063270249522);
#9777=CYLINDRICAL_SURFACE('',#12229,0.0002);
#9778=CYLINDRICAL_SURFACE('',#12230,0.0002);
#9779=CYLINDRICAL_SURFACE('',#12231,0.000629935561841266);
#9780=CYLINDRICAL_SURFACE('',#12232,0.0359063270249522);
#9781=CYLINDRICAL_SURFACE('',#12235,0.0002);
#9782=CYLINDRICAL_SURFACE('',#12236,0.0002);
#9783=CYLINDRICAL_SURFACE('',#12237,0.000629935561841266);
#9784=CYLINDRICAL_SURFACE('',#12238,0.0359063270249522);
#9785=CYLINDRICAL_SURFACE('',#12241,0.0002);
#9786=CYLINDRICAL_SURFACE('',#12242,0.0002);
#9787=CYLINDRICAL_SURFACE('',#12243,0.000629935561841266);
#9788=CYLINDRICAL_SURFACE('',#12244,0.0359063270249522);
#9789=CYLINDRICAL_SURFACE('',#12247,0.0002);
#9790=CYLINDRICAL_SURFACE('',#12248,0.0002);
#9791=CYLINDRICAL_SURFACE('',#12249,0.000629935561841266);
#9792=CYLINDRICAL_SURFACE('',#12250,0.0359063270249522);
#9793=CYLINDRICAL_SURFACE('',#12253,0.0002);
#9794=CYLINDRICAL_SURFACE('',#12254,0.0002);
#9795=CYLINDRICAL_SURFACE('',#12255,0.000629935561841266);
#9796=CYLINDRICAL_SURFACE('',#12256,0.0359063270249522);
#9797=CYLINDRICAL_SURFACE('',#12259,0.0002);
#9798=CYLINDRICAL_SURFACE('',#12260,0.0002);
#9799=CYLINDRICAL_SURFACE('',#12261,0.000629935561841266);
#9800=CYLINDRICAL_SURFACE('',#12262,0.0359063270249522);
#9801=CYLINDRICAL_SURFACE('',#12265,0.0002);
#9802=CYLINDRICAL_SURFACE('',#12266,0.0002);
#9803=CYLINDRICAL_SURFACE('',#12267,0.000629935561841266);
#9804=CYLINDRICAL_SURFACE('',#12268,0.0359063270249522);
#9805=CYLINDRICAL_SURFACE('',#12271,0.0002);
#9806=CYLINDRICAL_SURFACE('',#12272,0.0002);
#9807=CYLINDRICAL_SURFACE('',#12273,0.000629935561841266);
#9808=CYLINDRICAL_SURFACE('',#12274,0.0359063270249522);
#9809=CYLINDRICAL_SURFACE('',#12277,0.0002);
#9810=CYLINDRICAL_SURFACE('',#12278,0.0002);
#9811=CYLINDRICAL_SURFACE('',#12279,0.000629935561841266);
#9812=CYLINDRICAL_SURFACE('',#12280,0.0359063270249522);
#9813=CYLINDRICAL_SURFACE('',#12283,0.0002);
#9814=CYLINDRICAL_SURFACE('',#12284,0.0002);
#9815=CYLINDRICAL_SURFACE('',#12285,0.000629935561841266);
#9816=CYLINDRICAL_SURFACE('',#12286,0.0359063270249522);
#9817=CYLINDRICAL_SURFACE('',#12289,0.0002);
#9818=CYLINDRICAL_SURFACE('',#12290,0.0002);
#9819=CYLINDRICAL_SURFACE('',#12291,0.000629935561841266);
#9820=CYLINDRICAL_SURFACE('',#12292,0.0359063270249522);
#9821=CYLINDRICAL_SURFACE('',#12295,0.0002);
#9822=CYLINDRICAL_SURFACE('',#12296,0.0002);
#9823=CYLINDRICAL_SURFACE('',#12297,0.000629935561841266);
#9824=CYLINDRICAL_SURFACE('',#12298,0.0359063270249522);
#9825=CYLINDRICAL_SURFACE('',#12301,0.0002);
#9826=CYLINDRICAL_SURFACE('',#12302,0.0002);
#9827=CYLINDRICAL_SURFACE('',#12303,0.000629935561841266);
#9828=CYLINDRICAL_SURFACE('',#12304,0.0359063270249522);
#9829=CYLINDRICAL_SURFACE('',#12307,0.0002);
#9830=CYLINDRICAL_SURFACE('',#12308,0.0002);
#9831=CYLINDRICAL_SURFACE('',#12309,0.000629935561841266);
#9832=CYLINDRICAL_SURFACE('',#12310,0.0359063270249522);
#9833=CYLINDRICAL_SURFACE('',#12313,0.0002);
#9834=CYLINDRICAL_SURFACE('',#12314,0.0002);
#9835=CYLINDRICAL_SURFACE('',#12315,0.000629935561841266);
#9836=CYLINDRICAL_SURFACE('',#12316,0.0359063270249522);
#9837=CYLINDRICAL_SURFACE('',#12319,0.0002);
#9838=CYLINDRICAL_SURFACE('',#12320,0.0002);
#9839=CYLINDRICAL_SURFACE('',#12321,0.000629935561841266);
#9840=CYLINDRICAL_SURFACE('',#12322,0.0359063270249522);
#9841=CYLINDRICAL_SURFACE('',#12325,0.0002);
#9842=CYLINDRICAL_SURFACE('',#12326,0.0002);
#9843=CYLINDRICAL_SURFACE('',#12327,0.000629935561841266);
#9844=CYLINDRICAL_SURFACE('',#12328,0.0359063270249522);
#9845=CYLINDRICAL_SURFACE('',#12331,0.0002);
#9846=CYLINDRICAL_SURFACE('',#12332,0.0002);
#9847=CYLINDRICAL_SURFACE('',#12333,0.000629935561841266);
#9848=CYLINDRICAL_SURFACE('',#12334,0.0359063270249522);
#9849=CYLINDRICAL_SURFACE('',#12337,0.0002);
#9850=CYLINDRICAL_SURFACE('',#12338,0.0002);
#9851=CYLINDRICAL_SURFACE('',#12339,0.000629935561841266);
#9852=CYLINDRICAL_SURFACE('',#12340,0.0359063270249522);
#9853=CYLINDRICAL_SURFACE('',#12343,0.0002);
#9854=CYLINDRICAL_SURFACE('',#12344,0.0002);
#9855=CYLINDRICAL_SURFACE('',#12345,0.000629935561841266);
#9856=CYLINDRICAL_SURFACE('',#12346,0.0359063270249522);
#9857=CYLINDRICAL_SURFACE('',#12349,0.0002);
#9858=CYLINDRICAL_SURFACE('',#12350,0.0002);
#9859=CYLINDRICAL_SURFACE('',#12351,0.000629935561841266);
#9860=CYLINDRICAL_SURFACE('',#12352,0.0359063270249522);
#9861=CYLINDRICAL_SURFACE('',#12355,0.0002);
#9862=CYLINDRICAL_SURFACE('',#12356,0.0002);
#9863=CYLINDRICAL_SURFACE('',#12357,0.000629935561841266);
#9864=CYLINDRICAL_SURFACE('',#12358,0.0359063270249522);
#9865=CYLINDRICAL_SURFACE('',#12361,0.0002);
#9866=CYLINDRICAL_SURFACE('',#12362,0.0002);
#9867=CYLINDRICAL_SURFACE('',#12363,0.000629935561841266);
#9868=CYLINDRICAL_SURFACE('',#12364,0.0359063270249522);
#9869=CYLINDRICAL_SURFACE('',#12367,0.0002);
#9870=CYLINDRICAL_SURFACE('',#12368,0.0002);
#9871=CYLINDRICAL_SURFACE('',#12369,0.000629935561841266);
#9872=CYLINDRICAL_SURFACE('',#12370,0.0359063270249522);
#9873=CYLINDRICAL_SURFACE('',#12373,0.0002);
#9874=CYLINDRICAL_SURFACE('',#12374,0.0002);
#9875=CYLINDRICAL_SURFACE('',#12375,0.000629935561841266);
#9876=CYLINDRICAL_SURFACE('',#12376,0.0359063270249522);
#9877=CYLINDRICAL_SURFACE('',#12379,0.0002);
#9878=CYLINDRICAL_SURFACE('',#12380,0.0002);
#9879=CYLINDRICAL_SURFACE('',#12381,0.000629935561841266);
#9880=CYLINDRICAL_SURFACE('',#12382,0.0359063270249522);
#9881=CYLINDRICAL_SURFACE('',#12385,0.0002);
#9882=CYLINDRICAL_SURFACE('',#12386,0.0002);
#9883=CYLINDRICAL_SURFACE('',#12387,0.000629935561841266);
#9884=CYLINDRICAL_SURFACE('',#12388,0.0359063270249522);
#9885=CYLINDRICAL_SURFACE('',#12391,0.0002);
#9886=CYLINDRICAL_SURFACE('',#12392,0.0002);
#9887=CYLINDRICAL_SURFACE('',#12393,0.000629935561841266);
#9888=CYLINDRICAL_SURFACE('',#12394,0.0359063270249522);
#9889=CYLINDRICAL_SURFACE('',#12397,0.0002);
#9890=CYLINDRICAL_SURFACE('',#12398,0.0002);
#9891=CYLINDRICAL_SURFACE('',#12399,0.000629935561841266);
#9892=CYLINDRICAL_SURFACE('',#12400,0.0359063270249522);
#9893=CYLINDRICAL_SURFACE('',#12403,0.0002);
#9894=CYLINDRICAL_SURFACE('',#12404,0.0002);
#9895=CYLINDRICAL_SURFACE('',#12405,0.000629935561841266);
#9896=CYLINDRICAL_SURFACE('',#12406,0.0359063270249522);
#9897=CYLINDRICAL_SURFACE('',#12409,0.0002);
#9898=CYLINDRICAL_SURFACE('',#12410,0.0002);
#9899=CYLINDRICAL_SURFACE('',#12411,0.000629935561841266);
#9900=CYLINDRICAL_SURFACE('',#12412,0.0359063270249522);
#9901=CYLINDRICAL_SURFACE('',#12415,0.0002);
#9902=CYLINDRICAL_SURFACE('',#12416,0.0002);
#9903=CYLINDRICAL_SURFACE('',#12417,0.000629935561841266);
#9904=CYLINDRICAL_SURFACE('',#12418,0.0359063270249522);
#9905=CYLINDRICAL_SURFACE('',#12421,0.0002);
#9906=CYLINDRICAL_SURFACE('',#12422,0.0002);
#9907=CYLINDRICAL_SURFACE('',#12423,0.000629935561841266);
#9908=CYLINDRICAL_SURFACE('',#12424,0.0359063270249522);
#9909=CYLINDRICAL_SURFACE('',#12427,0.0002);
#9910=CYLINDRICAL_SURFACE('',#12428,0.0002);
#9911=CYLINDRICAL_SURFACE('',#12429,0.000629935561841266);
#9912=CYLINDRICAL_SURFACE('',#12430,0.0359063270249522);
#9913=CYLINDRICAL_SURFACE('',#12433,0.0002);
#9914=CYLINDRICAL_SURFACE('',#12434,0.0002);
#9915=CYLINDRICAL_SURFACE('',#12435,0.000629935561841266);
#9916=CYLINDRICAL_SURFACE('',#12436,0.0359063270249522);
#9917=CYLINDRICAL_SURFACE('',#12439,0.0002);
#9918=CYLINDRICAL_SURFACE('',#12440,0.0002);
#9919=CYLINDRICAL_SURFACE('',#12441,0.000629935561841266);
#9920=CYLINDRICAL_SURFACE('',#12442,0.0359063270249522);
#9921=CYLINDRICAL_SURFACE('',#12445,0.0002);
#9922=CYLINDRICAL_SURFACE('',#12446,0.0002);
#9923=CYLINDRICAL_SURFACE('',#12447,0.000629935561841266);
#9924=CYLINDRICAL_SURFACE('',#12448,0.0359063270249522);
#9925=CYLINDRICAL_SURFACE('',#12451,0.0002);
#9926=CYLINDRICAL_SURFACE('',#12452,0.0002);
#9927=CYLINDRICAL_SURFACE('',#12453,0.000629935561841266);
#9928=CYLINDRICAL_SURFACE('',#12454,0.0359063270249522);
#9929=CYLINDRICAL_SURFACE('',#12457,0.0002);
#9930=CYLINDRICAL_SURFACE('',#12458,0.0002);
#9931=CYLINDRICAL_SURFACE('',#12459,0.000629935561841266);
#9932=CYLINDRICAL_SURFACE('',#12460,0.0359063270249522);
#9933=CYLINDRICAL_SURFACE('',#12463,0.0002);
#9934=CYLINDRICAL_SURFACE('',#12464,0.0002);
#9935=CYLINDRICAL_SURFACE('',#12465,0.000629935561841266);
#9936=CYLINDRICAL_SURFACE('',#12466,0.0359063270249522);
#9937=CYLINDRICAL_SURFACE('',#12469,0.0002);
#9938=CYLINDRICAL_SURFACE('',#12470,0.0002);
#9939=CYLINDRICAL_SURFACE('',#12471,0.000629935561841266);
#9940=CYLINDRICAL_SURFACE('',#12472,0.0359063270249522);
#9941=CYLINDRICAL_SURFACE('',#12475,0.0002);
#9942=CYLINDRICAL_SURFACE('',#12476,0.0002);
#9943=CYLINDRICAL_SURFACE('',#12477,0.000629935561841266);
#9944=CYLINDRICAL_SURFACE('',#12478,0.0359063270249522);
#9945=CYLINDRICAL_SURFACE('',#12481,0.0002);
#9946=CYLINDRICAL_SURFACE('',#12482,0.0002);
#9947=CYLINDRICAL_SURFACE('',#12483,0.000629935561841266);
#9948=CYLINDRICAL_SURFACE('',#12484,0.0359063270249522);
#9949=CYLINDRICAL_SURFACE('',#12487,0.0002);
#9950=CYLINDRICAL_SURFACE('',#12488,0.0002);
#9951=CYLINDRICAL_SURFACE('',#12489,0.000629935561841266);
#9952=CYLINDRICAL_SURFACE('',#12490,0.0359063270249522);
#9953=CYLINDRICAL_SURFACE('',#12493,0.0002);
#9954=CYLINDRICAL_SURFACE('',#12494,0.0002);
#9955=CYLINDRICAL_SURFACE('',#12495,0.000629935561841266);
#9956=CYLINDRICAL_SURFACE('',#12496,0.0359063270249522);
#9957=CYLINDRICAL_SURFACE('',#12499,0.0002);
#9958=CYLINDRICAL_SURFACE('',#12500,0.0002);
#9959=CYLINDRICAL_SURFACE('',#12501,0.000629935561841266);
#9960=CYLINDRICAL_SURFACE('',#12502,0.0359063270249522);
#9961=CYLINDRICAL_SURFACE('',#12505,0.0002);
#9962=CYLINDRICAL_SURFACE('',#12506,0.0002);
#9963=CYLINDRICAL_SURFACE('',#12507,0.000629935561841266);
#9964=CYLINDRICAL_SURFACE('',#12508,0.0359063270249522);
#9965=CYLINDRICAL_SURFACE('',#12511,0.0002);
#9966=CYLINDRICAL_SURFACE('',#12512,0.0002);
#9967=CYLINDRICAL_SURFACE('',#12513,0.000629935561841266);
#9968=CYLINDRICAL_SURFACE('',#12514,0.0359063270249522);
#9969=CYLINDRICAL_SURFACE('',#12517,0.000629935561841266);
#9970=CYLINDRICAL_SURFACE('',#12518,0.0002);
#9971=CYLINDRICAL_SURFACE('',#12519,0.0002);
#9972=CYLINDRICAL_SURFACE('',#12525,0.00185);
#9973=CYLINDRICAL_SURFACE('',#12527,0.00185);
#9974=CYLINDRICAL_SURFACE('',#12529,0.00185);
#9975=CYLINDRICAL_SURFACE('',#12531,0.00185);
#9976=CYLINDRICAL_SURFACE('',#12537,0.0165);
#9977=ADVANCED_FACE('',(#8795,#8796),#9513,.F.);
#9978=ADVANCED_FACE('',(#8797),#926,.F.);
#9979=ADVANCED_FACE('',(#8798),#927,.F.);
#9980=ADVANCED_FACE('',(#8799),#928,.F.);
#9981=ADVANCED_FACE('',(#8800),#929,.F.);
#9982=ADVANCED_FACE('',(#8801),#930,.F.);
#9983=ADVANCED_FACE('',(#8802),#931,.F.);
#9984=ADVANCED_FACE('',(#8803),#932,.F.);
#9985=ADVANCED_FACE('',(#8804),#933,.F.);
#9986=ADVANCED_FACE('',(#8805),#934,.F.);
#9987=ADVANCED_FACE('',(#8806),#935,.F.);
#9988=ADVANCED_FACE('',(#8807),#936,.F.);
#9989=ADVANCED_FACE('',(#8808),#937,.F.);
#9990=ADVANCED_FACE('',(#8809),#938,.F.);
#9991=ADVANCED_FACE('',(#8810),#939,.F.);
#9992=ADVANCED_FACE('',(#8811),#940,.F.);
#9993=ADVANCED_FACE('',(#8812),#941,.F.);
#9994=ADVANCED_FACE('',(#8813),#942,.F.);
#9995=ADVANCED_FACE('',(#8814),#943,.F.);
#9996=ADVANCED_FACE('',(#8815),#944,.F.);
#9997=ADVANCED_FACE('',(#8816),#945,.F.);
#9998=ADVANCED_FACE('',(#8817),#946,.F.);
#9999=ADVANCED_FACE('',(#8818),#947,.F.);
#10000=ADVANCED_FACE('',(#8819),#948,.F.);
#10001=ADVANCED_FACE('',(#8820),#949,.F.);
#10002=ADVANCED_FACE('',(#8821),#950,.F.);
#10003=ADVANCED_FACE('',(#8822),#951,.F.);
#10004=ADVANCED_FACE('',(#8823),#952,.F.);
#10005=ADVANCED_FACE('',(#8824),#953,.F.);
#10006=ADVANCED_FACE('',(#8825),#954,.F.);
#10007=ADVANCED_FACE('',(#8826),#955,.F.);
#10008=ADVANCED_FACE('',(#8827),#956,.F.);
#10009=ADVANCED_FACE('',(#8828),#957,.F.);
#10010=ADVANCED_FACE('',(#8829),#958,.F.);
#10011=ADVANCED_FACE('',(#8830),#959,.F.);
#10012=ADVANCED_FACE('',(#8831),#960,.F.);
#10013=ADVANCED_FACE('',(#8832),#961,.F.);
#10014=ADVANCED_FACE('',(#8833),#962,.F.);
#10015=ADVANCED_FACE('',(#8834),#963,.F.);
#10016=ADVANCED_FACE('',(#8835),#964,.F.);
#10017=ADVANCED_FACE('',(#8836),#965,.F.);
#10018=ADVANCED_FACE('',(#8837),#966,.F.);
#10019=ADVANCED_FACE('',(#8838),#967,.F.);
#10020=ADVANCED_FACE('',(#8839),#968,.F.);
#10021=ADVANCED_FACE('',(#8840),#969,.F.);
#10022=ADVANCED_FACE('',(#8841),#970,.F.);
#10023=ADVANCED_FACE('',(#8842),#971,.F.);
#10024=ADVANCED_FACE('',(#8843),#972,.F.);
#10025=ADVANCED_FACE('',(#8844),#973,.F.);
#10026=ADVANCED_FACE('',(#8845),#974,.F.);
#10027=ADVANCED_FACE('',(#8846),#975,.F.);
#10028=ADVANCED_FACE('',(#8847),#976,.F.);
#10029=ADVANCED_FACE('',(#8848),#977,.F.);
#10030=ADVANCED_FACE('',(#8849),#978,.F.);
#10031=ADVANCED_FACE('',(#8850),#979,.F.);
#10032=ADVANCED_FACE('',(#8851),#980,.F.);
#10033=ADVANCED_FACE('',(#8852),#981,.F.);
#10034=ADVANCED_FACE('',(#8853),#982,.F.);
#10035=ADVANCED_FACE('',(#8854),#983,.F.);
#10036=ADVANCED_FACE('',(#8855),#984,.F.);
#10037=ADVANCED_FACE('',(#8856),#985,.F.);
#10038=ADVANCED_FACE('',(#8857),#986,.F.);
#10039=ADVANCED_FACE('',(#8858),#987,.F.);
#10040=ADVANCED_FACE('',(#8859),#988,.F.);
#10041=ADVANCED_FACE('',(#8860),#989,.F.);
#10042=ADVANCED_FACE('',(#8861),#990,.F.);
#10043=ADVANCED_FACE('',(#8862),#991,.F.);
#10044=ADVANCED_FACE('',(#8863),#992,.F.);
#10045=ADVANCED_FACE('',(#8864),#993,.F.);
#10046=ADVANCED_FACE('',(#8865),#994,.F.);
#10047=ADVANCED_FACE('',(#8866),#995,.F.);
#10048=ADVANCED_FACE('',(#8867),#996,.F.);
#10049=ADVANCED_FACE('',(#8868),#997,.F.);
#10050=ADVANCED_FACE('',(#8869),#998,.F.);
#10051=ADVANCED_FACE('',(#8870),#999,.F.);
#10052=ADVANCED_FACE('',(#8871),#1000,.F.);
#10053=ADVANCED_FACE('',(#8872),#1001,.F.);
#10054=ADVANCED_FACE('',(#8873),#1002,.F.);
#10055=ADVANCED_FACE('',(#8874),#1003,.F.);
#10056=ADVANCED_FACE('',(#8875),#1004,.F.);
#10057=ADVANCED_FACE('',(#8876),#1005,.F.);
#10058=ADVANCED_FACE('',(#8877),#1006,.F.);
#10059=ADVANCED_FACE('',(#8878),#1007,.F.);
#10060=ADVANCED_FACE('',(#8879),#1008,.F.);
#10061=ADVANCED_FACE('',(#8880),#1009,.F.);
#10062=ADVANCED_FACE('',(#8881),#1010,.F.);
#10063=ADVANCED_FACE('',(#8882),#1011,.F.);
#10064=ADVANCED_FACE('',(#8883),#1012,.F.);
#10065=ADVANCED_FACE('',(#8884),#1013,.F.);
#10066=ADVANCED_FACE('',(#8885),#1014,.F.);
#10067=ADVANCED_FACE('',(#8886),#1015,.F.);
#10068=ADVANCED_FACE('',(#8887),#1016,.F.);
#10069=ADVANCED_FACE('',(#8888),#1017,.F.);
#10070=ADVANCED_FACE('',(#8889),#1018,.F.);
#10071=ADVANCED_FACE('',(#8890),#1019,.F.);
#10072=ADVANCED_FACE('',(#8891),#1020,.F.);
#10073=ADVANCED_FACE('',(#8892),#1021,.F.);
#10074=ADVANCED_FACE('',(#8893),#1022,.F.);
#10075=ADVANCED_FACE('',(#8894),#1023,.F.);
#10076=ADVANCED_FACE('',(#8895),#1024,.F.);
#10077=ADVANCED_FACE('',(#8896),#1025,.F.);
#10078=ADVANCED_FACE('',(#8897),#1026,.F.);
#10079=ADVANCED_FACE('',(#8898),#1027,.F.);
#10080=ADVANCED_FACE('',(#8899),#1028,.F.);
#10081=ADVANCED_FACE('',(#8900),#1029,.F.);
#10082=ADVANCED_FACE('',(#8901),#1030,.F.);
#10083=ADVANCED_FACE('',(#8902),#1031,.F.);
#10084=ADVANCED_FACE('',(#8903),#1032,.F.);
#10085=ADVANCED_FACE('',(#8904),#1033,.F.);
#10086=ADVANCED_FACE('',(#8905),#1034,.F.);
#10087=ADVANCED_FACE('',(#8906),#1035,.F.);
#10088=ADVANCED_FACE('',(#8907),#1036,.F.);
#10089=ADVANCED_FACE('',(#8908),#1037,.F.);
#10090=ADVANCED_FACE('',(#8909),#1038,.F.);
#10091=ADVANCED_FACE('',(#8910),#1039,.F.);
#10092=ADVANCED_FACE('',(#8911,#8912),#9514,.T.);
#10093=ADVANCED_FACE('',(#8913),#1040,.F.);
#10094=ADVANCED_FACE('',(#8914),#1041,.F.);
#10095=ADVANCED_FACE('',(#8915),#1042,.F.);
#10096=ADVANCED_FACE('',(#8916),#1043,.F.);
#10097=ADVANCED_FACE('',(#8917),#1044,.F.);
#10098=ADVANCED_FACE('',(#8918),#1045,.F.);
#10099=ADVANCED_FACE('',(#8919),#1046,.F.);
#10100=ADVANCED_FACE('',(#8920),#1047,.F.);
#10101=ADVANCED_FACE('',(#8921),#1048,.F.);
#10102=ADVANCED_FACE('',(#8922),#1049,.F.);
#10103=ADVANCED_FACE('',(#8923),#1050,.F.);
#10104=ADVANCED_FACE('',(#8924),#1051,.F.);
#10105=ADVANCED_FACE('',(#8925),#1052,.F.);
#10106=ADVANCED_FACE('',(#8926),#1053,.F.);
#10107=ADVANCED_FACE('',(#8927),#1054,.F.);
#10108=ADVANCED_FACE('',(#8928),#1055,.F.);
#10109=ADVANCED_FACE('',(#8929),#1056,.F.);
#10110=ADVANCED_FACE('',(#8930),#1057,.F.);
#10111=ADVANCED_FACE('',(#8931),#1058,.F.);
#10112=ADVANCED_FACE('',(#8932),#1059,.F.);
#10113=ADVANCED_FACE('',(#8933),#1060,.F.);
#10114=ADVANCED_FACE('',(#8934),#1061,.F.);
#10115=ADVANCED_FACE('',(#8935),#1062,.F.);
#10116=ADVANCED_FACE('',(#8936),#1063,.F.);
#10117=ADVANCED_FACE('',(#8937),#1064,.F.);
#10118=ADVANCED_FACE('',(#8938),#1065,.F.);
#10119=ADVANCED_FACE('',(#8939),#1066,.F.);
#10120=ADVANCED_FACE('',(#8940),#1067,.F.);
#10121=ADVANCED_FACE('',(#8941),#1068,.F.);
#10122=ADVANCED_FACE('',(#8942),#1069,.F.);
#10123=ADVANCED_FACE('',(#8943),#1070,.F.);
#10124=ADVANCED_FACE('',(#8944),#1071,.F.);
#10125=ADVANCED_FACE('',(#8945),#1072,.F.);
#10126=ADVANCED_FACE('',(#8946),#1073,.F.);
#10127=ADVANCED_FACE('',(#8947),#1074,.F.);
#10128=ADVANCED_FACE('',(#8948),#1075,.F.);
#10129=ADVANCED_FACE('',(#8949),#1076,.F.);
#10130=ADVANCED_FACE('',(#8950),#1077,.F.);
#10131=ADVANCED_FACE('',(#8951),#1078,.F.);
#10132=ADVANCED_FACE('',(#8952),#1079,.F.);
#10133=ADVANCED_FACE('',(#8953),#1080,.F.);
#10134=ADVANCED_FACE('',(#8954),#1081,.F.);
#10135=ADVANCED_FACE('',(#8955),#1082,.F.);
#10136=ADVANCED_FACE('',(#8956),#1083,.F.);
#10137=ADVANCED_FACE('',(#8957),#1084,.F.);
#10138=ADVANCED_FACE('',(#8958),#1085,.F.);
#10139=ADVANCED_FACE('',(#8959),#1086,.F.);
#10140=ADVANCED_FACE('',(#8960),#1087,.F.);
#10141=ADVANCED_FACE('',(#8961),#1088,.F.);
#10142=ADVANCED_FACE('',(#8962),#1089,.F.);
#10143=ADVANCED_FACE('',(#8963),#1090,.F.);
#10144=ADVANCED_FACE('',(#8964),#1091,.F.);
#10145=ADVANCED_FACE('',(#8965),#1092,.F.);
#10146=ADVANCED_FACE('',(#8966),#1093,.F.);
#10147=ADVANCED_FACE('',(#8967),#1094,.F.);
#10148=ADVANCED_FACE('',(#8968),#1095,.F.);
#10149=ADVANCED_FACE('',(#8969),#1096,.F.);
#10150=ADVANCED_FACE('',(#8970),#1097,.F.);
#10151=ADVANCED_FACE('',(#8971),#1098,.F.);
#10152=ADVANCED_FACE('',(#8972),#1099,.F.);
#10153=ADVANCED_FACE('',(#8973),#1100,.F.);
#10154=ADVANCED_FACE('',(#8974),#1101,.F.);
#10155=ADVANCED_FACE('',(#8975),#1102,.F.);
#10156=ADVANCED_FACE('',(#8976),#1103,.F.);
#10157=ADVANCED_FACE('',(#8977),#1104,.F.);
#10158=ADVANCED_FACE('',(#8978),#1105,.F.);
#10159=ADVANCED_FACE('',(#8979),#1106,.F.);
#10160=ADVANCED_FACE('',(#8980),#1107,.F.);
#10161=ADVANCED_FACE('',(#8981),#1108,.F.);
#10162=ADVANCED_FACE('',(#8982),#1109,.F.);
#10163=ADVANCED_FACE('',(#8983),#1110,.F.);
#10164=ADVANCED_FACE('',(#8984),#1111,.F.);
#10165=ADVANCED_FACE('',(#8985),#1112,.F.);
#10166=ADVANCED_FACE('',(#8986),#1113,.F.);
#10167=ADVANCED_FACE('',(#8987),#1114,.F.);
#10168=ADVANCED_FACE('',(#8988),#1115,.F.);
#10169=ADVANCED_FACE('',(#8989),#1116,.F.);
#10170=ADVANCED_FACE('',(#8990),#1117,.F.);
#10171=ADVANCED_FACE('',(#8991),#1118,.F.);
#10172=ADVANCED_FACE('',(#8992),#1119,.F.);
#10173=ADVANCED_FACE('',(#8993),#1120,.F.);
#10174=ADVANCED_FACE('',(#8994),#1121,.F.);
#10175=ADVANCED_FACE('',(#8995),#1122,.F.);
#10176=ADVANCED_FACE('',(#8996),#1123,.F.);
#10177=ADVANCED_FACE('',(#8997),#1124,.F.);
#10178=ADVANCED_FACE('',(#8998),#1125,.F.);
#10179=ADVANCED_FACE('',(#8999),#1126,.F.);
#10180=ADVANCED_FACE('',(#9000),#1127,.F.);
#10181=ADVANCED_FACE('',(#9001),#1128,.F.);
#10182=ADVANCED_FACE('',(#9002),#1129,.F.);
#10183=ADVANCED_FACE('',(#9003),#1130,.F.);
#10184=ADVANCED_FACE('',(#9004),#1131,.F.);
#10185=ADVANCED_FACE('',(#9005),#1132,.F.);
#10186=ADVANCED_FACE('',(#9006),#1133,.F.);
#10187=ADVANCED_FACE('',(#9007),#1134,.F.);
#10188=ADVANCED_FACE('',(#9008),#1135,.F.);
#10189=ADVANCED_FACE('',(#9009),#1136,.F.);
#10190=ADVANCED_FACE('',(#9010),#1137,.F.);
#10191=ADVANCED_FACE('',(#9011),#1138,.F.);
#10192=ADVANCED_FACE('',(#9012),#1139,.F.);
#10193=ADVANCED_FACE('',(#9013),#1140,.F.);
#10194=ADVANCED_FACE('',(#9014),#1141,.F.);
#10195=ADVANCED_FACE('',(#9015),#1142,.F.);
#10196=ADVANCED_FACE('',(#9016),#1143,.F.);
#10197=ADVANCED_FACE('',(#9017),#1144,.F.);
#10198=ADVANCED_FACE('',(#9018),#1145,.F.);
#10199=ADVANCED_FACE('',(#9019),#1146,.F.);
#10200=ADVANCED_FACE('',(#9020),#1147,.F.);
#10201=ADVANCED_FACE('',(#9021),#1148,.F.);
#10202=ADVANCED_FACE('',(#9022),#1149,.F.);
#10203=ADVANCED_FACE('',(#9023),#1150,.F.);
#10204=ADVANCED_FACE('',(#9024),#1151,.F.);
#10205=ADVANCED_FACE('',(#9025),#1152,.F.);
#10206=ADVANCED_FACE('',(#9026),#1153,.F.);
#10207=ADVANCED_FACE('',(#9027,#9028),#9515,.T.);
#10208=ADVANCED_FACE('',(#9029),#9516,.T.);
#10209=ADVANCED_FACE('',(#9030),#9517,.T.);
#10210=ADVANCED_FACE('',(#9031),#9518,.T.);
#10211=ADVANCED_FACE('',(#9032),#9519,.F.);
#10212=ADVANCED_FACE('',(#9033),#9520,.T.);
#10213=ADVANCED_FACE('',(#9034),#9521,.T.);
#10214=ADVANCED_FACE('',(#9035),#9522,.T.);
#10215=ADVANCED_FACE('',(#9036),#9523,.F.);
#10216=ADVANCED_FACE('',(#9037),#9524,.T.);
#10217=ADVANCED_FACE('',(#9038),#9525,.T.);
#10218=ADVANCED_FACE('',(#9039),#9526,.T.);
#10219=ADVANCED_FACE('',(#9040),#9527,.F.);
#10220=ADVANCED_FACE('',(#9041),#9528,.T.);
#10221=ADVANCED_FACE('',(#9042),#9529,.T.);
#10222=ADVANCED_FACE('',(#9043),#9530,.T.);
#10223=ADVANCED_FACE('',(#9044),#9531,.F.);
#10224=ADVANCED_FACE('',(#9045),#9532,.T.);
#10225=ADVANCED_FACE('',(#9046),#9533,.T.);
#10226=ADVANCED_FACE('',(#9047),#9534,.T.);
#10227=ADVANCED_FACE('',(#9048),#9535,.F.);
#10228=ADVANCED_FACE('',(#9049),#9536,.T.);
#10229=ADVANCED_FACE('',(#9050),#9537,.T.);
#10230=ADVANCED_FACE('',(#9051),#9538,.T.);
#10231=ADVANCED_FACE('',(#9052),#9539,.F.);
#10232=ADVANCED_FACE('',(#9053),#9540,.T.);
#10233=ADVANCED_FACE('',(#9054),#9541,.T.);
#10234=ADVANCED_FACE('',(#9055),#9542,.T.);
#10235=ADVANCED_FACE('',(#9056),#9543,.F.);
#10236=ADVANCED_FACE('',(#9057),#9544,.T.);
#10237=ADVANCED_FACE('',(#9058),#9545,.T.);
#10238=ADVANCED_FACE('',(#9059),#9546,.T.);
#10239=ADVANCED_FACE('',(#9060),#9547,.F.);
#10240=ADVANCED_FACE('',(#9061),#9548,.T.);
#10241=ADVANCED_FACE('',(#9062),#9549,.T.);
#10242=ADVANCED_FACE('',(#9063),#9550,.T.);
#10243=ADVANCED_FACE('',(#9064),#9551,.F.);
#10244=ADVANCED_FACE('',(#9065),#9552,.T.);
#10245=ADVANCED_FACE('',(#9066),#9553,.T.);
#10246=ADVANCED_FACE('',(#9067),#9554,.T.);
#10247=ADVANCED_FACE('',(#9068),#9555,.F.);
#10248=ADVANCED_FACE('',(#9069),#9556,.T.);
#10249=ADVANCED_FACE('',(#9070),#9557,.T.);
#10250=ADVANCED_FACE('',(#9071),#9558,.T.);
#10251=ADVANCED_FACE('',(#9072),#9559,.F.);
#10252=ADVANCED_FACE('',(#9073),#9560,.T.);
#10253=ADVANCED_FACE('',(#9074),#9561,.T.);
#10254=ADVANCED_FACE('',(#9075),#9562,.T.);
#10255=ADVANCED_FACE('',(#9076),#9563,.F.);
#10256=ADVANCED_FACE('',(#9077),#9564,.T.);
#10257=ADVANCED_FACE('',(#9078),#9565,.T.);
#10258=ADVANCED_FACE('',(#9079),#9566,.T.);
#10259=ADVANCED_FACE('',(#9080),#9567,.F.);
#10260=ADVANCED_FACE('',(#9081),#9568,.T.);
#10261=ADVANCED_FACE('',(#9082),#9569,.T.);
#10262=ADVANCED_FACE('',(#9083),#9570,.T.);
#10263=ADVANCED_FACE('',(#9084),#9571,.F.);
#10264=ADVANCED_FACE('',(#9085),#9572,.T.);
#10265=ADVANCED_FACE('',(#9086),#9573,.T.);
#10266=ADVANCED_FACE('',(#9087),#9574,.T.);
#10267=ADVANCED_FACE('',(#9088),#9575,.F.);
#10268=ADVANCED_FACE('',(#9089),#9576,.T.);
#10269=ADVANCED_FACE('',(#9090),#9577,.T.);
#10270=ADVANCED_FACE('',(#9091),#9578,.T.);
#10271=ADVANCED_FACE('',(#9092),#9579,.F.);
#10272=ADVANCED_FACE('',(#9093),#9580,.T.);
#10273=ADVANCED_FACE('',(#9094),#9581,.T.);
#10274=ADVANCED_FACE('',(#9095),#9582,.T.);
#10275=ADVANCED_FACE('',(#9096),#9583,.F.);
#10276=ADVANCED_FACE('',(#9097),#9584,.T.);
#10277=ADVANCED_FACE('',(#9098),#9585,.T.);
#10278=ADVANCED_FACE('',(#9099),#9586,.T.);
#10279=ADVANCED_FACE('',(#9100),#9587,.F.);
#10280=ADVANCED_FACE('',(#9101),#9588,.T.);
#10281=ADVANCED_FACE('',(#9102),#9589,.T.);
#10282=ADVANCED_FACE('',(#9103),#9590,.T.);
#10283=ADVANCED_FACE('',(#9104),#9591,.F.);
#10284=ADVANCED_FACE('',(#9105),#9592,.T.);
#10285=ADVANCED_FACE('',(#9106),#9593,.T.);
#10286=ADVANCED_FACE('',(#9107),#9594,.T.);
#10287=ADVANCED_FACE('',(#9108),#9595,.F.);
#10288=ADVANCED_FACE('',(#9109),#9596,.T.);
#10289=ADVANCED_FACE('',(#9110),#9597,.T.);
#10290=ADVANCED_FACE('',(#9111),#9598,.T.);
#10291=ADVANCED_FACE('',(#9112),#9599,.F.);
#10292=ADVANCED_FACE('',(#9113),#9600,.T.);
#10293=ADVANCED_FACE('',(#9114),#9601,.T.);
#10294=ADVANCED_FACE('',(#9115),#9602,.T.);
#10295=ADVANCED_FACE('',(#9116),#9603,.F.);
#10296=ADVANCED_FACE('',(#9117),#9604,.T.);
#10297=ADVANCED_FACE('',(#9118),#9605,.T.);
#10298=ADVANCED_FACE('',(#9119),#9606,.T.);
#10299=ADVANCED_FACE('',(#9120),#9607,.F.);
#10300=ADVANCED_FACE('',(#9121),#9608,.T.);
#10301=ADVANCED_FACE('',(#9122),#9609,.T.);
#10302=ADVANCED_FACE('',(#9123),#9610,.T.);
#10303=ADVANCED_FACE('',(#9124),#9611,.F.);
#10304=ADVANCED_FACE('',(#9125),#9612,.T.);
#10305=ADVANCED_FACE('',(#9126),#9613,.T.);
#10306=ADVANCED_FACE('',(#9127),#9614,.T.);
#10307=ADVANCED_FACE('',(#9128),#9615,.F.);
#10308=ADVANCED_FACE('',(#9129),#9616,.T.);
#10309=ADVANCED_FACE('',(#9130),#9617,.T.);
#10310=ADVANCED_FACE('',(#9131),#9618,.T.);
#10311=ADVANCED_FACE('',(#9132),#9619,.F.);
#10312=ADVANCED_FACE('',(#9133),#9620,.T.);
#10313=ADVANCED_FACE('',(#9134),#9621,.T.);
#10314=ADVANCED_FACE('',(#9135),#9622,.T.);
#10315=ADVANCED_FACE('',(#9136),#9623,.F.);
#10316=ADVANCED_FACE('',(#9137),#9624,.T.);
#10317=ADVANCED_FACE('',(#9138),#9625,.T.);
#10318=ADVANCED_FACE('',(#9139),#9626,.T.);
#10319=ADVANCED_FACE('',(#9140),#9627,.F.);
#10320=ADVANCED_FACE('',(#9141),#9628,.T.);
#10321=ADVANCED_FACE('',(#9142),#9629,.T.);
#10322=ADVANCED_FACE('',(#9143),#9630,.T.);
#10323=ADVANCED_FACE('',(#9144),#9631,.F.);
#10324=ADVANCED_FACE('',(#9145),#9632,.T.);
#10325=ADVANCED_FACE('',(#9146),#9633,.T.);
#10326=ADVANCED_FACE('',(#9147),#9634,.T.);
#10327=ADVANCED_FACE('',(#9148),#9635,.F.);
#10328=ADVANCED_FACE('',(#9149),#9636,.T.);
#10329=ADVANCED_FACE('',(#9150),#9637,.T.);
#10330=ADVANCED_FACE('',(#9151),#9638,.T.);
#10331=ADVANCED_FACE('',(#9152),#9639,.F.);
#10332=ADVANCED_FACE('',(#9153),#9640,.T.);
#10333=ADVANCED_FACE('',(#9154),#9641,.T.);
#10334=ADVANCED_FACE('',(#9155),#9642,.T.);
#10335=ADVANCED_FACE('',(#9156),#9643,.F.);
#10336=ADVANCED_FACE('',(#9157),#9644,.T.);
#10337=ADVANCED_FACE('',(#9158),#9645,.T.);
#10338=ADVANCED_FACE('',(#9159),#9646,.T.);
#10339=ADVANCED_FACE('',(#9160),#9647,.F.);
#10340=ADVANCED_FACE('',(#9161),#9648,.T.);
#10341=ADVANCED_FACE('',(#9162),#9649,.T.);
#10342=ADVANCED_FACE('',(#9163),#9650,.T.);
#10343=ADVANCED_FACE('',(#9164),#9651,.F.);
#10344=ADVANCED_FACE('',(#9165),#9652,.T.);
#10345=ADVANCED_FACE('',(#9166),#9653,.T.);
#10346=ADVANCED_FACE('',(#9167),#9654,.T.);
#10347=ADVANCED_FACE('',(#9168),#9655,.F.);
#10348=ADVANCED_FACE('',(#9169),#9656,.T.);
#10349=ADVANCED_FACE('',(#9170),#9657,.T.);
#10350=ADVANCED_FACE('',(#9171),#9658,.T.);
#10351=ADVANCED_FACE('',(#9172),#9659,.F.);
#10352=ADVANCED_FACE('',(#9173),#9660,.T.);
#10353=ADVANCED_FACE('',(#9174),#9661,.T.);
#10354=ADVANCED_FACE('',(#9175),#9662,.T.);
#10355=ADVANCED_FACE('',(#9176),#9663,.F.);
#10356=ADVANCED_FACE('',(#9177),#9664,.T.);
#10357=ADVANCED_FACE('',(#9178),#9665,.T.);
#10358=ADVANCED_FACE('',(#9179),#9666,.T.);
#10359=ADVANCED_FACE('',(#9180),#9667,.F.);
#10360=ADVANCED_FACE('',(#9181),#9668,.T.);
#10361=ADVANCED_FACE('',(#9182),#9669,.T.);
#10362=ADVANCED_FACE('',(#9183),#9670,.T.);
#10363=ADVANCED_FACE('',(#9184),#9671,.F.);
#10364=ADVANCED_FACE('',(#9185),#9672,.T.);
#10365=ADVANCED_FACE('',(#9186),#9673,.T.);
#10366=ADVANCED_FACE('',(#9187),#9674,.T.);
#10367=ADVANCED_FACE('',(#9188),#9675,.F.);
#10368=ADVANCED_FACE('',(#9189),#9676,.T.);
#10369=ADVANCED_FACE('',(#9190),#9677,.T.);
#10370=ADVANCED_FACE('',(#9191),#9678,.T.);
#10371=ADVANCED_FACE('',(#9192),#9679,.F.);
#10372=ADVANCED_FACE('',(#9193),#9680,.T.);
#10373=ADVANCED_FACE('',(#9194),#9681,.T.);
#10374=ADVANCED_FACE('',(#9195),#9682,.T.);
#10375=ADVANCED_FACE('',(#9196),#9683,.F.);
#10376=ADVANCED_FACE('',(#9197),#9684,.T.);
#10377=ADVANCED_FACE('',(#9198),#9685,.T.);
#10378=ADVANCED_FACE('',(#9199),#9686,.T.);
#10379=ADVANCED_FACE('',(#9200),#9687,.F.);
#10380=ADVANCED_FACE('',(#9201),#9688,.T.);
#10381=ADVANCED_FACE('',(#9202),#9689,.T.);
#10382=ADVANCED_FACE('',(#9203),#9690,.T.);
#10383=ADVANCED_FACE('',(#9204),#9691,.F.);
#10384=ADVANCED_FACE('',(#9205),#9692,.T.);
#10385=ADVANCED_FACE('',(#9206),#9693,.T.);
#10386=ADVANCED_FACE('',(#9207),#9694,.T.);
#10387=ADVANCED_FACE('',(#9208),#9695,.F.);
#10388=ADVANCED_FACE('',(#9209),#9696,.T.);
#10389=ADVANCED_FACE('',(#9210),#9697,.T.);
#10390=ADVANCED_FACE('',(#9211),#9698,.T.);
#10391=ADVANCED_FACE('',(#9212),#9699,.F.);
#10392=ADVANCED_FACE('',(#9213),#9700,.T.);
#10393=ADVANCED_FACE('',(#9214),#9701,.T.);
#10394=ADVANCED_FACE('',(#9215),#9702,.T.);
#10395=ADVANCED_FACE('',(#9216),#9703,.F.);
#10396=ADVANCED_FACE('',(#9217),#9704,.T.);
#10397=ADVANCED_FACE('',(#9218),#9705,.T.);
#10398=ADVANCED_FACE('',(#9219),#9706,.T.);
#10399=ADVANCED_FACE('',(#9220),#9707,.F.);
#10400=ADVANCED_FACE('',(#9221),#9708,.T.);
#10401=ADVANCED_FACE('',(#9222),#9709,.T.);
#10402=ADVANCED_FACE('',(#9223),#9710,.T.);
#10403=ADVANCED_FACE('',(#9224),#9711,.F.);
#10404=ADVANCED_FACE('',(#9225),#9712,.T.);
#10405=ADVANCED_FACE('',(#9226),#9713,.T.);
#10406=ADVANCED_FACE('',(#9227),#9714,.T.);
#10407=ADVANCED_FACE('',(#9228),#9715,.F.);
#10408=ADVANCED_FACE('',(#9229),#9716,.T.);
#10409=ADVANCED_FACE('',(#9230),#9717,.T.);
#10410=ADVANCED_FACE('',(#9231),#9718,.T.);
#10411=ADVANCED_FACE('',(#9232),#9719,.F.);
#10412=ADVANCED_FACE('',(#9233),#9720,.T.);
#10413=ADVANCED_FACE('',(#9234),#9721,.T.);
#10414=ADVANCED_FACE('',(#9235),#9722,.T.);
#10415=ADVANCED_FACE('',(#9236),#9723,.F.);
#10416=ADVANCED_FACE('',(#9237),#9724,.T.);
#10417=ADVANCED_FACE('',(#9238),#9725,.T.);
#10418=ADVANCED_FACE('',(#9239),#9726,.T.);
#10419=ADVANCED_FACE('',(#9240),#9727,.F.);
#10420=ADVANCED_FACE('',(#9241),#9728,.T.);
#10421=ADVANCED_FACE('',(#9242),#9729,.T.);
#10422=ADVANCED_FACE('',(#9243),#9730,.T.);
#10423=ADVANCED_FACE('',(#9244),#9731,.F.);
#10424=ADVANCED_FACE('',(#9245),#9732,.T.);
#10425=ADVANCED_FACE('',(#9246),#9733,.T.);
#10426=ADVANCED_FACE('',(#9247),#9734,.T.);
#10427=ADVANCED_FACE('',(#9248),#9735,.F.);
#10428=ADVANCED_FACE('',(#9249),#9736,.T.);
#10429=ADVANCED_FACE('',(#9250),#9737,.T.);
#10430=ADVANCED_FACE('',(#9251),#9738,.T.);
#10431=ADVANCED_FACE('',(#9252),#9739,.F.);
#10432=ADVANCED_FACE('',(#9253),#9740,.T.);
#10433=ADVANCED_FACE('',(#9254),#9741,.T.);
#10434=ADVANCED_FACE('',(#9255),#9742,.T.);
#10435=ADVANCED_FACE('',(#9256),#9743,.F.);
#10436=ADVANCED_FACE('',(#9257),#9744,.T.);
#10437=ADVANCED_FACE('',(#9258),#9745,.T.);
#10438=ADVANCED_FACE('',(#9259),#9746,.T.);
#10439=ADVANCED_FACE('',(#9260),#9747,.F.);
#10440=ADVANCED_FACE('',(#9261),#9748,.T.);
#10441=ADVANCED_FACE('',(#9262),#9749,.T.);
#10442=ADVANCED_FACE('',(#9263),#9750,.T.);
#10443=ADVANCED_FACE('',(#9264),#9751,.F.);
#10444=ADVANCED_FACE('',(#9265),#9752,.T.);
#10445=ADVANCED_FACE('',(#9266),#9753,.T.);
#10446=ADVANCED_FACE('',(#9267),#9754,.T.);
#10447=ADVANCED_FACE('',(#9268),#9755,.F.);
#10448=ADVANCED_FACE('',(#9269),#9756,.T.);
#10449=ADVANCED_FACE('',(#9270),#9757,.T.);
#10450=ADVANCED_FACE('',(#9271),#9758,.T.);
#10451=ADVANCED_FACE('',(#9272),#9759,.F.);
#10452=ADVANCED_FACE('',(#9273),#9760,.T.);
#10453=ADVANCED_FACE('',(#9274),#9761,.T.);
#10454=ADVANCED_FACE('',(#9275),#9762,.T.);
#10455=ADVANCED_FACE('',(#9276),#9763,.F.);
#10456=ADVANCED_FACE('',(#9277),#9764,.T.);
#10457=ADVANCED_FACE('',(#9278),#9765,.T.);
#10458=ADVANCED_FACE('',(#9279),#9766,.T.);
#10459=ADVANCED_FACE('',(#9280),#9767,.F.);
#10460=ADVANCED_FACE('',(#9281),#9768,.T.);
#10461=ADVANCED_FACE('',(#9282),#9769,.T.);
#10462=ADVANCED_FACE('',(#9283),#9770,.T.);
#10463=ADVANCED_FACE('',(#9284),#9771,.F.);
#10464=ADVANCED_FACE('',(#9285),#9772,.T.);
#10465=ADVANCED_FACE('',(#9286),#9773,.T.);
#10466=ADVANCED_FACE('',(#9287),#9774,.T.);
#10467=ADVANCED_FACE('',(#9288),#9775,.F.);
#10468=ADVANCED_FACE('',(#9289),#9776,.T.);
#10469=ADVANCED_FACE('',(#9290),#9777,.T.);
#10470=ADVANCED_FACE('',(#9291),#9778,.T.);
#10471=ADVANCED_FACE('',(#9292),#9779,.F.);
#10472=ADVANCED_FACE('',(#9293),#9780,.T.);
#10473=ADVANCED_FACE('',(#9294),#9781,.T.);
#10474=ADVANCED_FACE('',(#9295),#9782,.T.);
#10475=ADVANCED_FACE('',(#9296),#9783,.F.);
#10476=ADVANCED_FACE('',(#9297),#9784,.T.);
#10477=ADVANCED_FACE('',(#9298),#9785,.T.);
#10478=ADVANCED_FACE('',(#9299),#9786,.T.);
#10479=ADVANCED_FACE('',(#9300),#9787,.F.);
#10480=ADVANCED_FACE('',(#9301),#9788,.T.);
#10481=ADVANCED_FACE('',(#9302),#9789,.T.);
#10482=ADVANCED_FACE('',(#9303),#9790,.T.);
#10483=ADVANCED_FACE('',(#9304),#9791,.F.);
#10484=ADVANCED_FACE('',(#9305),#9792,.T.);
#10485=ADVANCED_FACE('',(#9306),#9793,.T.);
#10486=ADVANCED_FACE('',(#9307),#9794,.T.);
#10487=ADVANCED_FACE('',(#9308),#9795,.F.);
#10488=ADVANCED_FACE('',(#9309),#9796,.T.);
#10489=ADVANCED_FACE('',(#9310),#9797,.T.);
#10490=ADVANCED_FACE('',(#9311),#9798,.T.);
#10491=ADVANCED_FACE('',(#9312),#9799,.F.);
#10492=ADVANCED_FACE('',(#9313),#9800,.T.);
#10493=ADVANCED_FACE('',(#9314),#9801,.T.);
#10494=ADVANCED_FACE('',(#9315),#9802,.T.);
#10495=ADVANCED_FACE('',(#9316),#9803,.F.);
#10496=ADVANCED_FACE('',(#9317),#9804,.T.);
#10497=ADVANCED_FACE('',(#9318),#9805,.T.);
#10498=ADVANCED_FACE('',(#9319),#9806,.T.);
#10499=ADVANCED_FACE('',(#9320),#9807,.F.);
#10500=ADVANCED_FACE('',(#9321),#9808,.T.);
#10501=ADVANCED_FACE('',(#9322),#9809,.T.);
#10502=ADVANCED_FACE('',(#9323),#9810,.T.);
#10503=ADVANCED_FACE('',(#9324),#9811,.F.);
#10504=ADVANCED_FACE('',(#9325),#9812,.T.);
#10505=ADVANCED_FACE('',(#9326),#9813,.T.);
#10506=ADVANCED_FACE('',(#9327),#9814,.T.);
#10507=ADVANCED_FACE('',(#9328),#9815,.F.);
#10508=ADVANCED_FACE('',(#9329),#9816,.T.);
#10509=ADVANCED_FACE('',(#9330),#9817,.T.);
#10510=ADVANCED_FACE('',(#9331),#9818,.T.);
#10511=ADVANCED_FACE('',(#9332),#9819,.F.);
#10512=ADVANCED_FACE('',(#9333),#9820,.T.);
#10513=ADVANCED_FACE('',(#9334),#9821,.T.);
#10514=ADVANCED_FACE('',(#9335),#9822,.T.);
#10515=ADVANCED_FACE('',(#9336),#9823,.F.);
#10516=ADVANCED_FACE('',(#9337),#9824,.T.);
#10517=ADVANCED_FACE('',(#9338),#9825,.T.);
#10518=ADVANCED_FACE('',(#9339),#9826,.T.);
#10519=ADVANCED_FACE('',(#9340),#9827,.F.);
#10520=ADVANCED_FACE('',(#9341),#9828,.T.);
#10521=ADVANCED_FACE('',(#9342),#9829,.T.);
#10522=ADVANCED_FACE('',(#9343),#9830,.T.);
#10523=ADVANCED_FACE('',(#9344),#9831,.F.);
#10524=ADVANCED_FACE('',(#9345),#9832,.T.);
#10525=ADVANCED_FACE('',(#9346),#9833,.T.);
#10526=ADVANCED_FACE('',(#9347),#9834,.T.);
#10527=ADVANCED_FACE('',(#9348),#9835,.F.);
#10528=ADVANCED_FACE('',(#9349),#9836,.T.);
#10529=ADVANCED_FACE('',(#9350),#9837,.T.);
#10530=ADVANCED_FACE('',(#9351),#9838,.T.);
#10531=ADVANCED_FACE('',(#9352),#9839,.F.);
#10532=ADVANCED_FACE('',(#9353),#9840,.T.);
#10533=ADVANCED_FACE('',(#9354),#9841,.T.);
#10534=ADVANCED_FACE('',(#9355),#9842,.T.);
#10535=ADVANCED_FACE('',(#9356),#9843,.F.);
#10536=ADVANCED_FACE('',(#9357),#9844,.T.);
#10537=ADVANCED_FACE('',(#9358),#9845,.T.);
#10538=ADVANCED_FACE('',(#9359),#9846,.T.);
#10539=ADVANCED_FACE('',(#9360),#9847,.F.);
#10540=ADVANCED_FACE('',(#9361),#9848,.T.);
#10541=ADVANCED_FACE('',(#9362),#9849,.T.);
#10542=ADVANCED_FACE('',(#9363),#9850,.T.);
#10543=ADVANCED_FACE('',(#9364),#9851,.F.);
#10544=ADVANCED_FACE('',(#9365),#9852,.T.);
#10545=ADVANCED_FACE('',(#9366),#9853,.T.);
#10546=ADVANCED_FACE('',(#9367),#9854,.T.);
#10547=ADVANCED_FACE('',(#9368),#9855,.F.);
#10548=ADVANCED_FACE('',(#9369),#9856,.T.);
#10549=ADVANCED_FACE('',(#9370),#9857,.T.);
#10550=ADVANCED_FACE('',(#9371),#9858,.T.);
#10551=ADVANCED_FACE('',(#9372),#9859,.F.);
#10552=ADVANCED_FACE('',(#9373),#9860,.T.);
#10553=ADVANCED_FACE('',(#9374),#9861,.T.);
#10554=ADVANCED_FACE('',(#9375),#9862,.T.);
#10555=ADVANCED_FACE('',(#9376),#9863,.F.);
#10556=ADVANCED_FACE('',(#9377),#9864,.T.);
#10557=ADVANCED_FACE('',(#9378),#9865,.T.);
#10558=ADVANCED_FACE('',(#9379),#9866,.T.);
#10559=ADVANCED_FACE('',(#9380),#9867,.F.);
#10560=ADVANCED_FACE('',(#9381),#9868,.T.);
#10561=ADVANCED_FACE('',(#9382),#9869,.T.);
#10562=ADVANCED_FACE('',(#9383),#9870,.T.);
#10563=ADVANCED_FACE('',(#9384),#9871,.F.);
#10564=ADVANCED_FACE('',(#9385),#9872,.T.);
#10565=ADVANCED_FACE('',(#9386),#9873,.T.);
#10566=ADVANCED_FACE('',(#9387),#9874,.T.);
#10567=ADVANCED_FACE('',(#9388),#9875,.F.);
#10568=ADVANCED_FACE('',(#9389),#9876,.T.);
#10569=ADVANCED_FACE('',(#9390),#9877,.T.);
#10570=ADVANCED_FACE('',(#9391),#9878,.T.);
#10571=ADVANCED_FACE('',(#9392),#9879,.F.);
#10572=ADVANCED_FACE('',(#9393),#9880,.T.);
#10573=ADVANCED_FACE('',(#9394),#9881,.T.);
#10574=ADVANCED_FACE('',(#9395),#9882,.T.);
#10575=ADVANCED_FACE('',(#9396),#9883,.F.);
#10576=ADVANCED_FACE('',(#9397),#9884,.T.);
#10577=ADVANCED_FACE('',(#9398),#9885,.T.);
#10578=ADVANCED_FACE('',(#9399),#9886,.T.);
#10579=ADVANCED_FACE('',(#9400),#9887,.F.);
#10580=ADVANCED_FACE('',(#9401),#9888,.T.);
#10581=ADVANCED_FACE('',(#9402),#9889,.T.);
#10582=ADVANCED_FACE('',(#9403),#9890,.T.);
#10583=ADVANCED_FACE('',(#9404),#9891,.F.);
#10584=ADVANCED_FACE('',(#9405),#9892,.T.);
#10585=ADVANCED_FACE('',(#9406),#9893,.T.);
#10586=ADVANCED_FACE('',(#9407),#9894,.T.);
#10587=ADVANCED_FACE('',(#9408),#9895,.F.);
#10588=ADVANCED_FACE('',(#9409),#9896,.T.);
#10589=ADVANCED_FACE('',(#9410),#9897,.T.);
#10590=ADVANCED_FACE('',(#9411),#9898,.T.);
#10591=ADVANCED_FACE('',(#9412),#9899,.F.);
#10592=ADVANCED_FACE('',(#9413),#9900,.T.);
#10593=ADVANCED_FACE('',(#9414),#9901,.T.);
#10594=ADVANCED_FACE('',(#9415),#9902,.T.);
#10595=ADVANCED_FACE('',(#9416),#9903,.F.);
#10596=ADVANCED_FACE('',(#9417),#9904,.T.);
#10597=ADVANCED_FACE('',(#9418),#9905,.T.);
#10598=ADVANCED_FACE('',(#9419),#9906,.T.);
#10599=ADVANCED_FACE('',(#9420),#9907,.F.);
#10600=ADVANCED_FACE('',(#9421),#9908,.T.);
#10601=ADVANCED_FACE('',(#9422),#9909,.T.);
#10602=ADVANCED_FACE('',(#9423),#9910,.T.);
#10603=ADVANCED_FACE('',(#9424),#9911,.F.);
#10604=ADVANCED_FACE('',(#9425),#9912,.T.);
#10605=ADVANCED_FACE('',(#9426),#9913,.T.);
#10606=ADVANCED_FACE('',(#9427),#9914,.T.);
#10607=ADVANCED_FACE('',(#9428),#9915,.F.);
#10608=ADVANCED_FACE('',(#9429),#9916,.T.);
#10609=ADVANCED_FACE('',(#9430),#9917,.T.);
#10610=ADVANCED_FACE('',(#9431),#9918,.T.);
#10611=ADVANCED_FACE('',(#9432),#9919,.F.);
#10612=ADVANCED_FACE('',(#9433),#9920,.T.);
#10613=ADVANCED_FACE('',(#9434),#9921,.T.);
#10614=ADVANCED_FACE('',(#9435),#9922,.T.);
#10615=ADVANCED_FACE('',(#9436),#9923,.F.);
#10616=ADVANCED_FACE('',(#9437),#9924,.T.);
#10617=ADVANCED_FACE('',(#9438),#9925,.T.);
#10618=ADVANCED_FACE('',(#9439),#9926,.T.);
#10619=ADVANCED_FACE('',(#9440),#9927,.F.);
#10620=ADVANCED_FACE('',(#9441),#9928,.T.);
#10621=ADVANCED_FACE('',(#9442),#9929,.T.);
#10622=ADVANCED_FACE('',(#9443),#9930,.T.);
#10623=ADVANCED_FACE('',(#9444),#9931,.F.);
#10624=ADVANCED_FACE('',(#9445),#9932,.T.);
#10625=ADVANCED_FACE('',(#9446),#9933,.T.);
#10626=ADVANCED_FACE('',(#9447),#9934,.T.);
#10627=ADVANCED_FACE('',(#9448),#9935,.F.);
#10628=ADVANCED_FACE('',(#9449),#9936,.T.);
#10629=ADVANCED_FACE('',(#9450),#9937,.T.);
#10630=ADVANCED_FACE('',(#9451),#9938,.T.);
#10631=ADVANCED_FACE('',(#9452),#9939,.F.);
#10632=ADVANCED_FACE('',(#9453),#9940,.T.);
#10633=ADVANCED_FACE('',(#9454),#9941,.T.);
#10634=ADVANCED_FACE('',(#9455),#9942,.T.);
#10635=ADVANCED_FACE('',(#9456),#9943,.F.);
#10636=ADVANCED_FACE('',(#9457),#9944,.T.);
#10637=ADVANCED_FACE('',(#9458),#9945,.T.);
#10638=ADVANCED_FACE('',(#9459),#9946,.T.);
#10639=ADVANCED_FACE('',(#9460),#9947,.F.);
#10640=ADVANCED_FACE('',(#9461),#9948,.T.);
#10641=ADVANCED_FACE('',(#9462),#9949,.T.);
#10642=ADVANCED_FACE('',(#9463),#9950,.T.);
#10643=ADVANCED_FACE('',(#9464),#9951,.F.);
#10644=ADVANCED_FACE('',(#9465),#9952,.T.);
#10645=ADVANCED_FACE('',(#9466),#9953,.T.);
#10646=ADVANCED_FACE('',(#9467),#9954,.T.);
#10647=ADVANCED_FACE('',(#9468),#9955,.F.);
#10648=ADVANCED_FACE('',(#9469),#9956,.T.);
#10649=ADVANCED_FACE('',(#9470),#9957,.T.);
#10650=ADVANCED_FACE('',(#9471),#9958,.T.);
#10651=ADVANCED_FACE('',(#9472),#9959,.F.);
#10652=ADVANCED_FACE('',(#9473),#9960,.T.);
#10653=ADVANCED_FACE('',(#9474),#9961,.T.);
#10654=ADVANCED_FACE('',(#9475),#9962,.T.);
#10655=ADVANCED_FACE('',(#9476),#9963,.F.);
#10656=ADVANCED_FACE('',(#9477),#9964,.T.);
#10657=ADVANCED_FACE('',(#9478),#9965,.T.);
#10658=ADVANCED_FACE('',(#9479),#9966,.T.);
#10659=ADVANCED_FACE('',(#9480),#9967,.F.);
#10660=ADVANCED_FACE('',(#9481),#9968,.T.);
#10661=ADVANCED_FACE('',(#9482),#9969,.F.);
#10662=ADVANCED_FACE('',(#9483),#9970,.T.);
#10663=ADVANCED_FACE('',(#9484),#9971,.T.);
#10664=ADVANCED_FACE('',(#9485,#9486,#9487,#9488,#9489,#9490),#1154,.T.);
#10665=ADVANCED_FACE('',(#9491,#9492),#9972,.F.);
#10666=ADVANCED_FACE('',(#9493,#9494),#9973,.F.);
#10667=ADVANCED_FACE('',(#9495,#9496),#9974,.F.);
#10668=ADVANCED_FACE('',(#9497,#9498),#9975,.F.);
#10669=ADVANCED_FACE('',(#9499,#9500),#12,.T.);
#10670=ADVANCED_FACE('',(#9501,#9502),#13,.T.);
#10671=ADVANCED_FACE('',(#9503,#9504,#9505,#9506,#9507,#9508),#1155,.T.);
#10672=ADVANCED_FACE('',(#9509,#9510),#9976,.F.);
#10673=ADVANCED_FACE('',(#9511,#9512),#1156,.F.);
#10674=CLOSED_SHELL('',(#9977,#9978,#9979,#9980,#9981,#9982,#9983,#9984,
#9985,#9986,#9987,#9988,#9989,#9990,#9991,#9992,#9993,#9994,#9995,#9996,
#9997,#9998,#9999,#10000,#10001,#10002,#10003,#10004,#10005,#10006,#10007,
#10008,#10009,#10010,#10011,#10012,#10013,#10014,#10015,#10016,#10017,#10018,
#10019,#10020,#10021,#10022,#10023,#10024,#10025,#10026,#10027,#10028,#10029,
#10030,#10031,#10032,#10033,#10034,#10035,#10036,#10037,#10038,#10039,#10040,
#10041,#10042,#10043,#10044,#10045,#10046,#10047,#10048,#10049,#10050,#10051,
#10052,#10053,#10054,#10055,#10056,#10057,#10058,#10059,#10060,#10061,#10062,
#10063,#10064,#10065,#10066,#10067,#10068,#10069,#10070,#10071,#10072,#10073,
#10074,#10075,#10076,#10077,#10078,#10079,#10080,#10081,#10082,#10083,#10084,
#10085,#10086,#10087,#10088,#10089,#10090,#10091,#10092,#10093,#10094,#10095,
#10096,#10097,#10098,#10099,#10100,#10101,#10102,#10103,#10104,#10105,#10106,
#10107,#10108,#10109,#10110,#10111,#10112,#10113,#10114,#10115,#10116,#10117,
#10118,#10119,#10120,#10121,#10122,#10123,#10124,#10125,#10126,#10127,#10128,
#10129,#10130,#10131,#10132,#10133,#10134,#10135,#10136,#10137,#10138,#10139,
#10140,#10141,#10142,#10143,#10144,#10145,#10146,#10147,#10148,#10149,#10150,
#10151,#10152,#10153,#10154,#10155,#10156,#10157,#10158,#10159,#10160,#10161,
#10162,#10163,#10164,#10165,#10166,#10167,#10168,#10169,#10170,#10171,#10172,
#10173,#10174,#10175,#10176,#10177,#10178,#10179,#10180,#10181,#10182,#10183,
#10184,#10185,#10186,#10187,#10188,#10189,#10190,#10191,#10192,#10193,#10194,
#10195,#10196,#10197,#10198,#10199,#10200,#10201,#10202,#10203,#10204,#10205,
#10206,#10207,#10208,#10209,#10210,#10211,#10212,#10213,#10214,#10215,#10216,
#10217,#10218,#10219,#10220,#10221,#10222,#10223,#10224,#10225,#10226,#10227,
#10228,#10229,#10230,#10231,#10232,#10233,#10234,#10235,#10236,#10237,#10238,
#10239,#10240,#10241,#10242,#10243,#10244,#10245,#10246,#10247,#10248,#10249,
#10250,#10251,#10252,#10253,#10254,#10255,#10256,#10257,#10258,#10259,#10260,
#10261,#10262,#10263,#10264,#10265,#10266,#10267,#10268,#10269,#10270,#10271,
#10272,#10273,#10274,#10275,#10276,#10277,#10278,#10279,#10280,#10281,#10282,
#10283,#10284,#10285,#10286,#10287,#10288,#10289,#10290,#10291,#10292,#10293,
#10294,#10295,#10296,#10297,#10298,#10299,#10300,#10301,#10302,#10303,#10304,
#10305,#10306,#10307,#10308,#10309,#10310,#10311,#10312,#10313,#10314,#10315,
#10316,#10317,#10318,#10319,#10320,#10321,#10322,#10323,#10324,#10325,#10326,
#10327,#10328,#10329,#10330,#10331,#10332,#10333,#10334,#10335,#10336,#10337,
#10338,#10339,#10340,#10341,#10342,#10343,#10344,#10345,#10346,#10347,#10348,
#10349,#10350,#10351,#10352,#10353,#10354,#10355,#10356,#10357,#10358,#10359,
#10360,#10361,#10362,#10363,#10364,#10365,#10366,#10367,#10368,#10369,#10370,
#10371,#10372,#10373,#10374,#10375,#10376,#10377,#10378,#10379,#10380,#10381,
#10382,#10383,#10384,#10385,#10386,#10387,#10388,#10389,#10390,#10391,#10392,
#10393,#10394,#10395,#10396,#10397,#10398,#10399,#10400,#10401,#10402,#10403,
#10404,#10405,#10406,#10407,#10408,#10409,#10410,#10411,#10412,#10413,#10414,
#10415,#10416,#10417,#10418,#10419,#10420,#10421,#10422,#10423,#10424,#10425,
#10426,#10427,#10428,#10429,#10430,#10431,#10432,#10433,#10434,#10435,#10436,
#10437,#10438,#10439,#10440,#10441,#10442,#10443,#10444,#10445,#10446,#10447,
#10448,#10449,#10450,#10451,#10452,#10453,#10454,#10455,#10456,#10457,#10458,
#10459,#10460,#10461,#10462,#10463,#10464,#10465,#10466,#10467,#10468,#10469,
#10470,#10471,#10472,#10473,#10474,#10475,#10476,#10477,#10478,#10479,#10480,
#10481,#10482,#10483,#10484,#10485,#10486,#10487,#10488,#10489,#10490,#10491,
#10492,#10493,#10494,#10495,#10496,#10497,#10498,#10499,#10500,#10501,#10502,
#10503,#10504,#10505,#10506,#10507,#10508,#10509,#10510,#10511,#10512,#10513,
#10514,#10515,#10516,#10517,#10518,#10519,#10520,#10521,#10522,#10523,#10524,
#10525,#10526,#10527,#10528,#10529,#10530,#10531,#10532,#10533,#10534,#10535,
#10536,#10537,#10538,#10539,#10540,#10541,#10542,#10543,#10544,#10545,#10546,
#10547,#10548,#10549,#10550,#10551,#10552,#10553,#10554,#10555,#10556,#10557,
#10558,#10559,#10560,#10561,#10562,#10563,#10564,#10565,#10566,#10567,#10568,
#10569,#10570,#10571,#10572,#10573,#10574,#10575,#10576,#10577,#10578,#10579,
#10580,#10581,#10582,#10583,#10584,#10585,#10586,#10587,#10588,#10589,#10590,
#10591,#10592,#10593,#10594,#10595,#10596,#10597,#10598,#10599,#10600,#10601,
#10602,#10603,#10604,#10605,#10606,#10607,#10608,#10609,#10610,#10611,#10612,
#10613,#10614,#10615,#10616,#10617,#10618,#10619,#10620,#10621,#10622,#10623,
#10624,#10625,#10626,#10627,#10628,#10629,#10630,#10631,#10632,#10633,#10634,
#10635,#10636,#10637,#10638,#10639,#10640,#10641,#10642,#10643,#10644,#10645,
#10646,#10647,#10648,#10649,#10650,#10651,#10652,#10653,#10654,#10655,#10656,
#10657,#10658,#10659,#10660,#10661,#10662,#10663,#10664,#10665,#10666,#10667,
#10668,#10669,#10670,#10671,#10672,#10673));
#10675=STYLED_ITEM('',(#10676),#10683);
#10676=PRESENTATION_STYLE_ASSIGNMENT((#10677));
#10677=SURFACE_STYLE_USAGE(.BOTH.,#10678);
#10678=SURFACE_SIDE_STYLE('',(#10679));
#10679=SURFACE_STYLE_FILL_AREA(#10680);
#10680=FILL_AREA_STYLE('',(#10681));
#10681=FILL_AREA_STYLE_COLOUR('',#10682);
#10682=COLOUR_RGB('',0.615686274509804,0.811764705882353,0.929411764705882);
#10683=MANIFOLD_SOLID_BREP('114T GT2 Pulley 9mm Wide',#10674);
#10684=SHAPE_DEFINITION_REPRESENTATION(#19948,#10685);
#10685=SHAPE_REPRESENTATION('114T GT2 Pulley 9mm Wide',(#10686),#19943);
#10686=AXIS2_PLACEMENT_3D('',#16704,#12540,#12541);
#10687=AXIS2_PLACEMENT_3D('',#16705,#12542,#12543);
#10688=AXIS2_PLACEMENT_3D('',#16706,#12544,#12545);
#10689=AXIS2_PLACEMENT_3D('',#16708,#12546,#12547);
#10690=AXIS2_PLACEMENT_3D('',#16710,#12548,#12549);
#10691=AXIS2_PLACEMENT_3D('',#16711,#12550,#12551);
#10692=AXIS2_PLACEMENT_3D('',#16714,#12552,#12553);
#10693=AXIS2_PLACEMENT_3D('',#16716,#12554,#12555);
#10694=AXIS2_PLACEMENT_3D('',#16718,#12556,#12557);
#10695=AXIS2_PLACEMENT_3D('',#16719,#12558,#12559);
#10696=AXIS2_PLACEMENT_3D('',#16720,#12560,#12561);
#10697=AXIS2_PLACEMENT_3D('',#16723,#12562,#12563);
#10698=AXIS2_PLACEMENT_3D('',#16725,#12564,#12565);
#10699=AXIS2_PLACEMENT_3D('',#16727,#12566,#12567);
#10700=AXIS2_PLACEMENT_3D('',#16728,#12568,#12569);
#10701=AXIS2_PLACEMENT_3D('',#16729,#12570,#12571);
#10702=AXIS2_PLACEMENT_3D('',#16732,#12572,#12573);
#10703=AXIS2_PLACEMENT_3D('',#16734,#12574,#12575);
#10704=AXIS2_PLACEMENT_3D('',#16736,#12576,#12577);
#10705=AXIS2_PLACEMENT_3D('',#16737,#12578,#12579);
#10706=AXIS2_PLACEMENT_3D('',#16738,#12580,#12581);
#10707=AXIS2_PLACEMENT_3D('',#16741,#12582,#12583);
#10708=AXIS2_PLACEMENT_3D('',#16743,#12584,#12585);
#10709=AXIS2_PLACEMENT_3D('',#16745,#12586,#12587);
#10710=AXIS2_PLACEMENT_3D('',#16746,#12588,#12589);
#10711=AXIS2_PLACEMENT_3D('',#16747,#12590,#12591);
#10712=AXIS2_PLACEMENT_3D('',#16750,#12592,#12593);
#10713=AXIS2_PLACEMENT_3D('',#16752,#12594,#12595);
#10714=AXIS2_PLACEMENT_3D('',#16754,#12596,#12597);
#10715=AXIS2_PLACEMENT_3D('',#16755,#12598,#12599);
#10716=AXIS2_PLACEMENT_3D('',#16756,#12600,#12601);
#10717=AXIS2_PLACEMENT_3D('',#16759,#12602,#12603);
#10718=AXIS2_PLACEMENT_3D('',#16761,#12604,#12605);
#10719=AXIS2_PLACEMENT_3D('',#16763,#12606,#12607);
#10720=AXIS2_PLACEMENT_3D('',#16764,#12608,#12609);
#10721=AXIS2_PLACEMENT_3D('',#16765,#12610,#12611);
#10722=AXIS2_PLACEMENT_3D('',#16768,#12612,#12613);
#10723=AXIS2_PLACEMENT_3D('',#16770,#12614,#12615);
#10724=AXIS2_PLACEMENT_3D('',#16772,#12616,#12617);
#10725=AXIS2_PLACEMENT_3D('',#16773,#12618,#12619);
#10726=AXIS2_PLACEMENT_3D('',#16774,#12620,#12621);
#10727=AXIS2_PLACEMENT_3D('',#16777,#12622,#12623);
#10728=AXIS2_PLACEMENT_3D('',#16779,#12624,#12625);
#10729=AXIS2_PLACEMENT_3D('',#16781,#12626,#12627);
#10730=AXIS2_PLACEMENT_3D('',#16782,#12628,#12629);
#10731=AXIS2_PLACEMENT_3D('',#16783,#12630,#12631);
#10732=AXIS2_PLACEMENT_3D('',#16786,#12632,#12633);
#10733=AXIS2_PLACEMENT_3D('',#16788,#12634,#12635);
#10734=AXIS2_PLACEMENT_3D('',#16790,#12636,#12637);
#10735=AXIS2_PLACEMENT_3D('',#16791,#12638,#12639);
#10736=AXIS2_PLACEMENT_3D('',#16792,#12640,#12641);
#10737=AXIS2_PLACEMENT_3D('',#16795,#12642,#12643);
#10738=AXIS2_PLACEMENT_3D('',#16797,#12644,#12645);
#10739=AXIS2_PLACEMENT_3D('',#16799,#12646,#12647);
#10740=AXIS2_PLACEMENT_3D('',#16800,#12648,#12649);
#10741=AXIS2_PLACEMENT_3D('',#16801,#12650,#12651);
#10742=AXIS2_PLACEMENT_3D('',#16804,#12652,#12653);
#10743=AXIS2_PLACEMENT_3D('',#16806,#12654,#12655);
#10744=AXIS2_PLACEMENT_3D('',#16808,#12656,#12657);
#10745=AXIS2_PLACEMENT_3D('',#16809,#12658,#12659);
#10746=AXIS2_PLACEMENT_3D('',#16810,#12660,#12661);
#10747=AXIS2_PLACEMENT_3D('',#16813,#12662,#12663);
#10748=AXIS2_PLACEMENT_3D('',#16815,#12664,#12665);
#10749=AXIS2_PLACEMENT_3D('',#16817,#12666,#12667);
#10750=AXIS2_PLACEMENT_3D('',#16818,#12668,#12669);
#10751=AXIS2_PLACEMENT_3D('',#16819,#12670,#12671);
#10752=AXIS2_PLACEMENT_3D('',#16822,#12672,#12673);
#10753=AXIS2_PLACEMENT_3D('',#16824,#12674,#12675);
#10754=AXIS2_PLACEMENT_3D('',#16826,#12676,#12677);
#10755=AXIS2_PLACEMENT_3D('',#16827,#12678,#12679);
#10756=AXIS2_PLACEMENT_3D('',#16828,#12680,#12681);
#10757=AXIS2_PLACEMENT_3D('',#16831,#12682,#12683);
#10758=AXIS2_PLACEMENT_3D('',#16833,#12684,#12685);
#10759=AXIS2_PLACEMENT_3D('',#16835,#12686,#12687);
#10760=AXIS2_PLACEMENT_3D('',#16836,#12688,#12689);
#10761=AXIS2_PLACEMENT_3D('',#16837,#12690,#12691);
#10762=AXIS2_PLACEMENT_3D('',#16840,#12692,#12693);
#10763=AXIS2_PLACEMENT_3D('',#16842,#12694,#12695);
#10764=AXIS2_PLACEMENT_3D('',#16844,#12696,#12697);
#10765=AXIS2_PLACEMENT_3D('',#16845,#12698,#12699);
#10766=AXIS2_PLACEMENT_3D('',#16846,#12700,#12701);
#10767=AXIS2_PLACEMENT_3D('',#16849,#12702,#12703);
#10768=AXIS2_PLACEMENT_3D('',#16851,#12704,#12705);
#10769=AXIS2_PLACEMENT_3D('',#16853,#12706,#12707);
#10770=AXIS2_PLACEMENT_3D('',#16854,#12708,#12709);
#10771=AXIS2_PLACEMENT_3D('',#16855,#12710,#12711);
#10772=AXIS2_PLACEMENT_3D('',#16858,#12712,#12713);
#10773=AXIS2_PLACEMENT_3D('',#16860,#12714,#12715);
#10774=AXIS2_PLACEMENT_3D('',#16862,#12716,#12717);
#10775=AXIS2_PLACEMENT_3D('',#16863,#12718,#12719);
#10776=AXIS2_PLACEMENT_3D('',#16864,#12720,#12721);
#10777=AXIS2_PLACEMENT_3D('',#16867,#12722,#12723);
#10778=AXIS2_PLACEMENT_3D('',#16869,#12724,#12725);
#10779=AXIS2_PLACEMENT_3D('',#16871,#12726,#12727);
#10780=AXIS2_PLACEMENT_3D('',#16872,#12728,#12729);
#10781=AXIS2_PLACEMENT_3D('',#16873,#12730,#12731);
#10782=AXIS2_PLACEMENT_3D('',#16876,#12732,#12733);
#10783=AXIS2_PLACEMENT_3D('',#16878,#12734,#12735);
#10784=AXIS2_PLACEMENT_3D('',#16880,#12736,#12737);
#10785=AXIS2_PLACEMENT_3D('',#16881,#12738,#12739);
#10786=AXIS2_PLACEMENT_3D('',#16882,#12740,#12741);
#10787=AXIS2_PLACEMENT_3D('',#16885,#12742,#12743);
#10788=AXIS2_PLACEMENT_3D('',#16887,#12744,#12745);
#10789=AXIS2_PLACEMENT_3D('',#16889,#12746,#12747);
#10790=AXIS2_PLACEMENT_3D('',#16890,#12748,#12749);
#10791=AXIS2_PLACEMENT_3D('',#16891,#12750,#12751);
#10792=AXIS2_PLACEMENT_3D('',#16894,#12752,#12753);
#10793=AXIS2_PLACEMENT_3D('',#16896,#12754,#12755);
#10794=AXIS2_PLACEMENT_3D('',#16898,#12756,#12757);
#10795=AXIS2_PLACEMENT_3D('',#16899,#12758,#12759);
#10796=AXIS2_PLACEMENT_3D('',#16900,#12760,#12761);
#10797=AXIS2_PLACEMENT_3D('',#16903,#12762,#12763);
#10798=AXIS2_PLACEMENT_3D('',#16905,#12764,#12765);
#10799=AXIS2_PLACEMENT_3D('',#16907,#12766,#12767);
#10800=AXIS2_PLACEMENT_3D('',#16908,#12768,#12769);
#10801=AXIS2_PLACEMENT_3D('',#16909,#12770,#12771);
#10802=AXIS2_PLACEMENT_3D('',#16912,#12772,#12773);
#10803=AXIS2_PLACEMENT_3D('',#16914,#12774,#12775);
#10804=AXIS2_PLACEMENT_3D('',#16916,#12776,#12777);
#10805=AXIS2_PLACEMENT_3D('',#16917,#12778,#12779);
#10806=AXIS2_PLACEMENT_3D('',#16918,#12780,#12781);
#10807=AXIS2_PLACEMENT_3D('',#16921,#12782,#12783);
#10808=AXIS2_PLACEMENT_3D('',#16923,#12784,#12785);
#10809=AXIS2_PLACEMENT_3D('',#16925,#12786,#12787);
#10810=AXIS2_PLACEMENT_3D('',#16926,#12788,#12789);
#10811=AXIS2_PLACEMENT_3D('',#16927,#12790,#12791);
#10812=AXIS2_PLACEMENT_3D('',#16930,#12792,#12793);
#10813=AXIS2_PLACEMENT_3D('',#16932,#12794,#12795);
#10814=AXIS2_PLACEMENT_3D('',#16934,#12796,#12797);
#10815=AXIS2_PLACEMENT_3D('',#16935,#12798,#12799);
#10816=AXIS2_PLACEMENT_3D('',#16936,#12800,#12801);
#10817=AXIS2_PLACEMENT_3D('',#16939,#12802,#12803);
#10818=AXIS2_PLACEMENT_3D('',#16941,#12804,#12805);
#10819=AXIS2_PLACEMENT_3D('',#16943,#12806,#12807);
#10820=AXIS2_PLACEMENT_3D('',#16944,#12808,#12809);
#10821=AXIS2_PLACEMENT_3D('',#16945,#12810,#12811);
#10822=AXIS2_PLACEMENT_3D('',#16948,#12812,#12813);
#10823=AXIS2_PLACEMENT_3D('',#16950,#12814,#12815);
#10824=AXIS2_PLACEMENT_3D('',#16952,#12816,#12817);
#10825=AXIS2_PLACEMENT_3D('',#16953,#12818,#12819);
#10826=AXIS2_PLACEMENT_3D('',#16954,#12820,#12821);
#10827=AXIS2_PLACEMENT_3D('',#16957,#12822,#12823);
#10828=AXIS2_PLACEMENT_3D('',#16959,#12824,#12825);
#10829=AXIS2_PLACEMENT_3D('',#16961,#12826,#12827);
#10830=AXIS2_PLACEMENT_3D('',#16962,#12828,#12829);
#10831=AXIS2_PLACEMENT_3D('',#16963,#12830,#12831);
#10832=AXIS2_PLACEMENT_3D('',#16966,#12832,#12833);
#10833=AXIS2_PLACEMENT_3D('',#16968,#12834,#12835);
#10834=AXIS2_PLACEMENT_3D('',#16970,#12836,#12837);
#10835=AXIS2_PLACEMENT_3D('',#16971,#12838,#12839);
#10836=AXIS2_PLACEMENT_3D('',#16972,#12840,#12841);
#10837=AXIS2_PLACEMENT_3D('',#16975,#12842,#12843);
#10838=AXIS2_PLACEMENT_3D('',#16977,#12844,#12845);
#10839=AXIS2_PLACEMENT_3D('',#16979,#12846,#12847);
#10840=AXIS2_PLACEMENT_3D('',#16980,#12848,#12849);
#10841=AXIS2_PLACEMENT_3D('',#16981,#12850,#12851);
#10842=AXIS2_PLACEMENT_3D('',#16984,#12852,#12853);
#10843=AXIS2_PLACEMENT_3D('',#16986,#12854,#12855);
#10844=AXIS2_PLACEMENT_3D('',#16988,#12856,#12857);
#10845=AXIS2_PLACEMENT_3D('',#16989,#12858,#12859);
#10846=AXIS2_PLACEMENT_3D('',#16990,#12860,#12861);
#10847=AXIS2_PLACEMENT_3D('',#16993,#12862,#12863);
#10848=AXIS2_PLACEMENT_3D('',#16995,#12864,#12865);
#10849=AXIS2_PLACEMENT_3D('',#16997,#12866,#12867);
#10850=AXIS2_PLACEMENT_3D('',#16998,#12868,#12869);
#10851=AXIS2_PLACEMENT_3D('',#16999,#12870,#12871);
#10852=AXIS2_PLACEMENT_3D('',#17002,#12872,#12873);
#10853=AXIS2_PLACEMENT_3D('',#17004,#12874,#12875);
#10854=AXIS2_PLACEMENT_3D('',#17006,#12876,#12877);
#10855=AXIS2_PLACEMENT_3D('',#17007,#12878,#12879);
#10856=AXIS2_PLACEMENT_3D('',#17008,#12880,#12881);
#10857=AXIS2_PLACEMENT_3D('',#17011,#12882,#12883);
#10858=AXIS2_PLACEMENT_3D('',#17013,#12884,#12885);
#10859=AXIS2_PLACEMENT_3D('',#17015,#12886,#12887);
#10860=AXIS2_PLACEMENT_3D('',#17016,#12888,#12889);
#10861=AXIS2_PLACEMENT_3D('',#17017,#12890,#12891);
#10862=AXIS2_PLACEMENT_3D('',#17020,#12892,#12893);
#10863=AXIS2_PLACEMENT_3D('',#17022,#12894,#12895);
#10864=AXIS2_PLACEMENT_3D('',#17024,#12896,#12897);
#10865=AXIS2_PLACEMENT_3D('',#17025,#12898,#12899);
#10866=AXIS2_PLACEMENT_3D('',#17026,#12900,#12901);
#10867=AXIS2_PLACEMENT_3D('',#17029,#12902,#12903);
#10868=AXIS2_PLACEMENT_3D('',#17031,#12904,#12905);
#10869=AXIS2_PLACEMENT_3D('',#17033,#12906,#12907);
#10870=AXIS2_PLACEMENT_3D('',#17034,#12908,#12909);
#10871=AXIS2_PLACEMENT_3D('',#17035,#12910,#12911);
#10872=AXIS2_PLACEMENT_3D('',#17038,#12912,#12913);
#10873=AXIS2_PLACEMENT_3D('',#17040,#12914,#12915);
#10874=AXIS2_PLACEMENT_3D('',#17042,#12916,#12917);
#10875=AXIS2_PLACEMENT_3D('',#17043,#12918,#12919);
#10876=AXIS2_PLACEMENT_3D('',#17044,#12920,#12921);
#10877=AXIS2_PLACEMENT_3D('',#17047,#12922,#12923);
#10878=AXIS2_PLACEMENT_3D('',#17049,#12924,#12925);
#10879=AXIS2_PLACEMENT_3D('',#17051,#12926,#12927);
#10880=AXIS2_PLACEMENT_3D('',#17052,#12928,#12929);
#10881=AXIS2_PLACEMENT_3D('',#17053,#12930,#12931);
#10882=AXIS2_PLACEMENT_3D('',#17056,#12932,#12933);
#10883=AXIS2_PLACEMENT_3D('',#17058,#12934,#12935);
#10884=AXIS2_PLACEMENT_3D('',#17060,#12936,#12937);
#10885=AXIS2_PLACEMENT_3D('',#17061,#12938,#12939);
#10886=AXIS2_PLACEMENT_3D('',#17062,#12940,#12941);
#10887=AXIS2_PLACEMENT_3D('',#17065,#12942,#12943);
#10888=AXIS2_PLACEMENT_3D('',#17067,#12944,#12945);
#10889=AXIS2_PLACEMENT_3D('',#17069,#12946,#12947);
#10890=AXIS2_PLACEMENT_3D('',#17070,#12948,#12949);
#10891=AXIS2_PLACEMENT_3D('',#17071,#12950,#12951);
#10892=AXIS2_PLACEMENT_3D('',#17074,#12952,#12953);
#10893=AXIS2_PLACEMENT_3D('',#17076,#12954,#12955);
#10894=AXIS2_PLACEMENT_3D('',#17078,#12956,#12957);
#10895=AXIS2_PLACEMENT_3D('',#17079,#12958,#12959);
#10896=AXIS2_PLACEMENT_3D('',#17080,#12960,#12961);
#10897=AXIS2_PLACEMENT_3D('',#17083,#12962,#12963);
#10898=AXIS2_PLACEMENT_3D('',#17085,#12964,#12965);
#10899=AXIS2_PLACEMENT_3D('',#17087,#12966,#12967);
#10900=AXIS2_PLACEMENT_3D('',#17088,#12968,#12969);
#10901=AXIS2_PLACEMENT_3D('',#17089,#12970,#12971);
#10902=AXIS2_PLACEMENT_3D('',#17092,#12972,#12973);
#10903=AXIS2_PLACEMENT_3D('',#17094,#12974,#12975);
#10904=AXIS2_PLACEMENT_3D('',#17096,#12976,#12977);
#10905=AXIS2_PLACEMENT_3D('',#17097,#12978,#12979);
#10906=AXIS2_PLACEMENT_3D('',#17098,#12980,#12981);
#10907=AXIS2_PLACEMENT_3D('',#17101,#12982,#12983);
#10908=AXIS2_PLACEMENT_3D('',#17103,#12984,#12985);
#10909=AXIS2_PLACEMENT_3D('',#17105,#12986,#12987);
#10910=AXIS2_PLACEMENT_3D('',#17106,#12988,#12989);
#10911=AXIS2_PLACEMENT_3D('',#17107,#12990,#12991);
#10912=AXIS2_PLACEMENT_3D('',#17110,#12992,#12993);
#10913=AXIS2_PLACEMENT_3D('',#17112,#12994,#12995);
#10914=AXIS2_PLACEMENT_3D('',#17114,#12996,#12997);
#10915=AXIS2_PLACEMENT_3D('',#17115,#12998,#12999);
#10916=AXIS2_PLACEMENT_3D('',#17116,#13000,#13001);
#10917=AXIS2_PLACEMENT_3D('',#17119,#13002,#13003);
#10918=AXIS2_PLACEMENT_3D('',#17121,#13004,#13005);
#10919=AXIS2_PLACEMENT_3D('',#17123,#13006,#13007);
#10920=AXIS2_PLACEMENT_3D('',#17124,#13008,#13009);
#10921=AXIS2_PLACEMENT_3D('',#17125,#13010,#13011);
#10922=AXIS2_PLACEMENT_3D('',#17128,#13012,#13013);
#10923=AXIS2_PLACEMENT_3D('',#17130,#13014,#13015);
#10924=AXIS2_PLACEMENT_3D('',#17132,#13016,#13017);
#10925=AXIS2_PLACEMENT_3D('',#17133,#13018,#13019);
#10926=AXIS2_PLACEMENT_3D('',#17134,#13020,#13021);
#10927=AXIS2_PLACEMENT_3D('',#17137,#13022,#13023);
#10928=AXIS2_PLACEMENT_3D('',#17139,#13024,#13025);
#10929=AXIS2_PLACEMENT_3D('',#17141,#13026,#13027);
#10930=AXIS2_PLACEMENT_3D('',#17142,#13028,#13029);
#10931=AXIS2_PLACEMENT_3D('',#17143,#13030,#13031);
#10932=AXIS2_PLACEMENT_3D('',#17146,#13032,#13033);
#10933=AXIS2_PLACEMENT_3D('',#17148,#13034,#13035);
#10934=AXIS2_PLACEMENT_3D('',#17150,#13036,#13037);
#10935=AXIS2_PLACEMENT_3D('',#17151,#13038,#13039);
#10936=AXIS2_PLACEMENT_3D('',#17152,#13040,#13041);
#10937=AXIS2_PLACEMENT_3D('',#17155,#13042,#13043);
#10938=AXIS2_PLACEMENT_3D('',#17157,#13044,#13045);
#10939=AXIS2_PLACEMENT_3D('',#17159,#13046,#13047);
#10940=AXIS2_PLACEMENT_3D('',#17160,#13048,#13049);
#10941=AXIS2_PLACEMENT_3D('',#17161,#13050,#13051);
#10942=AXIS2_PLACEMENT_3D('',#17164,#13052,#13053);
#10943=AXIS2_PLACEMENT_3D('',#17166,#13054,#13055);
#10944=AXIS2_PLACEMENT_3D('',#17168,#13056,#13057);
#10945=AXIS2_PLACEMENT_3D('',#17169,#13058,#13059);
#10946=AXIS2_PLACEMENT_3D('',#17170,#13060,#13061);
#10947=AXIS2_PLACEMENT_3D('',#17173,#13062,#13063);
#10948=AXIS2_PLACEMENT_3D('',#17175,#13064,#13065);
#10949=AXIS2_PLACEMENT_3D('',#17177,#13066,#13067);
#10950=AXIS2_PLACEMENT_3D('',#17178,#13068,#13069);
#10951=AXIS2_PLACEMENT_3D('',#17179,#13070,#13071);
#10952=AXIS2_PLACEMENT_3D('',#17182,#13072,#13073);
#10953=AXIS2_PLACEMENT_3D('',#17184,#13074,#13075);
#10954=AXIS2_PLACEMENT_3D('',#17186,#13076,#13077);
#10955=AXIS2_PLACEMENT_3D('',#17187,#13078,#13079);
#10956=AXIS2_PLACEMENT_3D('',#17188,#13080,#13081);
#10957=AXIS2_PLACEMENT_3D('',#17191,#13082,#13083);
#10958=AXIS2_PLACEMENT_3D('',#17193,#13084,#13085);
#10959=AXIS2_PLACEMENT_3D('',#17195,#13086,#13087);
#10960=AXIS2_PLACEMENT_3D('',#17196,#13088,#13089);
#10961=AXIS2_PLACEMENT_3D('',#17197,#13090,#13091);
#10962=AXIS2_PLACEMENT_3D('',#17200,#13092,#13093);
#10963=AXIS2_PLACEMENT_3D('',#17202,#13094,#13095);
#10964=AXIS2_PLACEMENT_3D('',#17204,#13096,#13097);
#10965=AXIS2_PLACEMENT_3D('',#17205,#13098,#13099);
#10966=AXIS2_PLACEMENT_3D('',#17206,#13100,#13101);
#10967=AXIS2_PLACEMENT_3D('',#17209,#13102,#13103);
#10968=AXIS2_PLACEMENT_3D('',#17211,#13104,#13105);
#10969=AXIS2_PLACEMENT_3D('',#17213,#13106,#13107);
#10970=AXIS2_PLACEMENT_3D('',#17214,#13108,#13109);
#10971=AXIS2_PLACEMENT_3D('',#17215,#13110,#13111);
#10972=AXIS2_PLACEMENT_3D('',#17218,#13112,#13113);
#10973=AXIS2_PLACEMENT_3D('',#17220,#13114,#13115);
#10974=AXIS2_PLACEMENT_3D('',#17222,#13116,#13117);
#10975=AXIS2_PLACEMENT_3D('',#17223,#13118,#13119);
#10976=AXIS2_PLACEMENT_3D('',#17224,#13120,#13121);
#10977=AXIS2_PLACEMENT_3D('',#17227,#13122,#13123);
#10978=AXIS2_PLACEMENT_3D('',#17229,#13124,#13125);
#10979=AXIS2_PLACEMENT_3D('',#17231,#13126,#13127);
#10980=AXIS2_PLACEMENT_3D('',#17232,#13128,#13129);
#10981=AXIS2_PLACEMENT_3D('',#17233,#13130,#13131);
#10982=AXIS2_PLACEMENT_3D('',#17236,#13132,#13133);
#10983=AXIS2_PLACEMENT_3D('',#17238,#13134,#13135);
#10984=AXIS2_PLACEMENT_3D('',#17240,#13136,#13137);
#10985=AXIS2_PLACEMENT_3D('',#17241,#13138,#13139);
#10986=AXIS2_PLACEMENT_3D('',#17242,#13140,#13141);
#10987=AXIS2_PLACEMENT_3D('',#17245,#13142,#13143);
#10988=AXIS2_PLACEMENT_3D('',#17247,#13144,#13145);
#10989=AXIS2_PLACEMENT_3D('',#17249,#13146,#13147);
#10990=AXIS2_PLACEMENT_3D('',#17250,#13148,#13149);
#10991=AXIS2_PLACEMENT_3D('',#17251,#13150,#13151);
#10992=AXIS2_PLACEMENT_3D('',#17254,#13152,#13153);
#10993=AXIS2_PLACEMENT_3D('',#17256,#13154,#13155);
#10994=AXIS2_PLACEMENT_3D('',#17258,#13156,#13157);
#10995=AXIS2_PLACEMENT_3D('',#17259,#13158,#13159);
#10996=AXIS2_PLACEMENT_3D('',#17260,#13160,#13161);
#10997=AXIS2_PLACEMENT_3D('',#17263,#13162,#13163);
#10998=AXIS2_PLACEMENT_3D('',#17265,#13164,#13165);
#10999=AXIS2_PLACEMENT_3D('',#17267,#13166,#13167);
#11000=AXIS2_PLACEMENT_3D('',#17268,#13168,#13169);
#11001=AXIS2_PLACEMENT_3D('',#17269,#13170,#13171);
#11002=AXIS2_PLACEMENT_3D('',#17272,#13172,#13173);
#11003=AXIS2_PLACEMENT_3D('',#17274,#13174,#13175);
#11004=AXIS2_PLACEMENT_3D('',#17276,#13176,#13177);
#11005=AXIS2_PLACEMENT_3D('',#17277,#13178,#13179);
#11006=AXIS2_PLACEMENT_3D('',#17278,#13180,#13181);
#11007=AXIS2_PLACEMENT_3D('',#17281,#13182,#13183);
#11008=AXIS2_PLACEMENT_3D('',#17283,#13184,#13185);
#11009=AXIS2_PLACEMENT_3D('',#17285,#13186,#13187);
#11010=AXIS2_PLACEMENT_3D('',#17286,#13188,#13189);
#11011=AXIS2_PLACEMENT_3D('',#17287,#13190,#13191);
#11012=AXIS2_PLACEMENT_3D('',#17290,#13192,#13193);
#11013=AXIS2_PLACEMENT_3D('',#17292,#13194,#13195);
#11014=AXIS2_PLACEMENT_3D('',#17294,#13196,#13197);
#11015=AXIS2_PLACEMENT_3D('',#17295,#13198,#13199);
#11016=AXIS2_PLACEMENT_3D('',#17296,#13200,#13201);
#11017=AXIS2_PLACEMENT_3D('',#17299,#13202,#13203);
#11018=AXIS2_PLACEMENT_3D('',#17301,#13204,#13205);
#11019=AXIS2_PLACEMENT_3D('',#17303,#13206,#13207);
#11020=AXIS2_PLACEMENT_3D('',#17304,#13208,#13209);
#11021=AXIS2_PLACEMENT_3D('',#17305,#13210,#13211);
#11022=AXIS2_PLACEMENT_3D('',#17308,#13212,#13213);
#11023=AXIS2_PLACEMENT_3D('',#17310,#13214,#13215);
#11024=AXIS2_PLACEMENT_3D('',#17312,#13216,#13217);
#11025=AXIS2_PLACEMENT_3D('',#17313,#13218,#13219);
#11026=AXIS2_PLACEMENT_3D('',#17314,#13220,#13221);
#11027=AXIS2_PLACEMENT_3D('',#17317,#13222,#13223);
#11028=AXIS2_PLACEMENT_3D('',#17319,#13224,#13225);
#11029=AXIS2_PLACEMENT_3D('',#17321,#13226,#13227);
#11030=AXIS2_PLACEMENT_3D('',#17322,#13228,#13229);
#11031=AXIS2_PLACEMENT_3D('',#17323,#13230,#13231);
#11032=AXIS2_PLACEMENT_3D('',#17326,#13232,#13233);
#11033=AXIS2_PLACEMENT_3D('',#17328,#13234,#13235);
#11034=AXIS2_PLACEMENT_3D('',#17330,#13236,#13237);
#11035=AXIS2_PLACEMENT_3D('',#17331,#13238,#13239);
#11036=AXIS2_PLACEMENT_3D('',#17332,#13240,#13241);
#11037=AXIS2_PLACEMENT_3D('',#17335,#13242,#13243);
#11038=AXIS2_PLACEMENT_3D('',#17337,#13244,#13245);
#11039=AXIS2_PLACEMENT_3D('',#17339,#13246,#13247);
#11040=AXIS2_PLACEMENT_3D('',#17340,#13248,#13249);
#11041=AXIS2_PLACEMENT_3D('',#17341,#13250,#13251);
#11042=AXIS2_PLACEMENT_3D('',#17344,#13252,#13253);
#11043=AXIS2_PLACEMENT_3D('',#17346,#13254,#13255);
#11044=AXIS2_PLACEMENT_3D('',#17348,#13256,#13257);
#11045=AXIS2_PLACEMENT_3D('',#17349,#13258,#13259);
#11046=AXIS2_PLACEMENT_3D('',#17350,#13260,#13261);
#11047=AXIS2_PLACEMENT_3D('',#17353,#13262,#13263);
#11048=AXIS2_PLACEMENT_3D('',#17355,#13264,#13265);
#11049=AXIS2_PLACEMENT_3D('',#17357,#13266,#13267);
#11050=AXIS2_PLACEMENT_3D('',#17358,#13268,#13269);
#11051=AXIS2_PLACEMENT_3D('',#17359,#13270,#13271);
#11052=AXIS2_PLACEMENT_3D('',#17362,#13272,#13273);
#11053=AXIS2_PLACEMENT_3D('',#17364,#13274,#13275);
#11054=AXIS2_PLACEMENT_3D('',#17366,#13276,#13277);
#11055=AXIS2_PLACEMENT_3D('',#17367,#13278,#13279);
#11056=AXIS2_PLACEMENT_3D('',#17368,#13280,#13281);
#11057=AXIS2_PLACEMENT_3D('',#17371,#13282,#13283);
#11058=AXIS2_PLACEMENT_3D('',#17373,#13284,#13285);
#11059=AXIS2_PLACEMENT_3D('',#17375,#13286,#13287);
#11060=AXIS2_PLACEMENT_3D('',#17376,#13288,#13289);
#11061=AXIS2_PLACEMENT_3D('',#17377,#13290,#13291);
#11062=AXIS2_PLACEMENT_3D('',#17380,#13292,#13293);
#11063=AXIS2_PLACEMENT_3D('',#17382,#13294,#13295);
#11064=AXIS2_PLACEMENT_3D('',#17384,#13296,#13297);
#11065=AXIS2_PLACEMENT_3D('',#17385,#13298,#13299);
#11066=AXIS2_PLACEMENT_3D('',#17386,#13300,#13301);
#11067=AXIS2_PLACEMENT_3D('',#17389,#13302,#13303);
#11068=AXIS2_PLACEMENT_3D('',#17391,#13304,#13305);
#11069=AXIS2_PLACEMENT_3D('',#17393,#13306,#13307);
#11070=AXIS2_PLACEMENT_3D('',#17394,#13308,#13309);
#11071=AXIS2_PLACEMENT_3D('',#17395,#13310,#13311);
#11072=AXIS2_PLACEMENT_3D('',#17398,#13312,#13313);
#11073=AXIS2_PLACEMENT_3D('',#17400,#13314,#13315);
#11074=AXIS2_PLACEMENT_3D('',#17402,#13316,#13317);
#11075=AXIS2_PLACEMENT_3D('',#17403,#13318,#13319);
#11076=AXIS2_PLACEMENT_3D('',#17404,#13320,#13321);
#11077=AXIS2_PLACEMENT_3D('',#17407,#13322,#13323);
#11078=AXIS2_PLACEMENT_3D('',#17409,#13324,#13325);
#11079=AXIS2_PLACEMENT_3D('',#17411,#13326,#13327);
#11080=AXIS2_PLACEMENT_3D('',#17412,#13328,#13329);
#11081=AXIS2_PLACEMENT_3D('',#17413,#13330,#13331);
#11082=AXIS2_PLACEMENT_3D('',#17416,#13332,#13333);
#11083=AXIS2_PLACEMENT_3D('',#17418,#13334,#13335);
#11084=AXIS2_PLACEMENT_3D('',#17420,#13336,#13337);
#11085=AXIS2_PLACEMENT_3D('',#17421,#13338,#13339);
#11086=AXIS2_PLACEMENT_3D('',#17422,#13340,#13341);
#11087=AXIS2_PLACEMENT_3D('',#17425,#13342,#13343);
#11088=AXIS2_PLACEMENT_3D('',#17427,#13344,#13345);
#11089=AXIS2_PLACEMENT_3D('',#17429,#13346,#13347);
#11090=AXIS2_PLACEMENT_3D('',#17430,#13348,#13349);
#11091=AXIS2_PLACEMENT_3D('',#17431,#13350,#13351);
#11092=AXIS2_PLACEMENT_3D('',#17434,#13352,#13353);
#11093=AXIS2_PLACEMENT_3D('',#17436,#13354,#13355);
#11094=AXIS2_PLACEMENT_3D('',#17438,#13356,#13357);
#11095=AXIS2_PLACEMENT_3D('',#17439,#13358,#13359);
#11096=AXIS2_PLACEMENT_3D('',#17440,#13360,#13361);
#11097=AXIS2_PLACEMENT_3D('',#17443,#13362,#13363);
#11098=AXIS2_PLACEMENT_3D('',#17445,#13364,#13365);
#11099=AXIS2_PLACEMENT_3D('',#17447,#13366,#13367);
#11100=AXIS2_PLACEMENT_3D('',#17448,#13368,#13369);
#11101=AXIS2_PLACEMENT_3D('',#17449,#13370,#13371);
#11102=AXIS2_PLACEMENT_3D('',#17452,#13372,#13373);
#11103=AXIS2_PLACEMENT_3D('',#17454,#13374,#13375);
#11104=AXIS2_PLACEMENT_3D('',#17456,#13376,#13377);
#11105=AXIS2_PLACEMENT_3D('',#17457,#13378,#13379);
#11106=AXIS2_PLACEMENT_3D('',#17458,#13380,#13381);
#11107=AXIS2_PLACEMENT_3D('',#17461,#13382,#13383);
#11108=AXIS2_PLACEMENT_3D('',#17463,#13384,#13385);
#11109=AXIS2_PLACEMENT_3D('',#17465,#13386,#13387);
#11110=AXIS2_PLACEMENT_3D('',#17466,#13388,#13389);
#11111=AXIS2_PLACEMENT_3D('',#17467,#13390,#13391);
#11112=AXIS2_PLACEMENT_3D('',#17470,#13392,#13393);
#11113=AXIS2_PLACEMENT_3D('',#17472,#13394,#13395);
#11114=AXIS2_PLACEMENT_3D('',#17474,#13396,#13397);
#11115=AXIS2_PLACEMENT_3D('',#17475,#13398,#13399);
#11116=AXIS2_PLACEMENT_3D('',#17476,#13400,#13401);
#11117=AXIS2_PLACEMENT_3D('',#17479,#13402,#13403);
#11118=AXIS2_PLACEMENT_3D('',#17481,#13404,#13405);
#11119=AXIS2_PLACEMENT_3D('',#17483,#13406,#13407);
#11120=AXIS2_PLACEMENT_3D('',#17484,#13408,#13409);
#11121=AXIS2_PLACEMENT_3D('',#17485,#13410,#13411);
#11122=AXIS2_PLACEMENT_3D('',#17488,#13412,#13413);
#11123=AXIS2_PLACEMENT_3D('',#17490,#13414,#13415);
#11124=AXIS2_PLACEMENT_3D('',#17492,#13416,#13417);
#11125=AXIS2_PLACEMENT_3D('',#17493,#13418,#13419);
#11126=AXIS2_PLACEMENT_3D('',#17494,#13420,#13421);
#11127=AXIS2_PLACEMENT_3D('',#17497,#13422,#13423);
#11128=AXIS2_PLACEMENT_3D('',#17499,#13424,#13425);
#11129=AXIS2_PLACEMENT_3D('',#17501,#13426,#13427);
#11130=AXIS2_PLACEMENT_3D('',#17502,#13428,#13429);
#11131=AXIS2_PLACEMENT_3D('',#17503,#13430,#13431);
#11132=AXIS2_PLACEMENT_3D('',#17506,#13432,#13433);
#11133=AXIS2_PLACEMENT_3D('',#17508,#13434,#13435);
#11134=AXIS2_PLACEMENT_3D('',#17510,#13436,#13437);
#11135=AXIS2_PLACEMENT_3D('',#17511,#13438,#13439);
#11136=AXIS2_PLACEMENT_3D('',#17512,#13440,#13441);
#11137=AXIS2_PLACEMENT_3D('',#17515,#13442,#13443);
#11138=AXIS2_PLACEMENT_3D('',#17517,#13444,#13445);
#11139=AXIS2_PLACEMENT_3D('',#17519,#13446,#13447);
#11140=AXIS2_PLACEMENT_3D('',#17520,#13448,#13449);
#11141=AXIS2_PLACEMENT_3D('',#17521,#13450,#13451);
#11142=AXIS2_PLACEMENT_3D('',#17524,#13452,#13453);
#11143=AXIS2_PLACEMENT_3D('',#17526,#13454,#13455);
#11144=AXIS2_PLACEMENT_3D('',#17528,#13456,#13457);
#11145=AXIS2_PLACEMENT_3D('',#17529,#13458,#13459);
#11146=AXIS2_PLACEMENT_3D('',#17530,#13460,#13461);
#11147=AXIS2_PLACEMENT_3D('',#17533,#13462,#13463);
#11148=AXIS2_PLACEMENT_3D('',#17535,#13464,#13465);
#11149=AXIS2_PLACEMENT_3D('',#17537,#13466,#13467);
#11150=AXIS2_PLACEMENT_3D('',#17538,#13468,#13469);
#11151=AXIS2_PLACEMENT_3D('',#17539,#13470,#13471);
#11152=AXIS2_PLACEMENT_3D('',#17542,#13472,#13473);
#11153=AXIS2_PLACEMENT_3D('',#17544,#13474,#13475);
#11154=AXIS2_PLACEMENT_3D('',#17546,#13476,#13477);
#11155=AXIS2_PLACEMENT_3D('',#17547,#13478,#13479);
#11156=AXIS2_PLACEMENT_3D('',#17548,#13480,#13481);
#11157=AXIS2_PLACEMENT_3D('',#17551,#13482,#13483);
#11158=AXIS2_PLACEMENT_3D('',#17553,#13484,#13485);
#11159=AXIS2_PLACEMENT_3D('',#17555,#13486,#13487);
#11160=AXIS2_PLACEMENT_3D('',#17556,#13488,#13489);
#11161=AXIS2_PLACEMENT_3D('',#17557,#13490,#13491);
#11162=AXIS2_PLACEMENT_3D('',#17560,#13492,#13493);
#11163=AXIS2_PLACEMENT_3D('',#17562,#13494,#13495);
#11164=AXIS2_PLACEMENT_3D('',#17564,#13496,#13497);
#11165=AXIS2_PLACEMENT_3D('',#17565,#13498,#13499);
#11166=AXIS2_PLACEMENT_3D('',#17566,#13500,#13501);
#11167=AXIS2_PLACEMENT_3D('',#17569,#13502,#13503);
#11168=AXIS2_PLACEMENT_3D('',#17571,#13504,#13505);
#11169=AXIS2_PLACEMENT_3D('',#17573,#13506,#13507);
#11170=AXIS2_PLACEMENT_3D('',#17574,#13508,#13509);
#11171=AXIS2_PLACEMENT_3D('',#17575,#13510,#13511);
#11172=AXIS2_PLACEMENT_3D('',#17578,#13512,#13513);
#11173=AXIS2_PLACEMENT_3D('',#17580,#13514,#13515);
#11174=AXIS2_PLACEMENT_3D('',#17582,#13516,#13517);
#11175=AXIS2_PLACEMENT_3D('',#17583,#13518,#13519);
#11176=AXIS2_PLACEMENT_3D('',#17584,#13520,#13521);
#11177=AXIS2_PLACEMENT_3D('',#17587,#13522,#13523);
#11178=AXIS2_PLACEMENT_3D('',#17589,#13524,#13525);
#11179=AXIS2_PLACEMENT_3D('',#17591,#13526,#13527);
#11180=AXIS2_PLACEMENT_3D('',#17592,#13528,#13529);
#11181=AXIS2_PLACEMENT_3D('',#17593,#13530,#13531);
#11182=AXIS2_PLACEMENT_3D('',#17596,#13532,#13533);
#11183=AXIS2_PLACEMENT_3D('',#17598,#13534,#13535);
#11184=AXIS2_PLACEMENT_3D('',#17600,#13536,#13537);
#11185=AXIS2_PLACEMENT_3D('',#17601,#13538,#13539);
#11186=AXIS2_PLACEMENT_3D('',#17602,#13540,#13541);
#11187=AXIS2_PLACEMENT_3D('',#17605,#13542,#13543);
#11188=AXIS2_PLACEMENT_3D('',#17607,#13544,#13545);
#11189=AXIS2_PLACEMENT_3D('',#17609,#13546,#13547);
#11190=AXIS2_PLACEMENT_3D('',#17610,#13548,#13549);
#11191=AXIS2_PLACEMENT_3D('',#17611,#13550,#13551);
#11192=AXIS2_PLACEMENT_3D('',#17614,#13552,#13553);
#11193=AXIS2_PLACEMENT_3D('',#17616,#13554,#13555);
#11194=AXIS2_PLACEMENT_3D('',#17618,#13556,#13557);
#11195=AXIS2_PLACEMENT_3D('',#17619,#13558,#13559);
#11196=AXIS2_PLACEMENT_3D('',#17620,#13560,#13561);
#11197=AXIS2_PLACEMENT_3D('',#17623,#13562,#13563);
#11198=AXIS2_PLACEMENT_3D('',#17625,#13564,#13565);
#11199=AXIS2_PLACEMENT_3D('',#17627,#13566,#13567);
#11200=AXIS2_PLACEMENT_3D('',#17628,#13568,#13569);
#11201=AXIS2_PLACEMENT_3D('',#17629,#13570,#13571);
#11202=AXIS2_PLACEMENT_3D('',#17632,#13572,#13573);
#11203=AXIS2_PLACEMENT_3D('',#17634,#13574,#13575);
#11204=AXIS2_PLACEMENT_3D('',#17636,#13576,#13577);
#11205=AXIS2_PLACEMENT_3D('',#17637,#13578,#13579);
#11206=AXIS2_PLACEMENT_3D('',#17638,#13580,#13581);
#11207=AXIS2_PLACEMENT_3D('',#17641,#13582,#13583);
#11208=AXIS2_PLACEMENT_3D('',#17643,#13584,#13585);
#11209=AXIS2_PLACEMENT_3D('',#17645,#13586,#13587);
#11210=AXIS2_PLACEMENT_3D('',#17646,#13588,#13589);
#11211=AXIS2_PLACEMENT_3D('',#17647,#13590,#13591);
#11212=AXIS2_PLACEMENT_3D('',#17650,#13592,#13593);
#11213=AXIS2_PLACEMENT_3D('',#17652,#13594,#13595);
#11214=AXIS2_PLACEMENT_3D('',#17654,#13596,#13597);
#11215=AXIS2_PLACEMENT_3D('',#17655,#13598,#13599);
#11216=AXIS2_PLACEMENT_3D('',#17656,#13600,#13601);
#11217=AXIS2_PLACEMENT_3D('',#17659,#13602,#13603);
#11218=AXIS2_PLACEMENT_3D('',#17661,#13604,#13605);
#11219=AXIS2_PLACEMENT_3D('',#17663,#13606,#13607);
#11220=AXIS2_PLACEMENT_3D('',#17664,#13608,#13609);
#11221=AXIS2_PLACEMENT_3D('',#17665,#13610,#13611);
#11222=AXIS2_PLACEMENT_3D('',#17668,#13612,#13613);
#11223=AXIS2_PLACEMENT_3D('',#17670,#13614,#13615);
#11224=AXIS2_PLACEMENT_3D('',#17672,#13616,#13617);
#11225=AXIS2_PLACEMENT_3D('',#17673,#13618,#13619);
#11226=AXIS2_PLACEMENT_3D('',#17674,#13620,#13621);
#11227=AXIS2_PLACEMENT_3D('',#17677,#13622,#13623);
#11228=AXIS2_PLACEMENT_3D('',#17679,#13624,#13625);
#11229=AXIS2_PLACEMENT_3D('',#17681,#13626,#13627);
#11230=AXIS2_PLACEMENT_3D('',#17682,#13628,#13629);
#11231=AXIS2_PLACEMENT_3D('',#17683,#13630,#13631);
#11232=AXIS2_PLACEMENT_3D('',#17686,#13632,#13633);
#11233=AXIS2_PLACEMENT_3D('',#17688,#13634,#13635);
#11234=AXIS2_PLACEMENT_3D('',#17690,#13636,#13637);
#11235=AXIS2_PLACEMENT_3D('',#17691,#13638,#13639);
#11236=AXIS2_PLACEMENT_3D('',#17692,#13640,#13641);
#11237=AXIS2_PLACEMENT_3D('',#17695,#13642,#13643);
#11238=AXIS2_PLACEMENT_3D('',#17697,#13644,#13645);
#11239=AXIS2_PLACEMENT_3D('',#17699,#13646,#13647);
#11240=AXIS2_PLACEMENT_3D('',#17700,#13648,#13649);
#11241=AXIS2_PLACEMENT_3D('',#17701,#13650,#13651);
#11242=AXIS2_PLACEMENT_3D('',#17704,#13652,#13653);
#11243=AXIS2_PLACEMENT_3D('',#17706,#13654,#13655);
#11244=AXIS2_PLACEMENT_3D('',#17708,#13656,#13657);
#11245=AXIS2_PLACEMENT_3D('',#17709,#13658,#13659);
#11246=AXIS2_PLACEMENT_3D('',#17710,#13660,#13661);
#11247=AXIS2_PLACEMENT_3D('',#17713,#13662,#13663);
#11248=AXIS2_PLACEMENT_3D('',#17715,#13664,#13665);
#11249=AXIS2_PLACEMENT_3D('',#17717,#13666,#13667);
#11250=AXIS2_PLACEMENT_3D('',#17718,#13668,#13669);
#11251=AXIS2_PLACEMENT_3D('',#17719,#13670,#13671);
#11252=AXIS2_PLACEMENT_3D('',#17722,#13672,#13673);
#11253=AXIS2_PLACEMENT_3D('',#17724,#13674,#13675);
#11254=AXIS2_PLACEMENT_3D('',#17726,#13676,#13677);
#11255=AXIS2_PLACEMENT_3D('',#17727,#13678,#13679);
#11256=AXIS2_PLACEMENT_3D('',#17728,#13680,#13681);
#11257=AXIS2_PLACEMENT_3D('',#17731,#13682,#13683);
#11258=AXIS2_PLACEMENT_3D('',#17733,#13684,#13685);
#11259=AXIS2_PLACEMENT_3D('',#17735,#13686,#13687);
#11260=AXIS2_PLACEMENT_3D('',#17736,#13688,#13689);
#11261=AXIS2_PLACEMENT_3D('',#17737,#13690,#13691);
#11262=AXIS2_PLACEMENT_3D('',#17739,#13692,#13693);
#11263=AXIS2_PLACEMENT_3D('',#17741,#13694,#13695);
#11264=AXIS2_PLACEMENT_3D('',#17742,#13696,#13697);
#11265=AXIS2_PLACEMENT_3D('',#17745,#13698,#13699);
#11266=AXIS2_PLACEMENT_3D('',#17747,#13700,#13701);
#11267=AXIS2_PLACEMENT_3D('',#17749,#13702,#13703);
#11268=AXIS2_PLACEMENT_3D('',#17750,#13704,#13705);
#11269=AXIS2_PLACEMENT_3D('',#17751,#13706,#13707);
#11270=AXIS2_PLACEMENT_3D('',#17754,#13708,#13709);
#11271=AXIS2_PLACEMENT_3D('',#17756,#13710,#13711);
#11272=AXIS2_PLACEMENT_3D('',#17758,#13712,#13713);
#11273=AXIS2_PLACEMENT_3D('',#17759,#13714,#13715);
#11274=AXIS2_PLACEMENT_3D('',#17760,#13716,#13717);
#11275=AXIS2_PLACEMENT_3D('',#17763,#13718,#13719);
#11276=AXIS2_PLACEMENT_3D('',#17765,#13720,#13721);
#11277=AXIS2_PLACEMENT_3D('',#17767,#13722,#13723);
#11278=AXIS2_PLACEMENT_3D('',#17768,#13724,#13725);
#11279=AXIS2_PLACEMENT_3D('',#17769,#13726,#13727);
#11280=AXIS2_PLACEMENT_3D('',#17772,#13728,#13729);
#11281=AXIS2_PLACEMENT_3D('',#17774,#13730,#13731);
#11282=AXIS2_PLACEMENT_3D('',#17776,#13732,#13733);
#11283=AXIS2_PLACEMENT_3D('',#17777,#13734,#13735);
#11284=AXIS2_PLACEMENT_3D('',#17778,#13736,#13737);
#11285=AXIS2_PLACEMENT_3D('',#17781,#13738,#13739);
#11286=AXIS2_PLACEMENT_3D('',#17783,#13740,#13741);
#11287=AXIS2_PLACEMENT_3D('',#17785,#13742,#13743);
#11288=AXIS2_PLACEMENT_3D('',#17786,#13744,#13745);
#11289=AXIS2_PLACEMENT_3D('',#17787,#13746,#13747);
#11290=AXIS2_PLACEMENT_3D('',#17790,#13748,#13749);
#11291=AXIS2_PLACEMENT_3D('',#17792,#13750,#13751);
#11292=AXIS2_PLACEMENT_3D('',#17794,#13752,#13753);
#11293=AXIS2_PLACEMENT_3D('',#17795,#13754,#13755);
#11294=AXIS2_PLACEMENT_3D('',#17796,#13756,#13757);
#11295=AXIS2_PLACEMENT_3D('',#17799,#13758,#13759);
#11296=AXIS2_PLACEMENT_3D('',#17801,#13760,#13761);
#11297=AXIS2_PLACEMENT_3D('',#17803,#13762,#13763);
#11298=AXIS2_PLACEMENT_3D('',#17804,#13764,#13765);
#11299=AXIS2_PLACEMENT_3D('',#17805,#13766,#13767);
#11300=AXIS2_PLACEMENT_3D('',#17808,#13768,#13769);
#11301=AXIS2_PLACEMENT_3D('',#17810,#13770,#13771);
#11302=AXIS2_PLACEMENT_3D('',#17812,#13772,#13773);
#11303=AXIS2_PLACEMENT_3D('',#17813,#13774,#13775);
#11304=AXIS2_PLACEMENT_3D('',#17814,#13776,#13777);
#11305=AXIS2_PLACEMENT_3D('',#17817,#13778,#13779);
#11306=AXIS2_PLACEMENT_3D('',#17819,#13780,#13781);
#11307=AXIS2_PLACEMENT_3D('',#17821,#13782,#13783);
#11308=AXIS2_PLACEMENT_3D('',#17822,#13784,#13785);
#11309=AXIS2_PLACEMENT_3D('',#17823,#13786,#13787);
#11310=AXIS2_PLACEMENT_3D('',#17826,#13788,#13789);
#11311=AXIS2_PLACEMENT_3D('',#17828,#13790,#13791);
#11312=AXIS2_PLACEMENT_3D('',#17830,#13792,#13793);
#11313=AXIS2_PLACEMENT_3D('',#17831,#13794,#13795);
#11314=AXIS2_PLACEMENT_3D('',#17832,#13796,#13797);
#11315=AXIS2_PLACEMENT_3D('',#17835,#13798,#13799);
#11316=AXIS2_PLACEMENT_3D('',#17837,#13800,#13801);
#11317=AXIS2_PLACEMENT_3D('',#17839,#13802,#13803);
#11318=AXIS2_PLACEMENT_3D('',#17840,#13804,#13805);
#11319=AXIS2_PLACEMENT_3D('',#17841,#13806,#13807);
#11320=AXIS2_PLACEMENT_3D('',#17844,#13808,#13809);
#11321=AXIS2_PLACEMENT_3D('',#17846,#13810,#13811);
#11322=AXIS2_PLACEMENT_3D('',#17848,#13812,#13813);
#11323=AXIS2_PLACEMENT_3D('',#17849,#13814,#13815);
#11324=AXIS2_PLACEMENT_3D('',#17850,#13816,#13817);
#11325=AXIS2_PLACEMENT_3D('',#17853,#13818,#13819);
#11326=AXIS2_PLACEMENT_3D('',#17855,#13820,#13821);
#11327=AXIS2_PLACEMENT_3D('',#17857,#13822,#13823);
#11328=AXIS2_PLACEMENT_3D('',#17858,#13824,#13825);
#11329=AXIS2_PLACEMENT_3D('',#17859,#13826,#13827);
#11330=AXIS2_PLACEMENT_3D('',#17862,#13828,#13829);
#11331=AXIS2_PLACEMENT_3D('',#17864,#13830,#13831);
#11332=AXIS2_PLACEMENT_3D('',#17866,#13832,#13833);
#11333=AXIS2_PLACEMENT_3D('',#17867,#13834,#13835);
#11334=AXIS2_PLACEMENT_3D('',#17868,#13836,#13837);
#11335=AXIS2_PLACEMENT_3D('',#17871,#13838,#13839);
#11336=AXIS2_PLACEMENT_3D('',#17873,#13840,#13841);
#11337=AXIS2_PLACEMENT_3D('',#17875,#13842,#13843);
#11338=AXIS2_PLACEMENT_3D('',#17876,#13844,#13845);
#11339=AXIS2_PLACEMENT_3D('',#17877,#13846,#13847);
#11340=AXIS2_PLACEMENT_3D('',#17880,#13848,#13849);
#11341=AXIS2_PLACEMENT_3D('',#17882,#13850,#13851);
#11342=AXIS2_PLACEMENT_3D('',#17884,#13852,#13853);
#11343=AXIS2_PLACEMENT_3D('',#17885,#13854,#13855);
#11344=AXIS2_PLACEMENT_3D('',#17886,#13856,#13857);
#11345=AXIS2_PLACEMENT_3D('',#17889,#13858,#13859);
#11346=AXIS2_PLACEMENT_3D('',#17891,#13860,#13861);
#11347=AXIS2_PLACEMENT_3D('',#17893,#13862,#13863);
#11348=AXIS2_PLACEMENT_3D('',#17894,#13864,#13865);
#11349=AXIS2_PLACEMENT_3D('',#17895,#13866,#13867);
#11350=AXIS2_PLACEMENT_3D('',#17898,#13868,#13869);
#11351=AXIS2_PLACEMENT_3D('',#17900,#13870,#13871);
#11352=AXIS2_PLACEMENT_3D('',#17902,#13872,#13873);
#11353=AXIS2_PLACEMENT_3D('',#17903,#13874,#13875);
#11354=AXIS2_PLACEMENT_3D('',#17904,#13876,#13877);
#11355=AXIS2_PLACEMENT_3D('',#17907,#13878,#13879);
#11356=AXIS2_PLACEMENT_3D('',#17909,#13880,#13881);
#11357=AXIS2_PLACEMENT_3D('',#17911,#13882,#13883);
#11358=AXIS2_PLACEMENT_3D('',#17912,#13884,#13885);
#11359=AXIS2_PLACEMENT_3D('',#17913,#13886,#13887);
#11360=AXIS2_PLACEMENT_3D('',#17916,#13888,#13889);
#11361=AXIS2_PLACEMENT_3D('',#17918,#13890,#13891);
#11362=AXIS2_PLACEMENT_3D('',#17920,#13892,#13893);
#11363=AXIS2_PLACEMENT_3D('',#17921,#13894,#13895);
#11364=AXIS2_PLACEMENT_3D('',#17922,#13896,#13897);
#11365=AXIS2_PLACEMENT_3D('',#17925,#13898,#13899);
#11366=AXIS2_PLACEMENT_3D('',#17927,#13900,#13901);
#11367=AXIS2_PLACEMENT_3D('',#17929,#13902,#13903);
#11368=AXIS2_PLACEMENT_3D('',#17930,#13904,#13905);
#11369=AXIS2_PLACEMENT_3D('',#17931,#13906,#13907);
#11370=AXIS2_PLACEMENT_3D('',#17934,#13908,#13909);
#11371=AXIS2_PLACEMENT_3D('',#17936,#13910,#13911);
#11372=AXIS2_PLACEMENT_3D('',#17938,#13912,#13913);
#11373=AXIS2_PLACEMENT_3D('',#17939,#13914,#13915);
#11374=AXIS2_PLACEMENT_3D('',#17940,#13916,#13917);
#11375=AXIS2_PLACEMENT_3D('',#17943,#13918,#13919);
#11376=AXIS2_PLACEMENT_3D('',#17945,#13920,#13921);
#11377=AXIS2_PLACEMENT_3D('',#17947,#13922,#13923);
#11378=AXIS2_PLACEMENT_3D('',#17948,#13924,#13925);
#11379=AXIS2_PLACEMENT_3D('',#17949,#13926,#13927);
#11380=AXIS2_PLACEMENT_3D('',#17952,#13928,#13929);
#11381=AXIS2_PLACEMENT_3D('',#17954,#13930,#13931);
#11382=AXIS2_PLACEMENT_3D('',#17956,#13932,#13933);
#11383=AXIS2_PLACEMENT_3D('',#17957,#13934,#13935);
#11384=AXIS2_PLACEMENT_3D('',#17958,#13936,#13937);
#11385=AXIS2_PLACEMENT_3D('',#17961,#13938,#13939);
#11386=AXIS2_PLACEMENT_3D('',#17963,#13940,#13941);
#11387=AXIS2_PLACEMENT_3D('',#17965,#13942,#13943);
#11388=AXIS2_PLACEMENT_3D('',#17966,#13944,#13945);
#11389=AXIS2_PLACEMENT_3D('',#17967,#13946,#13947);
#11390=AXIS2_PLACEMENT_3D('',#17970,#13948,#13949);
#11391=AXIS2_PLACEMENT_3D('',#17972,#13950,#13951);
#11392=AXIS2_PLACEMENT_3D('',#17974,#13952,#13953);
#11393=AXIS2_PLACEMENT_3D('',#17975,#13954,#13955);
#11394=AXIS2_PLACEMENT_3D('',#17976,#13956,#13957);
#11395=AXIS2_PLACEMENT_3D('',#17979,#13958,#13959);
#11396=AXIS2_PLACEMENT_3D('',#17981,#13960,#13961);
#11397=AXIS2_PLACEMENT_3D('',#17983,#13962,#13963);
#11398=AXIS2_PLACEMENT_3D('',#17984,#13964,#13965);
#11399=AXIS2_PLACEMENT_3D('',#17985,#13966,#13967);
#11400=AXIS2_PLACEMENT_3D('',#17988,#13968,#13969);
#11401=AXIS2_PLACEMENT_3D('',#17990,#13970,#13971);
#11402=AXIS2_PLACEMENT_3D('',#17992,#13972,#13973);
#11403=AXIS2_PLACEMENT_3D('',#17993,#13974,#13975);
#11404=AXIS2_PLACEMENT_3D('',#17994,#13976,#13977);
#11405=AXIS2_PLACEMENT_3D('',#17997,#13978,#13979);
#11406=AXIS2_PLACEMENT_3D('',#17999,#13980,#13981);
#11407=AXIS2_PLACEMENT_3D('',#18001,#13982,#13983);
#11408=AXIS2_PLACEMENT_3D('',#18002,#13984,#13985);
#11409=AXIS2_PLACEMENT_3D('',#18003,#13986,#13987);
#11410=AXIS2_PLACEMENT_3D('',#18006,#13988,#13989);
#11411=AXIS2_PLACEMENT_3D('',#18008,#13990,#13991);
#11412=AXIS2_PLACEMENT_3D('',#18010,#13992,#13993);
#11413=AXIS2_PLACEMENT_3D('',#18011,#13994,#13995);
#11414=AXIS2_PLACEMENT_3D('',#18012,#13996,#13997);
#11415=AXIS2_PLACEMENT_3D('',#18015,#13998,#13999);
#11416=AXIS2_PLACEMENT_3D('',#18017,#14000,#14001);
#11417=AXIS2_PLACEMENT_3D('',#18019,#14002,#14003);
#11418=AXIS2_PLACEMENT_3D('',#18020,#14004,#14005);
#11419=AXIS2_PLACEMENT_3D('',#18021,#14006,#14007);
#11420=AXIS2_PLACEMENT_3D('',#18024,#14008,#14009);
#11421=AXIS2_PLACEMENT_3D('',#18026,#14010,#14011);
#11422=AXIS2_PLACEMENT_3D('',#18028,#14012,#14013);
#11423=AXIS2_PLACEMENT_3D('',#18029,#14014,#14015);
#11424=AXIS2_PLACEMENT_3D('',#18030,#14016,#14017);
#11425=AXIS2_PLACEMENT_3D('',#18033,#14018,#14019);
#11426=AXIS2_PLACEMENT_3D('',#18035,#14020,#14021);
#11427=AXIS2_PLACEMENT_3D('',#18037,#14022,#14023);
#11428=AXIS2_PLACEMENT_3D('',#18038,#14024,#14025);
#11429=AXIS2_PLACEMENT_3D('',#18039,#14026,#14027);
#11430=AXIS2_PLACEMENT_3D('',#18042,#14028,#14029);
#11431=AXIS2_PLACEMENT_3D('',#18044,#14030,#14031);
#11432=AXIS2_PLACEMENT_3D('',#18046,#14032,#14033);
#11433=AXIS2_PLACEMENT_3D('',#18047,#14034,#14035);
#11434=AXIS2_PLACEMENT_3D('',#18048,#14036,#14037);
#11435=AXIS2_PLACEMENT_3D('',#18051,#14038,#14039);
#11436=AXIS2_PLACEMENT_3D('',#18053,#14040,#14041);
#11437=AXIS2_PLACEMENT_3D('',#18055,#14042,#14043);
#11438=AXIS2_PLACEMENT_3D('',#18056,#14044,#14045);
#11439=AXIS2_PLACEMENT_3D('',#18057,#14046,#14047);
#11440=AXIS2_PLACEMENT_3D('',#18060,#14048,#14049);
#11441=AXIS2_PLACEMENT_3D('',#18062,#14050,#14051);
#11442=AXIS2_PLACEMENT_3D('',#18064,#14052,#14053);
#11443=AXIS2_PLACEMENT_3D('',#18065,#14054,#14055);
#11444=AXIS2_PLACEMENT_3D('',#18066,#14056,#14057);
#11445=AXIS2_PLACEMENT_3D('',#18069,#14058,#14059);
#11446=AXIS2_PLACEMENT_3D('',#18071,#14060,#14061);
#11447=AXIS2_PLACEMENT_3D('',#18073,#14062,#14063);
#11448=AXIS2_PLACEMENT_3D('',#18074,#14064,#14065);
#11449=AXIS2_PLACEMENT_3D('',#18075,#14066,#14067);
#11450=AXIS2_PLACEMENT_3D('',#18078,#14068,#14069);
#11451=AXIS2_PLACEMENT_3D('',#18080,#14070,#14071);
#11452=AXIS2_PLACEMENT_3D('',#18082,#14072,#14073);
#11453=AXIS2_PLACEMENT_3D('',#18083,#14074,#14075);
#11454=AXIS2_PLACEMENT_3D('',#18084,#14076,#14077);
#11455=AXIS2_PLACEMENT_3D('',#18087,#14078,#14079);
#11456=AXIS2_PLACEMENT_3D('',#18089,#14080,#14081);
#11457=AXIS2_PLACEMENT_3D('',#18091,#14082,#14083);
#11458=AXIS2_PLACEMENT_3D('',#18092,#14084,#14085);
#11459=AXIS2_PLACEMENT_3D('',#18093,#14086,#14087);
#11460=AXIS2_PLACEMENT_3D('',#18096,#14088,#14089);
#11461=AXIS2_PLACEMENT_3D('',#18098,#14090,#14091);
#11462=AXIS2_PLACEMENT_3D('',#18100,#14092,#14093);
#11463=AXIS2_PLACEMENT_3D('',#18101,#14094,#14095);
#11464=AXIS2_PLACEMENT_3D('',#18102,#14096,#14097);
#11465=AXIS2_PLACEMENT_3D('',#18105,#14098,#14099);
#11466=AXIS2_PLACEMENT_3D('',#18107,#14100,#14101);
#11467=AXIS2_PLACEMENT_3D('',#18109,#14102,#14103);
#11468=AXIS2_PLACEMENT_3D('',#18110,#14104,#14105);
#11469=AXIS2_PLACEMENT_3D('',#18111,#14106,#14107);
#11470=AXIS2_PLACEMENT_3D('',#18114,#14108,#14109);
#11471=AXIS2_PLACEMENT_3D('',#18116,#14110,#14111);
#11472=AXIS2_PLACEMENT_3D('',#18118,#14112,#14113);
#11473=AXIS2_PLACEMENT_3D('',#18119,#14114,#14115);
#11474=AXIS2_PLACEMENT_3D('',#18120,#14116,#14117);
#11475=AXIS2_PLACEMENT_3D('',#18123,#14118,#14119);
#11476=AXIS2_PLACEMENT_3D('',#18125,#14120,#14121);
#11477=AXIS2_PLACEMENT_3D('',#18127,#14122,#14123);
#11478=AXIS2_PLACEMENT_3D('',#18128,#14124,#14125);
#11479=AXIS2_PLACEMENT_3D('',#18129,#14126,#14127);
#11480=AXIS2_PLACEMENT_3D('',#18132,#14128,#14129);
#11481=AXIS2_PLACEMENT_3D('',#18134,#14130,#14131);
#11482=AXIS2_PLACEMENT_3D('',#18136,#14132,#14133);
#11483=AXIS2_PLACEMENT_3D('',#18137,#14134,#14135);
#11484=AXIS2_PLACEMENT_3D('',#18138,#14136,#14137);
#11485=AXIS2_PLACEMENT_3D('',#18141,#14138,#14139);
#11486=AXIS2_PLACEMENT_3D('',#18143,#14140,#14141);
#11487=AXIS2_PLACEMENT_3D('',#18145,#14142,#14143);
#11488=AXIS2_PLACEMENT_3D('',#18146,#14144,#14145);
#11489=AXIS2_PLACEMENT_3D('',#18147,#14146,#14147);
#11490=AXIS2_PLACEMENT_3D('',#18150,#14148,#14149);
#11491=AXIS2_PLACEMENT_3D('',#18152,#14150,#14151);
#11492=AXIS2_PLACEMENT_3D('',#18154,#14152,#14153);
#11493=AXIS2_PLACEMENT_3D('',#18155,#14154,#14155);
#11494=AXIS2_PLACEMENT_3D('',#18156,#14156,#14157);
#11495=AXIS2_PLACEMENT_3D('',#18159,#14158,#14159);
#11496=AXIS2_PLACEMENT_3D('',#18161,#14160,#14161);
#11497=AXIS2_PLACEMENT_3D('',#18163,#14162,#14163);
#11498=AXIS2_PLACEMENT_3D('',#18164,#14164,#14165);
#11499=AXIS2_PLACEMENT_3D('',#18165,#14166,#14167);
#11500=AXIS2_PLACEMENT_3D('',#18168,#14168,#14169);
#11501=AXIS2_PLACEMENT_3D('',#18170,#14170,#14171);
#11502=AXIS2_PLACEMENT_3D('',#18172,#14172,#14173);
#11503=AXIS2_PLACEMENT_3D('',#18173,#14174,#14175);
#11504=AXIS2_PLACEMENT_3D('',#18174,#14176,#14177);
#11505=AXIS2_PLACEMENT_3D('',#18177,#14178,#14179);
#11506=AXIS2_PLACEMENT_3D('',#18179,#14180,#14181);
#11507=AXIS2_PLACEMENT_3D('',#18181,#14182,#14183);
#11508=AXIS2_PLACEMENT_3D('',#18182,#14184,#14185);
#11509=AXIS2_PLACEMENT_3D('',#18183,#14186,#14187);
#11510=AXIS2_PLACEMENT_3D('',#18186,#14188,#14189);
#11511=AXIS2_PLACEMENT_3D('',#18188,#14190,#14191);
#11512=AXIS2_PLACEMENT_3D('',#18190,#14192,#14193);
#11513=AXIS2_PLACEMENT_3D('',#18191,#14194,#14195);
#11514=AXIS2_PLACEMENT_3D('',#18192,#14196,#14197);
#11515=AXIS2_PLACEMENT_3D('',#18195,#14198,#14199);
#11516=AXIS2_PLACEMENT_3D('',#18197,#14200,#14201);
#11517=AXIS2_PLACEMENT_3D('',#18199,#14202,#14203);
#11518=AXIS2_PLACEMENT_3D('',#18200,#14204,#14205);
#11519=AXIS2_PLACEMENT_3D('',#18201,#14206,#14207);
#11520=AXIS2_PLACEMENT_3D('',#18204,#14208,#14209);
#11521=AXIS2_PLACEMENT_3D('',#18206,#14210,#14211);
#11522=AXIS2_PLACEMENT_3D('',#18208,#14212,#14213);
#11523=AXIS2_PLACEMENT_3D('',#18209,#14214,#14215);
#11524=AXIS2_PLACEMENT_3D('',#18210,#14216,#14217);
#11525=AXIS2_PLACEMENT_3D('',#18213,#14218,#14219);
#11526=AXIS2_PLACEMENT_3D('',#18215,#14220,#14221);
#11527=AXIS2_PLACEMENT_3D('',#18217,#14222,#14223);
#11528=AXIS2_PLACEMENT_3D('',#18218,#14224,#14225);
#11529=AXIS2_PLACEMENT_3D('',#18219,#14226,#14227);
#11530=AXIS2_PLACEMENT_3D('',#18222,#14228,#14229);
#11531=AXIS2_PLACEMENT_3D('',#18224,#14230,#14231);
#11532=AXIS2_PLACEMENT_3D('',#18226,#14232,#14233);
#11533=AXIS2_PLACEMENT_3D('',#18227,#14234,#14235);
#11534=AXIS2_PLACEMENT_3D('',#18228,#14236,#14237);
#11535=AXIS2_PLACEMENT_3D('',#18231,#14238,#14239);
#11536=AXIS2_PLACEMENT_3D('',#18233,#14240,#14241);
#11537=AXIS2_PLACEMENT_3D('',#18235,#14242,#14243);
#11538=AXIS2_PLACEMENT_3D('',#18236,#14244,#14245);
#11539=AXIS2_PLACEMENT_3D('',#18237,#14246,#14247);
#11540=AXIS2_PLACEMENT_3D('',#18240,#14248,#14249);
#11541=AXIS2_PLACEMENT_3D('',#18242,#14250,#14251);
#11542=AXIS2_PLACEMENT_3D('',#18244,#14252,#14253);
#11543=AXIS2_PLACEMENT_3D('',#18245,#14254,#14255);
#11544=AXIS2_PLACEMENT_3D('',#18246,#14256,#14257);
#11545=AXIS2_PLACEMENT_3D('',#18249,#14258,#14259);
#11546=AXIS2_PLACEMENT_3D('',#18251,#14260,#14261);
#11547=AXIS2_PLACEMENT_3D('',#18253,#14262,#14263);
#11548=AXIS2_PLACEMENT_3D('',#18254,#14264,#14265);
#11549=AXIS2_PLACEMENT_3D('',#18255,#14266,#14267);
#11550=AXIS2_PLACEMENT_3D('',#18258,#14268,#14269);
#11551=AXIS2_PLACEMENT_3D('',#18260,#14270,#14271);
#11552=AXIS2_PLACEMENT_3D('',#18262,#14272,#14273);
#11553=AXIS2_PLACEMENT_3D('',#18263,#14274,#14275);
#11554=AXIS2_PLACEMENT_3D('',#18264,#14276,#14277);
#11555=AXIS2_PLACEMENT_3D('',#18267,#14278,#14279);
#11556=AXIS2_PLACEMENT_3D('',#18269,#14280,#14281);
#11557=AXIS2_PLACEMENT_3D('',#18271,#14282,#14283);
#11558=AXIS2_PLACEMENT_3D('',#18272,#14284,#14285);
#11559=AXIS2_PLACEMENT_3D('',#18273,#14286,#14287);
#11560=AXIS2_PLACEMENT_3D('',#18276,#14288,#14289);
#11561=AXIS2_PLACEMENT_3D('',#18278,#14290,#14291);
#11562=AXIS2_PLACEMENT_3D('',#18280,#14292,#14293);
#11563=AXIS2_PLACEMENT_3D('',#18281,#14294,#14295);
#11564=AXIS2_PLACEMENT_3D('',#18282,#14296,#14297);
#11565=AXIS2_PLACEMENT_3D('',#18285,#14298,#14299);
#11566=AXIS2_PLACEMENT_3D('',#18287,#14300,#14301);
#11567=AXIS2_PLACEMENT_3D('',#18289,#14302,#14303);
#11568=AXIS2_PLACEMENT_3D('',#18290,#14304,#14305);
#11569=AXIS2_PLACEMENT_3D('',#18291,#14306,#14307);
#11570=AXIS2_PLACEMENT_3D('',#18294,#14308,#14309);
#11571=AXIS2_PLACEMENT_3D('',#18296,#14310,#14311);
#11572=AXIS2_PLACEMENT_3D('',#18298,#14312,#14313);
#11573=AXIS2_PLACEMENT_3D('',#18299,#14314,#14315);
#11574=AXIS2_PLACEMENT_3D('',#18300,#14316,#14317);
#11575=AXIS2_PLACEMENT_3D('',#18303,#14318,#14319);
#11576=AXIS2_PLACEMENT_3D('',#18305,#14320,#14321);
#11577=AXIS2_PLACEMENT_3D('',#18307,#14322,#14323);
#11578=AXIS2_PLACEMENT_3D('',#18308,#14324,#14325);
#11579=AXIS2_PLACEMENT_3D('',#18309,#14326,#14327);
#11580=AXIS2_PLACEMENT_3D('',#18312,#14328,#14329);
#11581=AXIS2_PLACEMENT_3D('',#18314,#14330,#14331);
#11582=AXIS2_PLACEMENT_3D('',#18316,#14332,#14333);
#11583=AXIS2_PLACEMENT_3D('',#18317,#14334,#14335);
#11584=AXIS2_PLACEMENT_3D('',#18318,#14336,#14337);
#11585=AXIS2_PLACEMENT_3D('',#18321,#14338,#14339);
#11586=AXIS2_PLACEMENT_3D('',#18323,#14340,#14341);
#11587=AXIS2_PLACEMENT_3D('',#18325,#14342,#14343);
#11588=AXIS2_PLACEMENT_3D('',#18326,#14344,#14345);
#11589=AXIS2_PLACEMENT_3D('',#18327,#14346,#14347);
#11590=AXIS2_PLACEMENT_3D('',#18330,#14348,#14349);
#11591=AXIS2_PLACEMENT_3D('',#18332,#14350,#14351);
#11592=AXIS2_PLACEMENT_3D('',#18334,#14352,#14353);
#11593=AXIS2_PLACEMENT_3D('',#18335,#14354,#14355);
#11594=AXIS2_PLACEMENT_3D('',#18336,#14356,#14357);
#11595=AXIS2_PLACEMENT_3D('',#18339,#14358,#14359);
#11596=AXIS2_PLACEMENT_3D('',#18341,#14360,#14361);
#11597=AXIS2_PLACEMENT_3D('',#18343,#14362,#14363);
#11598=AXIS2_PLACEMENT_3D('',#18344,#14364,#14365);
#11599=AXIS2_PLACEMENT_3D('',#18345,#14366,#14367);
#11600=AXIS2_PLACEMENT_3D('',#18348,#14368,#14369);
#11601=AXIS2_PLACEMENT_3D('',#18350,#14370,#14371);
#11602=AXIS2_PLACEMENT_3D('',#18352,#14372,#14373);
#11603=AXIS2_PLACEMENT_3D('',#18353,#14374,#14375);
#11604=AXIS2_PLACEMENT_3D('',#18354,#14376,#14377);
#11605=AXIS2_PLACEMENT_3D('',#18357,#14378,#14379);
#11606=AXIS2_PLACEMENT_3D('',#18359,#14380,#14381);
#11607=AXIS2_PLACEMENT_3D('',#18361,#14382,#14383);
#11608=AXIS2_PLACEMENT_3D('',#18362,#14384,#14385);
#11609=AXIS2_PLACEMENT_3D('',#18363,#14386,#14387);
#11610=AXIS2_PLACEMENT_3D('',#18366,#14388,#14389);
#11611=AXIS2_PLACEMENT_3D('',#18368,#14390,#14391);
#11612=AXIS2_PLACEMENT_3D('',#18370,#14392,#14393);
#11613=AXIS2_PLACEMENT_3D('',#18371,#14394,#14395);
#11614=AXIS2_PLACEMENT_3D('',#18372,#14396,#14397);
#11615=AXIS2_PLACEMENT_3D('',#18375,#14398,#14399);
#11616=AXIS2_PLACEMENT_3D('',#18377,#14400,#14401);
#11617=AXIS2_PLACEMENT_3D('',#18379,#14402,#14403);
#11618=AXIS2_PLACEMENT_3D('',#18380,#14404,#14405);
#11619=AXIS2_PLACEMENT_3D('',#18381,#14406,#14407);
#11620=AXIS2_PLACEMENT_3D('',#18384,#14408,#14409);
#11621=AXIS2_PLACEMENT_3D('',#18386,#14410,#14411);
#11622=AXIS2_PLACEMENT_3D('',#18388,#14412,#14413);
#11623=AXIS2_PLACEMENT_3D('',#18389,#14414,#14415);
#11624=AXIS2_PLACEMENT_3D('',#18390,#14416,#14417);
#11625=AXIS2_PLACEMENT_3D('',#18393,#14418,#14419);
#11626=AXIS2_PLACEMENT_3D('',#18395,#14420,#14421);
#11627=AXIS2_PLACEMENT_3D('',#18397,#14422,#14423);
#11628=AXIS2_PLACEMENT_3D('',#18398,#14424,#14425);
#11629=AXIS2_PLACEMENT_3D('',#18399,#14426,#14427);
#11630=AXIS2_PLACEMENT_3D('',#18402,#14428,#14429);
#11631=AXIS2_PLACEMENT_3D('',#18404,#14430,#14431);
#11632=AXIS2_PLACEMENT_3D('',#18406,#14432,#14433);
#11633=AXIS2_PLACEMENT_3D('',#18407,#14434,#14435);
#11634=AXIS2_PLACEMENT_3D('',#18408,#14436,#14437);
#11635=AXIS2_PLACEMENT_3D('',#18411,#14438,#14439);
#11636=AXIS2_PLACEMENT_3D('',#18413,#14440,#14441);
#11637=AXIS2_PLACEMENT_3D('',#18415,#14442,#14443);
#11638=AXIS2_PLACEMENT_3D('',#18416,#14444,#14445);
#11639=AXIS2_PLACEMENT_3D('',#18417,#14446,#14447);
#11640=AXIS2_PLACEMENT_3D('',#18420,#14448,#14449);
#11641=AXIS2_PLACEMENT_3D('',#18422,#14450,#14451);
#11642=AXIS2_PLACEMENT_3D('',#18424,#14452,#14453);
#11643=AXIS2_PLACEMENT_3D('',#18425,#14454,#14455);
#11644=AXIS2_PLACEMENT_3D('',#18426,#14456,#14457);
#11645=AXIS2_PLACEMENT_3D('',#18429,#14458,#14459);
#11646=AXIS2_PLACEMENT_3D('',#18431,#14460,#14461);
#11647=AXIS2_PLACEMENT_3D('',#18433,#14462,#14463);
#11648=AXIS2_PLACEMENT_3D('',#18434,#14464,#14465);
#11649=AXIS2_PLACEMENT_3D('',#18435,#14466,#14467);
#11650=AXIS2_PLACEMENT_3D('',#18438,#14468,#14469);
#11651=AXIS2_PLACEMENT_3D('',#18440,#14470,#14471);
#11652=AXIS2_PLACEMENT_3D('',#18442,#14472,#14473);
#11653=AXIS2_PLACEMENT_3D('',#18443,#14474,#14475);
#11654=AXIS2_PLACEMENT_3D('',#18444,#14476,#14477);
#11655=AXIS2_PLACEMENT_3D('',#18447,#14478,#14479);
#11656=AXIS2_PLACEMENT_3D('',#18449,#14480,#14481);
#11657=AXIS2_PLACEMENT_3D('',#18451,#14482,#14483);
#11658=AXIS2_PLACEMENT_3D('',#18452,#14484,#14485);
#11659=AXIS2_PLACEMENT_3D('',#18453,#14486,#14487);
#11660=AXIS2_PLACEMENT_3D('',#18456,#14488,#14489);
#11661=AXIS2_PLACEMENT_3D('',#18458,#14490,#14491);
#11662=AXIS2_PLACEMENT_3D('',#18460,#14492,#14493);
#11663=AXIS2_PLACEMENT_3D('',#18461,#14494,#14495);
#11664=AXIS2_PLACEMENT_3D('',#18462,#14496,#14497);
#11665=AXIS2_PLACEMENT_3D('',#18465,#14498,#14499);
#11666=AXIS2_PLACEMENT_3D('',#18467,#14500,#14501);
#11667=AXIS2_PLACEMENT_3D('',#18469,#14502,#14503);
#11668=AXIS2_PLACEMENT_3D('',#18470,#14504,#14505);
#11669=AXIS2_PLACEMENT_3D('',#18471,#14506,#14507);
#11670=AXIS2_PLACEMENT_3D('',#18474,#14508,#14509);
#11671=AXIS2_PLACEMENT_3D('',#18476,#14510,#14511);
#11672=AXIS2_PLACEMENT_3D('',#18478,#14512,#14513);
#11673=AXIS2_PLACEMENT_3D('',#18479,#14514,#14515);
#11674=AXIS2_PLACEMENT_3D('',#18480,#14516,#14517);
#11675=AXIS2_PLACEMENT_3D('',#18483,#14518,#14519);
#11676=AXIS2_PLACEMENT_3D('',#18485,#14520,#14521);
#11677=AXIS2_PLACEMENT_3D('',#18487,#14522,#14523);
#11678=AXIS2_PLACEMENT_3D('',#18488,#14524,#14525);
#11679=AXIS2_PLACEMENT_3D('',#18489,#14526,#14527);
#11680=AXIS2_PLACEMENT_3D('',#18492,#14528,#14529);
#11681=AXIS2_PLACEMENT_3D('',#18494,#14530,#14531);
#11682=AXIS2_PLACEMENT_3D('',#18496,#14532,#14533);
#11683=AXIS2_PLACEMENT_3D('',#18497,#14534,#14535);
#11684=AXIS2_PLACEMENT_3D('',#18498,#14536,#14537);
#11685=AXIS2_PLACEMENT_3D('',#18501,#14538,#14539);
#11686=AXIS2_PLACEMENT_3D('',#18503,#14540,#14541);
#11687=AXIS2_PLACEMENT_3D('',#18505,#14542,#14543);
#11688=AXIS2_PLACEMENT_3D('',#18506,#14544,#14545);
#11689=AXIS2_PLACEMENT_3D('',#18507,#14546,#14547);
#11690=AXIS2_PLACEMENT_3D('',#18510,#14548,#14549);
#11691=AXIS2_PLACEMENT_3D('',#18512,#14550,#14551);
#11692=AXIS2_PLACEMENT_3D('',#18514,#14552,#14553);
#11693=AXIS2_PLACEMENT_3D('',#18515,#14554,#14555);
#11694=AXIS2_PLACEMENT_3D('',#18516,#14556,#14557);
#11695=AXIS2_PLACEMENT_3D('',#18519,#14558,#14559);
#11696=AXIS2_PLACEMENT_3D('',#18521,#14560,#14561);
#11697=AXIS2_PLACEMENT_3D('',#18523,#14562,#14563);
#11698=AXIS2_PLACEMENT_3D('',#18524,#14564,#14565);
#11699=AXIS2_PLACEMENT_3D('',#18525,#14566,#14567);
#11700=AXIS2_PLACEMENT_3D('',#18528,#14568,#14569);
#11701=AXIS2_PLACEMENT_3D('',#18530,#14570,#14571);
#11702=AXIS2_PLACEMENT_3D('',#18532,#14572,#14573);
#11703=AXIS2_PLACEMENT_3D('',#18533,#14574,#14575);
#11704=AXIS2_PLACEMENT_3D('',#18534,#14576,#14577);
#11705=AXIS2_PLACEMENT_3D('',#18537,#14578,#14579);
#11706=AXIS2_PLACEMENT_3D('',#18539,#14580,#14581);
#11707=AXIS2_PLACEMENT_3D('',#18541,#14582,#14583);
#11708=AXIS2_PLACEMENT_3D('',#18542,#14584,#14585);
#11709=AXIS2_PLACEMENT_3D('',#18543,#14586,#14587);
#11710=AXIS2_PLACEMENT_3D('',#18546,#14588,#14589);
#11711=AXIS2_PLACEMENT_3D('',#18548,#14590,#14591);
#11712=AXIS2_PLACEMENT_3D('',#18550,#14592,#14593);
#11713=AXIS2_PLACEMENT_3D('',#18551,#14594,#14595);
#11714=AXIS2_PLACEMENT_3D('',#18552,#14596,#14597);
#11715=AXIS2_PLACEMENT_3D('',#18555,#14598,#14599);
#11716=AXIS2_PLACEMENT_3D('',#18557,#14600,#14601);
#11717=AXIS2_PLACEMENT_3D('',#18559,#14602,#14603);
#11718=AXIS2_PLACEMENT_3D('',#18560,#14604,#14605);
#11719=AXIS2_PLACEMENT_3D('',#18561,#14606,#14607);
#11720=AXIS2_PLACEMENT_3D('',#18564,#14608,#14609);
#11721=AXIS2_PLACEMENT_3D('',#18566,#14610,#14611);
#11722=AXIS2_PLACEMENT_3D('',#18568,#14612,#14613);
#11723=AXIS2_PLACEMENT_3D('',#18569,#14614,#14615);
#11724=AXIS2_PLACEMENT_3D('',#18570,#14616,#14617);
#11725=AXIS2_PLACEMENT_3D('',#18573,#14618,#14619);
#11726=AXIS2_PLACEMENT_3D('',#18575,#14620,#14621);
#11727=AXIS2_PLACEMENT_3D('',#18577,#14622,#14623);
#11728=AXIS2_PLACEMENT_3D('',#18578,#14624,#14625);
#11729=AXIS2_PLACEMENT_3D('',#18579,#14626,#14627);
#11730=AXIS2_PLACEMENT_3D('',#18582,#14628,#14629);
#11731=AXIS2_PLACEMENT_3D('',#18584,#14630,#14631);
#11732=AXIS2_PLACEMENT_3D('',#18586,#14632,#14633);
#11733=AXIS2_PLACEMENT_3D('',#18587,#14634,#14635);
#11734=AXIS2_PLACEMENT_3D('',#18588,#14636,#14637);
#11735=AXIS2_PLACEMENT_3D('',#18591,#14638,#14639);
#11736=AXIS2_PLACEMENT_3D('',#18593,#14640,#14641);
#11737=AXIS2_PLACEMENT_3D('',#18595,#14642,#14643);
#11738=AXIS2_PLACEMENT_3D('',#18596,#14644,#14645);
#11739=AXIS2_PLACEMENT_3D('',#18597,#14646,#14647);
#11740=AXIS2_PLACEMENT_3D('',#18600,#14648,#14649);
#11741=AXIS2_PLACEMENT_3D('',#18602,#14650,#14651);
#11742=AXIS2_PLACEMENT_3D('',#18604,#14652,#14653);
#11743=AXIS2_PLACEMENT_3D('',#18605,#14654,#14655);
#11744=AXIS2_PLACEMENT_3D('',#18606,#14656,#14657);
#11745=AXIS2_PLACEMENT_3D('',#18609,#14658,#14659);
#11746=AXIS2_PLACEMENT_3D('',#18611,#14660,#14661);
#11747=AXIS2_PLACEMENT_3D('',#18613,#14662,#14663);
#11748=AXIS2_PLACEMENT_3D('',#18614,#14664,#14665);
#11749=AXIS2_PLACEMENT_3D('',#18615,#14666,#14667);
#11750=AXIS2_PLACEMENT_3D('',#18618,#14668,#14669);
#11751=AXIS2_PLACEMENT_3D('',#18620,#14670,#14671);
#11752=AXIS2_PLACEMENT_3D('',#18622,#14672,#14673);
#11753=AXIS2_PLACEMENT_3D('',#18623,#14674,#14675);
#11754=AXIS2_PLACEMENT_3D('',#18624,#14676,#14677);
#11755=AXIS2_PLACEMENT_3D('',#18627,#14678,#14679);
#11756=AXIS2_PLACEMENT_3D('',#18629,#14680,#14681);
#11757=AXIS2_PLACEMENT_3D('',#18631,#14682,#14683);
#11758=AXIS2_PLACEMENT_3D('',#18632,#14684,#14685);
#11759=AXIS2_PLACEMENT_3D('',#18633,#14686,#14687);
#11760=AXIS2_PLACEMENT_3D('',#18636,#14688,#14689);
#11761=AXIS2_PLACEMENT_3D('',#18638,#14690,#14691);
#11762=AXIS2_PLACEMENT_3D('',#18640,#14692,#14693);
#11763=AXIS2_PLACEMENT_3D('',#18641,#14694,#14695);
#11764=AXIS2_PLACEMENT_3D('',#18642,#14696,#14697);
#11765=AXIS2_PLACEMENT_3D('',#18645,#14698,#14699);
#11766=AXIS2_PLACEMENT_3D('',#18647,#14700,#14701);
#11767=AXIS2_PLACEMENT_3D('',#18649,#14702,#14703);
#11768=AXIS2_PLACEMENT_3D('',#18650,#14704,#14705);
#11769=AXIS2_PLACEMENT_3D('',#18651,#14706,#14707);
#11770=AXIS2_PLACEMENT_3D('',#18654,#14708,#14709);
#11771=AXIS2_PLACEMENT_3D('',#18656,#14710,#14711);
#11772=AXIS2_PLACEMENT_3D('',#18658,#14712,#14713);
#11773=AXIS2_PLACEMENT_3D('',#18659,#14714,#14715);
#11774=AXIS2_PLACEMENT_3D('',#18660,#14716,#14717);
#11775=AXIS2_PLACEMENT_3D('',#18663,#14718,#14719);
#11776=AXIS2_PLACEMENT_3D('',#18665,#14720,#14721);
#11777=AXIS2_PLACEMENT_3D('',#18667,#14722,#14723);
#11778=AXIS2_PLACEMENT_3D('',#18668,#14724,#14725);
#11779=AXIS2_PLACEMENT_3D('',#18669,#14726,#14727);
#11780=AXIS2_PLACEMENT_3D('',#18672,#14728,#14729);
#11781=AXIS2_PLACEMENT_3D('',#18674,#14730,#14731);
#11782=AXIS2_PLACEMENT_3D('',#18676,#14732,#14733);
#11783=AXIS2_PLACEMENT_3D('',#18677,#14734,#14735);
#11784=AXIS2_PLACEMENT_3D('',#18678,#14736,#14737);
#11785=AXIS2_PLACEMENT_3D('',#18681,#14738,#14739);
#11786=AXIS2_PLACEMENT_3D('',#18683,#14740,#14741);
#11787=AXIS2_PLACEMENT_3D('',#18685,#14742,#14743);
#11788=AXIS2_PLACEMENT_3D('',#18686,#14744,#14745);
#11789=AXIS2_PLACEMENT_3D('',#18687,#14746,#14747);
#11790=AXIS2_PLACEMENT_3D('',#18690,#14748,#14749);
#11791=AXIS2_PLACEMENT_3D('',#18692,#14750,#14751);
#11792=AXIS2_PLACEMENT_3D('',#18694,#14752,#14753);
#11793=AXIS2_PLACEMENT_3D('',#18695,#14754,#14755);
#11794=AXIS2_PLACEMENT_3D('',#18696,#14756,#14757);
#11795=AXIS2_PLACEMENT_3D('',#18699,#14758,#14759);
#11796=AXIS2_PLACEMENT_3D('',#18701,#14760,#14761);
#11797=AXIS2_PLACEMENT_3D('',#18703,#14762,#14763);
#11798=AXIS2_PLACEMENT_3D('',#18704,#14764,#14765);
#11799=AXIS2_PLACEMENT_3D('',#18705,#14766,#14767);
#11800=AXIS2_PLACEMENT_3D('',#18708,#14768,#14769);
#11801=AXIS2_PLACEMENT_3D('',#18710,#14770,#14771);
#11802=AXIS2_PLACEMENT_3D('',#18712,#14772,#14773);
#11803=AXIS2_PLACEMENT_3D('',#18713,#14774,#14775);
#11804=AXIS2_PLACEMENT_3D('',#18714,#14776,#14777);
#11805=AXIS2_PLACEMENT_3D('',#18717,#14778,#14779);
#11806=AXIS2_PLACEMENT_3D('',#18719,#14780,#14781);
#11807=AXIS2_PLACEMENT_3D('',#18721,#14782,#14783);
#11808=AXIS2_PLACEMENT_3D('',#18722,#14784,#14785);
#11809=AXIS2_PLACEMENT_3D('',#18723,#14786,#14787);
#11810=AXIS2_PLACEMENT_3D('',#18726,#14788,#14789);
#11811=AXIS2_PLACEMENT_3D('',#18728,#14790,#14791);
#11812=AXIS2_PLACEMENT_3D('',#18730,#14792,#14793);
#11813=AXIS2_PLACEMENT_3D('',#18731,#14794,#14795);
#11814=AXIS2_PLACEMENT_3D('',#18732,#14796,#14797);
#11815=AXIS2_PLACEMENT_3D('',#18735,#14798,#14799);
#11816=AXIS2_PLACEMENT_3D('',#18737,#14800,#14801);
#11817=AXIS2_PLACEMENT_3D('',#18739,#14802,#14803);
#11818=AXIS2_PLACEMENT_3D('',#18740,#14804,#14805);
#11819=AXIS2_PLACEMENT_3D('',#18741,#14806,#14807);
#11820=AXIS2_PLACEMENT_3D('',#18744,#14808,#14809);
#11821=AXIS2_PLACEMENT_3D('',#18746,#14810,#14811);
#11822=AXIS2_PLACEMENT_3D('',#18748,#14812,#14813);
#11823=AXIS2_PLACEMENT_3D('',#18749,#14814,#14815);
#11824=AXIS2_PLACEMENT_3D('',#18750,#14816,#14817);
#11825=AXIS2_PLACEMENT_3D('',#18753,#14818,#14819);
#11826=AXIS2_PLACEMENT_3D('',#18755,#14820,#14821);
#11827=AXIS2_PLACEMENT_3D('',#18757,#14822,#14823);
#11828=AXIS2_PLACEMENT_3D('',#18758,#14824,#14825);
#11829=AXIS2_PLACEMENT_3D('',#18759,#14826,#14827);
#11830=AXIS2_PLACEMENT_3D('',#18762,#14828,#14829);
#11831=AXIS2_PLACEMENT_3D('',#18764,#14830,#14831);
#11832=AXIS2_PLACEMENT_3D('',#18766,#14832,#14833);
#11833=AXIS2_PLACEMENT_3D('',#18767,#14834,#14835);
#11834=AXIS2_PLACEMENT_3D('',#18768,#14836,#14837);
#11835=AXIS2_PLACEMENT_3D('',#18770,#14838,#14839);
#11836=AXIS2_PLACEMENT_3D('',#18772,#14840,#14841);
#11837=AXIS2_PLACEMENT_3D('',#18773,#14842,#14843);
#11838=AXIS2_PLACEMENT_3D('',#18775,#14845,#14846);
#11839=AXIS2_PLACEMENT_3D('',#18777,#14848,#14849);
#11840=AXIS2_PLACEMENT_3D('',#18779,#14851,#14852);
#11841=AXIS2_PLACEMENT_3D('',#18782,#14855,#14856);
#11842=AXIS2_PLACEMENT_3D('',#18783,#14857,#14858);
#11843=AXIS2_PLACEMENT_3D('',#18784,#14859,#14860);
#11844=AXIS2_PLACEMENT_3D('',#18786,#14862,#14863);
#11845=AXIS2_PLACEMENT_3D('',#18788,#14865,#14866);
#11846=AXIS2_PLACEMENT_3D('',#18790,#14868,#14869);
#11847=AXIS2_PLACEMENT_3D('',#18792,#14871,#14872);
#11848=AXIS2_PLACEMENT_3D('',#18793,#14873,#14874);
#11849=AXIS2_PLACEMENT_3D('',#18794,#14875,#14876);
#11850=AXIS2_PLACEMENT_3D('',#18796,#14878,#14879);
#11851=AXIS2_PLACEMENT_3D('',#18798,#14881,#14882);
#11852=AXIS2_PLACEMENT_3D('',#18800,#14884,#14885);
#11853=AXIS2_PLACEMENT_3D('',#18802,#14887,#14888);
#11854=AXIS2_PLACEMENT_3D('',#18803,#14889,#14890);
#11855=AXIS2_PLACEMENT_3D('',#18804,#14891,#14892);
#11856=AXIS2_PLACEMENT_3D('',#18806,#14894,#14895);
#11857=AXIS2_PLACEMENT_3D('',#18808,#14897,#14898);
#11858=AXIS2_PLACEMENT_3D('',#18810,#14900,#14901);
#11859=AXIS2_PLACEMENT_3D('',#18812,#14903,#14904);
#11860=AXIS2_PLACEMENT_3D('',#18813,#14905,#14906);
#11861=AXIS2_PLACEMENT_3D('',#18814,#14907,#14908);
#11862=AXIS2_PLACEMENT_3D('',#18816,#14910,#14911);
#11863=AXIS2_PLACEMENT_3D('',#18818,#14913,#14914);
#11864=AXIS2_PLACEMENT_3D('',#18820,#14916,#14917);
#11865=AXIS2_PLACEMENT_3D('',#18822,#14919,#14920);
#11866=AXIS2_PLACEMENT_3D('',#18823,#14921,#14922);
#11867=AXIS2_PLACEMENT_3D('',#18824,#14923,#14924);
#11868=AXIS2_PLACEMENT_3D('',#18826,#14926,#14927);
#11869=AXIS2_PLACEMENT_3D('',#18828,#14929,#14930);
#11870=AXIS2_PLACEMENT_3D('',#18830,#14932,#14933);
#11871=AXIS2_PLACEMENT_3D('',#18832,#14935,#14936);
#11872=AXIS2_PLACEMENT_3D('',#18833,#14937,#14938);
#11873=AXIS2_PLACEMENT_3D('',#18834,#14939,#14940);
#11874=AXIS2_PLACEMENT_3D('',#18836,#14942,#14943);
#11875=AXIS2_PLACEMENT_3D('',#18838,#14945,#14946);
#11876=AXIS2_PLACEMENT_3D('',#18840,#14948,#14949);
#11877=AXIS2_PLACEMENT_3D('',#18842,#14951,#14952);
#11878=AXIS2_PLACEMENT_3D('',#18843,#14953,#14954);
#11879=AXIS2_PLACEMENT_3D('',#18844,#14955,#14956);
#11880=AXIS2_PLACEMENT_3D('',#18846,#14958,#14959);
#11881=AXIS2_PLACEMENT_3D('',#18848,#14961,#14962);
#11882=AXIS2_PLACEMENT_3D('',#18850,#14964,#14965);
#11883=AXIS2_PLACEMENT_3D('',#18852,#14967,#14968);
#11884=AXIS2_PLACEMENT_3D('',#18853,#14969,#14970);
#11885=AXIS2_PLACEMENT_3D('',#18854,#14971,#14972);
#11886=AXIS2_PLACEMENT_3D('',#18856,#14974,#14975);
#11887=AXIS2_PLACEMENT_3D('',#18858,#14977,#14978);
#11888=AXIS2_PLACEMENT_3D('',#18860,#14980,#14981);
#11889=AXIS2_PLACEMENT_3D('',#18862,#14983,#14984);
#11890=AXIS2_PLACEMENT_3D('',#18863,#14985,#14986);
#11891=AXIS2_PLACEMENT_3D('',#18864,#14987,#14988);
#11892=AXIS2_PLACEMENT_3D('',#18866,#14990,#14991);
#11893=AXIS2_PLACEMENT_3D('',#18868,#14993,#14994);
#11894=AXIS2_PLACEMENT_3D('',#18870,#14996,#14997);
#11895=AXIS2_PLACEMENT_3D('',#18872,#14999,#15000);
#11896=AXIS2_PLACEMENT_3D('',#18873,#15001,#15002);
#11897=AXIS2_PLACEMENT_3D('',#18874,#15003,#15004);
#11898=AXIS2_PLACEMENT_3D('',#18876,#15006,#15007);
#11899=AXIS2_PLACEMENT_3D('',#18878,#15009,#15010);
#11900=AXIS2_PLACEMENT_3D('',#18880,#15012,#15013);
#11901=AXIS2_PLACEMENT_3D('',#18882,#15015,#15016);
#11902=AXIS2_PLACEMENT_3D('',#18883,#15017,#15018);
#11903=AXIS2_PLACEMENT_3D('',#18884,#15019,#15020);
#11904=AXIS2_PLACEMENT_3D('',#18886,#15022,#15023);
#11905=AXIS2_PLACEMENT_3D('',#18888,#15025,#15026);
#11906=AXIS2_PLACEMENT_3D('',#18890,#15028,#15029);
#11907=AXIS2_PLACEMENT_3D('',#18892,#15031,#15032);
#11908=AXIS2_PLACEMENT_3D('',#18893,#15033,#15034);
#11909=AXIS2_PLACEMENT_3D('',#18894,#15035,#15036);
#11910=AXIS2_PLACEMENT_3D('',#18896,#15038,#15039);
#11911=AXIS2_PLACEMENT_3D('',#18898,#15041,#15042);
#11912=AXIS2_PLACEMENT_3D('',#18900,#15044,#15045);
#11913=AXIS2_PLACEMENT_3D('',#18902,#15047,#15048);
#11914=AXIS2_PLACEMENT_3D('',#18903,#15049,#15050);
#11915=AXIS2_PLACEMENT_3D('',#18904,#15051,#15052);
#11916=AXIS2_PLACEMENT_3D('',#18906,#15054,#15055);
#11917=AXIS2_PLACEMENT_3D('',#18908,#15057,#15058);
#11918=AXIS2_PLACEMENT_3D('',#18910,#15060,#15061);
#11919=AXIS2_PLACEMENT_3D('',#18912,#15063,#15064);
#11920=AXIS2_PLACEMENT_3D('',#18913,#15065,#15066);
#11921=AXIS2_PLACEMENT_3D('',#18914,#15067,#15068);
#11922=AXIS2_PLACEMENT_3D('',#18916,#15070,#15071);
#11923=AXIS2_PLACEMENT_3D('',#18918,#15073,#15074);
#11924=AXIS2_PLACEMENT_3D('',#18920,#15076,#15077);
#11925=AXIS2_PLACEMENT_3D('',#18922,#15079,#15080);
#11926=AXIS2_PLACEMENT_3D('',#18923,#15081,#15082);
#11927=AXIS2_PLACEMENT_3D('',#18924,#15083,#15084);
#11928=AXIS2_PLACEMENT_3D('',#18926,#15086,#15087);
#11929=AXIS2_PLACEMENT_3D('',#18928,#15089,#15090);
#11930=AXIS2_PLACEMENT_3D('',#18930,#15092,#15093);
#11931=AXIS2_PLACEMENT_3D('',#18932,#15095,#15096);
#11932=AXIS2_PLACEMENT_3D('',#18933,#15097,#15098);
#11933=AXIS2_PLACEMENT_3D('',#18934,#15099,#15100);
#11934=AXIS2_PLACEMENT_3D('',#18936,#15102,#15103);
#11935=AXIS2_PLACEMENT_3D('',#18938,#15105,#15106);
#11936=AXIS2_PLACEMENT_3D('',#18940,#15108,#15109);
#11937=AXIS2_PLACEMENT_3D('',#18942,#15111,#15112);
#11938=AXIS2_PLACEMENT_3D('',#18943,#15113,#15114);
#11939=AXIS2_PLACEMENT_3D('',#18944,#15115,#15116);
#11940=AXIS2_PLACEMENT_3D('',#18946,#15118,#15119);
#11941=AXIS2_PLACEMENT_3D('',#18948,#15121,#15122);
#11942=AXIS2_PLACEMENT_3D('',#18950,#15124,#15125);
#11943=AXIS2_PLACEMENT_3D('',#18952,#15127,#15128);
#11944=AXIS2_PLACEMENT_3D('',#18953,#15129,#15130);
#11945=AXIS2_PLACEMENT_3D('',#18954,#15131,#15132);
#11946=AXIS2_PLACEMENT_3D('',#18956,#15134,#15135);
#11947=AXIS2_PLACEMENT_3D('',#18958,#15137,#15138);
#11948=AXIS2_PLACEMENT_3D('',#18960,#15140,#15141);
#11949=AXIS2_PLACEMENT_3D('',#18962,#15143,#15144);
#11950=AXIS2_PLACEMENT_3D('',#18963,#15145,#15146);
#11951=AXIS2_PLACEMENT_3D('',#18964,#15147,#15148);
#11952=AXIS2_PLACEMENT_3D('',#18966,#15150,#15151);
#11953=AXIS2_PLACEMENT_3D('',#18968,#15153,#15154);
#11954=AXIS2_PLACEMENT_3D('',#18970,#15156,#15157);
#11955=AXIS2_PLACEMENT_3D('',#18972,#15159,#15160);
#11956=AXIS2_PLACEMENT_3D('',#18973,#15161,#15162);
#11957=AXIS2_PLACEMENT_3D('',#18974,#15163,#15164);
#11958=AXIS2_PLACEMENT_3D('',#18976,#15166,#15167);
#11959=AXIS2_PLACEMENT_3D('',#18978,#15169,#15170);
#11960=AXIS2_PLACEMENT_3D('',#18980,#15172,#15173);
#11961=AXIS2_PLACEMENT_3D('',#18982,#15175,#15176);
#11962=AXIS2_PLACEMENT_3D('',#18983,#15177,#15178);
#11963=AXIS2_PLACEMENT_3D('',#18984,#15179,#15180);
#11964=AXIS2_PLACEMENT_3D('',#18986,#15182,#15183);
#11965=AXIS2_PLACEMENT_3D('',#18988,#15185,#15186);
#11966=AXIS2_PLACEMENT_3D('',#18990,#15188,#15189);
#11967=AXIS2_PLACEMENT_3D('',#18992,#15191,#15192);
#11968=AXIS2_PLACEMENT_3D('',#18993,#15193,#15194);
#11969=AXIS2_PLACEMENT_3D('',#18994,#15195,#15196);
#11970=AXIS2_PLACEMENT_3D('',#18996,#15198,#15199);
#11971=AXIS2_PLACEMENT_3D('',#18998,#15201,#15202);
#11972=AXIS2_PLACEMENT_3D('',#19000,#15204,#15205);
#11973=AXIS2_PLACEMENT_3D('',#19002,#15207,#15208);
#11974=AXIS2_PLACEMENT_3D('',#19003,#15209,#15210);
#11975=AXIS2_PLACEMENT_3D('',#19004,#15211,#15212);
#11976=AXIS2_PLACEMENT_3D('',#19006,#15214,#15215);
#11977=AXIS2_PLACEMENT_3D('',#19008,#15217,#15218);
#11978=AXIS2_PLACEMENT_3D('',#19010,#15220,#15221);
#11979=AXIS2_PLACEMENT_3D('',#19012,#15223,#15224);
#11980=AXIS2_PLACEMENT_3D('',#19013,#15225,#15226);
#11981=AXIS2_PLACEMENT_3D('',#19014,#15227,#15228);
#11982=AXIS2_PLACEMENT_3D('',#19016,#15230,#15231);
#11983=AXIS2_PLACEMENT_3D('',#19018,#15233,#15234);
#11984=AXIS2_PLACEMENT_3D('',#19020,#15236,#15237);
#11985=AXIS2_PLACEMENT_3D('',#19022,#15239,#15240);
#11986=AXIS2_PLACEMENT_3D('',#19023,#15241,#15242);
#11987=AXIS2_PLACEMENT_3D('',#19024,#15243,#15244);
#11988=AXIS2_PLACEMENT_3D('',#19026,#15246,#15247);
#11989=AXIS2_PLACEMENT_3D('',#19028,#15249,#15250);
#11990=AXIS2_PLACEMENT_3D('',#19030,#15252,#15253);
#11991=AXIS2_PLACEMENT_3D('',#19032,#15255,#15256);
#11992=AXIS2_PLACEMENT_3D('',#19033,#15257,#15258);
#11993=AXIS2_PLACEMENT_3D('',#19034,#15259,#15260);
#11994=AXIS2_PLACEMENT_3D('',#19036,#15262,#15263);
#11995=AXIS2_PLACEMENT_3D('',#19038,#15265,#15266);
#11996=AXIS2_PLACEMENT_3D('',#19040,#15268,#15269);
#11997=AXIS2_PLACEMENT_3D('',#19042,#15271,#15272);
#11998=AXIS2_PLACEMENT_3D('',#19043,#15273,#15274);
#11999=AXIS2_PLACEMENT_3D('',#19044,#15275,#15276);
#12000=AXIS2_PLACEMENT_3D('',#19046,#15278,#15279);
#12001=AXIS2_PLACEMENT_3D('',#19048,#15281,#15282);
#12002=AXIS2_PLACEMENT_3D('',#19050,#15284,#15285);
#12003=AXIS2_PLACEMENT_3D('',#19052,#15287,#15288);
#12004=AXIS2_PLACEMENT_3D('',#19053,#15289,#15290);
#12005=AXIS2_PLACEMENT_3D('',#19054,#15291,#15292);
#12006=AXIS2_PLACEMENT_3D('',#19056,#15294,#15295);
#12007=AXIS2_PLACEMENT_3D('',#19058,#15297,#15298);
#12008=AXIS2_PLACEMENT_3D('',#19060,#15300,#15301);
#12009=AXIS2_PLACEMENT_3D('',#19062,#15303,#15304);
#12010=AXIS2_PLACEMENT_3D('',#19063,#15305,#15306);
#12011=AXIS2_PLACEMENT_3D('',#19064,#15307,#15308);
#12012=AXIS2_PLACEMENT_3D('',#19066,#15310,#15311);
#12013=AXIS2_PLACEMENT_3D('',#19068,#15313,#15314);
#12014=AXIS2_PLACEMENT_3D('',#19070,#15316,#15317);
#12015=AXIS2_PLACEMENT_3D('',#19072,#15319,#15320);
#12016=AXIS2_PLACEMENT_3D('',#19073,#15321,#15322);
#12017=AXIS2_PLACEMENT_3D('',#19074,#15323,#15324);
#12018=AXIS2_PLACEMENT_3D('',#19076,#15326,#15327);
#12019=AXIS2_PLACEMENT_3D('',#19078,#15329,#15330);
#12020=AXIS2_PLACEMENT_3D('',#19080,#15332,#15333);
#12021=AXIS2_PLACEMENT_3D('',#19082,#15335,#15336);
#12022=AXIS2_PLACEMENT_3D('',#19083,#15337,#15338);
#12023=AXIS2_PLACEMENT_3D('',#19084,#15339,#15340);
#12024=AXIS2_PLACEMENT_3D('',#19086,#15342,#15343);
#12025=AXIS2_PLACEMENT_3D('',#19088,#15345,#15346);
#12026=AXIS2_PLACEMENT_3D('',#19090,#15348,#15349);
#12027=AXIS2_PLACEMENT_3D('',#19092,#15351,#15352);
#12028=AXIS2_PLACEMENT_3D('',#19093,#15353,#15354);
#12029=AXIS2_PLACEMENT_3D('',#19094,#15355,#15356);
#12030=AXIS2_PLACEMENT_3D('',#19096,#15358,#15359);
#12031=AXIS2_PLACEMENT_3D('',#19098,#15361,#15362);
#12032=AXIS2_PLACEMENT_3D('',#19100,#15364,#15365);
#12033=AXIS2_PLACEMENT_3D('',#19102,#15367,#15368);
#12034=AXIS2_PLACEMENT_3D('',#19103,#15369,#15370);
#12035=AXIS2_PLACEMENT_3D('',#19104,#15371,#15372);
#12036=AXIS2_PLACEMENT_3D('',#19106,#15374,#15375);
#12037=AXIS2_PLACEMENT_3D('',#19108,#15377,#15378);
#12038=AXIS2_PLACEMENT_3D('',#19110,#15380,#15381);
#12039=AXIS2_PLACEMENT_3D('',#19112,#15383,#15384);
#12040=AXIS2_PLACEMENT_3D('',#19113,#15385,#15386);
#12041=AXIS2_PLACEMENT_3D('',#19114,#15387,#15388);
#12042=AXIS2_PLACEMENT_3D('',#19116,#15390,#15391);
#12043=AXIS2_PLACEMENT_3D('',#19118,#15393,#15394);
#12044=AXIS2_PLACEMENT_3D('',#19120,#15396,#15397);
#12045=AXIS2_PLACEMENT_3D('',#19122,#15399,#15400);
#12046=AXIS2_PLACEMENT_3D('',#19123,#15401,#15402);
#12047=AXIS2_PLACEMENT_3D('',#19124,#15403,#15404);
#12048=AXIS2_PLACEMENT_3D('',#19126,#15406,#15407);
#12049=AXIS2_PLACEMENT_3D('',#19128,#15409,#15410);
#12050=AXIS2_PLACEMENT_3D('',#19130,#15412,#15413);
#12051=AXIS2_PLACEMENT_3D('',#19132,#15415,#15416);
#12052=AXIS2_PLACEMENT_3D('',#19133,#15417,#15418);
#12053=AXIS2_PLACEMENT_3D('',#19134,#15419,#15420);
#12054=AXIS2_PLACEMENT_3D('',#19136,#15422,#15423);
#12055=AXIS2_PLACEMENT_3D('',#19138,#15425,#15426);
#12056=AXIS2_PLACEMENT_3D('',#19140,#15428,#15429);
#12057=AXIS2_PLACEMENT_3D('',#19142,#15431,#15432);
#12058=AXIS2_PLACEMENT_3D('',#19143,#15433,#15434);
#12059=AXIS2_PLACEMENT_3D('',#19144,#15435,#15436);
#12060=AXIS2_PLACEMENT_3D('',#19146,#15438,#15439);
#12061=AXIS2_PLACEMENT_3D('',#19148,#15441,#15442);
#12062=AXIS2_PLACEMENT_3D('',#19150,#15444,#15445);
#12063=AXIS2_PLACEMENT_3D('',#19152,#15447,#15448);
#12064=AXIS2_PLACEMENT_3D('',#19153,#15449,#15450);
#12065=AXIS2_PLACEMENT_3D('',#19154,#15451,#15452);
#12066=AXIS2_PLACEMENT_3D('',#19156,#15454,#15455);
#12067=AXIS2_PLACEMENT_3D('',#19158,#15457,#15458);
#12068=AXIS2_PLACEMENT_3D('',#19160,#15460,#15461);
#12069=AXIS2_PLACEMENT_3D('',#19162,#15463,#15464);
#12070=AXIS2_PLACEMENT_3D('',#19163,#15465,#15466);
#12071=AXIS2_PLACEMENT_3D('',#19164,#15467,#15468);
#12072=AXIS2_PLACEMENT_3D('',#19166,#15470,#15471);
#12073=AXIS2_PLACEMENT_3D('',#19168,#15473,#15474);
#12074=AXIS2_PLACEMENT_3D('',#19170,#15476,#15477);
#12075=AXIS2_PLACEMENT_3D('',#19172,#15479,#15480);
#12076=AXIS2_PLACEMENT_3D('',#19173,#15481,#15482);
#12077=AXIS2_PLACEMENT_3D('',#19174,#15483,#15484);
#12078=AXIS2_PLACEMENT_3D('',#19176,#15486,#15487);
#12079=AXIS2_PLACEMENT_3D('',#19178,#15489,#15490);
#12080=AXIS2_PLACEMENT_3D('',#19180,#15492,#15493);
#12081=AXIS2_PLACEMENT_3D('',#19182,#15495,#15496);
#12082=AXIS2_PLACEMENT_3D('',#19183,#15497,#15498);
#12083=AXIS2_PLACEMENT_3D('',#19184,#15499,#15500);
#12084=AXIS2_PLACEMENT_3D('',#19186,#15502,#15503);
#12085=AXIS2_PLACEMENT_3D('',#19188,#15505,#15506);
#12086=AXIS2_PLACEMENT_3D('',#19190,#15508,#15509);
#12087=AXIS2_PLACEMENT_3D('',#19192,#15511,#15512);
#12088=AXIS2_PLACEMENT_3D('',#19193,#15513,#15514);
#12089=AXIS2_PLACEMENT_3D('',#19194,#15515,#15516);
#12090=AXIS2_PLACEMENT_3D('',#19196,#15518,#15519);
#12091=AXIS2_PLACEMENT_3D('',#19198,#15521,#15522);
#12092=AXIS2_PLACEMENT_3D('',#19200,#15524,#15525);
#12093=AXIS2_PLACEMENT_3D('',#19202,#15527,#15528);
#12094=AXIS2_PLACEMENT_3D('',#19203,#15529,#15530);
#12095=AXIS2_PLACEMENT_3D('',#19204,#15531,#15532);
#12096=AXIS2_PLACEMENT_3D('',#19206,#15534,#15535);
#12097=AXIS2_PLACEMENT_3D('',#19208,#15537,#15538);
#12098=AXIS2_PLACEMENT_3D('',#19210,#15540,#15541);
#12099=AXIS2_PLACEMENT_3D('',#19212,#15543,#15544);
#12100=AXIS2_PLACEMENT_3D('',#19213,#15545,#15546);
#12101=AXIS2_PLACEMENT_3D('',#19214,#15547,#15548);
#12102=AXIS2_PLACEMENT_3D('',#19216,#15550,#15551);
#12103=AXIS2_PLACEMENT_3D('',#19218,#15553,#15554);
#12104=AXIS2_PLACEMENT_3D('',#19220,#15556,#15557);
#12105=AXIS2_PLACEMENT_3D('',#19222,#15559,#15560);
#12106=AXIS2_PLACEMENT_3D('',#19223,#15561,#15562);
#12107=AXIS2_PLACEMENT_3D('',#19224,#15563,#15564);
#12108=AXIS2_PLACEMENT_3D('',#19226,#15566,#15567);
#12109=AXIS2_PLACEMENT_3D('',#19228,#15569,#15570);
#12110=AXIS2_PLACEMENT_3D('',#19230,#15572,#15573);
#12111=AXIS2_PLACEMENT_3D('',#19232,#15575,#15576);
#12112=AXIS2_PLACEMENT_3D('',#19233,#15577,#15578);
#12113=AXIS2_PLACEMENT_3D('',#19234,#15579,#15580);
#12114=AXIS2_PLACEMENT_3D('',#19236,#15582,#15583);
#12115=AXIS2_PLACEMENT_3D('',#19238,#15585,#15586);
#12116=AXIS2_PLACEMENT_3D('',#19240,#15588,#15589);
#12117=AXIS2_PLACEMENT_3D('',#19242,#15591,#15592);
#12118=AXIS2_PLACEMENT_3D('',#19243,#15593,#15594);
#12119=AXIS2_PLACEMENT_3D('',#19244,#15595,#15596);
#12120=AXIS2_PLACEMENT_3D('',#19246,#15598,#15599);
#12121=AXIS2_PLACEMENT_3D('',#19248,#15601,#15602);
#12122=AXIS2_PLACEMENT_3D('',#19250,#15604,#15605);
#12123=AXIS2_PLACEMENT_3D('',#19252,#15607,#15608);
#12124=AXIS2_PLACEMENT_3D('',#19253,#15609,#15610);
#12125=AXIS2_PLACEMENT_3D('',#19254,#15611,#15612);
#12126=AXIS2_PLACEMENT_3D('',#19256,#15614,#15615);
#12127=AXIS2_PLACEMENT_3D('',#19258,#15617,#15618);
#12128=AXIS2_PLACEMENT_3D('',#19260,#15620,#15621);
#12129=AXIS2_PLACEMENT_3D('',#19262,#15623,#15624);
#12130=AXIS2_PLACEMENT_3D('',#19263,#15625,#15626);
#12131=AXIS2_PLACEMENT_3D('',#19264,#15627,#15628);
#12132=AXIS2_PLACEMENT_3D('',#19266,#15630,#15631);
#12133=AXIS2_PLACEMENT_3D('',#19268,#15633,#15634);
#12134=AXIS2_PLACEMENT_3D('',#19270,#15636,#15637);
#12135=AXIS2_PLACEMENT_3D('',#19272,#15639,#15640);
#12136=AXIS2_PLACEMENT_3D('',#19273,#15641,#15642);
#12137=AXIS2_PLACEMENT_3D('',#19274,#15643,#15644);
#12138=AXIS2_PLACEMENT_3D('',#19276,#15646,#15647);
#12139=AXIS2_PLACEMENT_3D('',#19278,#15649,#15650);
#12140=AXIS2_PLACEMENT_3D('',#19280,#15652,#15653);
#12141=AXIS2_PLACEMENT_3D('',#19282,#15655,#15656);
#12142=AXIS2_PLACEMENT_3D('',#19283,#15657,#15658);
#12143=AXIS2_PLACEMENT_3D('',#19284,#15659,#15660);
#12144=AXIS2_PLACEMENT_3D('',#19286,#15662,#15663);
#12145=AXIS2_PLACEMENT_3D('',#19288,#15665,#15666);
#12146=AXIS2_PLACEMENT_3D('',#19290,#15668,#15669);
#12147=AXIS2_PLACEMENT_3D('',#19292,#15671,#15672);
#12148=AXIS2_PLACEMENT_3D('',#19293,#15673,#15674);
#12149=AXIS2_PLACEMENT_3D('',#19294,#15675,#15676);
#12150=AXIS2_PLACEMENT_3D('',#19296,#15678,#15679);
#12151=AXIS2_PLACEMENT_3D('',#19298,#15681,#15682);
#12152=AXIS2_PLACEMENT_3D('',#19300,#15684,#15685);
#12153=AXIS2_PLACEMENT_3D('',#19302,#15687,#15688);
#12154=AXIS2_PLACEMENT_3D('',#19303,#15689,#15690);
#12155=AXIS2_PLACEMENT_3D('',#19304,#15691,#15692);
#12156=AXIS2_PLACEMENT_3D('',#19306,#15694,#15695);
#12157=AXIS2_PLACEMENT_3D('',#19308,#15697,#15698);
#12158=AXIS2_PLACEMENT_3D('',#19310,#15700,#15701);
#12159=AXIS2_PLACEMENT_3D('',#19312,#15703,#15704);
#12160=AXIS2_PLACEMENT_3D('',#19313,#15705,#15706);
#12161=AXIS2_PLACEMENT_3D('',#19314,#15707,#15708);
#12162=AXIS2_PLACEMENT_3D('',#19316,#15710,#15711);
#12163=AXIS2_PLACEMENT_3D('',#19318,#15713,#15714);
#12164=AXIS2_PLACEMENT_3D('',#19320,#15716,#15717);
#12165=AXIS2_PLACEMENT_3D('',#19322,#15719,#15720);
#12166=AXIS2_PLACEMENT_3D('',#19323,#15721,#15722);
#12167=AXIS2_PLACEMENT_3D('',#19324,#15723,#15724);
#12168=AXIS2_PLACEMENT_3D('',#19326,#15726,#15727);
#12169=AXIS2_PLACEMENT_3D('',#19328,#15729,#15730);
#12170=AXIS2_PLACEMENT_3D('',#19330,#15732,#15733);
#12171=AXIS2_PLACEMENT_3D('',#19332,#15735,#15736);
#12172=AXIS2_PLACEMENT_3D('',#19333,#15737,#15738);
#12173=AXIS2_PLACEMENT_3D('',#19334,#15739,#15740);
#12174=AXIS2_PLACEMENT_3D('',#19336,#15742,#15743);
#12175=AXIS2_PLACEMENT_3D('',#19338,#15745,#15746);
#12176=AXIS2_PLACEMENT_3D('',#19340,#15748,#15749);
#12177=AXIS2_PLACEMENT_3D('',#19342,#15751,#15752);
#12178=AXIS2_PLACEMENT_3D('',#19343,#15753,#15754);
#12179=AXIS2_PLACEMENT_3D('',#19344,#15755,#15756);
#12180=AXIS2_PLACEMENT_3D('',#19346,#15758,#15759);
#12181=AXIS2_PLACEMENT_3D('',#19348,#15761,#15762);
#12182=AXIS2_PLACEMENT_3D('',#19350,#15764,#15765);
#12183=AXIS2_PLACEMENT_3D('',#19352,#15767,#15768);
#12184=AXIS2_PLACEMENT_3D('',#19353,#15769,#15770);
#12185=AXIS2_PLACEMENT_3D('',#19354,#15771,#15772);
#12186=AXIS2_PLACEMENT_3D('',#19356,#15774,#15775);
#12187=AXIS2_PLACEMENT_3D('',#19358,#15777,#15778);
#12188=AXIS2_PLACEMENT_3D('',#19360,#15780,#15781);
#12189=AXIS2_PLACEMENT_3D('',#19362,#15783,#15784);
#12190=AXIS2_PLACEMENT_3D('',#19363,#15785,#15786);
#12191=AXIS2_PLACEMENT_3D('',#19364,#15787,#15788);
#12192=AXIS2_PLACEMENT_3D('',#19366,#15790,#15791);
#12193=AXIS2_PLACEMENT_3D('',#19368,#15793,#15794);
#12194=AXIS2_PLACEMENT_3D('',#19370,#15796,#15797);
#12195=AXIS2_PLACEMENT_3D('',#19372,#15799,#15800);
#12196=AXIS2_PLACEMENT_3D('',#19373,#15801,#15802);
#12197=AXIS2_PLACEMENT_3D('',#19374,#15803,#15804);
#12198=AXIS2_PLACEMENT_3D('',#19376,#15806,#15807);
#12199=AXIS2_PLACEMENT_3D('',#19378,#15809,#15810);
#12200=AXIS2_PLACEMENT_3D('',#19380,#15812,#15813);
#12201=AXIS2_PLACEMENT_3D('',#19382,#15815,#15816);
#12202=AXIS2_PLACEMENT_3D('',#19383,#15817,#15818);
#12203=AXIS2_PLACEMENT_3D('',#19384,#15819,#15820);
#12204=AXIS2_PLACEMENT_3D('',#19386,#15822,#15823);
#12205=AXIS2_PLACEMENT_3D('',#19388,#15825,#15826);
#12206=AXIS2_PLACEMENT_3D('',#19390,#15828,#15829);
#12207=AXIS2_PLACEMENT_3D('',#19392,#15831,#15832);
#12208=AXIS2_PLACEMENT_3D('',#19393,#15833,#15834);
#12209=AXIS2_PLACEMENT_3D('',#19394,#15835,#15836);
#12210=AXIS2_PLACEMENT_3D('',#19396,#15838,#15839);
#12211=AXIS2_PLACEMENT_3D('',#19398,#15841,#15842);
#12212=AXIS2_PLACEMENT_3D('',#19400,#15844,#15845);
#12213=AXIS2_PLACEMENT_3D('',#19402,#15847,#15848);
#12214=AXIS2_PLACEMENT_3D('',#19403,#15849,#15850);
#12215=AXIS2_PLACEMENT_3D('',#19404,#15851,#15852);
#12216=AXIS2_PLACEMENT_3D('',#19406,#15854,#15855);
#12217=AXIS2_PLACEMENT_3D('',#19408,#15857,#15858);
#12218=AXIS2_PLACEMENT_3D('',#19410,#15860,#15861);
#12219=AXIS2_PLACEMENT_3D('',#19412,#15863,#15864);
#12220=AXIS2_PLACEMENT_3D('',#19413,#15865,#15866);
#12221=AXIS2_PLACEMENT_3D('',#19414,#15867,#15868);
#12222=AXIS2_PLACEMENT_3D('',#19416,#15870,#15871);
#12223=AXIS2_PLACEMENT_3D('',#19418,#15873,#15874);
#12224=AXIS2_PLACEMENT_3D('',#19420,#15876,#15877);
#12225=AXIS2_PLACEMENT_3D('',#19422,#15879,#15880);
#12226=AXIS2_PLACEMENT_3D('',#19423,#15881,#15882);
#12227=AXIS2_PLACEMENT_3D('',#19424,#15883,#15884);
#12228=AXIS2_PLACEMENT_3D('',#19426,#15886,#15887);
#12229=AXIS2_PLACEMENT_3D('',#19428,#15889,#15890);
#12230=AXIS2_PLACEMENT_3D('',#19430,#15892,#15893);
#12231=AXIS2_PLACEMENT_3D('',#19432,#15895,#15896);
#12232=AXIS2_PLACEMENT_3D('',#19433,#15897,#15898);
#12233=AXIS2_PLACEMENT_3D('',#19434,#15899,#15900);
#12234=AXIS2_PLACEMENT_3D('',#19436,#15902,#15903);
#12235=AXIS2_PLACEMENT_3D('',#19438,#15905,#15906);
#12236=AXIS2_PLACEMENT_3D('',#19440,#15908,#15909);
#12237=AXIS2_PLACEMENT_3D('',#19442,#15911,#15912);
#12238=AXIS2_PLACEMENT_3D('',#19443,#15913,#15914);
#12239=AXIS2_PLACEMENT_3D('',#19444,#15915,#15916);
#12240=AXIS2_PLACEMENT_3D('',#19446,#15918,#15919);
#12241=AXIS2_PLACEMENT_3D('',#19448,#15921,#15922);
#12242=AXIS2_PLACEMENT_3D('',#19450,#15924,#15925);
#12243=AXIS2_PLACEMENT_3D('',#19452,#15927,#15928);
#12244=AXIS2_PLACEMENT_3D('',#19453,#15929,#15930);
#12245=AXIS2_PLACEMENT_3D('',#19454,#15931,#15932);
#12246=AXIS2_PLACEMENT_3D('',#19456,#15934,#15935);
#12247=AXIS2_PLACEMENT_3D('',#19458,#15937,#15938);
#12248=AXIS2_PLACEMENT_3D('',#19460,#15940,#15941);
#12249=AXIS2_PLACEMENT_3D('',#19462,#15943,#15944);
#12250=AXIS2_PLACEMENT_3D('',#19463,#15945,#15946);
#12251=AXIS2_PLACEMENT_3D('',#19464,#15947,#15948);
#12252=AXIS2_PLACEMENT_3D('',#19466,#15950,#15951);
#12253=AXIS2_PLACEMENT_3D('',#19468,#15953,#15954);
#12254=AXIS2_PLACEMENT_3D('',#19470,#15956,#15957);
#12255=AXIS2_PLACEMENT_3D('',#19472,#15959,#15960);
#12256=AXIS2_PLACEMENT_3D('',#19473,#15961,#15962);
#12257=AXIS2_PLACEMENT_3D('',#19474,#15963,#15964);
#12258=AXIS2_PLACEMENT_3D('',#19476,#15966,#15967);
#12259=AXIS2_PLACEMENT_3D('',#19478,#15969,#15970);
#12260=AXIS2_PLACEMENT_3D('',#19480,#15972,#15973);
#12261=AXIS2_PLACEMENT_3D('',#19482,#15975,#15976);
#12262=AXIS2_PLACEMENT_3D('',#19483,#15977,#15978);
#12263=AXIS2_PLACEMENT_3D('',#19484,#15979,#15980);
#12264=AXIS2_PLACEMENT_3D('',#19486,#15982,#15983);
#12265=AXIS2_PLACEMENT_3D('',#19488,#15985,#15986);
#12266=AXIS2_PLACEMENT_3D('',#19490,#15988,#15989);
#12267=AXIS2_PLACEMENT_3D('',#19492,#15991,#15992);
#12268=AXIS2_PLACEMENT_3D('',#19493,#15993,#15994);
#12269=AXIS2_PLACEMENT_3D('',#19494,#15995,#15996);
#12270=AXIS2_PLACEMENT_3D('',#19496,#15998,#15999);
#12271=AXIS2_PLACEMENT_3D('',#19498,#16001,#16002);
#12272=AXIS2_PLACEMENT_3D('',#19500,#16004,#16005);
#12273=AXIS2_PLACEMENT_3D('',#19502,#16007,#16008);
#12274=AXIS2_PLACEMENT_3D('',#19503,#16009,#16010);
#12275=AXIS2_PLACEMENT_3D('',#19504,#16011,#16012);
#12276=AXIS2_PLACEMENT_3D('',#19506,#16014,#16015);
#12277=AXIS2_PLACEMENT_3D('',#19508,#16017,#16018);
#12278=AXIS2_PLACEMENT_3D('',#19510,#16020,#16021);
#12279=AXIS2_PLACEMENT_3D('',#19512,#16023,#16024);
#12280=AXIS2_PLACEMENT_3D('',#19513,#16025,#16026);
#12281=AXIS2_PLACEMENT_3D('',#19514,#16027,#16028);
#12282=AXIS2_PLACEMENT_3D('',#19516,#16030,#16031);
#12283=AXIS2_PLACEMENT_3D('',#19518,#16033,#16034);
#12284=AXIS2_PLACEMENT_3D('',#19520,#16036,#16037);
#12285=AXIS2_PLACEMENT_3D('',#19522,#16039,#16040);
#12286=AXIS2_PLACEMENT_3D('',#19523,#16041,#16042);
#12287=AXIS2_PLACEMENT_3D('',#19524,#16043,#16044);
#12288=AXIS2_PLACEMENT_3D('',#19526,#16046,#16047);
#12289=AXIS2_PLACEMENT_3D('',#19528,#16049,#16050);
#12290=AXIS2_PLACEMENT_3D('',#19530,#16052,#16053);
#12291=AXIS2_PLACEMENT_3D('',#19532,#16055,#16056);
#12292=AXIS2_PLACEMENT_3D('',#19533,#16057,#16058);
#12293=AXIS2_PLACEMENT_3D('',#19534,#16059,#16060);
#12294=AXIS2_PLACEMENT_3D('',#19536,#16062,#16063);
#12295=AXIS2_PLACEMENT_3D('',#19538,#16065,#16066);
#12296=AXIS2_PLACEMENT_3D('',#19540,#16068,#16069);
#12297=AXIS2_PLACEMENT_3D('',#19542,#16071,#16072);
#12298=AXIS2_PLACEMENT_3D('',#19543,#16073,#16074);
#12299=AXIS2_PLACEMENT_3D('',#19544,#16075,#16076);
#12300=AXIS2_PLACEMENT_3D('',#19546,#16078,#16079);
#12301=AXIS2_PLACEMENT_3D('',#19548,#16081,#16082);
#12302=AXIS2_PLACEMENT_3D('',#19550,#16084,#16085);
#12303=AXIS2_PLACEMENT_3D('',#19552,#16087,#16088);
#12304=AXIS2_PLACEMENT_3D('',#19553,#16089,#16090);
#12305=AXIS2_PLACEMENT_3D('',#19554,#16091,#16092);
#12306=AXIS2_PLACEMENT_3D('',#19556,#16094,#16095);
#12307=AXIS2_PLACEMENT_3D('',#19558,#16097,#16098);
#12308=AXIS2_PLACEMENT_3D('',#19560,#16100,#16101);
#12309=AXIS2_PLACEMENT_3D('',#19562,#16103,#16104);
#12310=AXIS2_PLACEMENT_3D('',#19563,#16105,#16106);
#12311=AXIS2_PLACEMENT_3D('',#19564,#16107,#16108);
#12312=AXIS2_PLACEMENT_3D('',#19566,#16110,#16111);
#12313=AXIS2_PLACEMENT_3D('',#19568,#16113,#16114);
#12314=AXIS2_PLACEMENT_3D('',#19570,#16116,#16117);
#12315=AXIS2_PLACEMENT_3D('',#19572,#16119,#16120);
#12316=AXIS2_PLACEMENT_3D('',#19573,#16121,#16122);
#12317=AXIS2_PLACEMENT_3D('',#19574,#16123,#16124);
#12318=AXIS2_PLACEMENT_3D('',#19576,#16126,#16127);
#12319=AXIS2_PLACEMENT_3D('',#19578,#16129,#16130);
#12320=AXIS2_PLACEMENT_3D('',#19580,#16132,#16133);
#12321=AXIS2_PLACEMENT_3D('',#19582,#16135,#16136);
#12322=AXIS2_PLACEMENT_3D('',#19583,#16137,#16138);
#12323=AXIS2_PLACEMENT_3D('',#19584,#16139,#16140);
#12324=AXIS2_PLACEMENT_3D('',#19586,#16142,#16143);
#12325=AXIS2_PLACEMENT_3D('',#19588,#16145,#16146);
#12326=AXIS2_PLACEMENT_3D('',#19590,#16148,#16149);
#12327=AXIS2_PLACEMENT_3D('',#19592,#16151,#16152);
#12328=AXIS2_PLACEMENT_3D('',#19593,#16153,#16154);
#12329=AXIS2_PLACEMENT_3D('',#19594,#16155,#16156);
#12330=AXIS2_PLACEMENT_3D('',#19596,#16158,#16159);
#12331=AXIS2_PLACEMENT_3D('',#19598,#16161,#16162);
#12332=AXIS2_PLACEMENT_3D('',#19600,#16164,#16165);
#12333=AXIS2_PLACEMENT_3D('',#19602,#16167,#16168);
#12334=AXIS2_PLACEMENT_3D('',#19603,#16169,#16170);
#12335=AXIS2_PLACEMENT_3D('',#19604,#16171,#16172);
#12336=AXIS2_PLACEMENT_3D('',#19606,#16174,#16175);
#12337=AXIS2_PLACEMENT_3D('',#19608,#16177,#16178);
#12338=AXIS2_PLACEMENT_3D('',#19610,#16180,#16181);
#12339=AXIS2_PLACEMENT_3D('',#19612,#16183,#16184);
#12340=AXIS2_PLACEMENT_3D('',#19613,#16185,#16186);
#12341=AXIS2_PLACEMENT_3D('',#19614,#16187,#16188);
#12342=AXIS2_PLACEMENT_3D('',#19616,#16190,#16191);
#12343=AXIS2_PLACEMENT_3D('',#19618,#16193,#16194);
#12344=AXIS2_PLACEMENT_3D('',#19620,#16196,#16197);
#12345=AXIS2_PLACEMENT_3D('',#19622,#16199,#16200);
#12346=AXIS2_PLACEMENT_3D('',#19623,#16201,#16202);
#12347=AXIS2_PLACEMENT_3D('',#19624,#16203,#16204);
#12348=AXIS2_PLACEMENT_3D('',#19626,#16206,#16207);
#12349=AXIS2_PLACEMENT_3D('',#19628,#16209,#16210);
#12350=AXIS2_PLACEMENT_3D('',#19630,#16212,#16213);
#12351=AXIS2_PLACEMENT_3D('',#19632,#16215,#16216);
#12352=AXIS2_PLACEMENT_3D('',#19633,#16217,#16218);
#12353=AXIS2_PLACEMENT_3D('',#19634,#16219,#16220);
#12354=AXIS2_PLACEMENT_3D('',#19636,#16222,#16223);
#12355=AXIS2_PLACEMENT_3D('',#19638,#16225,#16226);
#12356=AXIS2_PLACEMENT_3D('',#19640,#16228,#16229);
#12357=AXIS2_PLACEMENT_3D('',#19642,#16231,#16232);
#12358=AXIS2_PLACEMENT_3D('',#19643,#16233,#16234);
#12359=AXIS2_PLACEMENT_3D('',#19644,#16235,#16236);
#12360=AXIS2_PLACEMENT_3D('',#19646,#16238,#16239);
#12361=AXIS2_PLACEMENT_3D('',#19648,#16241,#16242);
#12362=AXIS2_PLACEMENT_3D('',#19650,#16244,#16245);
#12363=AXIS2_PLACEMENT_3D('',#19652,#16247,#16248);
#12364=AXIS2_PLACEMENT_3D('',#19653,#16249,#16250);
#12365=AXIS2_PLACEMENT_3D('',#19654,#16251,#16252);
#12366=AXIS2_PLACEMENT_3D('',#19656,#16254,#16255);
#12367=AXIS2_PLACEMENT_3D('',#19658,#16257,#16258);
#12368=AXIS2_PLACEMENT_3D('',#19660,#16260,#16261);
#12369=AXIS2_PLACEMENT_3D('',#19662,#16263,#16264);
#12370=AXIS2_PLACEMENT_3D('',#19663,#16265,#16266);
#12371=AXIS2_PLACEMENT_3D('',#19664,#16267,#16268);
#12372=AXIS2_PLACEMENT_3D('',#19666,#16270,#16271);
#12373=AXIS2_PLACEMENT_3D('',#19668,#16273,#16274);
#12374=AXIS2_PLACEMENT_3D('',#19670,#16276,#16277);
#12375=AXIS2_PLACEMENT_3D('',#19672,#16279,#16280);
#12376=AXIS2_PLACEMENT_3D('',#19673,#16281,#16282);
#12377=AXIS2_PLACEMENT_3D('',#19674,#16283,#16284);
#12378=AXIS2_PLACEMENT_3D('',#19676,#16286,#16287);
#12379=AXIS2_PLACEMENT_3D('',#19678,#16289,#16290);
#12380=AXIS2_PLACEMENT_3D('',#19680,#16292,#16293);
#12381=AXIS2_PLACEMENT_3D('',#19682,#16295,#16296);
#12382=AXIS2_PLACEMENT_3D('',#19683,#16297,#16298);
#12383=AXIS2_PLACEMENT_3D('',#19684,#16299,#16300);
#12384=AXIS2_PLACEMENT_3D('',#19686,#16302,#16303);
#12385=AXIS2_PLACEMENT_3D('',#19688,#16305,#16306);
#12386=AXIS2_PLACEMENT_3D('',#19690,#16308,#16309);
#12387=AXIS2_PLACEMENT_3D('',#19692,#16311,#16312);
#12388=AXIS2_PLACEMENT_3D('',#19693,#16313,#16314);
#12389=AXIS2_PLACEMENT_3D('',#19694,#16315,#16316);
#12390=AXIS2_PLACEMENT_3D('',#19696,#16318,#16319);
#12391=AXIS2_PLACEMENT_3D('',#19698,#16321,#16322);
#12392=AXIS2_PLACEMENT_3D('',#19700,#16324,#16325);
#12393=AXIS2_PLACEMENT_3D('',#19702,#16327,#16328);
#12394=AXIS2_PLACEMENT_3D('',#19703,#16329,#16330);
#12395=AXIS2_PLACEMENT_3D('',#19704,#16331,#16332);
#12396=AXIS2_PLACEMENT_3D('',#19706,#16334,#16335);
#12397=AXIS2_PLACEMENT_3D('',#19708,#16337,#16338);
#12398=AXIS2_PLACEMENT_3D('',#19710,#16340,#16341);
#12399=AXIS2_PLACEMENT_3D('',#19712,#16343,#16344);
#12400=AXIS2_PLACEMENT_3D('',#19713,#16345,#16346);
#12401=AXIS2_PLACEMENT_3D('',#19714,#16347,#16348);
#12402=AXIS2_PLACEMENT_3D('',#19716,#16350,#16351);
#12403=AXIS2_PLACEMENT_3D('',#19718,#16353,#16354);
#12404=AXIS2_PLACEMENT_3D('',#19720,#16356,#16357);
#12405=AXIS2_PLACEMENT_3D('',#19722,#16359,#16360);
#12406=AXIS2_PLACEMENT_3D('',#19723,#16361,#16362);
#12407=AXIS2_PLACEMENT_3D('',#19724,#16363,#16364);
#12408=AXIS2_PLACEMENT_3D('',#19726,#16366,#16367);
#12409=AXIS2_PLACEMENT_3D('',#19728,#16369,#16370);
#12410=AXIS2_PLACEMENT_3D('',#19730,#16372,#16373);
#12411=AXIS2_PLACEMENT_3D('',#19732,#16375,#16376);
#12412=AXIS2_PLACEMENT_3D('',#19733,#16377,#16378);
#12413=AXIS2_PLACEMENT_3D('',#19734,#16379,#16380);
#12414=AXIS2_PLACEMENT_3D('',#19736,#16382,#16383);
#12415=AXIS2_PLACEMENT_3D('',#19738,#16385,#16386);
#12416=AXIS2_PLACEMENT_3D('',#19740,#16388,#16389);
#12417=AXIS2_PLACEMENT_3D('',#19742,#16391,#16392);
#12418=AXIS2_PLACEMENT_3D('',#19743,#16393,#16394);
#12419=AXIS2_PLACEMENT_3D('',#19744,#16395,#16396);
#12420=AXIS2_PLACEMENT_3D('',#19746,#16398,#16399);
#12421=AXIS2_PLACEMENT_3D('',#19748,#16401,#16402);
#12422=AXIS2_PLACEMENT_3D('',#19750,#16404,#16405);
#12423=AXIS2_PLACEMENT_3D('',#19752,#16407,#16408);
#12424=AXIS2_PLACEMENT_3D('',#19753,#16409,#16410);
#12425=AXIS2_PLACEMENT_3D('',#19754,#16411,#16412);
#12426=AXIS2_PLACEMENT_3D('',#19756,#16414,#16415);
#12427=AXIS2_PLACEMENT_3D('',#19758,#16417,#16418);
#12428=AXIS2_PLACEMENT_3D('',#19760,#16420,#16421);
#12429=AXIS2_PLACEMENT_3D('',#19762,#16423,#16424);
#12430=AXIS2_PLACEMENT_3D('',#19763,#16425,#16426);
#12431=AXIS2_PLACEMENT_3D('',#19764,#16427,#16428);
#12432=AXIS2_PLACEMENT_3D('',#19766,#16430,#16431);
#12433=AXIS2_PLACEMENT_3D('',#19768,#16433,#16434);
#12434=AXIS2_PLACEMENT_3D('',#19770,#16436,#16437);
#12435=AXIS2_PLACEMENT_3D('',#19772,#16439,#16440);
#12436=AXIS2_PLACEMENT_3D('',#19773,#16441,#16442);
#12437=AXIS2_PLACEMENT_3D('',#19774,#16443,#16444);
#12438=AXIS2_PLACEMENT_3D('',#19776,#16446,#16447);
#12439=AXIS2_PLACEMENT_3D('',#19778,#16449,#16450);
#12440=AXIS2_PLACEMENT_3D('',#19780,#16452,#16453);
#12441=AXIS2_PLACEMENT_3D('',#19782,#16455,#16456);
#12442=AXIS2_PLACEMENT_3D('',#19783,#16457,#16458);
#12443=AXIS2_PLACEMENT_3D('',#19784,#16459,#16460);
#12444=AXIS2_PLACEMENT_3D('',#19786,#16462,#16463);
#12445=AXIS2_PLACEMENT_3D('',#19788,#16465,#16466);
#12446=AXIS2_PLACEMENT_3D('',#19790,#16468,#16469);
#12447=AXIS2_PLACEMENT_3D('',#19792,#16471,#16472);
#12448=AXIS2_PLACEMENT_3D('',#19793,#16473,#16474);
#12449=AXIS2_PLACEMENT_3D('',#19794,#16475,#16476);
#12450=AXIS2_PLACEMENT_3D('',#19796,#16478,#16479);
#12451=AXIS2_PLACEMENT_3D('',#19798,#16481,#16482);
#12452=AXIS2_PLACEMENT_3D('',#19800,#16484,#16485);
#12453=AXIS2_PLACEMENT_3D('',#19802,#16487,#16488);
#12454=AXIS2_PLACEMENT_3D('',#19803,#16489,#16490);
#12455=AXIS2_PLACEMENT_3D('',#19804,#16491,#16492);
#12456=AXIS2_PLACEMENT_3D('',#19806,#16494,#16495);
#12457=AXIS2_PLACEMENT_3D('',#19808,#16497,#16498);
#12458=AXIS2_PLACEMENT_3D('',#19810,#16500,#16501);
#12459=AXIS2_PLACEMENT_3D('',#19812,#16503,#16504);
#12460=AXIS2_PLACEMENT_3D('',#19813,#16505,#16506);
#12461=AXIS2_PLACEMENT_3D('',#19814,#16507,#16508);
#12462=AXIS2_PLACEMENT_3D('',#19816,#16510,#16511);
#12463=AXIS2_PLACEMENT_3D('',#19818,#16513,#16514);
#12464=AXIS2_PLACEMENT_3D('',#19820,#16516,#16517);
#12465=AXIS2_PLACEMENT_3D('',#19822,#16519,#16520);
#12466=AXIS2_PLACEMENT_3D('',#19823,#16521,#16522);
#12467=AXIS2_PLACEMENT_3D('',#19824,#16523,#16524);
#12468=AXIS2_PLACEMENT_3D('',#19826,#16526,#16527);
#12469=AXIS2_PLACEMENT_3D('',#19828,#16529,#16530);
#12470=AXIS2_PLACEMENT_3D('',#19830,#16532,#16533);
#12471=AXIS2_PLACEMENT_3D('',#19832,#16535,#16536);
#12472=AXIS2_PLACEMENT_3D('',#19833,#16537,#16538);
#12473=AXIS2_PLACEMENT_3D('',#19834,#16539,#16540);
#12474=AXIS2_PLACEMENT_3D('',#19836,#16542,#16543);
#12475=AXIS2_PLACEMENT_3D('',#19838,#16545,#16546);
#12476=AXIS2_PLACEMENT_3D('',#19840,#16548,#16549);
#12477=AXIS2_PLACEMENT_3D('',#19842,#16551,#16552);
#12478=AXIS2_PLACEMENT_3D('',#19843,#16553,#16554);
#12479=AXIS2_PLACEMENT_3D('',#19844,#16555,#16556);
#12480=AXIS2_PLACEMENT_3D('',#19846,#16558,#16559);
#12481=AXIS2_PLACEMENT_3D('',#19848,#16561,#16562);
#12482=AXIS2_PLACEMENT_3D('',#19850,#16564,#16565);
#12483=AXIS2_PLACEMENT_3D('',#19852,#16567,#16568);
#12484=AXIS2_PLACEMENT_3D('',#19853,#16569,#16570);
#12485=AXIS2_PLACEMENT_3D('',#19854,#16571,#16572);
#12486=AXIS2_PLACEMENT_3D('',#19856,#16574,#16575);
#12487=AXIS2_PLACEMENT_3D('',#19858,#16577,#16578);
#12488=AXIS2_PLACEMENT_3D('',#19860,#16580,#16581);
#12489=AXIS2_PLACEMENT_3D('',#19862,#16583,#16584);
#12490=AXIS2_PLACEMENT_3D('',#19863,#16585,#16586);
#12491=AXIS2_PLACEMENT_3D('',#19864,#16587,#16588);
#12492=AXIS2_PLACEMENT_3D('',#19866,#16590,#16591);
#12493=AXIS2_PLACEMENT_3D('',#19868,#16593,#16594);
#12494=AXIS2_PLACEMENT_3D('',#19870,#16596,#16597);
#12495=AXIS2_PLACEMENT_3D('',#19872,#16599,#16600);
#12496=AXIS2_PLACEMENT_3D('',#19873,#16601,#16602);
#12497=AXIS2_PLACEMENT_3D('',#19874,#16603,#16604);
#12498=AXIS2_PLACEMENT_3D('',#19876,#16606,#16607);
#12499=AXIS2_PLACEMENT_3D('',#19878,#16609,#16610);
#12500=AXIS2_PLACEMENT_3D('',#19880,#16612,#16613);
#12501=AXIS2_PLACEMENT_3D('',#19882,#16615,#16616);
#12502=AXIS2_PLACEMENT_3D('',#19883,#16617,#16618);
#12503=AXIS2_PLACEMENT_3D('',#19884,#16619,#16620);
#12504=AXIS2_PLACEMENT_3D('',#19886,#16622,#16623);
#12505=AXIS2_PLACEMENT_3D('',#19888,#16625,#16626);
#12506=AXIS2_PLACEMENT_3D('',#19890,#16628,#16629);
#12507=AXIS2_PLACEMENT_3D('',#19892,#16631,#16632);
#12508=AXIS2_PLACEMENT_3D('',#19893,#16633,#16634);
#12509=AXIS2_PLACEMENT_3D('',#19894,#16635,#16636);
#12510=AXIS2_PLACEMENT_3D('',#19896,#16638,#16639);
#12511=AXIS2_PLACEMENT_3D('',#19898,#16641,#16642);
#12512=AXIS2_PLACEMENT_3D('',#19900,#16644,#16645);
#12513=AXIS2_PLACEMENT_3D('',#19902,#16647,#16648);
#12514=AXIS2_PLACEMENT_3D('',#19903,#16649,#16650);
#12515=AXIS2_PLACEMENT_3D('',#19904,#16651,#16652);
#12516=AXIS2_PLACEMENT_3D('',#19906,#16654,#16655);
#12517=AXIS2_PLACEMENT_3D('',#19907,#16656,#16657);
#12518=AXIS2_PLACEMENT_3D('',#19910,#16660,#16661);
#12519=AXIS2_PLACEMENT_3D('',#19911,#16662,#16663);
#12520=AXIS2_PLACEMENT_3D('',#19912,#16664,#16665);
#12521=AXIS2_PLACEMENT_3D('',#19913,#16666,#16667);
#12522=AXIS2_PLACEMENT_3D('',#19915,#16668,#16669);
#12523=AXIS2_PLACEMENT_3D('',#19917,#16670,#16671);
#12524=AXIS2_PLACEMENT_3D('',#19919,#16672,#16673);
#12525=AXIS2_PLACEMENT_3D('',#19921,#16674,#16675);
#12526=AXIS2_PLACEMENT_3D('',#19922,#16676,#16677);
#12527=AXIS2_PLACEMENT_3D('',#19924,#16678,#16679);
#12528=AXIS2_PLACEMENT_3D('',#19925,#16680,#16681);
#12529=AXIS2_PLACEMENT_3D('',#19927,#16682,#16683);
#12530=AXIS2_PLACEMENT_3D('',#19928,#16684,#16685);
#12531=AXIS2_PLACEMENT_3D('',#19930,#16686,#16687);
#12532=AXIS2_PLACEMENT_3D('',#19931,#16688,#16689);
#12533=AXIS2_PLACEMENT_3D('',#19933,#16690,#16691);
#12534=AXIS2_PLACEMENT_3D('',#19934,#16692,#16693);
#12535=AXIS2_PLACEMENT_3D('',#19935,#16694,#16695);
#12536=AXIS2_PLACEMENT_3D('',#19936,#16696,#16697);
#12537=AXIS2_PLACEMENT_3D('',#19938,#16698,#16699);
#12538=AXIS2_PLACEMENT_3D('',#19939,#16700,#16701);
#12539=AXIS2_PLACEMENT_3D('',#19941,#16702,#16703);
#12540=DIRECTION('',(0.,0.,1.));
#12541=DIRECTION('',(1.,0.,0.));
#12542=DIRECTION('',(0.,-1.,0.));
#12543=DIRECTION('',(0.,0.,-1.));
#12544=DIRECTION('',(0.,1.,0.));
#12545=DIRECTION('',(0.,0.,1.));
#12546=DIRECTION('',(0.,-1.,0.));
#12547=DIRECTION('',(0.,0.,-1.));
#12548=DIRECTION('',(0.,-1.,0.));
#12549=DIRECTION('',(1.,0.,0.));
#12550=DIRECTION('',(0.,-1.,0.));
#12551=DIRECTION('',(0.,0.,-1.));
#12552=DIRECTION('',(0.,-1.,0.));
#12553=DIRECTION('',(-0.0550877603558656,0.,0.998481516433316));
#12554=DIRECTION('',(0.,-1.,0.));
#12555=DIRECTION('',(-0.0550877603558656,0.,0.998481516433316));
#12556=DIRECTION('',(0.,-1.,0.));
#12557=DIRECTION('',(-0.0550877603558656,0.,0.998481516433316));
#12558=DIRECTION('',(0.,-1.,0.));
#12559=DIRECTION('',(1.,0.,0.));
#12560=DIRECTION('',(0.,-1.,0.));
#12561=DIRECTION('',(0.,0.,-1.));
#12562=DIRECTION('',(0.,-1.,0.));
#12563=DIRECTION('',(-0.110008220994079,0.,0.993930677317949));
#12564=DIRECTION('',(0.,-1.,0.));
#12565=DIRECTION('',(-0.110008220994079,0.,0.993930677317949));
#12566=DIRECTION('',(0.,-1.,0.));
#12567=DIRECTION('',(-0.110008220994079,0.,0.993930677317949));
#12568=DIRECTION('',(0.,-1.,0.));
#12569=DIRECTION('',(1.,0.,0.));
#12570=DIRECTION('',(0.,-1.,0.));
#12571=DIRECTION('',(0.,0.,-1.));
#12572=DIRECTION('',(0.,-1.,0.));
#12573=DIRECTION('',(-0.164594590280734,0.,0.986361303402722));
#12574=DIRECTION('',(0.,-1.,0.));
#12575=DIRECTION('',(-0.164594590280734,0.,0.986361303402722));
#12576=DIRECTION('',(0.,-1.,0.));
#12577=DIRECTION('',(-0.164594590280734,0.,0.986361303402722));
#12578=DIRECTION('',(0.,-1.,0.));
#12579=DIRECTION('',(1.,0.,0.));
#12580=DIRECTION('',(0.,-1.,0.));
#12581=DIRECTION('',(0.,0.,-1.));
#12582=DIRECTION('',(0.,-1.,0.));
#12583=DIRECTION('',(-0.218681091206376,0.,0.975796382627436));
#12584=DIRECTION('',(0.,-1.,0.));
#12585=DIRECTION('',(-0.218681091206376,0.,0.975796382627436));
#12586=DIRECTION('',(0.,-1.,0.));
#12587=DIRECTION('',(-0.218681091206376,0.,0.975796382627436));
#12588=DIRECTION('',(0.,-1.,0.));
#12589=DIRECTION('',(1.,0.,0.));
#12590=DIRECTION('',(0.,-1.,0.));
#12591=DIRECTION('',(0.,0.,-1.));
#12592=DIRECTION('',(0.,-1.,0.));
#12593=DIRECTION('',(-0.272103464845335,0.,0.96226800030925));
#12594=DIRECTION('',(0.,-1.,0.));
#12595=DIRECTION('',(-0.272103464845335,0.,0.96226800030925));
#12596=DIRECTION('',(0.,-1.,0.));
#12597=DIRECTION('',(-0.272103464845335,0.,0.96226800030925));
#12598=DIRECTION('',(0.,-1.,0.));
#12599=DIRECTION('',(1.,0.,0.));
#12600=DIRECTION('',(0.,-1.,0.));
#12601=DIRECTION('',(0.,0.,-1.));
#12602=DIRECTION('',(0.,-1.,0.));
#12603=DIRECTION('',(-0.324699469204684,0.,0.945817241700635));
#12604=DIRECTION('',(0.,-1.,0.));
#12605=DIRECTION('',(-0.324699469204684,0.,0.945817241700635));
#12606=DIRECTION('',(0.,-1.,0.));
#12607=DIRECTION('',(-0.324699469204684,0.,0.945817241700635));
#12608=DIRECTION('',(0.,-1.,0.));
#12609=DIRECTION('',(1.,0.,0.));
#12610=DIRECTION('',(0.,-1.,0.));
#12611=DIRECTION('',(0.,0.,-1.));
#12612=DIRECTION('',(0.,-1.,0.));
#12613=DIRECTION('',(-0.376309371947835,0.,0.926494067214802));
#12614=DIRECTION('',(0.,-1.,0.));
#12615=DIRECTION('',(-0.376309371947835,0.,0.926494067214802));
#12616=DIRECTION('',(0.,-1.,0.));
#12617=DIRECTION('',(-0.376309371947835,0.,0.926494067214802));
#12618=DIRECTION('',(0.,-1.,0.));
#12619=DIRECTION('',(1.,0.,0.));
#12620=DIRECTION('',(0.,-1.,0.));
#12621=DIRECTION('',(0.,0.,-1.));
#12622=DIRECTION('',(0.,-1.,0.));
#12623=DIRECTION('',(-0.426776435496404,0.,0.904357160697577));
#12624=DIRECTION('',(0.,-1.,0.));
#12625=DIRECTION('',(-0.426776435496404,0.,0.904357160697577));
#12626=DIRECTION('',(0.,-1.,0.));
#12627=DIRECTION('',(-0.426776435496404,0.,0.904357160697577));
#12628=DIRECTION('',(0.,-1.,0.));
#12629=DIRECTION('',(1.,0.,0.));
#12630=DIRECTION('',(0.,-1.,0.));
#12631=DIRECTION('',(0.,0.,-1.));
#12632=DIRECTION('',(0.,-1.,0.));
#12633=DIRECTION('',(-0.475947393037074,0.,0.879473751206489));
#12634=DIRECTION('',(0.,-1.,0.));
#12635=DIRECTION('',(-0.475947393037074,0.,0.879473751206489));
#12636=DIRECTION('',(0.,-1.,0.));
#12637=DIRECTION('',(-0.475947393037074,0.,0.879473751206489));
#12638=DIRECTION('',(0.,-1.,0.));
#12639=DIRECTION('',(1.,0.,0.));
#12640=DIRECTION('',(0.,-1.,0.));
#12641=DIRECTION('',(0.,0.,-1.));
#12642=DIRECTION('',(0.,-1.,0.));
#12643=DIRECTION('',(-0.523672913987878,0.,0.851919408838327));
#12644=DIRECTION('',(0.,-1.,0.));
#12645=DIRECTION('',(-0.523672913987878,0.,0.851919408838327));
#12646=DIRECTION('',(0.,-1.,0.));
#12647=DIRECTION('',(-0.523672913987878,0.,0.851919408838327));
#12648=DIRECTION('',(0.,-1.,0.));
#12649=DIRECTION('',(1.,0.,0.));
#12650=DIRECTION('',(0.,-1.,0.));
#12651=DIRECTION('',(0.,0.,-1.));
#12652=DIRECTION('',(0.,-1.,0.));
#12653=DIRECTION('',(-0.569808057510266,0.,0.821777815225245));
#12654=DIRECTION('',(0.,-1.,0.));
#12655=DIRECTION('',(-0.569808057510266,0.,0.821777815225245));
#12656=DIRECTION('',(0.,-1.,0.));
#12657=DIRECTION('',(-0.569808057510266,0.,0.821777815225245));
#12658=DIRECTION('',(0.,-1.,0.));
#12659=DIRECTION('',(1.,0.,0.));
#12660=DIRECTION('',(0.,-1.,0.));
#12661=DIRECTION('',(0.,0.,-1.));
#12662=DIRECTION('',(0.,-1.,0.));
#12663=DIRECTION('',(-0.614212712689668,0.,0.789140509396394));
#12664=DIRECTION('',(0.,-1.,0.));
#12665=DIRECTION('',(-0.614212712689668,0.,0.789140509396394));
#12666=DIRECTION('',(0.,-1.,0.));
#12667=DIRECTION('',(-0.614212712689668,0.,0.789140509396394));
#12668=DIRECTION('',(0.,-1.,0.));
#12669=DIRECTION('',(1.,0.,0.));
#12670=DIRECTION('',(0.,-1.,0.));
#12671=DIRECTION('',(0.,0.,-1.));
#12672=DIRECTION('',(0.,-1.,0.));
#12673=DIRECTION('',(-0.656752024047735,0.,0.754106609776896));
#12674=DIRECTION('',(0.,-1.,0.));
#12675=DIRECTION('',(-0.656752024047735,0.,0.754106609776896));
#12676=DIRECTION('',(0.,-1.,0.));
#12677=DIRECTION('',(-0.656752024047735,0.,0.754106609776896));
#12678=DIRECTION('',(0.,-1.,0.));
#12679=DIRECTION('',(1.,0.,0.));
#12680=DIRECTION('',(0.,-1.,0.));
#12681=DIRECTION('',(0.,0.,-1.));
#12682=DIRECTION('',(0.,-1.,0.));
#12683=DIRECTION('',(-0.697296801093996,0.,0.716782513168451));
#12684=DIRECTION('',(0.,-1.,0.));
#12685=DIRECTION('',(-0.697296801093996,0.,0.716782513168451));
#12686=DIRECTION('',(0.,-1.,0.));
#12687=DIRECTION('',(-0.697296801093996,0.,0.716782513168451));
#12688=DIRECTION('',(0.,-1.,0.));
#12689=DIRECTION('',(1.,0.,0.));
#12690=DIRECTION('',(0.,-1.,0.));
#12691=DIRECTION('',(0.,0.,-1.));
#12692=DIRECTION('',(0.,-1.,0.));
#12693=DIRECTION('',(-0.735723910673132,0.,0.677281571625741));
#12694=DIRECTION('',(0.,-1.,0.));
#12695=DIRECTION('',(-0.735723910673132,0.,0.677281571625741));
#12696=DIRECTION('',(0.,-1.,0.));
#12697=DIRECTION('',(-0.735723910673132,0.,0.677281571625741));
#12698=DIRECTION('',(0.,-1.,0.));
#12699=DIRECTION('',(1.,0.,0.));
#12700=DIRECTION('',(0.,-1.,0.));
#12701=DIRECTION('',(0.,0.,-1.));
#12702=DIRECTION('',(0.,-1.,0.));
#12703=DIRECTION('',(-0.771916650916321,0.,0.635723748209968));
#12704=DIRECTION('',(0.,-1.,0.));
#12705=DIRECTION('',(-0.771916650916321,0.,0.635723748209968));
#12706=DIRECTION('',(0.,-1.,0.));
#12707=DIRECTION('',(-0.771916650916321,0.,0.635723748209968));
#12708=DIRECTION('',(0.,-1.,0.));
#12709=DIRECTION('',(1.,0.,0.));
#12710=DIRECTION('',(0.,-1.,0.));
#12711=DIRECTION('',(0.,0.,-1.));
#12712=DIRECTION('',(0.,-1.,0.));
#12713=DIRECTION('',(-0.805765105660978,0.,0.59223525266498));
#12714=DIRECTION('',(0.,-1.,0.));
#12715=DIRECTION('',(-0.805765105660978,0.,0.59223525266498));
#12716=DIRECTION('',(0.,-1.,0.));
#12717=DIRECTION('',(-0.805765105660978,0.,0.59223525266498));
#12718=DIRECTION('',(0.,-1.,0.));
#12719=DIRECTION('',(1.,0.,0.));
#12720=DIRECTION('',(0.,-1.,0.));
#12721=DIRECTION('',(0.,0.,-1.));
#12722=DIRECTION('',(0.,-1.,0.));
#12723=DIRECTION('',(-0.837166478262529,0.,0.546948158122427));
#12724=DIRECTION('',(0.,-1.,0.));
#12725=DIRECTION('',(-0.837166478262529,0.,0.546948158122427));
#12726=DIRECTION('',(0.,-1.,0.));
#12727=DIRECTION('',(-0.837166478262529,0.,0.546948158122427));
#12728=DIRECTION('',(0.,-1.,0.));
#12729=DIRECTION('',(1.,0.,0.));
#12730=DIRECTION('',(0.,-1.,0.));
#12731=DIRECTION('',(0.,0.,-1.));
#12732=DIRECTION('',(0.,-1.,0.));
#12733=DIRECTION('',(-0.866025403784439,0.,0.5));
#12734=DIRECTION('',(0.,-1.,0.));
#12735=DIRECTION('',(-0.866025403784439,0.,0.5));
#12736=DIRECTION('',(0.,-1.,0.));
#12737=DIRECTION('',(-0.866025403784439,0.,0.5));
#12738=DIRECTION('',(0.,-1.,0.));
#12739=DIRECTION('',(1.,0.,0.));
#12740=DIRECTION('',(0.,-1.,0.));
#12741=DIRECTION('',(0.,0.,-1.));
#12742=DIRECTION('',(0.,-1.,0.));
#12743=DIRECTION('',(-0.892254238618394,0.,0.451533358310889));
#12744=DIRECTION('',(0.,-1.,0.));
#12745=DIRECTION('',(-0.892254238618394,0.,0.451533358310889));
#12746=DIRECTION('',(0.,-1.,0.));
#12747=DIRECTION('',(-0.892254238618394,0.,0.451533358310889));
#12748=DIRECTION('',(0.,-1.,0.));
#12749=DIRECTION('',(1.,0.,0.));
#12750=DIRECTION('',(0.,-1.,0.));
#12751=DIRECTION('',(0.,0.,-1.));
#12752=DIRECTION('',(0.,-1.,0.));
#12753=DIRECTION('',(-0.915773326655057,0.,0.40169542465297));
#12754=DIRECTION('',(0.,-1.,0.));
#12755=DIRECTION('',(-0.915773326655057,0.,0.40169542465297));
#12756=DIRECTION('',(0.,-1.,0.));
#12757=DIRECTION('',(-0.915773326655057,0.,0.40169542465297));
#12758=DIRECTION('',(0.,-1.,0.));
#12759=DIRECTION('',(1.,0.,0.));
#12760=DIRECTION('',(0.,-1.,0.));
#12761=DIRECTION('',(0.,0.,-1.));
#12762=DIRECTION('',(0.,-1.,0.));
#12763=DIRECTION('',(-0.936511241197055,0.,0.350637555192754));
#12764=DIRECTION('',(0.,-1.,0.));
#12765=DIRECTION('',(-0.936511241197055,0.,0.350637555192754));
#12766=DIRECTION('',(0.,-1.,0.));
#12767=DIRECTION('',(-0.936511241197055,0.,0.350637555192754));
#12768=DIRECTION('',(0.,-1.,0.));
#12769=DIRECTION('',(1.,0.,0.));
#12770=DIRECTION('',(0.,-1.,0.));
#12771=DIRECTION('',(0.,0.,-1.));
#12772=DIRECTION('',(0.,-1.,0.));
#12773=DIRECTION('',(-0.954405001879507,0.,0.298514811001694));
#12774=DIRECTION('',(0.,-1.,0.));
#12775=DIRECTION('',(-0.954405001879507,0.,0.298514811001694));
#12776=DIRECTION('',(0.,-1.,0.));
#12777=DIRECTION('',(-0.954405001879507,0.,0.298514811001694));
#12778=DIRECTION('',(0.,-1.,0.));
#12779=DIRECTION('',(1.,0.,0.));
#12780=DIRECTION('',(0.,-1.,0.));
#12781=DIRECTION('',(0.,0.,-1.));
#12782=DIRECTION('',(0.,-1.,0.));
#12783=DIRECTION('',(-0.96940026593933,0.,0.245485487140799));
#12784=DIRECTION('',(0.,-1.,0.));
#12785=DIRECTION('',(-0.96940026593933,0.,0.245485487140799));
#12786=DIRECTION('',(0.,-1.,0.));
#12787=DIRECTION('',(-0.96940026593933,0.,0.245485487140799));
#12788=DIRECTION('',(0.,-1.,0.));
#12789=DIRECTION('',(1.,0.,0.));
#12790=DIRECTION('',(0.,-1.,0.));
#12791=DIRECTION('',(0.,0.,-1.));
#12792=DIRECTION('',(0.,-1.,0.));
#12793=DIRECTION('',(-0.981451493252418,0.,0.191710631923739));
#12794=DIRECTION('',(0.,-1.,0.));
#12795=DIRECTION('',(-0.981451493252418,0.,0.191710631923739));
#12796=DIRECTION('',(0.,-1.,0.));
#12797=DIRECTION('',(-0.981451493252418,0.,0.191710631923739));
#12798=DIRECTION('',(0.,-1.,0.));
#12799=DIRECTION('',(1.,0.,0.));
#12800=DIRECTION('',(0.,-1.,0.));
#12801=DIRECTION('',(0.,0.,-1.));
#12802=DIRECTION('',(0.,-1.,0.));
#12803=DIRECTION('',(-0.990522084637503,0.,0.137353557818408));
#12804=DIRECTION('',(0.,-1.,0.));
#12805=DIRECTION('',(-0.990522084637503,0.,0.137353557818408));
#12806=DIRECTION('',(0.,-1.,0.));
#12807=DIRECTION('',(-0.990522084637503,0.,0.137353557818408));
#12808=DIRECTION('',(0.,-1.,0.));
#12809=DIRECTION('',(1.,0.,0.));
#12810=DIRECTION('',(0.,-1.,0.));
#12811=DIRECTION('',(0.,0.,-1.));
#12812=DIRECTION('',(0.,-1.,0.));
#12813=DIRECTION('',(-0.99658449300667,0.,0.0825793454723323));
#12814=DIRECTION('',(0.,-1.,0.));
#12815=DIRECTION('',(-0.99658449300667,0.,0.0825793454723323));
#12816=DIRECTION('',(0.,-1.,0.));
#12817=DIRECTION('',(-0.99658449300667,0.,0.0825793454723323));
#12818=DIRECTION('',(0.,-1.,0.));
#12819=DIRECTION('',(1.,0.,0.));
#12820=DIRECTION('',(0.,-1.,0.));
#12821=DIRECTION('',(0.,0.,-1.));
#12822=DIRECTION('',(0.,-1.,0.));
#12823=DIRECTION('',(-0.999620307024951,0.,0.0275543423681619));
#12824=DIRECTION('',(0.,-1.,0.));
#12825=DIRECTION('',(-0.999620307024951,0.,0.0275543423681619));
#12826=DIRECTION('',(0.,-1.,0.));
#12827=DIRECTION('',(-0.999620307024951,0.,0.0275543423681619));
#12828=DIRECTION('',(0.,-1.,0.));
#12829=DIRECTION('',(1.,0.,0.));
#12830=DIRECTION('',(0.,-1.,0.));
#12831=DIRECTION('',(0.,0.,-1.));
#12832=DIRECTION('',(0.,-1.,0.));
#12833=DIRECTION('',(-0.999620307024951,0.,-0.027554342368162));
#12834=DIRECTION('',(0.,-1.,0.));
#12835=DIRECTION('',(-0.999620307024951,0.,-0.027554342368162));
#12836=DIRECTION('',(0.,-1.,0.));
#12837=DIRECTION('',(-0.999620307024951,0.,-0.027554342368162));
#12838=DIRECTION('',(0.,-1.,0.));
#12839=DIRECTION('',(1.,0.,0.));
#12840=DIRECTION('',(0.,-1.,0.));
#12841=DIRECTION('',(0.,0.,-1.));
#12842=DIRECTION('',(0.,-1.,0.));
#12843=DIRECTION('',(-0.99658449300667,0.,-0.0825793454723324));
#12844=DIRECTION('',(0.,-1.,0.));
#12845=DIRECTION('',(-0.99658449300667,0.,-0.0825793454723324));
#12846=DIRECTION('',(0.,-1.,0.));
#12847=DIRECTION('',(-0.99658449300667,0.,-0.0825793454723324));
#12848=DIRECTION('',(0.,-1.,0.));
#12849=DIRECTION('',(1.,0.,0.));
#12850=DIRECTION('',(0.,-1.,0.));
#12851=DIRECTION('',(0.,0.,-1.));
#12852=DIRECTION('',(0.,-1.,0.));
#12853=DIRECTION('',(-0.990522084637503,0.,-0.137353557818408));
#12854=DIRECTION('',(0.,-1.,0.));
#12855=DIRECTION('',(-0.990522084637503,0.,-0.137353557818408));
#12856=DIRECTION('',(0.,-1.,0.));
#12857=DIRECTION('',(-0.990522084637503,0.,-0.137353557818408));
#12858=DIRECTION('',(0.,-1.,0.));
#12859=DIRECTION('',(1.,0.,0.));
#12860=DIRECTION('',(0.,-1.,0.));
#12861=DIRECTION('',(0.,0.,-1.));
#12862=DIRECTION('',(0.,-1.,0.));
#12863=DIRECTION('',(-0.981451493252418,0.,-0.191710631923739));
#12864=DIRECTION('',(0.,-1.,0.));
#12865=DIRECTION('',(-0.981451493252418,0.,-0.191710631923739));
#12866=DIRECTION('',(0.,-1.,0.));
#12867=DIRECTION('',(-0.981451493252418,0.,-0.191710631923739));
#12868=DIRECTION('',(0.,-1.,0.));
#12869=DIRECTION('',(1.,0.,0.));
#12870=DIRECTION('',(0.,-1.,0.));
#12871=DIRECTION('',(0.,0.,-1.));
#12872=DIRECTION('',(0.,-1.,0.));
#12873=DIRECTION('',(-0.96940026593933,0.,-0.2454854871408));
#12874=DIRECTION('',(0.,-1.,0.));
#12875=DIRECTION('',(-0.96940026593933,0.,-0.2454854871408));
#12876=DIRECTION('',(0.,-1.,0.));
#12877=DIRECTION('',(-0.96940026593933,0.,-0.2454854871408));
#12878=DIRECTION('',(0.,-1.,0.));
#12879=DIRECTION('',(1.,0.,0.));
#12880=DIRECTION('',(0.,-1.,0.));
#12881=DIRECTION('',(0.,0.,-1.));
#12882=DIRECTION('',(0.,-1.,0.));
#12883=DIRECTION('',(-0.954405001879507,0.,-0.298514811001694));
#12884=DIRECTION('',(0.,-1.,0.));
#12885=DIRECTION('',(-0.954405001879507,0.,-0.298514811001694));
#12886=DIRECTION('',(0.,-1.,0.));
#12887=DIRECTION('',(-0.954405001879507,0.,-0.298514811001694));
#12888=DIRECTION('',(0.,-1.,0.));
#12889=DIRECTION('',(1.,0.,0.));
#12890=DIRECTION('',(0.,-1.,0.));
#12891=DIRECTION('',(0.,0.,-1.));
#12892=DIRECTION('',(0.,-1.,0.));
#12893=DIRECTION('',(-0.936511241197055,0.,-0.350637555192754));
#12894=DIRECTION('',(0.,-1.,0.));
#12895=DIRECTION('',(-0.936511241197055,0.,-0.350637555192754));
#12896=DIRECTION('',(0.,-1.,0.));
#12897=DIRECTION('',(-0.936511241197055,0.,-0.350637555192754));
#12898=DIRECTION('',(0.,-1.,0.));
#12899=DIRECTION('',(1.,0.,0.));
#12900=DIRECTION('',(0.,-1.,0.));
#12901=DIRECTION('',(0.,0.,-1.));
#12902=DIRECTION('',(0.,-1.,0.));
#12903=DIRECTION('',(-0.915773326655057,0.,-0.40169542465297));
#12904=DIRECTION('',(0.,-1.,0.));
#12905=DIRECTION('',(-0.915773326655057,0.,-0.40169542465297));
#12906=DIRECTION('',(0.,-1.,0.));
#12907=DIRECTION('',(-0.915773326655057,0.,-0.40169542465297));
#12908=DIRECTION('',(0.,-1.,0.));
#12909=DIRECTION('',(1.,0.,0.));
#12910=DIRECTION('',(0.,-1.,0.));
#12911=DIRECTION('',(0.,0.,-1.));
#12912=DIRECTION('',(0.,-1.,0.));
#12913=DIRECTION('',(-0.892254238618394,0.,-0.451533358310889));
#12914=DIRECTION('',(0.,-1.,0.));
#12915=DIRECTION('',(-0.892254238618394,0.,-0.451533358310889));
#12916=DIRECTION('',(0.,-1.,0.));
#12917=DIRECTION('',(-0.892254238618394,0.,-0.451533358310889));
#12918=DIRECTION('',(0.,-1.,0.));
#12919=DIRECTION('',(1.,0.,0.));
#12920=DIRECTION('',(0.,-1.,0.));
#12921=DIRECTION('',(0.,0.,-1.));
#12922=DIRECTION('',(0.,-1.,0.));
#12923=DIRECTION('',(-0.866025403784439,0.,-0.5));
#12924=DIRECTION('',(0.,-1.,0.));
#12925=DIRECTION('',(-0.866025403784439,0.,-0.5));
#12926=DIRECTION('',(0.,-1.,0.));
#12927=DIRECTION('',(-0.866025403784439,0.,-0.5));
#12928=DIRECTION('',(0.,-1.,0.));
#12929=DIRECTION('',(1.,0.,0.));
#12930=DIRECTION('',(0.,-1.,0.));
#12931=DIRECTION('',(0.,0.,-1.));
#12932=DIRECTION('',(0.,-1.,0.));
#12933=DIRECTION('',(-0.837166478262529,0.,-0.546948158122427));
#12934=DIRECTION('',(0.,-1.,0.));
#12935=DIRECTION('',(-0.837166478262529,0.,-0.546948158122427));
#12936=DIRECTION('',(0.,-1.,0.));
#12937=DIRECTION('',(-0.837166478262529,0.,-0.546948158122427));
#12938=DIRECTION('',(0.,-1.,0.));
#12939=DIRECTION('',(1.,0.,0.));
#12940=DIRECTION('',(0.,-1.,0.));
#12941=DIRECTION('',(0.,0.,-1.));
#12942=DIRECTION('',(0.,-1.,0.));
#12943=DIRECTION('',(-0.805765105660978,0.,-0.59223525266498));
#12944=DIRECTION('',(0.,-1.,0.));
#12945=DIRECTION('',(-0.805765105660978,0.,-0.59223525266498));
#12946=DIRECTION('',(0.,-1.,0.));
#12947=DIRECTION('',(-0.805765105660978,0.,-0.59223525266498));
#12948=DIRECTION('',(0.,-1.,0.));
#12949=DIRECTION('',(1.,0.,0.));
#12950=DIRECTION('',(0.,-1.,0.));
#12951=DIRECTION('',(0.,0.,-1.));
#12952=DIRECTION('',(0.,-1.,0.));
#12953=DIRECTION('',(-0.771916650916321,0.,-0.635723748209968));
#12954=DIRECTION('',(0.,-1.,0.));
#12955=DIRECTION('',(-0.771916650916321,0.,-0.635723748209968));
#12956=DIRECTION('',(0.,-1.,0.));
#12957=DIRECTION('',(-0.771916650916321,0.,-0.635723748209968));
#12958=DIRECTION('',(0.,-1.,0.));
#12959=DIRECTION('',(1.,0.,0.));
#12960=DIRECTION('',(0.,-1.,0.));
#12961=DIRECTION('',(0.,0.,-1.));
#12962=DIRECTION('',(0.,-1.,0.));
#12963=DIRECTION('',(-0.735723910673132,0.,-0.677281571625741));
#12964=DIRECTION('',(0.,-1.,0.));
#12965=DIRECTION('',(-0.735723910673132,0.,-0.677281571625741));
#12966=DIRECTION('',(0.,-1.,0.));
#12967=DIRECTION('',(-0.735723910673132,0.,-0.677281571625741));
#12968=DIRECTION('',(0.,-1.,0.));
#12969=DIRECTION('',(1.,0.,0.));
#12970=DIRECTION('',(0.,-1.,0.));
#12971=DIRECTION('',(0.,0.,-1.));
#12972=DIRECTION('',(0.,-1.,0.));
#12973=DIRECTION('',(-0.697296801093995,0.,-0.716782513168451));
#12974=DIRECTION('',(0.,-1.,0.));
#12975=DIRECTION('',(-0.697296801093995,0.,-0.716782513168451));
#12976=DIRECTION('',(0.,-1.,0.));
#12977=DIRECTION('',(-0.697296801093995,0.,-0.716782513168451));
#12978=DIRECTION('',(0.,-1.,0.));
#12979=DIRECTION('',(1.,0.,0.));
#12980=DIRECTION('',(0.,-1.,0.));
#12981=DIRECTION('',(0.,0.,-1.));
#12982=DIRECTION('',(0.,-1.,0.));
#12983=DIRECTION('',(-0.656752024047734,0.,-0.754106609776896));
#12984=DIRECTION('',(0.,-1.,0.));
#12985=DIRECTION('',(-0.656752024047734,0.,-0.754106609776896));
#12986=DIRECTION('',(0.,-1.,0.));
#12987=DIRECTION('',(-0.656752024047734,0.,-0.754106609776896));
#12988=DIRECTION('',(0.,-1.,0.));
#12989=DIRECTION('',(1.,0.,0.));
#12990=DIRECTION('',(0.,-1.,0.));
#12991=DIRECTION('',(0.,0.,-1.));
#12992=DIRECTION('',(0.,-1.,0.));
#12993=DIRECTION('',(-0.614212712689668,0.,-0.789140509396394));
#12994=DIRECTION('',(0.,-1.,0.));
#12995=DIRECTION('',(-0.614212712689668,0.,-0.789140509396394));
#12996=DIRECTION('',(0.,-1.,0.));
#12997=DIRECTION('',(-0.614212712689668,0.,-0.789140509396394));
#12998=DIRECTION('',(0.,-1.,0.));
#12999=DIRECTION('',(1.,0.,0.));
#13000=DIRECTION('',(0.,-1.,0.));
#13001=DIRECTION('',(0.,0.,-1.));
#13002=DIRECTION('',(0.,-1.,0.));
#13003=DIRECTION('',(-0.569808057510266,0.,-0.821777815225245));
#13004=DIRECTION('',(0.,-1.,0.));
#13005=DIRECTION('',(-0.569808057510266,0.,-0.821777815225245));
#13006=DIRECTION('',(0.,-1.,0.));
#13007=DIRECTION('',(-0.569808057510266,0.,-0.821777815225245));
#13008=DIRECTION('',(0.,-1.,0.));
#13009=DIRECTION('',(1.,0.,0.));
#13010=DIRECTION('',(0.,-1.,0.));
#13011=DIRECTION('',(0.,0.,-1.));
#13012=DIRECTION('',(0.,-1.,0.));
#13013=DIRECTION('',(-0.523672913987878,0.,-0.851919408838327));
#13014=DIRECTION('',(0.,-1.,0.));
#13015=DIRECTION('',(-0.523672913987878,0.,-0.851919408838327));
#13016=DIRECTION('',(0.,-1.,0.));
#13017=DIRECTION('',(-0.523672913987878,0.,-0.851919408838327));
#13018=DIRECTION('',(0.,-1.,0.));
#13019=DIRECTION('',(1.,0.,0.));
#13020=DIRECTION('',(0.,-1.,0.));
#13021=DIRECTION('',(0.,0.,-1.));
#13022=DIRECTION('',(0.,-1.,0.));
#13023=DIRECTION('',(-0.475947393037074,0.,-0.879473751206489));
#13024=DIRECTION('',(0.,-1.,0.));
#13025=DIRECTION('',(-0.475947393037074,0.,-0.879473751206489));
#13026=DIRECTION('',(0.,-1.,0.));
#13027=DIRECTION('',(-0.475947393037074,0.,-0.879473751206489));
#13028=DIRECTION('',(0.,-1.,0.));
#13029=DIRECTION('',(1.,0.,0.));
#13030=DIRECTION('',(0.,-1.,0.));
#13031=DIRECTION('',(0.,0.,-1.));
#13032=DIRECTION('',(0.,-1.,0.));
#13033=DIRECTION('',(-0.426776435496403,0.,-0.904357160697578));
#13034=DIRECTION('',(0.,-1.,0.));
#13035=DIRECTION('',(-0.426776435496403,0.,-0.904357160697578));
#13036=DIRECTION('',(0.,-1.,0.));
#13037=DIRECTION('',(-0.426776435496403,0.,-0.904357160697578));
#13038=DIRECTION('',(0.,-1.,0.));
#13039=DIRECTION('',(1.,0.,0.));
#13040=DIRECTION('',(0.,-1.,0.));
#13041=DIRECTION('',(0.,0.,-1.));
#13042=DIRECTION('',(0.,-1.,0.));
#13043=DIRECTION('',(-0.376309371947835,0.,-0.926494067214802));
#13044=DIRECTION('',(0.,-1.,0.));
#13045=DIRECTION('',(-0.376309371947835,0.,-0.926494067214802));
#13046=DIRECTION('',(0.,-1.,0.));
#13047=DIRECTION('',(-0.376309371947835,0.,-0.926494067214802));
#13048=DIRECTION('',(0.,-1.,0.));
#13049=DIRECTION('',(1.,0.,0.));
#13050=DIRECTION('',(0.,-1.,0.));
#13051=DIRECTION('',(0.,0.,-1.));
#13052=DIRECTION('',(0.,-1.,0.));
#13053=DIRECTION('',(-0.324699469204684,0.,-0.945817241700635));
#13054=DIRECTION('',(0.,-1.,0.));
#13055=DIRECTION('',(-0.324699469204684,0.,-0.945817241700635));
#13056=DIRECTION('',(0.,-1.,0.));
#13057=DIRECTION('',(-0.324699469204684,0.,-0.945817241700635));
#13058=DIRECTION('',(0.,-1.,0.));
#13059=DIRECTION('',(1.,0.,0.));
#13060=DIRECTION('',(0.,-1.,0.));
#13061=DIRECTION('',(0.,0.,-1.));
#13062=DIRECTION('',(0.,-1.,0.));
#13063=DIRECTION('',(-0.272103464845335,0.,-0.96226800030925));
#13064=DIRECTION('',(0.,-1.,0.));
#13065=DIRECTION('',(-0.272103464845335,0.,-0.96226800030925));
#13066=DIRECTION('',(0.,-1.,0.));
#13067=DIRECTION('',(-0.272103464845335,0.,-0.96226800030925));
#13068=DIRECTION('',(0.,-1.,0.));
#13069=DIRECTION('',(1.,0.,0.));
#13070=DIRECTION('',(0.,-1.,0.));
#13071=DIRECTION('',(0.,0.,-1.));
#13072=DIRECTION('',(0.,-1.,0.));
#13073=DIRECTION('',(-0.218681091206376,0.,-0.975796382627436));
#13074=DIRECTION('',(0.,-1.,0.));
#13075=DIRECTION('',(-0.218681091206376,0.,-0.975796382627436));
#13076=DIRECTION('',(0.,-1.,0.));
#13077=DIRECTION('',(-0.218681091206376,0.,-0.975796382627436));
#13078=DIRECTION('',(0.,-1.,0.));
#13079=DIRECTION('',(1.,0.,0.));
#13080=DIRECTION('',(0.,-1.,0.));
#13081=DIRECTION('',(0.,0.,-1.));
#13082=DIRECTION('',(0.,-1.,0.));
#13083=DIRECTION('',(-0.164594590280734,0.,-0.986361303402722));
#13084=DIRECTION('',(0.,-1.,0.));
#13085=DIRECTION('',(-0.164594590280734,0.,-0.986361303402722));
#13086=DIRECTION('',(0.,-1.,0.));
#13087=DIRECTION('',(-0.164594590280734,0.,-0.986361303402722));
#13088=DIRECTION('',(0.,-1.,0.));
#13089=DIRECTION('',(1.,0.,0.));
#13090=DIRECTION('',(0.,-1.,0.));
#13091=DIRECTION('',(0.,0.,-1.));
#13092=DIRECTION('',(0.,-1.,0.));
#13093=DIRECTION('',(-0.110008220994079,0.,-0.993930677317949));
#13094=DIRECTION('',(0.,-1.,0.));
#13095=DIRECTION('',(-0.110008220994079,0.,-0.993930677317949));
#13096=DIRECTION('',(0.,-1.,0.));
#13097=DIRECTION('',(-0.110008220994079,0.,-0.993930677317949));
#13098=DIRECTION('',(0.,-1.,0.));
#13099=DIRECTION('',(1.,0.,0.));
#13100=DIRECTION('',(0.,-1.,0.));
#13101=DIRECTION('',(0.,0.,-1.));
#13102=DIRECTION('',(0.,-1.,0.));
#13103=DIRECTION('',(-0.0550877603558654,0.,-0.998481516433316));
#13104=DIRECTION('',(0.,-1.,0.));
#13105=DIRECTION('',(-0.0550877603558654,0.,-0.998481516433316));
#13106=DIRECTION('',(0.,-1.,0.));
#13107=DIRECTION('',(-0.0550877603558654,0.,-0.998481516433316));
#13108=DIRECTION('',(0.,-1.,0.));
#13109=DIRECTION('',(1.,0.,0.));
#13110=DIRECTION('',(0.,-1.,0.));
#13111=DIRECTION('',(0.,0.,-1.));
#13112=DIRECTION('',(0.,-1.,0.));
#13113=DIRECTION('',(0.,0.,-1.));
#13114=DIRECTION('',(0.,-1.,0.));
#13115=DIRECTION('',(0.,0.,-1.));
#13116=DIRECTION('',(0.,-1.,0.));
#13117=DIRECTION('',(0.,0.,-1.));
#13118=DIRECTION('',(0.,-1.,0.));
#13119=DIRECTION('',(1.,0.,0.));
#13120=DIRECTION('',(0.,-1.,0.));
#13121=DIRECTION('',(0.,0.,-1.));
#13122=DIRECTION('',(0.,-1.,0.));
#13123=DIRECTION('',(0.0550877603558653,0.,-0.998481516433316));
#13124=DIRECTION('',(0.,-1.,0.));
#13125=DIRECTION('',(0.0550877603558653,0.,-0.998481516433316));
#13126=DIRECTION('',(0.,-1.,0.));
#13127=DIRECTION('',(0.0550877603558653,0.,-0.998481516433316));
#13128=DIRECTION('',(0.,-1.,0.));
#13129=DIRECTION('',(1.,0.,0.));
#13130=DIRECTION('',(0.,-1.,0.));
#13131=DIRECTION('',(0.,0.,-1.));
#13132=DIRECTION('',(0.,-1.,0.));
#13133=DIRECTION('',(0.11000822099408,0.,-0.993930677317949));
#13134=DIRECTION('',(0.,-1.,0.));
#13135=DIRECTION('',(0.11000822099408,0.,-0.993930677317949));
#13136=DIRECTION('',(0.,-1.,0.));
#13137=DIRECTION('',(0.11000822099408,0.,-0.993930677317949));
#13138=DIRECTION('',(0.,-1.,0.));
#13139=DIRECTION('',(1.,0.,0.));
#13140=DIRECTION('',(0.,-1.,0.));
#13141=DIRECTION('',(0.,0.,-1.));
#13142=DIRECTION('',(0.,-1.,0.));
#13143=DIRECTION('',(0.164594590280734,0.,-0.986361303402722));
#13144=DIRECTION('',(0.,-1.,0.));
#13145=DIRECTION('',(0.164594590280734,0.,-0.986361303402722));
#13146=DIRECTION('',(0.,-1.,0.));
#13147=DIRECTION('',(0.164594590280734,0.,-0.986361303402722));
#13148=DIRECTION('',(0.,-1.,0.));
#13149=DIRECTION('',(1.,0.,0.));
#13150=DIRECTION('',(0.,-1.,0.));
#13151=DIRECTION('',(0.,0.,-1.));
#13152=DIRECTION('',(0.,-1.,0.));
#13153=DIRECTION('',(0.218681091206376,0.,-0.975796382627436));
#13154=DIRECTION('',(0.,-1.,0.));
#13155=DIRECTION('',(0.218681091206376,0.,-0.975796382627436));
#13156=DIRECTION('',(0.,-1.,0.));
#13157=DIRECTION('',(0.218681091206376,0.,-0.975796382627436));
#13158=DIRECTION('',(0.,-1.,0.));
#13159=DIRECTION('',(1.,0.,0.));
#13160=DIRECTION('',(0.,-1.,0.));
#13161=DIRECTION('',(0.,0.,-1.));
#13162=DIRECTION('',(0.,-1.,0.));
#13163=DIRECTION('',(0.272103464845335,0.,-0.96226800030925));
#13164=DIRECTION('',(0.,-1.,0.));
#13165=DIRECTION('',(0.272103464845335,0.,-0.96226800030925));
#13166=DIRECTION('',(0.,-1.,0.));
#13167=DIRECTION('',(0.272103464845335,0.,-0.96226800030925));
#13168=DIRECTION('',(0.,-1.,0.));
#13169=DIRECTION('',(1.,0.,0.));
#13170=DIRECTION('',(0.,-1.,0.));
#13171=DIRECTION('',(0.,0.,-1.));
#13172=DIRECTION('',(0.,-1.,0.));
#13173=DIRECTION('',(0.324699469204684,0.,-0.945817241700635));
#13174=DIRECTION('',(0.,-1.,0.));
#13175=DIRECTION('',(0.324699469204684,0.,-0.945817241700635));
#13176=DIRECTION('',(0.,-1.,0.));
#13177=DIRECTION('',(0.324699469204684,0.,-0.945817241700635));
#13178=DIRECTION('',(0.,-1.,0.));
#13179=DIRECTION('',(1.,0.,0.));
#13180=DIRECTION('',(0.,-1.,0.));
#13181=DIRECTION('',(0.,0.,-1.));
#13182=DIRECTION('',(0.,-1.,0.));
#13183=DIRECTION('',(0.376309371947835,0.,-0.926494067214802));
#13184=DIRECTION('',(0.,-1.,0.));
#13185=DIRECTION('',(0.376309371947835,0.,-0.926494067214802));
#13186=DIRECTION('',(0.,-1.,0.));
#13187=DIRECTION('',(0.376309371947835,0.,-0.926494067214802));
#13188=DIRECTION('',(0.,-1.,0.));
#13189=DIRECTION('',(1.,0.,0.));
#13190=DIRECTION('',(0.,-1.,0.));
#13191=DIRECTION('',(0.,0.,-1.));
#13192=DIRECTION('',(0.,-1.,0.));
#13193=DIRECTION('',(0.426776435496404,0.,-0.904357160697577));
#13194=DIRECTION('',(0.,-1.,0.));
#13195=DIRECTION('',(0.426776435496404,0.,-0.904357160697577));
#13196=DIRECTION('',(0.,-1.,0.));
#13197=DIRECTION('',(0.426776435496404,0.,-0.904357160697577));
#13198=DIRECTION('',(0.,-1.,0.));
#13199=DIRECTION('',(1.,0.,0.));
#13200=DIRECTION('',(0.,-1.,0.));
#13201=DIRECTION('',(0.,0.,-1.));
#13202=DIRECTION('',(0.,-1.,0.));
#13203=DIRECTION('',(0.475947393037073,0.,-0.879473751206489));
#13204=DIRECTION('',(0.,-1.,0.));
#13205=DIRECTION('',(0.475947393037073,0.,-0.879473751206489));
#13206=DIRECTION('',(0.,-1.,0.));
#13207=DIRECTION('',(0.475947393037073,0.,-0.879473751206489));
#13208=DIRECTION('',(0.,-1.,0.));
#13209=DIRECTION('',(1.,0.,0.));
#13210=DIRECTION('',(0.,-1.,0.));
#13211=DIRECTION('',(0.,0.,-1.));
#13212=DIRECTION('',(0.,-1.,0.));
#13213=DIRECTION('',(0.523672913987878,0.,-0.851919408838327));
#13214=DIRECTION('',(0.,-1.,0.));
#13215=DIRECTION('',(0.523672913987878,0.,-0.851919408838327));
#13216=DIRECTION('',(0.,-1.,0.));
#13217=DIRECTION('',(0.523672913987878,0.,-0.851919408838327));
#13218=DIRECTION('',(0.,-1.,0.));
#13219=DIRECTION('',(1.,0.,0.));
#13220=DIRECTION('',(0.,-1.,0.));
#13221=DIRECTION('',(0.,0.,-1.));
#13222=DIRECTION('',(0.,-1.,0.));
#13223=DIRECTION('',(0.569808057510266,0.,-0.821777815225245));
#13224=DIRECTION('',(0.,-1.,0.));
#13225=DIRECTION('',(0.569808057510266,0.,-0.821777815225245));
#13226=DIRECTION('',(0.,-1.,0.));
#13227=DIRECTION('',(0.569808057510266,0.,-0.821777815225245));
#13228=DIRECTION('',(0.,-1.,0.));
#13229=DIRECTION('',(1.,0.,0.));
#13230=DIRECTION('',(0.,-1.,0.));
#13231=DIRECTION('',(0.,0.,-1.));
#13232=DIRECTION('',(0.,-1.,0.));
#13233=DIRECTION('',(0.614212712689668,0.,-0.789140509396393));
#13234=DIRECTION('',(0.,-1.,0.));
#13235=DIRECTION('',(0.614212712689668,0.,-0.789140509396393));
#13236=DIRECTION('',(0.,-1.,0.));
#13237=DIRECTION('',(0.614212712689668,0.,-0.789140509396393));
#13238=DIRECTION('',(0.,-1.,0.));
#13239=DIRECTION('',(1.,0.,0.));
#13240=DIRECTION('',(0.,-1.,0.));
#13241=DIRECTION('',(0.,0.,-1.));
#13242=DIRECTION('',(0.,-1.,0.));
#13243=DIRECTION('',(0.656752024047734,0.,-0.754106609776896));
#13244=DIRECTION('',(0.,-1.,0.));
#13245=DIRECTION('',(0.656752024047734,0.,-0.754106609776896));
#13246=DIRECTION('',(0.,-1.,0.));
#13247=DIRECTION('',(0.656752024047734,0.,-0.754106609776896));
#13248=DIRECTION('',(0.,-1.,0.));
#13249=DIRECTION('',(1.,0.,0.));
#13250=DIRECTION('',(0.,-1.,0.));
#13251=DIRECTION('',(0.,0.,-1.));
#13252=DIRECTION('',(0.,-1.,0.));
#13253=DIRECTION('',(0.697296801093996,0.,-0.716782513168451));
#13254=DIRECTION('',(0.,-1.,0.));
#13255=DIRECTION('',(0.697296801093996,0.,-0.716782513168451));
#13256=DIRECTION('',(0.,-1.,0.));
#13257=DIRECTION('',(0.697296801093996,0.,-0.716782513168451));
#13258=DIRECTION('',(0.,-1.,0.));
#13259=DIRECTION('',(1.,0.,0.));
#13260=DIRECTION('',(0.,-1.,0.));
#13261=DIRECTION('',(0.,0.,-1.));
#13262=DIRECTION('',(0.,-1.,0.));
#13263=DIRECTION('',(0.735723910673132,0.,-0.677281571625741));
#13264=DIRECTION('',(0.,-1.,0.));
#13265=DIRECTION('',(0.735723910673132,0.,-0.677281571625741));
#13266=DIRECTION('',(0.,-1.,0.));
#13267=DIRECTION('',(0.735723910673132,0.,-0.677281571625741));
#13268=DIRECTION('',(0.,-1.,0.));
#13269=DIRECTION('',(1.,0.,0.));
#13270=DIRECTION('',(0.,-1.,0.));
#13271=DIRECTION('',(0.,0.,-1.));
#13272=DIRECTION('',(0.,-1.,0.));
#13273=DIRECTION('',(0.771916650916321,0.,-0.635723748209968));
#13274=DIRECTION('',(0.,-1.,0.));
#13275=DIRECTION('',(0.771916650916321,0.,-0.635723748209968));
#13276=DIRECTION('',(0.,-1.,0.));
#13277=DIRECTION('',(0.771916650916321,0.,-0.635723748209968));
#13278=DIRECTION('',(0.,-1.,0.));
#13279=DIRECTION('',(1.,0.,0.));
#13280=DIRECTION('',(0.,-1.,0.));
#13281=DIRECTION('',(0.,0.,-1.));
#13282=DIRECTION('',(0.,-1.,0.));
#13283=DIRECTION('',(0.805765105660978,0.,-0.59223525266498));
#13284=DIRECTION('',(0.,-1.,0.));
#13285=DIRECTION('',(0.805765105660978,0.,-0.59223525266498));
#13286=DIRECTION('',(0.,-1.,0.));
#13287=DIRECTION('',(0.805765105660978,0.,-0.59223525266498));
#13288=DIRECTION('',(0.,-1.,0.));
#13289=DIRECTION('',(1.,0.,0.));
#13290=DIRECTION('',(0.,-1.,0.));
#13291=DIRECTION('',(0.,0.,-1.));
#13292=DIRECTION('',(0.,-1.,0.));
#13293=DIRECTION('',(0.837166478262529,0.,-0.546948158122427));
#13294=DIRECTION('',(0.,-1.,0.));
#13295=DIRECTION('',(0.837166478262529,0.,-0.546948158122427));
#13296=DIRECTION('',(0.,-1.,0.));
#13297=DIRECTION('',(0.837166478262529,0.,-0.546948158122427));
#13298=DIRECTION('',(0.,-1.,0.));
#13299=DIRECTION('',(1.,0.,0.));
#13300=DIRECTION('',(0.,-1.,0.));
#13301=DIRECTION('',(0.,0.,-1.));
#13302=DIRECTION('',(0.,-1.,0.));
#13303=DIRECTION('',(0.866025403784439,0.,-0.5));
#13304=DIRECTION('',(0.,-1.,0.));
#13305=DIRECTION('',(0.866025403784439,0.,-0.5));
#13306=DIRECTION('',(0.,-1.,0.));
#13307=DIRECTION('',(0.866025403784439,0.,-0.5));
#13308=DIRECTION('',(0.,-1.,0.));
#13309=DIRECTION('',(1.,0.,0.));
#13310=DIRECTION('',(0.,-1.,0.));
#13311=DIRECTION('',(0.,0.,-1.));
#13312=DIRECTION('',(0.,-1.,0.));
#13313=DIRECTION('',(0.892254238618394,0.,-0.451533358310889));
#13314=DIRECTION('',(0.,-1.,0.));
#13315=DIRECTION('',(0.892254238618394,0.,-0.451533358310889));
#13316=DIRECTION('',(0.,-1.,0.));
#13317=DIRECTION('',(0.892254238618394,0.,-0.451533358310889));
#13318=DIRECTION('',(0.,-1.,0.));
#13319=DIRECTION('',(1.,0.,0.));
#13320=DIRECTION('',(0.,-1.,0.));
#13321=DIRECTION('',(0.,0.,-1.));
#13322=DIRECTION('',(0.,-1.,0.));
#13323=DIRECTION('',(0.915773326655057,0.,-0.40169542465297));
#13324=DIRECTION('',(0.,-1.,0.));
#13325=DIRECTION('',(0.915773326655057,0.,-0.40169542465297));
#13326=DIRECTION('',(0.,-1.,0.));
#13327=DIRECTION('',(0.915773326655057,0.,-0.40169542465297));
#13328=DIRECTION('',(0.,-1.,0.));
#13329=DIRECTION('',(1.,0.,0.));
#13330=DIRECTION('',(0.,-1.,0.));
#13331=DIRECTION('',(0.,0.,-1.));
#13332=DIRECTION('',(0.,-1.,0.));
#13333=DIRECTION('',(0.936511241197055,0.,-0.350637555192754));
#13334=DIRECTION('',(0.,-1.,0.));
#13335=DIRECTION('',(0.936511241197055,0.,-0.350637555192754));
#13336=DIRECTION('',(0.,-1.,0.));
#13337=DIRECTION('',(0.936511241197055,0.,-0.350637555192754));
#13338=DIRECTION('',(0.,-1.,0.));
#13339=DIRECTION('',(1.,0.,0.));
#13340=DIRECTION('',(0.,-1.,0.));
#13341=DIRECTION('',(0.,0.,-1.));
#13342=DIRECTION('',(0.,-1.,0.));
#13343=DIRECTION('',(0.954405001879507,0.,-0.298514811001694));
#13344=DIRECTION('',(0.,-1.,0.));
#13345=DIRECTION('',(0.954405001879507,0.,-0.298514811001694));
#13346=DIRECTION('',(0.,-1.,0.));
#13347=DIRECTION('',(0.954405001879507,0.,-0.298514811001694));
#13348=DIRECTION('',(0.,-1.,0.));
#13349=DIRECTION('',(1.,0.,0.));
#13350=DIRECTION('',(0.,-1.,0.));
#13351=DIRECTION('',(0.,0.,-1.));
#13352=DIRECTION('',(0.,-1.,0.));
#13353=DIRECTION('',(0.96940026593933,0.,-0.245485487140799));
#13354=DIRECTION('',(0.,-1.,0.));
#13355=DIRECTION('',(0.96940026593933,0.,-0.245485487140799));
#13356=DIRECTION('',(0.,-1.,0.));
#13357=DIRECTION('',(0.96940026593933,0.,-0.245485487140799));
#13358=DIRECTION('',(0.,-1.,0.));
#13359=DIRECTION('',(1.,0.,0.));
#13360=DIRECTION('',(0.,-1.,0.));
#13361=DIRECTION('',(0.,0.,-1.));
#13362=DIRECTION('',(0.,-1.,0.));
#13363=DIRECTION('',(0.981451493252418,0.,-0.191710631923739));
#13364=DIRECTION('',(0.,-1.,0.));
#13365=DIRECTION('',(0.981451493252418,0.,-0.191710631923739));
#13366=DIRECTION('',(0.,-1.,0.));
#13367=DIRECTION('',(0.981451493252418,0.,-0.191710631923739));
#13368=DIRECTION('',(0.,-1.,0.));
#13369=DIRECTION('',(1.,0.,0.));
#13370=DIRECTION('',(0.,-1.,0.));
#13371=DIRECTION('',(0.,0.,-1.));
#13372=DIRECTION('',(0.,-1.,0.));
#13373=DIRECTION('',(0.990522084637503,0.,-0.137353557818408));
#13374=DIRECTION('',(0.,-1.,0.));
#13375=DIRECTION('',(0.990522084637503,0.,-0.137353557818408));
#13376=DIRECTION('',(0.,-1.,0.));
#13377=DIRECTION('',(0.990522084637503,0.,-0.137353557818408));
#13378=DIRECTION('',(0.,-1.,0.));
#13379=DIRECTION('',(1.,0.,0.));
#13380=DIRECTION('',(0.,-1.,0.));
#13381=DIRECTION('',(0.,0.,-1.));
#13382=DIRECTION('',(0.,-1.,0.));
#13383=DIRECTION('',(0.99658449300667,0.,-0.0825793454723324));
#13384=DIRECTION('',(0.,-1.,0.));
#13385=DIRECTION('',(0.99658449300667,0.,-0.0825793454723324));
#13386=DIRECTION('',(0.,-1.,0.));
#13387=DIRECTION('',(0.99658449300667,0.,-0.0825793454723324));
#13388=DIRECTION('',(0.,-1.,0.));
#13389=DIRECTION('',(1.,0.,0.));
#13390=DIRECTION('',(0.,-1.,0.));
#13391=DIRECTION('',(0.,0.,-1.));
#13392=DIRECTION('',(0.,-1.,0.));
#13393=DIRECTION('',(0.999620307024951,0.,-0.0275543423681616));
#13394=DIRECTION('',(0.,-1.,0.));
#13395=DIRECTION('',(0.999620307024951,0.,-0.0275543423681616));
#13396=DIRECTION('',(0.,-1.,0.));
#13397=DIRECTION('',(0.999620307024951,0.,-0.0275543423681616));
#13398=DIRECTION('',(0.,-1.,0.));
#13399=DIRECTION('',(1.,0.,0.));
#13400=DIRECTION('',(0.,-1.,0.));
#13401=DIRECTION('',(0.,0.,-1.));
#13402=DIRECTION('',(0.,-1.,0.));
#13403=DIRECTION('',(0.999620307024951,0.,0.0275543423681619));
#13404=DIRECTION('',(0.,-1.,0.));
#13405=DIRECTION('',(0.999620307024951,0.,0.0275543423681619));
#13406=DIRECTION('',(0.,-1.,0.));
#13407=DIRECTION('',(0.999620307024951,0.,0.0275543423681619));
#13408=DIRECTION('',(0.,-1.,0.));
#13409=DIRECTION('',(1.,0.,0.));
#13410=DIRECTION('',(0.,-1.,0.));
#13411=DIRECTION('',(0.,0.,-1.));
#13412=DIRECTION('',(0.,-1.,0.));
#13413=DIRECTION('',(0.99658449300667,0.,0.0825793454723327));
#13414=DIRECTION('',(0.,-1.,0.));
#13415=DIRECTION('',(0.99658449300667,0.,0.0825793454723327));
#13416=DIRECTION('',(0.,-1.,0.));
#13417=DIRECTION('',(0.99658449300667,0.,0.0825793454723327));
#13418=DIRECTION('',(0.,-1.,0.));
#13419=DIRECTION('',(1.,0.,0.));
#13420=DIRECTION('',(0.,-1.,0.));
#13421=DIRECTION('',(0.,0.,-1.));
#13422=DIRECTION('',(0.,-1.,0.));
#13423=DIRECTION('',(0.990522084637503,0.,0.137353557818408));
#13424=DIRECTION('',(0.,-1.,0.));
#13425=DIRECTION('',(0.990522084637503,0.,0.137353557818408));
#13426=DIRECTION('',(0.,-1.,0.));
#13427=DIRECTION('',(0.990522084637503,0.,0.137353557818408));
#13428=DIRECTION('',(0.,-1.,0.));
#13429=DIRECTION('',(1.,0.,0.));
#13430=DIRECTION('',(0.,-1.,0.));
#13431=DIRECTION('',(0.,0.,-1.));
#13432=DIRECTION('',(0.,-1.,0.));
#13433=DIRECTION('',(0.981451493252418,0.,0.191710631923739));
#13434=DIRECTION('',(0.,-1.,0.));
#13435=DIRECTION('',(0.981451493252418,0.,0.191710631923739));
#13436=DIRECTION('',(0.,-1.,0.));
#13437=DIRECTION('',(0.981451493252418,0.,0.191710631923739));
#13438=DIRECTION('',(0.,-1.,0.));
#13439=DIRECTION('',(1.,0.,0.));
#13440=DIRECTION('',(0.,-1.,0.));
#13441=DIRECTION('',(0.,0.,-1.));
#13442=DIRECTION('',(0.,-1.,0.));
#13443=DIRECTION('',(0.96940026593933,0.,0.245485487140799));
#13444=DIRECTION('',(0.,-1.,0.));
#13445=DIRECTION('',(0.96940026593933,0.,0.245485487140799));
#13446=DIRECTION('',(0.,-1.,0.));
#13447=DIRECTION('',(0.96940026593933,0.,0.245485487140799));
#13448=DIRECTION('',(0.,-1.,0.));
#13449=DIRECTION('',(1.,0.,0.));
#13450=DIRECTION('',(0.,-1.,0.));
#13451=DIRECTION('',(0.,0.,-1.));
#13452=DIRECTION('',(0.,-1.,0.));
#13453=DIRECTION('',(0.954405001879507,0.,0.298514811001695));
#13454=DIRECTION('',(0.,-1.,0.));
#13455=DIRECTION('',(0.954405001879507,0.,0.298514811001695));
#13456=DIRECTION('',(0.,-1.,0.));
#13457=DIRECTION('',(0.954405001879507,0.,0.298514811001695));
#13458=DIRECTION('',(0.,-1.,0.));
#13459=DIRECTION('',(1.,0.,0.));
#13460=DIRECTION('',(0.,-1.,0.));
#13461=DIRECTION('',(0.,0.,-1.));
#13462=DIRECTION('',(0.,-1.,0.));
#13463=DIRECTION('',(0.936511241197055,0.,0.350637555192754));
#13464=DIRECTION('',(0.,-1.,0.));
#13465=DIRECTION('',(0.936511241197055,0.,0.350637555192754));
#13466=DIRECTION('',(0.,-1.,0.));
#13467=DIRECTION('',(0.936511241197055,0.,0.350637555192754));
#13468=DIRECTION('',(0.,-1.,0.));
#13469=DIRECTION('',(1.,0.,0.));
#13470=DIRECTION('',(0.,-1.,0.));
#13471=DIRECTION('',(0.,0.,-1.));
#13472=DIRECTION('',(0.,-1.,0.));
#13473=DIRECTION('',(0.915773326655057,0.,0.40169542465297));
#13474=DIRECTION('',(0.,-1.,0.));
#13475=DIRECTION('',(0.915773326655057,0.,0.40169542465297));
#13476=DIRECTION('',(0.,-1.,0.));
#13477=DIRECTION('',(0.915773326655057,0.,0.40169542465297));
#13478=DIRECTION('',(0.,-1.,0.));
#13479=DIRECTION('',(1.,0.,0.));
#13480=DIRECTION('',(0.,-1.,0.));
#13481=DIRECTION('',(0.,0.,-1.));
#13482=DIRECTION('',(0.,-1.,0.));
#13483=DIRECTION('',(0.892254238618394,0.,0.451533358310889));
#13484=DIRECTION('',(0.,-1.,0.));
#13485=DIRECTION('',(0.892254238618394,0.,0.451533358310889));
#13486=DIRECTION('',(0.,-1.,0.));
#13487=DIRECTION('',(0.892254238618394,0.,0.451533358310889));
#13488=DIRECTION('',(0.,-1.,0.));
#13489=DIRECTION('',(1.,0.,0.));
#13490=DIRECTION('',(0.,-1.,0.));
#13491=DIRECTION('',(0.,0.,-1.));
#13492=DIRECTION('',(0.,-1.,0.));
#13493=DIRECTION('',(0.866025403784438,0.,0.5));
#13494=DIRECTION('',(0.,-1.,0.));
#13495=DIRECTION('',(0.866025403784438,0.,0.5));
#13496=DIRECTION('',(0.,-1.,0.));
#13497=DIRECTION('',(0.866025403784438,0.,0.5));
#13498=DIRECTION('',(0.,-1.,0.));
#13499=DIRECTION('',(1.,0.,0.));
#13500=DIRECTION('',(0.,-1.,0.));
#13501=DIRECTION('',(0.,0.,-1.));
#13502=DIRECTION('',(0.,-1.,0.));
#13503=DIRECTION('',(0.837166478262529,0.,0.546948158122427));
#13504=DIRECTION('',(0.,-1.,0.));
#13505=DIRECTION('',(0.837166478262529,0.,0.546948158122427));
#13506=DIRECTION('',(0.,-1.,0.));
#13507=DIRECTION('',(0.837166478262529,0.,0.546948158122427));
#13508=DIRECTION('',(0.,-1.,0.));
#13509=DIRECTION('',(1.,0.,0.));
#13510=DIRECTION('',(0.,-1.,0.));
#13511=DIRECTION('',(0.,0.,-1.));
#13512=DIRECTION('',(0.,-1.,0.));
#13513=DIRECTION('',(0.805765105660978,0.,0.59223525266498));
#13514=DIRECTION('',(0.,-1.,0.));
#13515=DIRECTION('',(0.805765105660978,0.,0.59223525266498));
#13516=DIRECTION('',(0.,-1.,0.));
#13517=DIRECTION('',(0.805765105660978,0.,0.59223525266498));
#13518=DIRECTION('',(0.,-1.,0.));
#13519=DIRECTION('',(1.,0.,0.));
#13520=DIRECTION('',(0.,-1.,0.));
#13521=DIRECTION('',(0.,0.,-1.));
#13522=DIRECTION('',(0.,-1.,0.));
#13523=DIRECTION('',(0.771916650916321,0.,0.635723748209968));
#13524=DIRECTION('',(0.,-1.,0.));
#13525=DIRECTION('',(0.771916650916321,0.,0.635723748209968));
#13526=DIRECTION('',(0.,-1.,0.));
#13527=DIRECTION('',(0.771916650916321,0.,0.635723748209968));
#13528=DIRECTION('',(0.,-1.,0.));
#13529=DIRECTION('',(1.,0.,0.));
#13530=DIRECTION('',(0.,-1.,0.));
#13531=DIRECTION('',(0.,0.,-1.));
#13532=DIRECTION('',(0.,-1.,0.));
#13533=DIRECTION('',(0.735723910673132,0.,0.677281571625741));
#13534=DIRECTION('',(0.,-1.,0.));
#13535=DIRECTION('',(0.735723910673132,0.,0.677281571625741));
#13536=DIRECTION('',(0.,-1.,0.));
#13537=DIRECTION('',(0.735723910673132,0.,0.677281571625741));
#13538=DIRECTION('',(0.,-1.,0.));
#13539=DIRECTION('',(1.,0.,0.));
#13540=DIRECTION('',(0.,-1.,0.));
#13541=DIRECTION('',(0.,0.,-1.));
#13542=DIRECTION('',(0.,-1.,0.));
#13543=DIRECTION('',(0.697296801093995,0.,0.716782513168451));
#13544=DIRECTION('',(0.,-1.,0.));
#13545=DIRECTION('',(0.697296801093995,0.,0.716782513168451));
#13546=DIRECTION('',(0.,-1.,0.));
#13547=DIRECTION('',(0.697296801093995,0.,0.716782513168451));
#13548=DIRECTION('',(0.,-1.,0.));
#13549=DIRECTION('',(1.,0.,0.));
#13550=DIRECTION('',(0.,-1.,0.));
#13551=DIRECTION('',(0.,0.,-1.));
#13552=DIRECTION('',(0.,-1.,0.));
#13553=DIRECTION('',(0.656752024047734,0.,0.754106609776896));
#13554=DIRECTION('',(0.,-1.,0.));
#13555=DIRECTION('',(0.656752024047734,0.,0.754106609776896));
#13556=DIRECTION('',(0.,-1.,0.));
#13557=DIRECTION('',(0.656752024047734,0.,0.754106609776896));
#13558=DIRECTION('',(0.,-1.,0.));
#13559=DIRECTION('',(1.,0.,0.));
#13560=DIRECTION('',(0.,-1.,0.));
#13561=DIRECTION('',(0.,0.,-1.));
#13562=DIRECTION('',(0.,-1.,0.));
#13563=DIRECTION('',(0.614212712689668,0.,0.789140509396394));
#13564=DIRECTION('',(0.,-1.,0.));
#13565=DIRECTION('',(0.614212712689668,0.,0.789140509396394));
#13566=DIRECTION('',(0.,-1.,0.));
#13567=DIRECTION('',(0.614212712689668,0.,0.789140509396394));
#13568=DIRECTION('',(0.,-1.,0.));
#13569=DIRECTION('',(1.,0.,0.));
#13570=DIRECTION('',(0.,-1.,0.));
#13571=DIRECTION('',(0.,0.,-1.));
#13572=DIRECTION('',(0.,-1.,0.));
#13573=DIRECTION('',(0.569808057510266,0.,0.821777815225245));
#13574=DIRECTION('',(0.,-1.,0.));
#13575=DIRECTION('',(0.569808057510266,0.,0.821777815225245));
#13576=DIRECTION('',(0.,-1.,0.));
#13577=DIRECTION('',(0.569808057510266,0.,0.821777815225245));
#13578=DIRECTION('',(0.,-1.,0.));
#13579=DIRECTION('',(1.,0.,0.));
#13580=DIRECTION('',(0.,-1.,0.));
#13581=DIRECTION('',(0.,0.,-1.));
#13582=DIRECTION('',(0.,-1.,0.));
#13583=DIRECTION('',(0.523672913987878,0.,0.851919408838327));
#13584=DIRECTION('',(0.,-1.,0.));
#13585=DIRECTION('',(0.523672913987878,0.,0.851919408838327));
#13586=DIRECTION('',(0.,-1.,0.));
#13587=DIRECTION('',(0.523672913987878,0.,0.851919408838327));
#13588=DIRECTION('',(0.,-1.,0.));
#13589=DIRECTION('',(1.,0.,0.));
#13590=DIRECTION('',(0.,-1.,0.));
#13591=DIRECTION('',(0.,0.,-1.));
#13592=DIRECTION('',(0.,-1.,0.));
#13593=DIRECTION('',(0.475947393037074,0.,0.879473751206489));
#13594=DIRECTION('',(0.,-1.,0.));
#13595=DIRECTION('',(0.475947393037074,0.,0.879473751206489));
#13596=DIRECTION('',(0.,-1.,0.));
#13597=DIRECTION('',(0.475947393037074,0.,0.879473751206489));
#13598=DIRECTION('',(0.,-1.,0.));
#13599=DIRECTION('',(1.,0.,0.));
#13600=DIRECTION('',(0.,-1.,0.));
#13601=DIRECTION('',(0.,0.,-1.));
#13602=DIRECTION('',(0.,-1.,0.));
#13603=DIRECTION('',(0.426776435496403,0.,0.904357160697578));
#13604=DIRECTION('',(0.,-1.,0.));
#13605=DIRECTION('',(0.426776435496403,0.,0.904357160697578));
#13606=DIRECTION('',(0.,-1.,0.));
#13607=DIRECTION('',(0.426776435496403,0.,0.904357160697578));
#13608=DIRECTION('',(0.,-1.,0.));
#13609=DIRECTION('',(1.,0.,0.));
#13610=DIRECTION('',(0.,-1.,0.));
#13611=DIRECTION('',(0.,0.,-1.));
#13612=DIRECTION('',(0.,-1.,0.));
#13613=DIRECTION('',(0.376309371947835,0.,0.926494067214802));
#13614=DIRECTION('',(0.,-1.,0.));
#13615=DIRECTION('',(0.376309371947835,0.,0.926494067214802));
#13616=DIRECTION('',(0.,-1.,0.));
#13617=DIRECTION('',(0.376309371947835,0.,0.926494067214802));
#13618=DIRECTION('',(0.,-1.,0.));
#13619=DIRECTION('',(1.,0.,0.));
#13620=DIRECTION('',(0.,-1.,0.));
#13621=DIRECTION('',(0.,0.,-1.));
#13622=DIRECTION('',(0.,-1.,0.));
#13623=DIRECTION('',(0.324699469204684,0.,0.945817241700635));
#13624=DIRECTION('',(0.,-1.,0.));
#13625=DIRECTION('',(0.324699469204684,0.,0.945817241700635));
#13626=DIRECTION('',(0.,-1.,0.));
#13627=DIRECTION('',(0.324699469204684,0.,0.945817241700635));
#13628=DIRECTION('',(0.,-1.,0.));
#13629=DIRECTION('',(1.,0.,0.));
#13630=DIRECTION('',(0.,-1.,0.));
#13631=DIRECTION('',(0.,0.,-1.));
#13632=DIRECTION('',(0.,-1.,0.));
#13633=DIRECTION('',(0.272103464845335,0.,0.96226800030925));
#13634=DIRECTION('',(0.,-1.,0.));
#13635=DIRECTION('',(0.272103464845335,0.,0.96226800030925));
#13636=DIRECTION('',(0.,-1.,0.));
#13637=DIRECTION('',(0.272103464845335,0.,0.96226800030925));
#13638=DIRECTION('',(0.,-1.,0.));
#13639=DIRECTION('',(1.,0.,0.));
#13640=DIRECTION('',(0.,-1.,0.));
#13641=DIRECTION('',(0.,0.,-1.));
#13642=DIRECTION('',(0.,-1.,0.));
#13643=DIRECTION('',(0.218681091206375,0.,0.975796382627436));
#13644=DIRECTION('',(0.,-1.,0.));
#13645=DIRECTION('',(0.218681091206375,0.,0.975796382627436));
#13646=DIRECTION('',(0.,-1.,0.));
#13647=DIRECTION('',(0.218681091206375,0.,0.975796382627436));
#13648=DIRECTION('',(0.,-1.,0.));
#13649=DIRECTION('',(1.,0.,0.));
#13650=DIRECTION('',(0.,-1.,0.));
#13651=DIRECTION('',(0.,0.,-1.));
#13652=DIRECTION('',(0.,-1.,0.));
#13653=DIRECTION('',(0.164594590280734,0.,0.986361303402722));
#13654=DIRECTION('',(0.,-1.,0.));
#13655=DIRECTION('',(0.164594590280734,0.,0.986361303402722));
#13656=DIRECTION('',(0.,-1.,0.));
#13657=DIRECTION('',(0.164594590280734,0.,0.986361303402722));
#13658=DIRECTION('',(0.,-1.,0.));
#13659=DIRECTION('',(1.,0.,0.));
#13660=DIRECTION('',(0.,-1.,0.));
#13661=DIRECTION('',(0.,0.,-1.));
#13662=DIRECTION('',(0.,-1.,0.));
#13663=DIRECTION('',(0.110008220994079,0.,0.993930677317949));
#13664=DIRECTION('',(0.,-1.,0.));
#13665=DIRECTION('',(0.110008220994079,0.,0.993930677317949));
#13666=DIRECTION('',(0.,-1.,0.));
#13667=DIRECTION('',(0.110008220994079,0.,0.993930677317949));
#13668=DIRECTION('',(0.,-1.,0.));
#13669=DIRECTION('',(1.,0.,0.));
#13670=DIRECTION('',(0.,-1.,0.));
#13671=DIRECTION('',(0.,0.,-1.));
#13672=DIRECTION('',(0.,-1.,0.));
#13673=DIRECTION('',(0.0550877603558653,0.,0.998481516433316));
#13674=DIRECTION('',(0.,-1.,0.));
#13675=DIRECTION('',(0.0550877603558653,0.,0.998481516433316));
#13676=DIRECTION('',(0.,-1.,0.));
#13677=DIRECTION('',(0.0550877603558653,0.,0.998481516433316));
#13678=DIRECTION('',(0.,-1.,0.));
#13679=DIRECTION('',(1.,0.,0.));
#13680=DIRECTION('',(0.,-1.,0.));
#13681=DIRECTION('',(0.,0.,-1.));
#13682=DIRECTION('',(0.,-1.,0.));
#13683=DIRECTION('',(-1.22464679914735E-16,0.,1.));
#13684=DIRECTION('',(0.,-1.,0.));
#13685=DIRECTION('',(-1.22464679914735E-16,0.,1.));
#13686=DIRECTION('',(0.,-1.,0.));
#13687=DIRECTION('',(-1.22464679914735E-16,0.,1.));
#13688=DIRECTION('',(0.,1.,0.));
#13689=DIRECTION('',(0.,0.,1.));
#13690=DIRECTION('',(0.,-1.,0.));
#13691=DIRECTION('',(0.,0.,-1.));
#13692=DIRECTION('',(0.,-1.,0.));
#13693=DIRECTION('',(0.,0.,-1.));
#13694=DIRECTION('',(0.,1.,0.));
#13695=DIRECTION('',(1.,0.,0.));
#13696=DIRECTION('',(0.,-1.,0.));
#13697=DIRECTION('',(0.,0.,-1.));
#13698=DIRECTION('',(0.,-1.,0.));
#13699=DIRECTION('',(-0.0550877603558654,0.,-0.998481516433316));
#13700=DIRECTION('',(0.,-1.,0.));
#13701=DIRECTION('',(-0.0550877603558654,0.,-0.998481516433316));
#13702=DIRECTION('',(0.,-1.,0.));
#13703=DIRECTION('',(-0.0550877603558654,0.,-0.998481516433316));
#13704=DIRECTION('',(0.,1.,0.));
#13705=DIRECTION('',(1.,0.,0.));
#13706=DIRECTION('',(0.,-1.,0.));
#13707=DIRECTION('',(0.,0.,-1.));
#13708=DIRECTION('',(0.,-1.,0.));
#13709=DIRECTION('',(-0.110008220994079,0.,-0.993930677317949));
#13710=DIRECTION('',(0.,-1.,0.));
#13711=DIRECTION('',(-0.110008220994079,0.,-0.993930677317949));
#13712=DIRECTION('',(0.,-1.,0.));
#13713=DIRECTION('',(-0.110008220994079,0.,-0.993930677317949));
#13714=DIRECTION('',(0.,1.,0.));
#13715=DIRECTION('',(1.,0.,0.));
#13716=DIRECTION('',(0.,-1.,0.));
#13717=DIRECTION('',(0.,0.,-1.));
#13718=DIRECTION('',(0.,-1.,0.));
#13719=DIRECTION('',(-0.164594590280734,0.,-0.986361303402722));
#13720=DIRECTION('',(0.,-1.,0.));
#13721=DIRECTION('',(-0.164594590280734,0.,-0.986361303402722));
#13722=DIRECTION('',(0.,-1.,0.));
#13723=DIRECTION('',(-0.164594590280734,0.,-0.986361303402722));
#13724=DIRECTION('',(0.,1.,0.));
#13725=DIRECTION('',(1.,0.,0.));
#13726=DIRECTION('',(0.,-1.,0.));
#13727=DIRECTION('',(0.,0.,-1.));
#13728=DIRECTION('',(0.,-1.,0.));
#13729=DIRECTION('',(-0.218681091206376,0.,-0.975796382627436));
#13730=DIRECTION('',(0.,-1.,0.));
#13731=DIRECTION('',(-0.218681091206376,0.,-0.975796382627436));
#13732=DIRECTION('',(0.,-1.,0.));
#13733=DIRECTION('',(-0.218681091206376,0.,-0.975796382627436));
#13734=DIRECTION('',(0.,1.,0.));
#13735=DIRECTION('',(1.,0.,0.));
#13736=DIRECTION('',(0.,-1.,0.));
#13737=DIRECTION('',(0.,0.,-1.));
#13738=DIRECTION('',(0.,-1.,0.));
#13739=DIRECTION('',(-0.272103464845335,0.,-0.96226800030925));
#13740=DIRECTION('',(0.,-1.,0.));
#13741=DIRECTION('',(-0.272103464845335,0.,-0.96226800030925));
#13742=DIRECTION('',(0.,-1.,0.));
#13743=DIRECTION('',(-0.272103464845335,0.,-0.96226800030925));
#13744=DIRECTION('',(0.,1.,0.));
#13745=DIRECTION('',(1.,0.,0.));
#13746=DIRECTION('',(0.,-1.,0.));
#13747=DIRECTION('',(0.,0.,-1.));
#13748=DIRECTION('',(0.,-1.,0.));
#13749=DIRECTION('',(-0.324699469204684,0.,-0.945817241700635));
#13750=DIRECTION('',(0.,-1.,0.));
#13751=DIRECTION('',(-0.324699469204684,0.,-0.945817241700635));
#13752=DIRECTION('',(0.,-1.,0.));
#13753=DIRECTION('',(-0.324699469204684,0.,-0.945817241700635));
#13754=DIRECTION('',(0.,1.,0.));
#13755=DIRECTION('',(1.,0.,0.));
#13756=DIRECTION('',(0.,-1.,0.));
#13757=DIRECTION('',(0.,0.,-1.));
#13758=DIRECTION('',(0.,-1.,0.));
#13759=DIRECTION('',(-0.376309371947835,0.,-0.926494067214802));
#13760=DIRECTION('',(0.,-1.,0.));
#13761=DIRECTION('',(-0.376309371947835,0.,-0.926494067214802));
#13762=DIRECTION('',(0.,-1.,0.));
#13763=DIRECTION('',(-0.376309371947835,0.,-0.926494067214802));
#13764=DIRECTION('',(0.,1.,0.));
#13765=DIRECTION('',(1.,0.,0.));
#13766=DIRECTION('',(0.,-1.,0.));
#13767=DIRECTION('',(0.,0.,-1.));
#13768=DIRECTION('',(0.,-1.,0.));
#13769=DIRECTION('',(-0.426776435496403,0.,-0.904357160697578));
#13770=DIRECTION('',(0.,-1.,0.));
#13771=DIRECTION('',(-0.426776435496403,0.,-0.904357160697578));
#13772=DIRECTION('',(0.,-1.,0.));
#13773=DIRECTION('',(-0.426776435496403,0.,-0.904357160697578));
#13774=DIRECTION('',(0.,1.,0.));
#13775=DIRECTION('',(1.,0.,0.));
#13776=DIRECTION('',(0.,-1.,0.));
#13777=DIRECTION('',(0.,0.,-1.));
#13778=DIRECTION('',(0.,-1.,0.));
#13779=DIRECTION('',(-0.475947393037074,0.,-0.879473751206489));
#13780=DIRECTION('',(0.,-1.,0.));
#13781=DIRECTION('',(-0.475947393037074,0.,-0.879473751206489));
#13782=DIRECTION('',(0.,-1.,0.));
#13783=DIRECTION('',(-0.475947393037074,0.,-0.879473751206489));
#13784=DIRECTION('',(0.,1.,0.));
#13785=DIRECTION('',(1.,0.,0.));
#13786=DIRECTION('',(0.,-1.,0.));
#13787=DIRECTION('',(0.,0.,-1.));
#13788=DIRECTION('',(0.,-1.,0.));
#13789=DIRECTION('',(-0.523672913987878,0.,-0.851919408838327));
#13790=DIRECTION('',(0.,-1.,0.));
#13791=DIRECTION('',(-0.523672913987878,0.,-0.851919408838327));
#13792=DIRECTION('',(0.,-1.,0.));
#13793=DIRECTION('',(-0.523672913987878,0.,-0.851919408838327));
#13794=DIRECTION('',(0.,1.,0.));
#13795=DIRECTION('',(1.,0.,0.));
#13796=DIRECTION('',(0.,-1.,0.));
#13797=DIRECTION('',(0.,0.,-1.));
#13798=DIRECTION('',(0.,-1.,0.));
#13799=DIRECTION('',(-0.569808057510266,0.,-0.821777815225245));
#13800=DIRECTION('',(0.,-1.,0.));
#13801=DIRECTION('',(-0.569808057510266,0.,-0.821777815225245));
#13802=DIRECTION('',(0.,-1.,0.));
#13803=DIRECTION('',(-0.569808057510266,0.,-0.821777815225245));
#13804=DIRECTION('',(0.,1.,0.));
#13805=DIRECTION('',(1.,0.,0.));
#13806=DIRECTION('',(0.,-1.,0.));
#13807=DIRECTION('',(0.,0.,-1.));
#13808=DIRECTION('',(0.,-1.,0.));
#13809=DIRECTION('',(-0.614212712689668,0.,-0.789140509396394));
#13810=DIRECTION('',(0.,-1.,0.));
#13811=DIRECTION('',(-0.614212712689668,0.,-0.789140509396394));
#13812=DIRECTION('',(0.,-1.,0.));
#13813=DIRECTION('',(-0.614212712689668,0.,-0.789140509396394));
#13814=DIRECTION('',(0.,1.,0.));
#13815=DIRECTION('',(1.,0.,0.));
#13816=DIRECTION('',(0.,-1.,0.));
#13817=DIRECTION('',(0.,0.,-1.));
#13818=DIRECTION('',(0.,-1.,0.));
#13819=DIRECTION('',(-0.656752024047734,0.,-0.754106609776896));
#13820=DIRECTION('',(0.,-1.,0.));
#13821=DIRECTION('',(-0.656752024047734,0.,-0.754106609776896));
#13822=DIRECTION('',(0.,-1.,0.));
#13823=DIRECTION('',(-0.656752024047734,0.,-0.754106609776896));
#13824=DIRECTION('',(0.,1.,0.));
#13825=DIRECTION('',(1.,0.,0.));
#13826=DIRECTION('',(0.,-1.,0.));
#13827=DIRECTION('',(0.,0.,-1.));
#13828=DIRECTION('',(0.,-1.,0.));
#13829=DIRECTION('',(-0.697296801093995,0.,-0.716782513168451));
#13830=DIRECTION('',(0.,-1.,0.));
#13831=DIRECTION('',(-0.697296801093995,0.,-0.716782513168451));
#13832=DIRECTION('',(0.,-1.,0.));
#13833=DIRECTION('',(-0.697296801093995,0.,-0.716782513168451));
#13834=DIRECTION('',(0.,1.,0.));
#13835=DIRECTION('',(1.,0.,0.));
#13836=DIRECTION('',(0.,-1.,0.));
#13837=DIRECTION('',(0.,0.,-1.));
#13838=DIRECTION('',(0.,-1.,0.));
#13839=DIRECTION('',(-0.735723910673132,0.,-0.677281571625741));
#13840=DIRECTION('',(0.,-1.,0.));
#13841=DIRECTION('',(-0.735723910673132,0.,-0.677281571625741));
#13842=DIRECTION('',(0.,-1.,0.));
#13843=DIRECTION('',(-0.735723910673132,0.,-0.677281571625741));
#13844=DIRECTION('',(0.,1.,0.));
#13845=DIRECTION('',(1.,0.,0.));
#13846=DIRECTION('',(0.,-1.,0.));
#13847=DIRECTION('',(0.,0.,-1.));
#13848=DIRECTION('',(0.,-1.,0.));
#13849=DIRECTION('',(-0.771916650916321,0.,-0.635723748209968));
#13850=DIRECTION('',(0.,-1.,0.));
#13851=DIRECTION('',(-0.771916650916321,0.,-0.635723748209968));
#13852=DIRECTION('',(0.,-1.,0.));
#13853=DIRECTION('',(-0.771916650916321,0.,-0.635723748209968));
#13854=DIRECTION('',(0.,1.,0.));
#13855=DIRECTION('',(1.,0.,0.));
#13856=DIRECTION('',(0.,-1.,0.));
#13857=DIRECTION('',(0.,0.,-1.));
#13858=DIRECTION('',(0.,-1.,0.));
#13859=DIRECTION('',(-0.805765105660978,0.,-0.59223525266498));
#13860=DIRECTION('',(0.,-1.,0.));
#13861=DIRECTION('',(-0.805765105660978,0.,-0.59223525266498));
#13862=DIRECTION('',(0.,-1.,0.));
#13863=DIRECTION('',(-0.805765105660978,0.,-0.59223525266498));
#13864=DIRECTION('',(0.,1.,0.));
#13865=DIRECTION('',(1.,0.,0.));
#13866=DIRECTION('',(0.,-1.,0.));
#13867=DIRECTION('',(0.,0.,-1.));
#13868=DIRECTION('',(0.,-1.,0.));
#13869=DIRECTION('',(-0.837166478262529,0.,-0.546948158122427));
#13870=DIRECTION('',(0.,-1.,0.));
#13871=DIRECTION('',(-0.837166478262529,0.,-0.546948158122427));
#13872=DIRECTION('',(0.,-1.,0.));
#13873=DIRECTION('',(-0.837166478262529,0.,-0.546948158122427));
#13874=DIRECTION('',(0.,1.,0.));
#13875=DIRECTION('',(1.,0.,0.));
#13876=DIRECTION('',(0.,-1.,0.));
#13877=DIRECTION('',(0.,0.,-1.));
#13878=DIRECTION('',(0.,-1.,0.));
#13879=DIRECTION('',(-0.866025403784439,0.,-0.5));
#13880=DIRECTION('',(0.,-1.,0.));
#13881=DIRECTION('',(-0.866025403784439,0.,-0.5));
#13882=DIRECTION('',(0.,-1.,0.));
#13883=DIRECTION('',(-0.866025403784439,0.,-0.5));
#13884=DIRECTION('',(0.,1.,0.));
#13885=DIRECTION('',(1.,0.,0.));
#13886=DIRECTION('',(0.,-1.,0.));
#13887=DIRECTION('',(0.,0.,-1.));
#13888=DIRECTION('',(0.,-1.,0.));
#13889=DIRECTION('',(-0.892254238618394,0.,-0.451533358310889));
#13890=DIRECTION('',(0.,-1.,0.));
#13891=DIRECTION('',(-0.892254238618394,0.,-0.451533358310889));
#13892=DIRECTION('',(0.,-1.,0.));
#13893=DIRECTION('',(-0.892254238618394,0.,-0.451533358310889));
#13894=DIRECTION('',(0.,1.,0.));
#13895=DIRECTION('',(1.,0.,0.));
#13896=DIRECTION('',(0.,-1.,0.));
#13897=DIRECTION('',(0.,0.,-1.));
#13898=DIRECTION('',(0.,-1.,0.));
#13899=DIRECTION('',(-0.915773326655057,0.,-0.40169542465297));
#13900=DIRECTION('',(0.,-1.,0.));
#13901=DIRECTION('',(-0.915773326655057,0.,-0.40169542465297));
#13902=DIRECTION('',(0.,-1.,0.));
#13903=DIRECTION('',(-0.915773326655057,0.,-0.40169542465297));
#13904=DIRECTION('',(0.,1.,0.));
#13905=DIRECTION('',(1.,0.,0.));
#13906=DIRECTION('',(0.,-1.,0.));
#13907=DIRECTION('',(0.,0.,-1.));
#13908=DIRECTION('',(0.,-1.,0.));
#13909=DIRECTION('',(-0.936511241197055,0.,-0.350637555192754));
#13910=DIRECTION('',(0.,-1.,0.));
#13911=DIRECTION('',(-0.936511241197055,0.,-0.350637555192754));
#13912=DIRECTION('',(0.,-1.,0.));
#13913=DIRECTION('',(-0.936511241197055,0.,-0.350637555192754));
#13914=DIRECTION('',(0.,1.,0.));
#13915=DIRECTION('',(1.,0.,0.));
#13916=DIRECTION('',(0.,-1.,0.));
#13917=DIRECTION('',(0.,0.,-1.));
#13918=DIRECTION('',(0.,-1.,0.));
#13919=DIRECTION('',(-0.954405001879507,0.,-0.298514811001694));
#13920=DIRECTION('',(0.,-1.,0.));
#13921=DIRECTION('',(-0.954405001879507,0.,-0.298514811001694));
#13922=DIRECTION('',(0.,-1.,0.));
#13923=DIRECTION('',(-0.954405001879507,0.,-0.298514811001694));
#13924=DIRECTION('',(0.,1.,0.));
#13925=DIRECTION('',(1.,0.,0.));
#13926=DIRECTION('',(0.,-1.,0.));
#13927=DIRECTION('',(0.,0.,-1.));
#13928=DIRECTION('',(0.,-1.,0.));
#13929=DIRECTION('',(-0.96940026593933,0.,-0.2454854871408));
#13930=DIRECTION('',(0.,-1.,0.));
#13931=DIRECTION('',(-0.96940026593933,0.,-0.2454854871408));
#13932=DIRECTION('',(0.,-1.,0.));
#13933=DIRECTION('',(-0.96940026593933,0.,-0.2454854871408));
#13934=DIRECTION('',(0.,1.,0.));
#13935=DIRECTION('',(1.,0.,0.));
#13936=DIRECTION('',(0.,-1.,0.));
#13937=DIRECTION('',(0.,0.,-1.));
#13938=DIRECTION('',(0.,-1.,0.));
#13939=DIRECTION('',(-0.981451493252418,0.,-0.191710631923739));
#13940=DIRECTION('',(0.,-1.,0.));
#13941=DIRECTION('',(-0.981451493252418,0.,-0.191710631923739));
#13942=DIRECTION('',(0.,-1.,0.));
#13943=DIRECTION('',(-0.981451493252418,0.,-0.191710631923739));
#13944=DIRECTION('',(0.,1.,0.));
#13945=DIRECTION('',(1.,0.,0.));
#13946=DIRECTION('',(0.,-1.,0.));
#13947=DIRECTION('',(0.,0.,-1.));
#13948=DIRECTION('',(0.,-1.,0.));
#13949=DIRECTION('',(-0.990522084637503,0.,-0.137353557818408));
#13950=DIRECTION('',(0.,-1.,0.));
#13951=DIRECTION('',(-0.990522084637503,0.,-0.137353557818408));
#13952=DIRECTION('',(0.,-1.,0.));
#13953=DIRECTION('',(-0.990522084637503,0.,-0.137353557818408));
#13954=DIRECTION('',(0.,1.,0.));
#13955=DIRECTION('',(1.,0.,0.));
#13956=DIRECTION('',(0.,-1.,0.));
#13957=DIRECTION('',(0.,0.,-1.));
#13958=DIRECTION('',(0.,-1.,0.));
#13959=DIRECTION('',(-0.99658449300667,0.,-0.0825793454723324));
#13960=DIRECTION('',(0.,-1.,0.));
#13961=DIRECTION('',(-0.99658449300667,0.,-0.0825793454723324));
#13962=DIRECTION('',(0.,-1.,0.));
#13963=DIRECTION('',(-0.99658449300667,0.,-0.0825793454723324));
#13964=DIRECTION('',(0.,1.,0.));
#13965=DIRECTION('',(1.,0.,0.));
#13966=DIRECTION('',(0.,-1.,0.));
#13967=DIRECTION('',(0.,0.,-1.));
#13968=DIRECTION('',(0.,-1.,0.));
#13969=DIRECTION('',(-0.999620307024951,0.,-0.027554342368162));
#13970=DIRECTION('',(0.,-1.,0.));
#13971=DIRECTION('',(-0.999620307024951,0.,-0.027554342368162));
#13972=DIRECTION('',(0.,-1.,0.));
#13973=DIRECTION('',(-0.999620307024951,0.,-0.027554342368162));
#13974=DIRECTION('',(0.,1.,0.));
#13975=DIRECTION('',(1.,0.,0.));
#13976=DIRECTION('',(0.,-1.,0.));
#13977=DIRECTION('',(0.,0.,-1.));
#13978=DIRECTION('',(0.,-1.,0.));
#13979=DIRECTION('',(-0.999620307024951,0.,0.0275543423681619));
#13980=DIRECTION('',(0.,-1.,0.));
#13981=DIRECTION('',(-0.999620307024951,0.,0.0275543423681619));
#13982=DIRECTION('',(0.,-1.,0.));
#13983=DIRECTION('',(-0.999620307024951,0.,0.0275543423681619));
#13984=DIRECTION('',(0.,1.,0.));
#13985=DIRECTION('',(1.,0.,0.));
#13986=DIRECTION('',(0.,-1.,0.));
#13987=DIRECTION('',(0.,0.,-1.));
#13988=DIRECTION('',(0.,-1.,0.));
#13989=DIRECTION('',(-0.99658449300667,0.,0.0825793454723323));
#13990=DIRECTION('',(0.,-1.,0.));
#13991=DIRECTION('',(-0.99658449300667,0.,0.0825793454723323));
#13992=DIRECTION('',(0.,-1.,0.));
#13993=DIRECTION('',(-0.99658449300667,0.,0.0825793454723323));
#13994=DIRECTION('',(0.,1.,0.));
#13995=DIRECTION('',(1.,0.,0.));
#13996=DIRECTION('',(0.,-1.,0.));
#13997=DIRECTION('',(0.,0.,-1.));
#13998=DIRECTION('',(0.,-1.,0.));
#13999=DIRECTION('',(-0.990522084637503,0.,0.137353557818408));
#14000=DIRECTION('',(0.,-1.,0.));
#14001=DIRECTION('',(-0.990522084637503,0.,0.137353557818408));
#14002=DIRECTION('',(0.,-1.,0.));
#14003=DIRECTION('',(-0.990522084637503,0.,0.137353557818408));
#14004=DIRECTION('',(0.,1.,0.));
#14005=DIRECTION('',(1.,0.,0.));
#14006=DIRECTION('',(0.,-1.,0.));
#14007=DIRECTION('',(0.,0.,-1.));
#14008=DIRECTION('',(0.,-1.,0.));
#14009=DIRECTION('',(-0.981451493252418,0.,0.191710631923739));
#14010=DIRECTION('',(0.,-1.,0.));
#14011=DIRECTION('',(-0.981451493252418,0.,0.191710631923739));
#14012=DIRECTION('',(0.,-1.,0.));
#14013=DIRECTION('',(-0.981451493252418,0.,0.191710631923739));
#14014=DIRECTION('',(0.,1.,0.));
#14015=DIRECTION('',(1.,0.,0.));
#14016=DIRECTION('',(0.,-1.,0.));
#14017=DIRECTION('',(0.,0.,-1.));
#14018=DIRECTION('',(0.,-1.,0.));
#14019=DIRECTION('',(-0.96940026593933,0.,0.245485487140799));
#14020=DIRECTION('',(0.,-1.,0.));
#14021=DIRECTION('',(-0.96940026593933,0.,0.245485487140799));
#14022=DIRECTION('',(0.,-1.,0.));
#14023=DIRECTION('',(-0.96940026593933,0.,0.245485487140799));
#14024=DIRECTION('',(0.,1.,0.));
#14025=DIRECTION('',(1.,0.,0.));
#14026=DIRECTION('',(0.,-1.,0.));
#14027=DIRECTION('',(0.,0.,-1.));
#14028=DIRECTION('',(0.,-1.,0.));
#14029=DIRECTION('',(-0.954405001879507,0.,0.298514811001694));
#14030=DIRECTION('',(0.,-1.,0.));
#14031=DIRECTION('',(-0.954405001879507,0.,0.298514811001694));
#14032=DIRECTION('',(0.,-1.,0.));
#14033=DIRECTION('',(-0.954405001879507,0.,0.298514811001694));
#14034=DIRECTION('',(0.,1.,0.));
#14035=DIRECTION('',(1.,0.,0.));
#14036=DIRECTION('',(0.,-1.,0.));
#14037=DIRECTION('',(0.,0.,-1.));
#14038=DIRECTION('',(0.,-1.,0.));
#14039=DIRECTION('',(-0.936511241197055,0.,0.350637555192754));
#14040=DIRECTION('',(0.,-1.,0.));
#14041=DIRECTION('',(-0.936511241197055,0.,0.350637555192754));
#14042=DIRECTION('',(0.,-1.,0.));
#14043=DIRECTION('',(-0.936511241197055,0.,0.350637555192754));
#14044=DIRECTION('',(0.,1.,0.));
#14045=DIRECTION('',(1.,0.,0.));
#14046=DIRECTION('',(0.,-1.,0.));
#14047=DIRECTION('',(0.,0.,-1.));
#14048=DIRECTION('',(0.,-1.,0.));
#14049=DIRECTION('',(-0.915773326655057,0.,0.40169542465297));
#14050=DIRECTION('',(0.,-1.,0.));
#14051=DIRECTION('',(-0.915773326655057,0.,0.40169542465297));
#14052=DIRECTION('',(0.,-1.,0.));
#14053=DIRECTION('',(-0.915773326655057,0.,0.40169542465297));
#14054=DIRECTION('',(0.,1.,0.));
#14055=DIRECTION('',(1.,0.,0.));
#14056=DIRECTION('',(0.,-1.,0.));
#14057=DIRECTION('',(0.,0.,-1.));
#14058=DIRECTION('',(0.,-1.,0.));
#14059=DIRECTION('',(-0.892254238618394,0.,0.451533358310889));
#14060=DIRECTION('',(0.,-1.,0.));
#14061=DIRECTION('',(-0.892254238618394,0.,0.451533358310889));
#14062=DIRECTION('',(0.,-1.,0.));
#14063=DIRECTION('',(-0.892254238618394,0.,0.451533358310889));
#14064=DIRECTION('',(0.,1.,0.));
#14065=DIRECTION('',(1.,0.,0.));
#14066=DIRECTION('',(0.,-1.,0.));
#14067=DIRECTION('',(0.,0.,-1.));
#14068=DIRECTION('',(0.,-1.,0.));
#14069=DIRECTION('',(-0.866025403784439,0.,0.5));
#14070=DIRECTION('',(0.,-1.,0.));
#14071=DIRECTION('',(-0.866025403784439,0.,0.5));
#14072=DIRECTION('',(0.,-1.,0.));
#14073=DIRECTION('',(-0.866025403784439,0.,0.5));
#14074=DIRECTION('',(0.,1.,0.));
#14075=DIRECTION('',(1.,0.,0.));
#14076=DIRECTION('',(0.,-1.,0.));
#14077=DIRECTION('',(0.,0.,-1.));
#14078=DIRECTION('',(0.,-1.,0.));
#14079=DIRECTION('',(-0.837166478262529,0.,0.546948158122427));
#14080=DIRECTION('',(0.,-1.,0.));
#14081=DIRECTION('',(-0.837166478262529,0.,0.546948158122427));
#14082=DIRECTION('',(0.,-1.,0.));
#14083=DIRECTION('',(-0.837166478262529,0.,0.546948158122427));
#14084=DIRECTION('',(0.,1.,0.));
#14085=DIRECTION('',(1.,0.,0.));
#14086=DIRECTION('',(0.,-1.,0.));
#14087=DIRECTION('',(0.,0.,-1.));
#14088=DIRECTION('',(0.,-1.,0.));
#14089=DIRECTION('',(-0.805765105660978,0.,0.59223525266498));
#14090=DIRECTION('',(0.,-1.,0.));
#14091=DIRECTION('',(-0.805765105660978,0.,0.59223525266498));
#14092=DIRECTION('',(0.,-1.,0.));
#14093=DIRECTION('',(-0.805765105660978,0.,0.59223525266498));
#14094=DIRECTION('',(0.,1.,0.));
#14095=DIRECTION('',(1.,0.,0.));
#14096=DIRECTION('',(0.,-1.,0.));
#14097=DIRECTION('',(0.,0.,-1.));
#14098=DIRECTION('',(0.,-1.,0.));
#14099=DIRECTION('',(-0.771916650916321,0.,0.635723748209968));
#14100=DIRECTION('',(0.,-1.,0.));
#14101=DIRECTION('',(-0.771916650916321,0.,0.635723748209968));
#14102=DIRECTION('',(0.,-1.,0.));
#14103=DIRECTION('',(-0.771916650916321,0.,0.635723748209968));
#14104=DIRECTION('',(0.,1.,0.));
#14105=DIRECTION('',(1.,0.,0.));
#14106=DIRECTION('',(0.,-1.,0.));
#14107=DIRECTION('',(0.,0.,-1.));
#14108=DIRECTION('',(0.,-1.,0.));
#14109=DIRECTION('',(-0.735723910673132,0.,0.677281571625741));
#14110=DIRECTION('',(0.,-1.,0.));
#14111=DIRECTION('',(-0.735723910673132,0.,0.677281571625741));
#14112=DIRECTION('',(0.,-1.,0.));
#14113=DIRECTION('',(-0.735723910673132,0.,0.677281571625741));
#14114=DIRECTION('',(0.,1.,0.));
#14115=DIRECTION('',(1.,0.,0.));
#14116=DIRECTION('',(0.,-1.,0.));
#14117=DIRECTION('',(0.,0.,-1.));
#14118=DIRECTION('',(0.,-1.,0.));
#14119=DIRECTION('',(-0.697296801093996,0.,0.716782513168451));
#14120=DIRECTION('',(0.,-1.,0.));
#14121=DIRECTION('',(-0.697296801093996,0.,0.716782513168451));
#14122=DIRECTION('',(0.,-1.,0.));
#14123=DIRECTION('',(-0.697296801093996,0.,0.716782513168451));
#14124=DIRECTION('',(0.,1.,0.));
#14125=DIRECTION('',(1.,0.,0.));
#14126=DIRECTION('',(0.,-1.,0.));
#14127=DIRECTION('',(0.,0.,-1.));
#14128=DIRECTION('',(0.,-1.,0.));
#14129=DIRECTION('',(-0.656752024047735,0.,0.754106609776896));
#14130=DIRECTION('',(0.,-1.,0.));
#14131=DIRECTION('',(-0.656752024047735,0.,0.754106609776896));
#14132=DIRECTION('',(0.,-1.,0.));
#14133=DIRECTION('',(-0.656752024047735,0.,0.754106609776896));
#14134=DIRECTION('',(0.,1.,0.));
#14135=DIRECTION('',(1.,0.,0.));
#14136=DIRECTION('',(0.,-1.,0.));
#14137=DIRECTION('',(0.,0.,-1.));
#14138=DIRECTION('',(0.,-1.,0.));
#14139=DIRECTION('',(-0.614212712689668,0.,0.789140509396394));
#14140=DIRECTION('',(0.,-1.,0.));
#14141=DIRECTION('',(-0.614212712689668,0.,0.789140509396394));
#14142=DIRECTION('',(0.,-1.,0.));
#14143=DIRECTION('',(-0.614212712689668,0.,0.789140509396394));
#14144=DIRECTION('',(0.,1.,0.));
#14145=DIRECTION('',(1.,0.,0.));
#14146=DIRECTION('',(0.,-1.,0.));
#14147=DIRECTION('',(0.,0.,-1.));
#14148=DIRECTION('',(0.,-1.,0.));
#14149=DIRECTION('',(-0.569808057510266,0.,0.821777815225245));
#14150=DIRECTION('',(0.,-1.,0.));
#14151=DIRECTION('',(-0.569808057510266,0.,0.821777815225245));
#14152=DIRECTION('',(0.,-1.,0.));
#14153=DIRECTION('',(-0.569808057510266,0.,0.821777815225245));
#14154=DIRECTION('',(0.,1.,0.));
#14155=DIRECTION('',(1.,0.,0.));
#14156=DIRECTION('',(0.,-1.,0.));
#14157=DIRECTION('',(0.,0.,-1.));
#14158=DIRECTION('',(0.,-1.,0.));
#14159=DIRECTION('',(-0.523672913987878,0.,0.851919408838327));
#14160=DIRECTION('',(0.,-1.,0.));
#14161=DIRECTION('',(-0.523672913987878,0.,0.851919408838327));
#14162=DIRECTION('',(0.,-1.,0.));
#14163=DIRECTION('',(-0.523672913987878,0.,0.851919408838327));
#14164=DIRECTION('',(0.,1.,0.));
#14165=DIRECTION('',(1.,0.,0.));
#14166=DIRECTION('',(0.,-1.,0.));
#14167=DIRECTION('',(0.,0.,-1.));
#14168=DIRECTION('',(0.,-1.,0.));
#14169=DIRECTION('',(-0.475947393037074,0.,0.879473751206489));
#14170=DIRECTION('',(0.,-1.,0.));
#14171=DIRECTION('',(-0.475947393037074,0.,0.879473751206489));
#14172=DIRECTION('',(0.,-1.,0.));
#14173=DIRECTION('',(-0.475947393037074,0.,0.879473751206489));
#14174=DIRECTION('',(0.,1.,0.));
#14175=DIRECTION('',(1.,0.,0.));
#14176=DIRECTION('',(0.,-1.,0.));
#14177=DIRECTION('',(0.,0.,-1.));
#14178=DIRECTION('',(0.,-1.,0.));
#14179=DIRECTION('',(-0.426776435496404,0.,0.904357160697577));
#14180=DIRECTION('',(0.,-1.,0.));
#14181=DIRECTION('',(-0.426776435496404,0.,0.904357160697577));
#14182=DIRECTION('',(0.,-1.,0.));
#14183=DIRECTION('',(-0.426776435496404,0.,0.904357160697577));
#14184=DIRECTION('',(0.,1.,0.));
#14185=DIRECTION('',(1.,0.,0.));
#14186=DIRECTION('',(0.,-1.,0.));
#14187=DIRECTION('',(0.,0.,-1.));
#14188=DIRECTION('',(0.,-1.,0.));
#14189=DIRECTION('',(-0.376309371947835,0.,0.926494067214802));
#14190=DIRECTION('',(0.,-1.,0.));
#14191=DIRECTION('',(-0.376309371947835,0.,0.926494067214802));
#14192=DIRECTION('',(0.,-1.,0.));
#14193=DIRECTION('',(-0.376309371947835,0.,0.926494067214802));
#14194=DIRECTION('',(0.,1.,0.));
#14195=DIRECTION('',(1.,0.,0.));
#14196=DIRECTION('',(0.,-1.,0.));
#14197=DIRECTION('',(0.,0.,-1.));
#14198=DIRECTION('',(0.,-1.,0.));
#14199=DIRECTION('',(-0.324699469204684,0.,0.945817241700635));
#14200=DIRECTION('',(0.,-1.,0.));
#14201=DIRECTION('',(-0.324699469204684,0.,0.945817241700635));
#14202=DIRECTION('',(0.,-1.,0.));
#14203=DIRECTION('',(-0.324699469204684,0.,0.945817241700635));
#14204=DIRECTION('',(0.,1.,0.));
#14205=DIRECTION('',(1.,0.,0.));
#14206=DIRECTION('',(0.,-1.,0.));
#14207=DIRECTION('',(0.,0.,-1.));
#14208=DIRECTION('',(0.,-1.,0.));
#14209=DIRECTION('',(-0.272103464845335,0.,0.96226800030925));
#14210=DIRECTION('',(0.,-1.,0.));
#14211=DIRECTION('',(-0.272103464845335,0.,0.96226800030925));
#14212=DIRECTION('',(0.,-1.,0.));
#14213=DIRECTION('',(-0.272103464845335,0.,0.96226800030925));
#14214=DIRECTION('',(0.,1.,0.));
#14215=DIRECTION('',(1.,0.,0.));
#14216=DIRECTION('',(0.,-1.,0.));
#14217=DIRECTION('',(0.,0.,-1.));
#14218=DIRECTION('',(0.,-1.,0.));
#14219=DIRECTION('',(-0.218681091206376,0.,0.975796382627436));
#14220=DIRECTION('',(0.,-1.,0.));
#14221=DIRECTION('',(-0.218681091206376,0.,0.975796382627436));
#14222=DIRECTION('',(0.,-1.,0.));
#14223=DIRECTION('',(-0.218681091206376,0.,0.975796382627436));
#14224=DIRECTION('',(0.,1.,0.));
#14225=DIRECTION('',(1.,0.,0.));
#14226=DIRECTION('',(0.,-1.,0.));
#14227=DIRECTION('',(0.,0.,-1.));
#14228=DIRECTION('',(0.,-1.,0.));
#14229=DIRECTION('',(-0.164594590280734,0.,0.986361303402722));
#14230=DIRECTION('',(0.,-1.,0.));
#14231=DIRECTION('',(-0.164594590280734,0.,0.986361303402722));
#14232=DIRECTION('',(0.,-1.,0.));
#14233=DIRECTION('',(-0.164594590280734,0.,0.986361303402722));
#14234=DIRECTION('',(0.,1.,0.));
#14235=DIRECTION('',(1.,0.,0.));
#14236=DIRECTION('',(0.,-1.,0.));
#14237=DIRECTION('',(0.,0.,-1.));
#14238=DIRECTION('',(0.,-1.,0.));
#14239=DIRECTION('',(-0.110008220994079,0.,0.993930677317949));
#14240=DIRECTION('',(0.,-1.,0.));
#14241=DIRECTION('',(-0.110008220994079,0.,0.993930677317949));
#14242=DIRECTION('',(0.,-1.,0.));
#14243=DIRECTION('',(-0.110008220994079,0.,0.993930677317949));
#14244=DIRECTION('',(0.,1.,0.));
#14245=DIRECTION('',(1.,0.,0.));
#14246=DIRECTION('',(0.,-1.,0.));
#14247=DIRECTION('',(0.,0.,-1.));
#14248=DIRECTION('',(0.,-1.,0.));
#14249=DIRECTION('',(-0.0550877603558656,0.,0.998481516433316));
#14250=DIRECTION('',(0.,-1.,0.));
#14251=DIRECTION('',(-0.0550877603558656,0.,0.998481516433316));
#14252=DIRECTION('',(0.,-1.,0.));
#14253=DIRECTION('',(-0.0550877603558656,0.,0.998481516433316));
#14254=DIRECTION('',(0.,1.,0.));
#14255=DIRECTION('',(1.,0.,0.));
#14256=DIRECTION('',(0.,-1.,0.));
#14257=DIRECTION('',(0.,0.,-1.));
#14258=DIRECTION('',(0.,-1.,0.));
#14259=DIRECTION('',(-1.22464679914735E-16,0.,1.));
#14260=DIRECTION('',(0.,-1.,0.));
#14261=DIRECTION('',(-1.22464679914735E-16,0.,1.));
#14262=DIRECTION('',(0.,-1.,0.));
#14263=DIRECTION('',(-1.22464679914735E-16,0.,1.));
#14264=DIRECTION('',(0.,1.,0.));
#14265=DIRECTION('',(1.,0.,0.));
#14266=DIRECTION('',(0.,-1.,0.));
#14267=DIRECTION('',(0.,0.,-1.));
#14268=DIRECTION('',(0.,-1.,0.));
#14269=DIRECTION('',(0.0550877603558653,0.,0.998481516433316));
#14270=DIRECTION('',(0.,-1.,0.));
#14271=DIRECTION('',(0.0550877603558653,0.,0.998481516433316));
#14272=DIRECTION('',(0.,-1.,0.));
#14273=DIRECTION('',(0.0550877603558653,0.,0.998481516433316));
#14274=DIRECTION('',(0.,1.,0.));
#14275=DIRECTION('',(1.,0.,0.));
#14276=DIRECTION('',(0.,-1.,0.));
#14277=DIRECTION('',(0.,0.,-1.));
#14278=DIRECTION('',(0.,-1.,0.));
#14279=DIRECTION('',(0.110008220994079,0.,0.993930677317949));
#14280=DIRECTION('',(0.,-1.,0.));
#14281=DIRECTION('',(0.110008220994079,0.,0.993930677317949));
#14282=DIRECTION('',(0.,-1.,0.));
#14283=DIRECTION('',(0.110008220994079,0.,0.993930677317949));
#14284=DIRECTION('',(0.,1.,0.));
#14285=DIRECTION('',(1.,0.,0.));
#14286=DIRECTION('',(0.,-1.,0.));
#14287=DIRECTION('',(0.,0.,-1.));
#14288=DIRECTION('',(0.,-1.,0.));
#14289=DIRECTION('',(0.164594590280734,0.,0.986361303402722));
#14290=DIRECTION('',(0.,-1.,0.));
#14291=DIRECTION('',(0.164594590280734,0.,0.986361303402722));
#14292=DIRECTION('',(0.,-1.,0.));
#14293=DIRECTION('',(0.164594590280734,0.,0.986361303402722));
#14294=DIRECTION('',(0.,1.,0.));
#14295=DIRECTION('',(1.,0.,0.));
#14296=DIRECTION('',(0.,-1.,0.));
#14297=DIRECTION('',(0.,0.,-1.));
#14298=DIRECTION('',(0.,-1.,0.));
#14299=DIRECTION('',(0.218681091206375,0.,0.975796382627436));
#14300=DIRECTION('',(0.,-1.,0.));
#14301=DIRECTION('',(0.218681091206375,0.,0.975796382627436));
#14302=DIRECTION('',(0.,-1.,0.));
#14303=DIRECTION('',(0.218681091206375,0.,0.975796382627436));
#14304=DIRECTION('',(0.,1.,0.));
#14305=DIRECTION('',(1.,0.,0.));
#14306=DIRECTION('',(0.,-1.,0.));
#14307=DIRECTION('',(0.,0.,-1.));
#14308=DIRECTION('',(0.,-1.,0.));
#14309=DIRECTION('',(0.272103464845335,0.,0.96226800030925));
#14310=DIRECTION('',(0.,-1.,0.));
#14311=DIRECTION('',(0.272103464845335,0.,0.96226800030925));
#14312=DIRECTION('',(0.,-1.,0.));
#14313=DIRECTION('',(0.272103464845335,0.,0.96226800030925));
#14314=DIRECTION('',(0.,1.,0.));
#14315=DIRECTION('',(1.,0.,0.));
#14316=DIRECTION('',(0.,-1.,0.));
#14317=DIRECTION('',(0.,0.,-1.));
#14318=DIRECTION('',(0.,-1.,0.));
#14319=DIRECTION('',(0.324699469204684,0.,0.945817241700635));
#14320=DIRECTION('',(0.,-1.,0.));
#14321=DIRECTION('',(0.324699469204684,0.,0.945817241700635));
#14322=DIRECTION('',(0.,-1.,0.));
#14323=DIRECTION('',(0.324699469204684,0.,0.945817241700635));
#14324=DIRECTION('',(0.,1.,0.));
#14325=DIRECTION('',(1.,0.,0.));
#14326=DIRECTION('',(0.,-1.,0.));
#14327=DIRECTION('',(0.,0.,-1.));
#14328=DIRECTION('',(0.,-1.,0.));
#14329=DIRECTION('',(0.376309371947835,0.,0.926494067214802));
#14330=DIRECTION('',(0.,-1.,0.));
#14331=DIRECTION('',(0.376309371947835,0.,0.926494067214802));
#14332=DIRECTION('',(0.,-1.,0.));
#14333=DIRECTION('',(0.376309371947835,0.,0.926494067214802));
#14334=DIRECTION('',(0.,1.,0.));
#14335=DIRECTION('',(1.,0.,0.));
#14336=DIRECTION('',(0.,-1.,0.));
#14337=DIRECTION('',(0.,0.,-1.));
#14338=DIRECTION('',(0.,-1.,0.));
#14339=DIRECTION('',(0.426776435496403,0.,0.904357160697578));
#14340=DIRECTION('',(0.,-1.,0.));
#14341=DIRECTION('',(0.426776435496403,0.,0.904357160697578));
#14342=DIRECTION('',(0.,-1.,0.));
#14343=DIRECTION('',(0.426776435496403,0.,0.904357160697578));
#14344=DIRECTION('',(0.,1.,0.));
#14345=DIRECTION('',(1.,0.,0.));
#14346=DIRECTION('',(0.,-1.,0.));
#14347=DIRECTION('',(0.,0.,-1.));
#14348=DIRECTION('',(0.,-1.,0.));
#14349=DIRECTION('',(0.475947393037074,0.,0.879473751206489));
#14350=DIRECTION('',(0.,-1.,0.));
#14351=DIRECTION('',(0.475947393037074,0.,0.879473751206489));
#14352=DIRECTION('',(0.,-1.,0.));
#14353=DIRECTION('',(0.475947393037074,0.,0.879473751206489));
#14354=DIRECTION('',(0.,1.,0.));
#14355=DIRECTION('',(1.,0.,0.));
#14356=DIRECTION('',(0.,-1.,0.));
#14357=DIRECTION('',(0.,0.,-1.));
#14358=DIRECTION('',(0.,-1.,0.));
#14359=DIRECTION('',(0.523672913987878,0.,0.851919408838327));
#14360=DIRECTION('',(0.,-1.,0.));
#14361=DIRECTION('',(0.523672913987878,0.,0.851919408838327));
#14362=DIRECTION('',(0.,-1.,0.));
#14363=DIRECTION('',(0.523672913987878,0.,0.851919408838327));
#14364=DIRECTION('',(0.,1.,0.));
#14365=DIRECTION('',(1.,0.,0.));
#14366=DIRECTION('',(0.,-1.,0.));
#14367=DIRECTION('',(0.,0.,-1.));
#14368=DIRECTION('',(0.,-1.,0.));
#14369=DIRECTION('',(0.569808057510266,0.,0.821777815225245));
#14370=DIRECTION('',(0.,-1.,0.));
#14371=DIRECTION('',(0.569808057510266,0.,0.821777815225245));
#14372=DIRECTION('',(0.,-1.,0.));
#14373=DIRECTION('',(0.569808057510266,0.,0.821777815225245));
#14374=DIRECTION('',(0.,1.,0.));
#14375=DIRECTION('',(1.,0.,0.));
#14376=DIRECTION('',(0.,-1.,0.));
#14377=DIRECTION('',(0.,0.,-1.));
#14378=DIRECTION('',(0.,-1.,0.));
#14379=DIRECTION('',(0.614212712689668,0.,0.789140509396394));
#14380=DIRECTION('',(0.,-1.,0.));
#14381=DIRECTION('',(0.614212712689668,0.,0.789140509396394));
#14382=DIRECTION('',(0.,-1.,0.));
#14383=DIRECTION('',(0.614212712689668,0.,0.789140509396394));
#14384=DIRECTION('',(0.,1.,0.));
#14385=DIRECTION('',(1.,0.,0.));
#14386=DIRECTION('',(0.,-1.,0.));
#14387=DIRECTION('',(0.,0.,-1.));
#14388=DIRECTION('',(0.,-1.,0.));
#14389=DIRECTION('',(0.656752024047734,0.,0.754106609776896));
#14390=DIRECTION('',(0.,-1.,0.));
#14391=DIRECTION('',(0.656752024047734,0.,0.754106609776896));
#14392=DIRECTION('',(0.,-1.,0.));
#14393=DIRECTION('',(0.656752024047734,0.,0.754106609776896));
#14394=DIRECTION('',(0.,1.,0.));
#14395=DIRECTION('',(1.,0.,0.));
#14396=DIRECTION('',(0.,-1.,0.));
#14397=DIRECTION('',(0.,0.,-1.));
#14398=DIRECTION('',(0.,-1.,0.));
#14399=DIRECTION('',(0.697296801093995,0.,0.716782513168451));
#14400=DIRECTION('',(0.,-1.,0.));
#14401=DIRECTION('',(0.697296801093995,0.,0.716782513168451));
#14402=DIRECTION('',(0.,-1.,0.));
#14403=DIRECTION('',(0.697296801093995,0.,0.716782513168451));
#14404=DIRECTION('',(0.,1.,0.));
#14405=DIRECTION('',(1.,0.,0.));
#14406=DIRECTION('',(0.,-1.,0.));
#14407=DIRECTION('',(0.,0.,-1.));
#14408=DIRECTION('',(0.,-1.,0.));
#14409=DIRECTION('',(0.735723910673132,0.,0.677281571625741));
#14410=DIRECTION('',(0.,-1.,0.));
#14411=DIRECTION('',(0.735723910673132,0.,0.677281571625741));
#14412=DIRECTION('',(0.,-1.,0.));
#14413=DIRECTION('',(0.735723910673132,0.,0.677281571625741));
#14414=DIRECTION('',(0.,1.,0.));
#14415=DIRECTION('',(1.,0.,0.));
#14416=DIRECTION('',(0.,-1.,0.));
#14417=DIRECTION('',(0.,0.,-1.));
#14418=DIRECTION('',(0.,-1.,0.));
#14419=DIRECTION('',(0.771916650916321,0.,0.635723748209968));
#14420=DIRECTION('',(0.,-1.,0.));
#14421=DIRECTION('',(0.771916650916321,0.,0.635723748209968));
#14422=DIRECTION('',(0.,-1.,0.));
#14423=DIRECTION('',(0.771916650916321,0.,0.635723748209968));
#14424=DIRECTION('',(0.,1.,0.));
#14425=DIRECTION('',(1.,0.,0.));
#14426=DIRECTION('',(0.,-1.,0.));
#14427=DIRECTION('',(0.,0.,-1.));
#14428=DIRECTION('',(0.,-1.,0.));
#14429=DIRECTION('',(0.805765105660978,0.,0.59223525266498));
#14430=DIRECTION('',(0.,-1.,0.));
#14431=DIRECTION('',(0.805765105660978,0.,0.59223525266498));
#14432=DIRECTION('',(0.,-1.,0.));
#14433=DIRECTION('',(0.805765105660978,0.,0.59223525266498));
#14434=DIRECTION('',(0.,1.,0.));
#14435=DIRECTION('',(1.,0.,0.));
#14436=DIRECTION('',(0.,-1.,0.));
#14437=DIRECTION('',(0.,0.,-1.));
#14438=DIRECTION('',(0.,-1.,0.));
#14439=DIRECTION('',(0.837166478262529,0.,0.546948158122427));
#14440=DIRECTION('',(0.,-1.,0.));
#14441=DIRECTION('',(0.837166478262529,0.,0.546948158122427));
#14442=DIRECTION('',(0.,-1.,0.));
#14443=DIRECTION('',(0.837166478262529,0.,0.546948158122427));
#14444=DIRECTION('',(0.,1.,0.));
#14445=DIRECTION('',(1.,0.,0.));
#14446=DIRECTION('',(0.,-1.,0.));
#14447=DIRECTION('',(0.,0.,-1.));
#14448=DIRECTION('',(0.,-1.,0.));
#14449=DIRECTION('',(0.866025403784438,0.,0.5));
#14450=DIRECTION('',(0.,-1.,0.));
#14451=DIRECTION('',(0.866025403784438,0.,0.5));
#14452=DIRECTION('',(0.,-1.,0.));
#14453=DIRECTION('',(0.866025403784438,0.,0.5));
#14454=DIRECTION('',(0.,1.,0.));
#14455=DIRECTION('',(1.,0.,0.));
#14456=DIRECTION('',(0.,-1.,0.));
#14457=DIRECTION('',(0.,0.,-1.));
#14458=DIRECTION('',(0.,-1.,0.));
#14459=DIRECTION('',(0.892254238618394,0.,0.451533358310889));
#14460=DIRECTION('',(0.,-1.,0.));
#14461=DIRECTION('',(0.892254238618394,0.,0.451533358310889));
#14462=DIRECTION('',(0.,-1.,0.));
#14463=DIRECTION('',(0.892254238618394,0.,0.451533358310889));
#14464=DIRECTION('',(0.,1.,0.));
#14465=DIRECTION('',(1.,0.,0.));
#14466=DIRECTION('',(0.,-1.,0.));
#14467=DIRECTION('',(0.,0.,-1.));
#14468=DIRECTION('',(0.,-1.,0.));
#14469=DIRECTION('',(0.915773326655057,0.,0.40169542465297));
#14470=DIRECTION('',(0.,-1.,0.));
#14471=DIRECTION('',(0.915773326655057,0.,0.40169542465297));
#14472=DIRECTION('',(0.,-1.,0.));
#14473=DIRECTION('',(0.915773326655057,0.,0.40169542465297));
#14474=DIRECTION('',(0.,1.,0.));
#14475=DIRECTION('',(1.,0.,0.));
#14476=DIRECTION('',(0.,-1.,0.));
#14477=DIRECTION('',(0.,0.,-1.));
#14478=DIRECTION('',(0.,-1.,0.));
#14479=DIRECTION('',(0.936511241197055,0.,0.350637555192754));
#14480=DIRECTION('',(0.,-1.,0.));
#14481=DIRECTION('',(0.936511241197055,0.,0.350637555192754));
#14482=DIRECTION('',(0.,-1.,0.));
#14483=DIRECTION('',(0.936511241197055,0.,0.350637555192754));
#14484=DIRECTION('',(0.,1.,0.));
#14485=DIRECTION('',(1.,0.,0.));
#14486=DIRECTION('',(0.,-1.,0.));
#14487=DIRECTION('',(0.,0.,-1.));
#14488=DIRECTION('',(0.,-1.,0.));
#14489=DIRECTION('',(0.954405001879507,0.,0.298514811001695));
#14490=DIRECTION('',(0.,-1.,0.));
#14491=DIRECTION('',(0.954405001879507,0.,0.298514811001695));
#14492=DIRECTION('',(0.,-1.,0.));
#14493=DIRECTION('',(0.954405001879507,0.,0.298514811001695));
#14494=DIRECTION('',(0.,1.,0.));
#14495=DIRECTION('',(1.,0.,0.));
#14496=DIRECTION('',(0.,-1.,0.));
#14497=DIRECTION('',(0.,0.,-1.));
#14498=DIRECTION('',(0.,-1.,0.));
#14499=DIRECTION('',(0.96940026593933,0.,0.245485487140799));
#14500=DIRECTION('',(0.,-1.,0.));
#14501=DIRECTION('',(0.96940026593933,0.,0.245485487140799));
#14502=DIRECTION('',(0.,-1.,0.));
#14503=DIRECTION('',(0.96940026593933,0.,0.245485487140799));
#14504=DIRECTION('',(0.,1.,0.));
#14505=DIRECTION('',(1.,0.,0.));
#14506=DIRECTION('',(0.,-1.,0.));
#14507=DIRECTION('',(0.,0.,-1.));
#14508=DIRECTION('',(0.,-1.,0.));
#14509=DIRECTION('',(0.981451493252418,0.,0.191710631923739));
#14510=DIRECTION('',(0.,-1.,0.));
#14511=DIRECTION('',(0.981451493252418,0.,0.191710631923739));
#14512=DIRECTION('',(0.,-1.,0.));
#14513=DIRECTION('',(0.981451493252418,0.,0.191710631923739));
#14514=DIRECTION('',(0.,1.,0.));
#14515=DIRECTION('',(1.,0.,0.));
#14516=DIRECTION('',(0.,-1.,0.));
#14517=DIRECTION('',(0.,0.,-1.));
#14518=DIRECTION('',(0.,-1.,0.));
#14519=DIRECTION('',(0.990522084637503,0.,0.137353557818408));
#14520=DIRECTION('',(0.,-1.,0.));
#14521=DIRECTION('',(0.990522084637503,0.,0.137353557818408));
#14522=DIRECTION('',(0.,-1.,0.));
#14523=DIRECTION('',(0.990522084637503,0.,0.137353557818408));
#14524=DIRECTION('',(0.,1.,0.));
#14525=DIRECTION('',(1.,0.,0.));
#14526=DIRECTION('',(0.,-1.,0.));
#14527=DIRECTION('',(0.,0.,-1.));
#14528=DIRECTION('',(0.,-1.,0.));
#14529=DIRECTION('',(0.99658449300667,0.,0.0825793454723327));
#14530=DIRECTION('',(0.,-1.,0.));
#14531=DIRECTION('',(0.99658449300667,0.,0.0825793454723327));
#14532=DIRECTION('',(0.,-1.,0.));
#14533=DIRECTION('',(0.99658449300667,0.,0.0825793454723327));
#14534=DIRECTION('',(0.,1.,0.));
#14535=DIRECTION('',(1.,0.,0.));
#14536=DIRECTION('',(0.,-1.,0.));
#14537=DIRECTION('',(0.,0.,-1.));
#14538=DIRECTION('',(0.,-1.,0.));
#14539=DIRECTION('',(0.999620307024951,0.,0.0275543423681619));
#14540=DIRECTION('',(0.,-1.,0.));
#14541=DIRECTION('',(0.999620307024951,0.,0.0275543423681619));
#14542=DIRECTION('',(0.,-1.,0.));
#14543=DIRECTION('',(0.999620307024951,0.,0.0275543423681619));
#14544=DIRECTION('',(0.,1.,0.));
#14545=DIRECTION('',(1.,0.,0.));
#14546=DIRECTION('',(0.,-1.,0.));
#14547=DIRECTION('',(0.,0.,-1.));
#14548=DIRECTION('',(0.,-1.,0.));
#14549=DIRECTION('',(0.999620307024951,0.,-0.0275543423681616));
#14550=DIRECTION('',(0.,-1.,0.));
#14551=DIRECTION('',(0.999620307024951,0.,-0.0275543423681616));
#14552=DIRECTION('',(0.,-1.,0.));
#14553=DIRECTION('',(0.999620307024951,0.,-0.0275543423681616));
#14554=DIRECTION('',(0.,1.,0.));
#14555=DIRECTION('',(1.,0.,0.));
#14556=DIRECTION('',(0.,-1.,0.));
#14557=DIRECTION('',(0.,0.,-1.));
#14558=DIRECTION('',(0.,-1.,0.));
#14559=DIRECTION('',(0.99658449300667,0.,-0.0825793454723324));
#14560=DIRECTION('',(0.,-1.,0.));
#14561=DIRECTION('',(0.99658449300667,0.,-0.0825793454723324));
#14562=DIRECTION('',(0.,-1.,0.));
#14563=DIRECTION('',(0.99658449300667,0.,-0.0825793454723324));
#14564=DIRECTION('',(0.,1.,0.));
#14565=DIRECTION('',(1.,0.,0.));
#14566=DIRECTION('',(0.,-1.,0.));
#14567=DIRECTION('',(0.,0.,-1.));
#14568=DIRECTION('',(0.,-1.,0.));
#14569=DIRECTION('',(0.990522084637503,0.,-0.137353557818408));
#14570=DIRECTION('',(0.,-1.,0.));
#14571=DIRECTION('',(0.990522084637503,0.,-0.137353557818408));
#14572=DIRECTION('',(0.,-1.,0.));
#14573=DIRECTION('',(0.990522084637503,0.,-0.137353557818408));
#14574=DIRECTION('',(0.,1.,0.));
#14575=DIRECTION('',(1.,0.,0.));
#14576=DIRECTION('',(0.,-1.,0.));
#14577=DIRECTION('',(0.,0.,-1.));
#14578=DIRECTION('',(0.,-1.,0.));
#14579=DIRECTION('',(0.981451493252418,0.,-0.191710631923739));
#14580=DIRECTION('',(0.,-1.,0.));
#14581=DIRECTION('',(0.981451493252418,0.,-0.191710631923739));
#14582=DIRECTION('',(0.,-1.,0.));
#14583=DIRECTION('',(0.981451493252418,0.,-0.191710631923739));
#14584=DIRECTION('',(0.,1.,0.));
#14585=DIRECTION('',(1.,0.,0.));
#14586=DIRECTION('',(0.,-1.,0.));
#14587=DIRECTION('',(0.,0.,-1.));
#14588=DIRECTION('',(0.,-1.,0.));
#14589=DIRECTION('',(0.96940026593933,0.,-0.245485487140799));
#14590=DIRECTION('',(0.,-1.,0.));
#14591=DIRECTION('',(0.96940026593933,0.,-0.245485487140799));
#14592=DIRECTION('',(0.,-1.,0.));
#14593=DIRECTION('',(0.96940026593933,0.,-0.245485487140799));
#14594=DIRECTION('',(0.,1.,0.));
#14595=DIRECTION('',(1.,0.,0.));
#14596=DIRECTION('',(0.,-1.,0.));
#14597=DIRECTION('',(0.,0.,-1.));
#14598=DIRECTION('',(0.,-1.,0.));
#14599=DIRECTION('',(0.954405001879507,0.,-0.298514811001694));
#14600=DIRECTION('',(0.,-1.,0.));
#14601=DIRECTION('',(0.954405001879507,0.,-0.298514811001694));
#14602=DIRECTION('',(0.,-1.,0.));
#14603=DIRECTION('',(0.954405001879507,0.,-0.298514811001694));
#14604=DIRECTION('',(0.,1.,0.));
#14605=DIRECTION('',(1.,0.,0.));
#14606=DIRECTION('',(0.,-1.,0.));
#14607=DIRECTION('',(0.,0.,-1.));
#14608=DIRECTION('',(0.,-1.,0.));
#14609=DIRECTION('',(0.936511241197055,0.,-0.350637555192754));
#14610=DIRECTION('',(0.,-1.,0.));
#14611=DIRECTION('',(0.936511241197055,0.,-0.350637555192754));
#14612=DIRECTION('',(0.,-1.,0.));
#14613=DIRECTION('',(0.936511241197055,0.,-0.350637555192754));
#14614=DIRECTION('',(0.,1.,0.));
#14615=DIRECTION('',(1.,0.,0.));
#14616=DIRECTION('',(0.,-1.,0.));
#14617=DIRECTION('',(0.,0.,-1.));
#14618=DIRECTION('',(0.,-1.,0.));
#14619=DIRECTION('',(0.915773326655057,0.,-0.40169542465297));
#14620=DIRECTION('',(0.,-1.,0.));
#14621=DIRECTION('',(0.915773326655057,0.,-0.40169542465297));
#14622=DIRECTION('',(0.,-1.,0.));
#14623=DIRECTION('',(0.915773326655057,0.,-0.40169542465297));
#14624=DIRECTION('',(0.,1.,0.));
#14625=DIRECTION('',(1.,0.,0.));
#14626=DIRECTION('',(0.,-1.,0.));
#14627=DIRECTION('',(0.,0.,-1.));
#14628=DIRECTION('',(0.,-1.,0.));
#14629=DIRECTION('',(0.892254238618394,0.,-0.451533358310889));
#14630=DIRECTION('',(0.,-1.,0.));
#14631=DIRECTION('',(0.892254238618394,0.,-0.451533358310889));
#14632=DIRECTION('',(0.,-1.,0.));
#14633=DIRECTION('',(0.892254238618394,0.,-0.451533358310889));
#14634=DIRECTION('',(0.,1.,0.));
#14635=DIRECTION('',(1.,0.,0.));
#14636=DIRECTION('',(0.,-1.,0.));
#14637=DIRECTION('',(0.,0.,-1.));
#14638=DIRECTION('',(0.,-1.,0.));
#14639=DIRECTION('',(0.866025403784439,0.,-0.5));
#14640=DIRECTION('',(0.,-1.,0.));
#14641=DIRECTION('',(0.866025403784439,0.,-0.5));
#14642=DIRECTION('',(0.,-1.,0.));
#14643=DIRECTION('',(0.866025403784439,0.,-0.5));
#14644=DIRECTION('',(0.,1.,0.));
#14645=DIRECTION('',(1.,0.,0.));
#14646=DIRECTION('',(0.,-1.,0.));
#14647=DIRECTION('',(0.,0.,-1.));
#14648=DIRECTION('',(0.,-1.,0.));
#14649=DIRECTION('',(0.837166478262529,0.,-0.546948158122427));
#14650=DIRECTION('',(0.,-1.,0.));
#14651=DIRECTION('',(0.837166478262529,0.,-0.546948158122427));
#14652=DIRECTION('',(0.,-1.,0.));
#14653=DIRECTION('',(0.837166478262529,0.,-0.546948158122427));
#14654=DIRECTION('',(0.,1.,0.));
#14655=DIRECTION('',(1.,0.,0.));
#14656=DIRECTION('',(0.,-1.,0.));
#14657=DIRECTION('',(0.,0.,-1.));
#14658=DIRECTION('',(0.,-1.,0.));
#14659=DIRECTION('',(0.805765105660978,0.,-0.59223525266498));
#14660=DIRECTION('',(0.,-1.,0.));
#14661=DIRECTION('',(0.805765105660978,0.,-0.59223525266498));
#14662=DIRECTION('',(0.,-1.,0.));
#14663=DIRECTION('',(0.805765105660978,0.,-0.59223525266498));
#14664=DIRECTION('',(0.,1.,0.));
#14665=DIRECTION('',(1.,0.,0.));
#14666=DIRECTION('',(0.,-1.,0.));
#14667=DIRECTION('',(0.,0.,-1.));
#14668=DIRECTION('',(0.,-1.,0.));
#14669=DIRECTION('',(0.771916650916321,0.,-0.635723748209968));
#14670=DIRECTION('',(0.,-1.,0.));
#14671=DIRECTION('',(0.771916650916321,0.,-0.635723748209968));
#14672=DIRECTION('',(0.,-1.,0.));
#14673=DIRECTION('',(0.771916650916321,0.,-0.635723748209968));
#14674=DIRECTION('',(0.,1.,0.));
#14675=DIRECTION('',(1.,0.,0.));
#14676=DIRECTION('',(0.,-1.,0.));
#14677=DIRECTION('',(0.,0.,-1.));
#14678=DIRECTION('',(0.,-1.,0.));
#14679=DIRECTION('',(0.735723910673132,0.,-0.677281571625741));
#14680=DIRECTION('',(0.,-1.,0.));
#14681=DIRECTION('',(0.735723910673132,0.,-0.677281571625741));
#14682=DIRECTION('',(0.,-1.,0.));
#14683=DIRECTION('',(0.735723910673132,0.,-0.677281571625741));
#14684=DIRECTION('',(0.,1.,0.));
#14685=DIRECTION('',(1.,0.,0.));
#14686=DIRECTION('',(0.,-1.,0.));
#14687=DIRECTION('',(0.,0.,-1.));
#14688=DIRECTION('',(0.,-1.,0.));
#14689=DIRECTION('',(0.697296801093996,0.,-0.716782513168451));
#14690=DIRECTION('',(0.,-1.,0.));
#14691=DIRECTION('',(0.697296801093996,0.,-0.716782513168451));
#14692=DIRECTION('',(0.,-1.,0.));
#14693=DIRECTION('',(0.697296801093996,0.,-0.716782513168451));
#14694=DIRECTION('',(0.,1.,0.));
#14695=DIRECTION('',(1.,0.,0.));
#14696=DIRECTION('',(0.,-1.,0.));
#14697=DIRECTION('',(0.,0.,-1.));
#14698=DIRECTION('',(0.,-1.,0.));
#14699=DIRECTION('',(0.656752024047734,0.,-0.754106609776896));
#14700=DIRECTION('',(0.,-1.,0.));
#14701=DIRECTION('',(0.656752024047734,0.,-0.754106609776896));
#14702=DIRECTION('',(0.,-1.,0.));
#14703=DIRECTION('',(0.656752024047734,0.,-0.754106609776896));
#14704=DIRECTION('',(0.,1.,0.));
#14705=DIRECTION('',(1.,0.,0.));
#14706=DIRECTION('',(0.,-1.,0.));
#14707=DIRECTION('',(0.,0.,-1.));
#14708=DIRECTION('',(0.,-1.,0.));
#14709=DIRECTION('',(0.614212712689668,0.,-0.789140509396393));
#14710=DIRECTION('',(0.,-1.,0.));
#14711=DIRECTION('',(0.614212712689668,0.,-0.789140509396393));
#14712=DIRECTION('',(0.,-1.,0.));
#14713=DIRECTION('',(0.614212712689668,0.,-0.789140509396393));
#14714=DIRECTION('',(0.,1.,0.));
#14715=DIRECTION('',(1.,0.,0.));
#14716=DIRECTION('',(0.,-1.,0.));
#14717=DIRECTION('',(0.,0.,-1.));
#14718=DIRECTION('',(0.,-1.,0.));
#14719=DIRECTION('',(0.569808057510266,0.,-0.821777815225245));
#14720=DIRECTION('',(0.,-1.,0.));
#14721=DIRECTION('',(0.569808057510266,0.,-0.821777815225245));
#14722=DIRECTION('',(0.,-1.,0.));
#14723=DIRECTION('',(0.569808057510266,0.,-0.821777815225245));
#14724=DIRECTION('',(0.,1.,0.));
#14725=DIRECTION('',(1.,0.,0.));
#14726=DIRECTION('',(0.,-1.,0.));
#14727=DIRECTION('',(0.,0.,-1.));
#14728=DIRECTION('',(0.,-1.,0.));
#14729=DIRECTION('',(0.523672913987878,0.,-0.851919408838327));
#14730=DIRECTION('',(0.,-1.,0.));
#14731=DIRECTION('',(0.523672913987878,0.,-0.851919408838327));
#14732=DIRECTION('',(0.,-1.,0.));
#14733=DIRECTION('',(0.523672913987878,0.,-0.851919408838327));
#14734=DIRECTION('',(0.,1.,0.));
#14735=DIRECTION('',(1.,0.,0.));
#14736=DIRECTION('',(0.,-1.,0.));
#14737=DIRECTION('',(0.,0.,-1.));
#14738=DIRECTION('',(0.,-1.,0.));
#14739=DIRECTION('',(0.475947393037073,0.,-0.879473751206489));
#14740=DIRECTION('',(0.,-1.,0.));
#14741=DIRECTION('',(0.475947393037073,0.,-0.879473751206489));
#14742=DIRECTION('',(0.,-1.,0.));
#14743=DIRECTION('',(0.475947393037073,0.,-0.879473751206489));
#14744=DIRECTION('',(0.,1.,0.));
#14745=DIRECTION('',(1.,0.,0.));
#14746=DIRECTION('',(0.,-1.,0.));
#14747=DIRECTION('',(0.,0.,-1.));
#14748=DIRECTION('',(0.,-1.,0.));
#14749=DIRECTION('',(0.426776435496404,0.,-0.904357160697577));
#14750=DIRECTION('',(0.,-1.,0.));
#14751=DIRECTION('',(0.426776435496404,0.,-0.904357160697577));
#14752=DIRECTION('',(0.,-1.,0.));
#14753=DIRECTION('',(0.426776435496404,0.,-0.904357160697577));
#14754=DIRECTION('',(0.,1.,0.));
#14755=DIRECTION('',(1.,0.,0.));
#14756=DIRECTION('',(0.,-1.,0.));
#14757=DIRECTION('',(0.,0.,-1.));
#14758=DIRECTION('',(0.,-1.,0.));
#14759=DIRECTION('',(0.376309371947835,0.,-0.926494067214802));
#14760=DIRECTION('',(0.,-1.,0.));
#14761=DIRECTION('',(0.376309371947835,0.,-0.926494067214802));
#14762=DIRECTION('',(0.,-1.,0.));
#14763=DIRECTION('',(0.376309371947835,0.,-0.926494067214802));
#14764=DIRECTION('',(0.,1.,0.));
#14765=DIRECTION('',(1.,0.,0.));
#14766=DIRECTION('',(0.,-1.,0.));
#14767=DIRECTION('',(0.,0.,-1.));
#14768=DIRECTION('',(0.,-1.,0.));
#14769=DIRECTION('',(0.324699469204684,0.,-0.945817241700635));
#14770=DIRECTION('',(0.,-1.,0.));
#14771=DIRECTION('',(0.324699469204684,0.,-0.945817241700635));
#14772=DIRECTION('',(0.,-1.,0.));
#14773=DIRECTION('',(0.324699469204684,0.,-0.945817241700635));
#14774=DIRECTION('',(0.,1.,0.));
#14775=DIRECTION('',(1.,0.,0.));
#14776=DIRECTION('',(0.,-1.,0.));
#14777=DIRECTION('',(0.,0.,-1.));
#14778=DIRECTION('',(0.,-1.,0.));
#14779=DIRECTION('',(0.272103464845335,0.,-0.96226800030925));
#14780=DIRECTION('',(0.,-1.,0.));
#14781=DIRECTION('',(0.272103464845335,0.,-0.96226800030925));
#14782=DIRECTION('',(0.,-1.,0.));
#14783=DIRECTION('',(0.272103464845335,0.,-0.96226800030925));
#14784=DIRECTION('',(0.,1.,0.));
#14785=DIRECTION('',(1.,0.,0.));
#14786=DIRECTION('',(0.,-1.,0.));
#14787=DIRECTION('',(0.,0.,-1.));
#14788=DIRECTION('',(0.,-1.,0.));
#14789=DIRECTION('',(0.218681091206376,0.,-0.975796382627436));
#14790=DIRECTION('',(0.,-1.,0.));
#14791=DIRECTION('',(0.218681091206376,0.,-0.975796382627436));
#14792=DIRECTION('',(0.,-1.,0.));
#14793=DIRECTION('',(0.218681091206376,0.,-0.975796382627436));
#14794=DIRECTION('',(0.,1.,0.));
#14795=DIRECTION('',(1.,0.,0.));
#14796=DIRECTION('',(0.,-1.,0.));
#14797=DIRECTION('',(0.,0.,-1.));
#14798=DIRECTION('',(0.,-1.,0.));
#14799=DIRECTION('',(0.164594590280734,0.,-0.986361303402722));
#14800=DIRECTION('',(0.,-1.,0.));
#14801=DIRECTION('',(0.164594590280734,0.,-0.986361303402722));
#14802=DIRECTION('',(0.,-1.,0.));
#14803=DIRECTION('',(0.164594590280734,0.,-0.986361303402722));
#14804=DIRECTION('',(0.,1.,0.));
#14805=DIRECTION('',(1.,0.,0.));
#14806=DIRECTION('',(0.,-1.,0.));
#14807=DIRECTION('',(0.,0.,-1.));
#14808=DIRECTION('',(0.,-1.,0.));
#14809=DIRECTION('',(0.11000822099408,0.,-0.993930677317949));
#14810=DIRECTION('',(0.,-1.,0.));
#14811=DIRECTION('',(0.11000822099408,0.,-0.993930677317949));
#14812=DIRECTION('',(0.,-1.,0.));
#14813=DIRECTION('',(0.11000822099408,0.,-0.993930677317949));
#14814=DIRECTION('',(0.,1.,0.));
#14815=DIRECTION('',(1.,0.,0.));
#14816=DIRECTION('',(0.,-1.,0.));
#14817=DIRECTION('',(0.,0.,-1.));
#14818=DIRECTION('',(0.,-1.,0.));
#14819=DIRECTION('',(0.0550877603558653,0.,-0.998481516433316));
#14820=DIRECTION('',(0.,-1.,0.));
#14821=DIRECTION('',(0.0550877603558653,0.,-0.998481516433316));
#14822=DIRECTION('',(0.,-1.,0.));
#14823=DIRECTION('',(0.0550877603558653,0.,-0.998481516433316));
#14824=DIRECTION('',(0.,1.,0.));
#14825=DIRECTION('',(1.,0.,0.));
#14826=DIRECTION('',(0.,-1.,0.));
#14827=DIRECTION('',(0.,0.,-1.));
#14828=DIRECTION('',(0.,-1.,0.));
#14829=DIRECTION('',(0.,0.,-1.));
#14830=DIRECTION('',(0.,-1.,0.));
#14831=DIRECTION('',(0.,0.,-1.));
#14832=DIRECTION('',(0.,-1.,0.));
#14833=DIRECTION('',(0.,0.,-1.));
#14834=DIRECTION('',(0.,-1.,0.));
#14835=DIRECTION('',(0.,0.,-1.));
#14836=DIRECTION('',(0.,-1.,0.));
#14837=DIRECTION('',(0.,0.,-1.));
#14838=DIRECTION('',(0.,-1.,0.));
#14839=DIRECTION('',(0.,0.,-1.));
#14840=DIRECTION('',(0.,1.,0.));
#14841=DIRECTION('',(0.,0.,1.));
#14842=DIRECTION('',(0.,-1.,0.));
#14843=DIRECTION('',(0.,0.,-1.));
#14844=DIRECTION('',(0.,1.,0.));
#14845=DIRECTION('',(0.,-1.,0.));
#14846=DIRECTION('',(0.,0.,-1.));
#14847=DIRECTION('',(0.,1.,0.));
#14848=DIRECTION('',(0.,-1.,0.));
#14849=DIRECTION('',(0.0550877603558653,0.,-0.998481516433316));
#14850=DIRECTION('',(0.,-1.,0.));
#14851=DIRECTION('',(0.,1.,0.));
#14852=DIRECTION('',(-0.0550877603558653,0.,0.998481516433316));
#14853=DIRECTION('',(0.,-1.,0.));
#14854=DIRECTION('',(0.,1.,0.));
#14855=DIRECTION('',(0.,-1.,0.));
#14856=DIRECTION('',(0.0550877603558653,0.,-0.998481516433316));
#14857=DIRECTION('',(0.,1.,0.));
#14858=DIRECTION('',(0.,0.,1.));
#14859=DIRECTION('',(0.,-1.,0.));
#14860=DIRECTION('',(0.,0.,-1.));
#14861=DIRECTION('',(0.,1.,0.));
#14862=DIRECTION('',(0.,-1.,0.));
#14863=DIRECTION('',(0.,0.,-1.));
#14864=DIRECTION('',(0.,1.,0.));
#14865=DIRECTION('',(0.,-1.,0.));
#14866=DIRECTION('',(0.11000822099408,0.,-0.993930677317949));
#14867=DIRECTION('',(0.,-1.,0.));
#14868=DIRECTION('',(0.,1.,0.));
#14869=DIRECTION('',(-0.11000822099408,0.,0.993930677317949));
#14870=DIRECTION('',(0.,-1.,0.));
#14871=DIRECTION('',(0.,-1.,0.));
#14872=DIRECTION('',(0.11000822099408,0.,-0.993930677317949));
#14873=DIRECTION('',(0.,1.,0.));
#14874=DIRECTION('',(0.,0.,1.));
#14875=DIRECTION('',(0.,-1.,0.));
#14876=DIRECTION('',(0.,0.,-1.));
#14877=DIRECTION('',(0.,1.,0.));
#14878=DIRECTION('',(0.,-1.,0.));
#14879=DIRECTION('',(0.,0.,-1.));
#14880=DIRECTION('',(0.,1.,0.));
#14881=DIRECTION('',(0.,-1.,0.));
#14882=DIRECTION('',(0.164594590280734,0.,-0.986361303402722));
#14883=DIRECTION('',(0.,-1.,0.));
#14884=DIRECTION('',(0.,1.,0.));
#14885=DIRECTION('',(-0.164594590280734,0.,0.986361303402722));
#14886=DIRECTION('',(0.,-1.,0.));
#14887=DIRECTION('',(0.,-1.,0.));
#14888=DIRECTION('',(0.164594590280734,0.,-0.986361303402722));
#14889=DIRECTION('',(0.,1.,0.));
#14890=DIRECTION('',(0.,0.,1.));
#14891=DIRECTION('',(0.,-1.,0.));
#14892=DIRECTION('',(0.,0.,-1.));
#14893=DIRECTION('',(0.,1.,0.));
#14894=DIRECTION('',(0.,-1.,0.));
#14895=DIRECTION('',(0.,0.,-1.));
#14896=DIRECTION('',(0.,1.,0.));
#14897=DIRECTION('',(0.,-1.,0.));
#14898=DIRECTION('',(0.218681091206376,0.,-0.975796382627436));
#14899=DIRECTION('',(0.,-1.,0.));
#14900=DIRECTION('',(0.,1.,0.));
#14901=DIRECTION('',(-0.218681091206376,0.,0.975796382627436));
#14902=DIRECTION('',(0.,-1.,0.));
#14903=DIRECTION('',(0.,-1.,0.));
#14904=DIRECTION('',(0.218681091206376,0.,-0.975796382627436));
#14905=DIRECTION('',(0.,1.,0.));
#14906=DIRECTION('',(0.,0.,1.));
#14907=DIRECTION('',(0.,-1.,0.));
#14908=DIRECTION('',(0.,0.,-1.));
#14909=DIRECTION('',(0.,1.,0.));
#14910=DIRECTION('',(0.,-1.,0.));
#14911=DIRECTION('',(0.,0.,-1.));
#14912=DIRECTION('',(0.,1.,0.));
#14913=DIRECTION('',(0.,-1.,0.));
#14914=DIRECTION('',(0.272103464845335,0.,-0.96226800030925));
#14915=DIRECTION('',(0.,-1.,0.));
#14916=DIRECTION('',(0.,1.,0.));
#14917=DIRECTION('',(-0.272103464845335,0.,0.96226800030925));
#14918=DIRECTION('',(0.,-1.,0.));
#14919=DIRECTION('',(0.,-1.,0.));
#14920=DIRECTION('',(0.272103464845335,0.,-0.96226800030925));
#14921=DIRECTION('',(0.,1.,0.));
#14922=DIRECTION('',(0.,0.,1.));
#14923=DIRECTION('',(0.,-1.,0.));
#14924=DIRECTION('',(0.,0.,-1.));
#14925=DIRECTION('',(0.,1.,0.));
#14926=DIRECTION('',(0.,-1.,0.));
#14927=DIRECTION('',(0.,0.,-1.));
#14928=DIRECTION('',(0.,1.,0.));
#14929=DIRECTION('',(0.,-1.,0.));
#14930=DIRECTION('',(0.324699469204684,0.,-0.945817241700635));
#14931=DIRECTION('',(0.,-1.,0.));
#14932=DIRECTION('',(0.,1.,0.));
#14933=DIRECTION('',(-0.324699469204684,0.,0.945817241700635));
#14934=DIRECTION('',(0.,-1.,0.));
#14935=DIRECTION('',(0.,-1.,0.));
#14936=DIRECTION('',(0.324699469204684,0.,-0.945817241700635));
#14937=DIRECTION('',(0.,1.,0.));
#14938=DIRECTION('',(0.,0.,1.));
#14939=DIRECTION('',(0.,-1.,0.));
#14940=DIRECTION('',(0.,0.,-1.));
#14941=DIRECTION('',(0.,1.,0.));
#14942=DIRECTION('',(0.,-1.,0.));
#14943=DIRECTION('',(0.,0.,-1.));
#14944=DIRECTION('',(0.,1.,0.));
#14945=DIRECTION('',(0.,-1.,0.));
#14946=DIRECTION('',(0.376309371947835,0.,-0.926494067214802));
#14947=DIRECTION('',(0.,-1.,0.));
#14948=DIRECTION('',(0.,1.,0.));
#14949=DIRECTION('',(-0.376309371947835,0.,0.926494067214802));
#14950=DIRECTION('',(0.,-1.,0.));
#14951=DIRECTION('',(0.,-1.,0.));
#14952=DIRECTION('',(0.376309371947835,0.,-0.926494067214802));
#14953=DIRECTION('',(0.,1.,0.));
#14954=DIRECTION('',(0.,0.,1.));
#14955=DIRECTION('',(0.,-1.,0.));
#14956=DIRECTION('',(0.,0.,-1.));
#14957=DIRECTION('',(0.,1.,0.));
#14958=DIRECTION('',(0.,-1.,0.));
#14959=DIRECTION('',(0.,0.,-1.));
#14960=DIRECTION('',(0.,1.,0.));
#14961=DIRECTION('',(0.,-1.,0.));
#14962=DIRECTION('',(0.426776435496404,0.,-0.904357160697577));
#14963=DIRECTION('',(0.,-1.,0.));
#14964=DIRECTION('',(0.,1.,0.));
#14965=DIRECTION('',(-0.426776435496404,0.,0.904357160697577));
#14966=DIRECTION('',(0.,-1.,0.));
#14967=DIRECTION('',(0.,-1.,0.));
#14968=DIRECTION('',(0.426776435496404,0.,-0.904357160697577));
#14969=DIRECTION('',(0.,1.,0.));
#14970=DIRECTION('',(0.,0.,1.));
#14971=DIRECTION('',(0.,-1.,0.));
#14972=DIRECTION('',(0.,0.,-1.));
#14973=DIRECTION('',(0.,1.,0.));
#14974=DIRECTION('',(0.,-1.,0.));
#14975=DIRECTION('',(0.,0.,-1.));
#14976=DIRECTION('',(0.,1.,0.));
#14977=DIRECTION('',(0.,-1.,0.));
#14978=DIRECTION('',(0.475947393037073,0.,-0.879473751206489));
#14979=DIRECTION('',(0.,-1.,0.));
#14980=DIRECTION('',(0.,1.,0.));
#14981=DIRECTION('',(-0.475947393037073,0.,0.879473751206489));
#14982=DIRECTION('',(0.,-1.,0.));
#14983=DIRECTION('',(0.,-1.,0.));
#14984=DIRECTION('',(0.475947393037073,0.,-0.879473751206489));
#14985=DIRECTION('',(0.,1.,0.));
#14986=DIRECTION('',(0.,0.,1.));
#14987=DIRECTION('',(0.,-1.,0.));
#14988=DIRECTION('',(0.,0.,-1.));
#14989=DIRECTION('',(0.,1.,0.));
#14990=DIRECTION('',(0.,-1.,0.));
#14991=DIRECTION('',(0.,0.,-1.));
#14992=DIRECTION('',(0.,1.,0.));
#14993=DIRECTION('',(0.,-1.,0.));
#14994=DIRECTION('',(0.523672913987878,0.,-0.851919408838327));
#14995=DIRECTION('',(0.,-1.,0.));
#14996=DIRECTION('',(0.,1.,0.));
#14997=DIRECTION('',(-0.523672913987878,0.,0.851919408838327));
#14998=DIRECTION('',(0.,-1.,0.));
#14999=DIRECTION('',(0.,-1.,0.));
#15000=DIRECTION('',(0.523672913987878,0.,-0.851919408838327));
#15001=DIRECTION('',(0.,1.,0.));
#15002=DIRECTION('',(0.,0.,1.));
#15003=DIRECTION('',(0.,-1.,0.));
#15004=DIRECTION('',(0.,0.,-1.));
#15005=DIRECTION('',(0.,1.,0.));
#15006=DIRECTION('',(0.,-1.,0.));
#15007=DIRECTION('',(0.,0.,-1.));
#15008=DIRECTION('',(0.,1.,0.));
#15009=DIRECTION('',(0.,-1.,0.));
#15010=DIRECTION('',(0.569808057510266,0.,-0.821777815225245));
#15011=DIRECTION('',(0.,-1.,0.));
#15012=DIRECTION('',(0.,1.,0.));
#15013=DIRECTION('',(-0.569808057510266,0.,0.821777815225245));
#15014=DIRECTION('',(0.,-1.,0.));
#15015=DIRECTION('',(0.,-1.,0.));
#15016=DIRECTION('',(0.569808057510266,0.,-0.821777815225245));
#15017=DIRECTION('',(0.,1.,0.));
#15018=DIRECTION('',(0.,0.,1.));
#15019=DIRECTION('',(0.,-1.,0.));
#15020=DIRECTION('',(0.,0.,-1.));
#15021=DIRECTION('',(0.,1.,0.));
#15022=DIRECTION('',(0.,-1.,0.));
#15023=DIRECTION('',(0.,0.,-1.));
#15024=DIRECTION('',(0.,1.,0.));
#15025=DIRECTION('',(0.,-1.,0.));
#15026=DIRECTION('',(0.614212712689668,0.,-0.789140509396393));
#15027=DIRECTION('',(0.,-1.,0.));
#15028=DIRECTION('',(0.,1.,0.));
#15029=DIRECTION('',(-0.614212712689668,0.,0.789140509396393));
#15030=DIRECTION('',(0.,-1.,0.));
#15031=DIRECTION('',(0.,-1.,0.));
#15032=DIRECTION('',(0.614212712689668,0.,-0.789140509396393));
#15033=DIRECTION('',(0.,1.,0.));
#15034=DIRECTION('',(0.,0.,1.));
#15035=DIRECTION('',(0.,-1.,0.));
#15036=DIRECTION('',(0.,0.,-1.));
#15037=DIRECTION('',(0.,1.,0.));
#15038=DIRECTION('',(0.,-1.,0.));
#15039=DIRECTION('',(0.,0.,-1.));
#15040=DIRECTION('',(0.,1.,0.));
#15041=DIRECTION('',(0.,-1.,0.));
#15042=DIRECTION('',(0.656752024047734,0.,-0.754106609776896));
#15043=DIRECTION('',(0.,-1.,0.));
#15044=DIRECTION('',(0.,1.,0.));
#15045=DIRECTION('',(-0.656752024047734,0.,0.754106609776896));
#15046=DIRECTION('',(0.,-1.,0.));
#15047=DIRECTION('',(0.,-1.,0.));
#15048=DIRECTION('',(0.656752024047734,0.,-0.754106609776896));
#15049=DIRECTION('',(0.,1.,0.));
#15050=DIRECTION('',(0.,0.,1.));
#15051=DIRECTION('',(0.,-1.,0.));
#15052=DIRECTION('',(0.,0.,-1.));
#15053=DIRECTION('',(0.,1.,0.));
#15054=DIRECTION('',(0.,-1.,0.));
#15055=DIRECTION('',(0.,0.,-1.));
#15056=DIRECTION('',(0.,1.,0.));
#15057=DIRECTION('',(0.,-1.,0.));
#15058=DIRECTION('',(0.697296801093996,0.,-0.716782513168451));
#15059=DIRECTION('',(0.,-1.,0.));
#15060=DIRECTION('',(0.,1.,0.));
#15061=DIRECTION('',(-0.697296801093996,0.,0.716782513168451));
#15062=DIRECTION('',(0.,-1.,0.));
#15063=DIRECTION('',(0.,-1.,0.));
#15064=DIRECTION('',(0.697296801093996,0.,-0.716782513168451));
#15065=DIRECTION('',(0.,1.,0.));
#15066=DIRECTION('',(0.,0.,1.));
#15067=DIRECTION('',(0.,-1.,0.));
#15068=DIRECTION('',(0.,0.,-1.));
#15069=DIRECTION('',(0.,1.,0.));
#15070=DIRECTION('',(0.,-1.,0.));
#15071=DIRECTION('',(0.,0.,-1.));
#15072=DIRECTION('',(0.,1.,0.));
#15073=DIRECTION('',(0.,-1.,0.));
#15074=DIRECTION('',(0.735723910673132,0.,-0.677281571625741));
#15075=DIRECTION('',(0.,-1.,0.));
#15076=DIRECTION('',(0.,1.,0.));
#15077=DIRECTION('',(-0.735723910673132,0.,0.677281571625741));
#15078=DIRECTION('',(0.,-1.,0.));
#15079=DIRECTION('',(0.,-1.,0.));
#15080=DIRECTION('',(0.735723910673132,0.,-0.677281571625741));
#15081=DIRECTION('',(0.,1.,0.));
#15082=DIRECTION('',(0.,0.,1.));
#15083=DIRECTION('',(0.,-1.,0.));
#15084=DIRECTION('',(0.,0.,-1.));
#15085=DIRECTION('',(0.,1.,0.));
#15086=DIRECTION('',(0.,-1.,0.));
#15087=DIRECTION('',(0.,0.,-1.));
#15088=DIRECTION('',(0.,1.,0.));
#15089=DIRECTION('',(0.,-1.,0.));
#15090=DIRECTION('',(0.771916650916321,0.,-0.635723748209968));
#15091=DIRECTION('',(0.,-1.,0.));
#15092=DIRECTION('',(0.,1.,0.));
#15093=DIRECTION('',(-0.771916650916321,0.,0.635723748209968));
#15094=DIRECTION('',(0.,-1.,0.));
#15095=DIRECTION('',(0.,-1.,0.));
#15096=DIRECTION('',(0.771916650916321,0.,-0.635723748209968));
#15097=DIRECTION('',(0.,1.,0.));
#15098=DIRECTION('',(0.,0.,1.));
#15099=DIRECTION('',(0.,-1.,0.));
#15100=DIRECTION('',(0.,0.,-1.));
#15101=DIRECTION('',(0.,1.,0.));
#15102=DIRECTION('',(0.,-1.,0.));
#15103=DIRECTION('',(0.,0.,-1.));
#15104=DIRECTION('',(0.,1.,0.));
#15105=DIRECTION('',(0.,-1.,0.));
#15106=DIRECTION('',(0.805765105660978,0.,-0.59223525266498));
#15107=DIRECTION('',(0.,-1.,0.));
#15108=DIRECTION('',(0.,1.,0.));
#15109=DIRECTION('',(-0.805765105660978,0.,0.59223525266498));
#15110=DIRECTION('',(0.,-1.,0.));
#15111=DIRECTION('',(0.,-1.,0.));
#15112=DIRECTION('',(0.805765105660978,0.,-0.59223525266498));
#15113=DIRECTION('',(0.,1.,0.));
#15114=DIRECTION('',(0.,0.,1.));
#15115=DIRECTION('',(0.,-1.,0.));
#15116=DIRECTION('',(0.,0.,-1.));
#15117=DIRECTION('',(0.,1.,0.));
#15118=DIRECTION('',(0.,-1.,0.));
#15119=DIRECTION('',(0.,0.,-1.));
#15120=DIRECTION('',(0.,1.,0.));
#15121=DIRECTION('',(0.,-1.,0.));
#15122=DIRECTION('',(0.837166478262529,0.,-0.546948158122427));
#15123=DIRECTION('',(0.,-1.,0.));
#15124=DIRECTION('',(0.,1.,0.));
#15125=DIRECTION('',(-0.837166478262529,0.,0.546948158122427));
#15126=DIRECTION('',(0.,-1.,0.));
#15127=DIRECTION('',(0.,-1.,0.));
#15128=DIRECTION('',(0.837166478262529,0.,-0.546948158122427));
#15129=DIRECTION('',(0.,1.,0.));
#15130=DIRECTION('',(0.,0.,1.));
#15131=DIRECTION('',(0.,-1.,0.));
#15132=DIRECTION('',(0.,0.,-1.));
#15133=DIRECTION('',(0.,1.,0.));
#15134=DIRECTION('',(0.,-1.,0.));
#15135=DIRECTION('',(0.,0.,-1.));
#15136=DIRECTION('',(0.,1.,0.));
#15137=DIRECTION('',(0.,-1.,0.));
#15138=DIRECTION('',(0.866025403784439,0.,-0.5));
#15139=DIRECTION('',(0.,-1.,0.));
#15140=DIRECTION('',(0.,1.,0.));
#15141=DIRECTION('',(-0.866025403784439,0.,0.5));
#15142=DIRECTION('',(0.,-1.,0.));
#15143=DIRECTION('',(0.,-1.,0.));
#15144=DIRECTION('',(0.866025403784439,0.,-0.5));
#15145=DIRECTION('',(0.,1.,0.));
#15146=DIRECTION('',(0.,0.,1.));
#15147=DIRECTION('',(0.,-1.,0.));
#15148=DIRECTION('',(0.,0.,-1.));
#15149=DIRECTION('',(0.,1.,0.));
#15150=DIRECTION('',(0.,-1.,0.));
#15151=DIRECTION('',(0.,0.,-1.));
#15152=DIRECTION('',(0.,1.,0.));
#15153=DIRECTION('',(0.,-1.,0.));
#15154=DIRECTION('',(0.892254238618394,0.,-0.451533358310889));
#15155=DIRECTION('',(0.,-1.,0.));
#15156=DIRECTION('',(0.,1.,0.));
#15157=DIRECTION('',(-0.892254238618394,0.,0.451533358310889));
#15158=DIRECTION('',(0.,-1.,0.));
#15159=DIRECTION('',(0.,-1.,0.));
#15160=DIRECTION('',(0.892254238618394,0.,-0.451533358310889));
#15161=DIRECTION('',(0.,1.,0.));
#15162=DIRECTION('',(0.,0.,1.));
#15163=DIRECTION('',(0.,-1.,0.));
#15164=DIRECTION('',(0.,0.,-1.));
#15165=DIRECTION('',(0.,1.,0.));
#15166=DIRECTION('',(0.,-1.,0.));
#15167=DIRECTION('',(0.,0.,-1.));
#15168=DIRECTION('',(0.,1.,0.));
#15169=DIRECTION('',(0.,-1.,0.));
#15170=DIRECTION('',(0.915773326655057,0.,-0.40169542465297));
#15171=DIRECTION('',(0.,-1.,0.));
#15172=DIRECTION('',(0.,1.,0.));
#15173=DIRECTION('',(-0.915773326655057,0.,0.40169542465297));
#15174=DIRECTION('',(0.,-1.,0.));
#15175=DIRECTION('',(0.,-1.,0.));
#15176=DIRECTION('',(0.915773326655057,0.,-0.40169542465297));
#15177=DIRECTION('',(0.,1.,0.));
#15178=DIRECTION('',(0.,0.,1.));
#15179=DIRECTION('',(0.,-1.,0.));
#15180=DIRECTION('',(0.,0.,-1.));
#15181=DIRECTION('',(0.,1.,0.));
#15182=DIRECTION('',(0.,-1.,0.));
#15183=DIRECTION('',(0.,0.,-1.));
#15184=DIRECTION('',(0.,1.,0.));
#15185=DIRECTION('',(0.,-1.,0.));
#15186=DIRECTION('',(0.936511241197055,0.,-0.350637555192754));
#15187=DIRECTION('',(0.,-1.,0.));
#15188=DIRECTION('',(0.,1.,0.));
#15189=DIRECTION('',(-0.936511241197055,0.,0.350637555192754));
#15190=DIRECTION('',(0.,-1.,0.));
#15191=DIRECTION('',(0.,-1.,0.));
#15192=DIRECTION('',(0.936511241197055,0.,-0.350637555192754));
#15193=DIRECTION('',(0.,1.,0.));
#15194=DIRECTION('',(0.,0.,1.));
#15195=DIRECTION('',(0.,-1.,0.));
#15196=DIRECTION('',(0.,0.,-1.));
#15197=DIRECTION('',(0.,1.,0.));
#15198=DIRECTION('',(0.,-1.,0.));
#15199=DIRECTION('',(0.,0.,-1.));
#15200=DIRECTION('',(0.,1.,0.));
#15201=DIRECTION('',(0.,-1.,0.));
#15202=DIRECTION('',(0.954405001879507,0.,-0.298514811001694));
#15203=DIRECTION('',(0.,-1.,0.));
#15204=DIRECTION('',(0.,1.,0.));
#15205=DIRECTION('',(-0.954405001879507,0.,0.298514811001694));
#15206=DIRECTION('',(0.,-1.,0.));
#15207=DIRECTION('',(0.,-1.,0.));
#15208=DIRECTION('',(0.954405001879507,0.,-0.298514811001694));
#15209=DIRECTION('',(0.,1.,0.));
#15210=DIRECTION('',(0.,0.,1.));
#15211=DIRECTION('',(0.,-1.,0.));
#15212=DIRECTION('',(0.,0.,-1.));
#15213=DIRECTION('',(0.,1.,0.));
#15214=DIRECTION('',(0.,-1.,0.));
#15215=DIRECTION('',(0.,0.,-1.));
#15216=DIRECTION('',(0.,1.,0.));
#15217=DIRECTION('',(0.,-1.,0.));
#15218=DIRECTION('',(0.96940026593933,0.,-0.245485487140799));
#15219=DIRECTION('',(0.,-1.,0.));
#15220=DIRECTION('',(0.,1.,0.));
#15221=DIRECTION('',(-0.96940026593933,0.,0.245485487140799));
#15222=DIRECTION('',(0.,-1.,0.));
#15223=DIRECTION('',(0.,-1.,0.));
#15224=DIRECTION('',(0.96940026593933,0.,-0.245485487140799));
#15225=DIRECTION('',(0.,1.,0.));
#15226=DIRECTION('',(0.,0.,1.));
#15227=DIRECTION('',(0.,-1.,0.));
#15228=DIRECTION('',(0.,0.,-1.));
#15229=DIRECTION('',(0.,1.,0.));
#15230=DIRECTION('',(0.,-1.,0.));
#15231=DIRECTION('',(0.,0.,-1.));
#15232=DIRECTION('',(0.,1.,0.));
#15233=DIRECTION('',(0.,-1.,0.));
#15234=DIRECTION('',(0.981451493252418,0.,-0.191710631923739));
#15235=DIRECTION('',(0.,-1.,0.));
#15236=DIRECTION('',(0.,1.,0.));
#15237=DIRECTION('',(-0.981451493252418,0.,0.191710631923739));
#15238=DIRECTION('',(0.,-1.,0.));
#15239=DIRECTION('',(0.,-1.,0.));
#15240=DIRECTION('',(0.981451493252418,0.,-0.191710631923739));
#15241=DIRECTION('',(0.,1.,0.));
#15242=DIRECTION('',(0.,0.,1.));
#15243=DIRECTION('',(0.,-1.,0.));
#15244=DIRECTION('',(0.,0.,-1.));
#15245=DIRECTION('',(0.,1.,0.));
#15246=DIRECTION('',(0.,-1.,0.));
#15247=DIRECTION('',(0.,0.,-1.));
#15248=DIRECTION('',(0.,1.,0.));
#15249=DIRECTION('',(0.,-1.,0.));
#15250=DIRECTION('',(0.990522084637503,0.,-0.137353557818408));
#15251=DIRECTION('',(0.,-1.,0.));
#15252=DIRECTION('',(0.,1.,0.));
#15253=DIRECTION('',(-0.990522084637503,0.,0.137353557818408));
#15254=DIRECTION('',(0.,-1.,0.));
#15255=DIRECTION('',(0.,-1.,0.));
#15256=DIRECTION('',(0.990522084637503,0.,-0.137353557818408));
#15257=DIRECTION('',(0.,1.,0.));
#15258=DIRECTION('',(0.,0.,1.));
#15259=DIRECTION('',(0.,-1.,0.));
#15260=DIRECTION('',(0.,0.,-1.));
#15261=DIRECTION('',(0.,1.,0.));
#15262=DIRECTION('',(0.,-1.,0.));
#15263=DIRECTION('',(0.,0.,-1.));
#15264=DIRECTION('',(0.,1.,0.));
#15265=DIRECTION('',(0.,-1.,0.));
#15266=DIRECTION('',(0.99658449300667,0.,-0.0825793454723324));
#15267=DIRECTION('',(0.,-1.,0.));
#15268=DIRECTION('',(0.,1.,0.));
#15269=DIRECTION('',(-0.99658449300667,0.,0.0825793454723324));
#15270=DIRECTION('',(0.,-1.,0.));
#15271=DIRECTION('',(0.,-1.,0.));
#15272=DIRECTION('',(0.99658449300667,0.,-0.0825793454723324));
#15273=DIRECTION('',(0.,1.,0.));
#15274=DIRECTION('',(0.,0.,1.));
#15275=DIRECTION('',(0.,-1.,0.));
#15276=DIRECTION('',(0.,0.,-1.));
#15277=DIRECTION('',(0.,1.,0.));
#15278=DIRECTION('',(0.,-1.,0.));
#15279=DIRECTION('',(0.,0.,-1.));
#15280=DIRECTION('',(0.,1.,0.));
#15281=DIRECTION('',(0.,-1.,0.));
#15282=DIRECTION('',(0.999620307024951,0.,-0.0275543423681616));
#15283=DIRECTION('',(0.,-1.,0.));
#15284=DIRECTION('',(0.,1.,0.));
#15285=DIRECTION('',(-0.999620307024951,0.,0.0275543423681616));
#15286=DIRECTION('',(0.,-1.,0.));
#15287=DIRECTION('',(0.,-1.,0.));
#15288=DIRECTION('',(0.999620307024951,0.,-0.0275543423681616));
#15289=DIRECTION('',(0.,1.,0.));
#15290=DIRECTION('',(0.,0.,1.));
#15291=DIRECTION('',(0.,-1.,0.));
#15292=DIRECTION('',(0.,0.,-1.));
#15293=DIRECTION('',(0.,1.,0.));
#15294=DIRECTION('',(0.,-1.,0.));
#15295=DIRECTION('',(0.,0.,-1.));
#15296=DIRECTION('',(0.,1.,0.));
#15297=DIRECTION('',(0.,-1.,0.));
#15298=DIRECTION('',(0.999620307024951,0.,0.0275543423681619));
#15299=DIRECTION('',(0.,-1.,0.));
#15300=DIRECTION('',(0.,1.,0.));
#15301=DIRECTION('',(-0.999620307024951,0.,-0.0275543423681619));
#15302=DIRECTION('',(0.,-1.,0.));
#15303=DIRECTION('',(0.,-1.,0.));
#15304=DIRECTION('',(0.999620307024951,0.,0.0275543423681619));
#15305=DIRECTION('',(0.,1.,0.));
#15306=DIRECTION('',(0.,0.,1.));
#15307=DIRECTION('',(0.,-1.,0.));
#15308=DIRECTION('',(0.,0.,-1.));
#15309=DIRECTION('',(0.,1.,0.));
#15310=DIRECTION('',(0.,-1.,0.));
#15311=DIRECTION('',(0.,0.,-1.));
#15312=DIRECTION('',(0.,1.,0.));
#15313=DIRECTION('',(0.,-1.,0.));
#15314=DIRECTION('',(0.99658449300667,0.,0.0825793454723327));
#15315=DIRECTION('',(0.,-1.,0.));
#15316=DIRECTION('',(0.,1.,0.));
#15317=DIRECTION('',(-0.99658449300667,0.,-0.0825793454723327));
#15318=DIRECTION('',(0.,-1.,0.));
#15319=DIRECTION('',(0.,-1.,0.));
#15320=DIRECTION('',(0.99658449300667,0.,0.0825793454723327));
#15321=DIRECTION('',(0.,1.,0.));
#15322=DIRECTION('',(0.,0.,1.));
#15323=DIRECTION('',(0.,-1.,0.));
#15324=DIRECTION('',(0.,0.,-1.));
#15325=DIRECTION('',(0.,1.,0.));
#15326=DIRECTION('',(0.,-1.,0.));
#15327=DIRECTION('',(0.,0.,-1.));
#15328=DIRECTION('',(0.,1.,0.));
#15329=DIRECTION('',(0.,-1.,0.));
#15330=DIRECTION('',(0.990522084637503,0.,0.137353557818408));
#15331=DIRECTION('',(0.,-1.,0.));
#15332=DIRECTION('',(0.,1.,0.));
#15333=DIRECTION('',(-0.990522084637503,0.,-0.137353557818408));
#15334=DIRECTION('',(0.,-1.,0.));
#15335=DIRECTION('',(0.,-1.,0.));
#15336=DIRECTION('',(0.990522084637503,0.,0.137353557818408));
#15337=DIRECTION('',(0.,1.,0.));
#15338=DIRECTION('',(0.,0.,1.));
#15339=DIRECTION('',(0.,-1.,0.));
#15340=DIRECTION('',(0.,0.,-1.));
#15341=DIRECTION('',(0.,1.,0.));
#15342=DIRECTION('',(0.,-1.,0.));
#15343=DIRECTION('',(0.,0.,-1.));
#15344=DIRECTION('',(0.,1.,0.));
#15345=DIRECTION('',(0.,-1.,0.));
#15346=DIRECTION('',(0.981451493252418,0.,0.191710631923739));
#15347=DIRECTION('',(0.,-1.,0.));
#15348=DIRECTION('',(0.,1.,0.));
#15349=DIRECTION('',(-0.981451493252418,0.,-0.191710631923739));
#15350=DIRECTION('',(0.,-1.,0.));
#15351=DIRECTION('',(0.,-1.,0.));
#15352=DIRECTION('',(0.981451493252418,0.,0.191710631923739));
#15353=DIRECTION('',(0.,1.,0.));
#15354=DIRECTION('',(0.,0.,1.));
#15355=DIRECTION('',(0.,-1.,0.));
#15356=DIRECTION('',(0.,0.,-1.));
#15357=DIRECTION('',(0.,1.,0.));
#15358=DIRECTION('',(0.,-1.,0.));
#15359=DIRECTION('',(0.,0.,-1.));
#15360=DIRECTION('',(0.,1.,0.));
#15361=DIRECTION('',(0.,-1.,0.));
#15362=DIRECTION('',(0.96940026593933,0.,0.245485487140799));
#15363=DIRECTION('',(0.,-1.,0.));
#15364=DIRECTION('',(0.,1.,0.));
#15365=DIRECTION('',(-0.96940026593933,0.,-0.245485487140799));
#15366=DIRECTION('',(0.,-1.,0.));
#15367=DIRECTION('',(0.,-1.,0.));
#15368=DIRECTION('',(0.96940026593933,0.,0.245485487140799));
#15369=DIRECTION('',(0.,1.,0.));
#15370=DIRECTION('',(0.,0.,1.));
#15371=DIRECTION('',(0.,-1.,0.));
#15372=DIRECTION('',(0.,0.,-1.));
#15373=DIRECTION('',(0.,1.,0.));
#15374=DIRECTION('',(0.,-1.,0.));
#15375=DIRECTION('',(0.,0.,-1.));
#15376=DIRECTION('',(0.,1.,0.));
#15377=DIRECTION('',(0.,-1.,0.));
#15378=DIRECTION('',(0.954405001879507,0.,0.298514811001695));
#15379=DIRECTION('',(0.,-1.,0.));
#15380=DIRECTION('',(0.,1.,0.));
#15381=DIRECTION('',(-0.954405001879507,0.,-0.298514811001695));
#15382=DIRECTION('',(0.,-1.,0.));
#15383=DIRECTION('',(0.,-1.,0.));
#15384=DIRECTION('',(0.954405001879507,0.,0.298514811001695));
#15385=DIRECTION('',(0.,1.,0.));
#15386=DIRECTION('',(0.,0.,1.));
#15387=DIRECTION('',(0.,-1.,0.));
#15388=DIRECTION('',(0.,0.,-1.));
#15389=DIRECTION('',(0.,1.,0.));
#15390=DIRECTION('',(0.,-1.,0.));
#15391=DIRECTION('',(0.,0.,-1.));
#15392=DIRECTION('',(0.,1.,0.));
#15393=DIRECTION('',(0.,-1.,0.));
#15394=DIRECTION('',(0.936511241197055,0.,0.350637555192754));
#15395=DIRECTION('',(0.,-1.,0.));
#15396=DIRECTION('',(0.,1.,0.));
#15397=DIRECTION('',(-0.936511241197055,0.,-0.350637555192754));
#15398=DIRECTION('',(0.,-1.,0.));
#15399=DIRECTION('',(0.,-1.,0.));
#15400=DIRECTION('',(0.936511241197055,0.,0.350637555192754));
#15401=DIRECTION('',(0.,1.,0.));
#15402=DIRECTION('',(0.,0.,1.));
#15403=DIRECTION('',(0.,-1.,0.));
#15404=DIRECTION('',(0.,0.,-1.));
#15405=DIRECTION('',(0.,1.,0.));
#15406=DIRECTION('',(0.,-1.,0.));
#15407=DIRECTION('',(0.,0.,-1.));
#15408=DIRECTION('',(0.,1.,0.));
#15409=DIRECTION('',(0.,-1.,0.));
#15410=DIRECTION('',(0.915773326655057,0.,0.40169542465297));
#15411=DIRECTION('',(0.,-1.,0.));
#15412=DIRECTION('',(0.,1.,0.));
#15413=DIRECTION('',(-0.915773326655057,0.,-0.40169542465297));
#15414=DIRECTION('',(0.,-1.,0.));
#15415=DIRECTION('',(0.,-1.,0.));
#15416=DIRECTION('',(0.915773326655057,0.,0.40169542465297));
#15417=DIRECTION('',(0.,1.,0.));
#15418=DIRECTION('',(0.,0.,1.));
#15419=DIRECTION('',(0.,-1.,0.));
#15420=DIRECTION('',(0.,0.,-1.));
#15421=DIRECTION('',(0.,1.,0.));
#15422=DIRECTION('',(0.,-1.,0.));
#15423=DIRECTION('',(0.,0.,-1.));
#15424=DIRECTION('',(0.,1.,0.));
#15425=DIRECTION('',(0.,-1.,0.));
#15426=DIRECTION('',(0.892254238618394,0.,0.451533358310889));
#15427=DIRECTION('',(0.,-1.,0.));
#15428=DIRECTION('',(0.,1.,0.));
#15429=DIRECTION('',(-0.892254238618394,0.,-0.451533358310889));
#15430=DIRECTION('',(0.,-1.,0.));
#15431=DIRECTION('',(0.,-1.,0.));
#15432=DIRECTION('',(0.892254238618394,0.,0.451533358310889));
#15433=DIRECTION('',(0.,1.,0.));
#15434=DIRECTION('',(0.,0.,1.));
#15435=DIRECTION('',(0.,-1.,0.));
#15436=DIRECTION('',(0.,0.,-1.));
#15437=DIRECTION('',(0.,1.,0.));
#15438=DIRECTION('',(0.,-1.,0.));
#15439=DIRECTION('',(0.,0.,-1.));
#15440=DIRECTION('',(0.,1.,0.));
#15441=DIRECTION('',(0.,-1.,0.));
#15442=DIRECTION('',(0.866025403784438,0.,0.5));
#15443=DIRECTION('',(0.,-1.,0.));
#15444=DIRECTION('',(0.,1.,0.));
#15445=DIRECTION('',(-0.866025403784438,0.,-0.5));
#15446=DIRECTION('',(0.,-1.,0.));
#15447=DIRECTION('',(0.,-1.,0.));
#15448=DIRECTION('',(0.866025403784438,0.,0.5));
#15449=DIRECTION('',(0.,1.,0.));
#15450=DIRECTION('',(0.,0.,1.));
#15451=DIRECTION('',(0.,-1.,0.));
#15452=DIRECTION('',(0.,0.,-1.));
#15453=DIRECTION('',(0.,1.,0.));
#15454=DIRECTION('',(0.,-1.,0.));
#15455=DIRECTION('',(0.,0.,-1.));
#15456=DIRECTION('',(0.,1.,0.));
#15457=DIRECTION('',(0.,-1.,0.));
#15458=DIRECTION('',(0.837166478262529,0.,0.546948158122427));
#15459=DIRECTION('',(0.,-1.,0.));
#15460=DIRECTION('',(0.,1.,0.));
#15461=DIRECTION('',(-0.837166478262529,0.,-0.546948158122427));
#15462=DIRECTION('',(0.,-1.,0.));
#15463=DIRECTION('',(0.,-1.,0.));
#15464=DIRECTION('',(0.837166478262529,0.,0.546948158122427));
#15465=DIRECTION('',(0.,1.,0.));
#15466=DIRECTION('',(0.,0.,1.));
#15467=DIRECTION('',(0.,-1.,0.));
#15468=DIRECTION('',(0.,0.,-1.));
#15469=DIRECTION('',(0.,1.,0.));
#15470=DIRECTION('',(0.,-1.,0.));
#15471=DIRECTION('',(0.,0.,-1.));
#15472=DIRECTION('',(0.,1.,0.));
#15473=DIRECTION('',(0.,-1.,0.));
#15474=DIRECTION('',(0.805765105660978,0.,0.59223525266498));
#15475=DIRECTION('',(0.,-1.,0.));
#15476=DIRECTION('',(0.,1.,0.));
#15477=DIRECTION('',(-0.805765105660978,0.,-0.59223525266498));
#15478=DIRECTION('',(0.,-1.,0.));
#15479=DIRECTION('',(0.,-1.,0.));
#15480=DIRECTION('',(0.805765105660978,0.,0.59223525266498));
#15481=DIRECTION('',(0.,1.,0.));
#15482=DIRECTION('',(0.,0.,1.));
#15483=DIRECTION('',(0.,-1.,0.));
#15484=DIRECTION('',(0.,0.,-1.));
#15485=DIRECTION('',(0.,1.,0.));
#15486=DIRECTION('',(0.,-1.,0.));
#15487=DIRECTION('',(0.,0.,-1.));
#15488=DIRECTION('',(0.,1.,0.));
#15489=DIRECTION('',(0.,-1.,0.));
#15490=DIRECTION('',(0.771916650916321,0.,0.635723748209968));
#15491=DIRECTION('',(0.,-1.,0.));
#15492=DIRECTION('',(0.,1.,0.));
#15493=DIRECTION('',(-0.771916650916321,0.,-0.635723748209968));
#15494=DIRECTION('',(0.,-1.,0.));
#15495=DIRECTION('',(0.,-1.,0.));
#15496=DIRECTION('',(0.771916650916321,0.,0.635723748209968));
#15497=DIRECTION('',(0.,1.,0.));
#15498=DIRECTION('',(0.,0.,1.));
#15499=DIRECTION('',(0.,-1.,0.));
#15500=DIRECTION('',(0.,0.,-1.));
#15501=DIRECTION('',(0.,1.,0.));
#15502=DIRECTION('',(0.,-1.,0.));
#15503=DIRECTION('',(0.,0.,-1.));
#15504=DIRECTION('',(0.,1.,0.));
#15505=DIRECTION('',(0.,-1.,0.));
#15506=DIRECTION('',(0.735723910673132,0.,0.677281571625741));
#15507=DIRECTION('',(0.,-1.,0.));
#15508=DIRECTION('',(0.,1.,0.));
#15509=DIRECTION('',(-0.735723910673132,0.,-0.677281571625741));
#15510=DIRECTION('',(0.,-1.,0.));
#15511=DIRECTION('',(0.,-1.,0.));
#15512=DIRECTION('',(0.735723910673132,0.,0.677281571625741));
#15513=DIRECTION('',(0.,1.,0.));
#15514=DIRECTION('',(0.,0.,1.));
#15515=DIRECTION('',(0.,-1.,0.));
#15516=DIRECTION('',(0.,0.,-1.));
#15517=DIRECTION('',(0.,1.,0.));
#15518=DIRECTION('',(0.,-1.,0.));
#15519=DIRECTION('',(0.,0.,-1.));
#15520=DIRECTION('',(0.,1.,0.));
#15521=DIRECTION('',(0.,-1.,0.));
#15522=DIRECTION('',(0.697296801093995,0.,0.716782513168451));
#15523=DIRECTION('',(0.,-1.,0.));
#15524=DIRECTION('',(0.,1.,0.));
#15525=DIRECTION('',(-0.697296801093995,0.,-0.716782513168451));
#15526=DIRECTION('',(0.,-1.,0.));
#15527=DIRECTION('',(0.,-1.,0.));
#15528=DIRECTION('',(0.697296801093995,0.,0.716782513168451));
#15529=DIRECTION('',(0.,1.,0.));
#15530=DIRECTION('',(0.,0.,1.));
#15531=DIRECTION('',(0.,-1.,0.));
#15532=DIRECTION('',(0.,0.,-1.));
#15533=DIRECTION('',(0.,1.,0.));
#15534=DIRECTION('',(0.,-1.,0.));
#15535=DIRECTION('',(0.,0.,-1.));
#15536=DIRECTION('',(0.,1.,0.));
#15537=DIRECTION('',(0.,-1.,0.));
#15538=DIRECTION('',(0.656752024047734,0.,0.754106609776896));
#15539=DIRECTION('',(0.,-1.,0.));
#15540=DIRECTION('',(0.,1.,0.));
#15541=DIRECTION('',(-0.656752024047734,0.,-0.754106609776896));
#15542=DIRECTION('',(0.,-1.,0.));
#15543=DIRECTION('',(0.,-1.,0.));
#15544=DIRECTION('',(0.656752024047734,0.,0.754106609776896));
#15545=DIRECTION('',(0.,1.,0.));
#15546=DIRECTION('',(0.,0.,1.));
#15547=DIRECTION('',(0.,-1.,0.));
#15548=DIRECTION('',(0.,0.,-1.));
#15549=DIRECTION('',(0.,1.,0.));
#15550=DIRECTION('',(0.,-1.,0.));
#15551=DIRECTION('',(0.,0.,-1.));
#15552=DIRECTION('',(0.,1.,0.));
#15553=DIRECTION('',(0.,-1.,0.));
#15554=DIRECTION('',(0.614212712689668,0.,0.789140509396394));
#15555=DIRECTION('',(0.,-1.,0.));
#15556=DIRECTION('',(0.,1.,0.));
#15557=DIRECTION('',(-0.614212712689668,0.,-0.789140509396394));
#15558=DIRECTION('',(0.,-1.,0.));
#15559=DIRECTION('',(0.,-1.,0.));
#15560=DIRECTION('',(0.614212712689668,0.,0.789140509396394));
#15561=DIRECTION('',(0.,1.,0.));
#15562=DIRECTION('',(0.,0.,1.));
#15563=DIRECTION('',(0.,-1.,0.));
#15564=DIRECTION('',(0.,0.,-1.));
#15565=DIRECTION('',(0.,1.,0.));
#15566=DIRECTION('',(0.,-1.,0.));
#15567=DIRECTION('',(0.,0.,-1.));
#15568=DIRECTION('',(0.,1.,0.));
#15569=DIRECTION('',(0.,-1.,0.));
#15570=DIRECTION('',(0.569808057510266,0.,0.821777815225245));
#15571=DIRECTION('',(0.,-1.,0.));
#15572=DIRECTION('',(0.,1.,0.));
#15573=DIRECTION('',(-0.569808057510266,0.,-0.821777815225245));
#15574=DIRECTION('',(0.,-1.,0.));
#15575=DIRECTION('',(0.,-1.,0.));
#15576=DIRECTION('',(0.569808057510266,0.,0.821777815225245));
#15577=DIRECTION('',(0.,1.,0.));
#15578=DIRECTION('',(0.,0.,1.));
#15579=DIRECTION('',(0.,-1.,0.));
#15580=DIRECTION('',(0.,0.,-1.));
#15581=DIRECTION('',(0.,1.,0.));
#15582=DIRECTION('',(0.,-1.,0.));
#15583=DIRECTION('',(0.,0.,-1.));
#15584=DIRECTION('',(0.,1.,0.));
#15585=DIRECTION('',(0.,-1.,0.));
#15586=DIRECTION('',(0.523672913987878,0.,0.851919408838327));
#15587=DIRECTION('',(0.,-1.,0.));
#15588=DIRECTION('',(0.,1.,0.));
#15589=DIRECTION('',(-0.523672913987878,0.,-0.851919408838327));
#15590=DIRECTION('',(0.,-1.,0.));
#15591=DIRECTION('',(0.,-1.,0.));
#15592=DIRECTION('',(0.523672913987878,0.,0.851919408838327));
#15593=DIRECTION('',(0.,1.,0.));
#15594=DIRECTION('',(0.,0.,1.));
#15595=DIRECTION('',(0.,-1.,0.));
#15596=DIRECTION('',(0.,0.,-1.));
#15597=DIRECTION('',(0.,1.,0.));
#15598=DIRECTION('',(0.,-1.,0.));
#15599=DIRECTION('',(0.,0.,-1.));
#15600=DIRECTION('',(0.,1.,0.));
#15601=DIRECTION('',(0.,-1.,0.));
#15602=DIRECTION('',(0.475947393037074,0.,0.879473751206489));
#15603=DIRECTION('',(0.,-1.,0.));
#15604=DIRECTION('',(0.,1.,0.));
#15605=DIRECTION('',(-0.475947393037074,0.,-0.879473751206489));
#15606=DIRECTION('',(0.,-1.,0.));
#15607=DIRECTION('',(0.,-1.,0.));
#15608=DIRECTION('',(0.475947393037074,0.,0.879473751206489));
#15609=DIRECTION('',(0.,1.,0.));
#15610=DIRECTION('',(0.,0.,1.));
#15611=DIRECTION('',(0.,-1.,0.));
#15612=DIRECTION('',(0.,0.,-1.));
#15613=DIRECTION('',(0.,1.,0.));
#15614=DIRECTION('',(0.,-1.,0.));
#15615=DIRECTION('',(0.,0.,-1.));
#15616=DIRECTION('',(0.,1.,0.));
#15617=DIRECTION('',(0.,-1.,0.));
#15618=DIRECTION('',(0.426776435496403,0.,0.904357160697578));
#15619=DIRECTION('',(0.,-1.,0.));
#15620=DIRECTION('',(0.,1.,0.));
#15621=DIRECTION('',(-0.426776435496403,0.,-0.904357160697578));
#15622=DIRECTION('',(0.,-1.,0.));
#15623=DIRECTION('',(0.,-1.,0.));
#15624=DIRECTION('',(0.426776435496403,0.,0.904357160697578));
#15625=DIRECTION('',(0.,1.,0.));
#15626=DIRECTION('',(0.,0.,1.));
#15627=DIRECTION('',(0.,-1.,0.));
#15628=DIRECTION('',(0.,0.,-1.));
#15629=DIRECTION('',(0.,1.,0.));
#15630=DIRECTION('',(0.,-1.,0.));
#15631=DIRECTION('',(0.,0.,-1.));
#15632=DIRECTION('',(0.,1.,0.));
#15633=DIRECTION('',(0.,-1.,0.));
#15634=DIRECTION('',(0.376309371947835,0.,0.926494067214802));
#15635=DIRECTION('',(0.,-1.,0.));
#15636=DIRECTION('',(0.,1.,0.));
#15637=DIRECTION('',(-0.376309371947835,0.,-0.926494067214802));
#15638=DIRECTION('',(0.,-1.,0.));
#15639=DIRECTION('',(0.,-1.,0.));
#15640=DIRECTION('',(0.376309371947835,0.,0.926494067214802));
#15641=DIRECTION('',(0.,1.,0.));
#15642=DIRECTION('',(0.,0.,1.));
#15643=DIRECTION('',(0.,-1.,0.));
#15644=DIRECTION('',(0.,0.,-1.));
#15645=DIRECTION('',(0.,1.,0.));
#15646=DIRECTION('',(0.,-1.,0.));
#15647=DIRECTION('',(0.,0.,-1.));
#15648=DIRECTION('',(0.,1.,0.));
#15649=DIRECTION('',(0.,-1.,0.));
#15650=DIRECTION('',(0.324699469204684,0.,0.945817241700635));
#15651=DIRECTION('',(0.,-1.,0.));
#15652=DIRECTION('',(0.,1.,0.));
#15653=DIRECTION('',(-0.324699469204684,0.,-0.945817241700635));
#15654=DIRECTION('',(0.,-1.,0.));
#15655=DIRECTION('',(0.,-1.,0.));
#15656=DIRECTION('',(0.324699469204684,0.,0.945817241700635));
#15657=DIRECTION('',(0.,1.,0.));
#15658=DIRECTION('',(0.,0.,1.));
#15659=DIRECTION('',(0.,-1.,0.));
#15660=DIRECTION('',(0.,0.,-1.));
#15661=DIRECTION('',(0.,1.,0.));
#15662=DIRECTION('',(0.,-1.,0.));
#15663=DIRECTION('',(0.,0.,-1.));
#15664=DIRECTION('',(0.,1.,0.));
#15665=DIRECTION('',(0.,-1.,0.));
#15666=DIRECTION('',(0.272103464845335,0.,0.96226800030925));
#15667=DIRECTION('',(0.,-1.,0.));
#15668=DIRECTION('',(0.,1.,0.));
#15669=DIRECTION('',(-0.272103464845335,0.,-0.96226800030925));
#15670=DIRECTION('',(0.,-1.,0.));
#15671=DIRECTION('',(0.,-1.,0.));
#15672=DIRECTION('',(0.272103464845335,0.,0.96226800030925));
#15673=DIRECTION('',(0.,1.,0.));
#15674=DIRECTION('',(0.,0.,1.));
#15675=DIRECTION('',(0.,-1.,0.));
#15676=DIRECTION('',(0.,0.,-1.));
#15677=DIRECTION('',(0.,1.,0.));
#15678=DIRECTION('',(0.,-1.,0.));
#15679=DIRECTION('',(0.,0.,-1.));
#15680=DIRECTION('',(0.,1.,0.));
#15681=DIRECTION('',(0.,-1.,0.));
#15682=DIRECTION('',(0.218681091206375,0.,0.975796382627436));
#15683=DIRECTION('',(0.,-1.,0.));
#15684=DIRECTION('',(0.,1.,0.));
#15685=DIRECTION('',(-0.218681091206375,0.,-0.975796382627436));
#15686=DIRECTION('',(0.,-1.,0.));
#15687=DIRECTION('',(0.,-1.,0.));
#15688=DIRECTION('',(0.218681091206375,0.,0.975796382627436));
#15689=DIRECTION('',(0.,1.,0.));
#15690=DIRECTION('',(0.,0.,1.));
#15691=DIRECTION('',(0.,-1.,0.));
#15692=DIRECTION('',(0.,0.,-1.));
#15693=DIRECTION('',(0.,1.,0.));
#15694=DIRECTION('',(0.,-1.,0.));
#15695=DIRECTION('',(0.,0.,-1.));
#15696=DIRECTION('',(0.,1.,0.));
#15697=DIRECTION('',(0.,-1.,0.));
#15698=DIRECTION('',(0.164594590280734,0.,0.986361303402722));
#15699=DIRECTION('',(0.,-1.,0.));
#15700=DIRECTION('',(0.,1.,0.));
#15701=DIRECTION('',(-0.164594590280734,0.,-0.986361303402722));
#15702=DIRECTION('',(0.,-1.,0.));
#15703=DIRECTION('',(0.,-1.,0.));
#15704=DIRECTION('',(0.164594590280734,0.,0.986361303402722));
#15705=DIRECTION('',(0.,1.,0.));
#15706=DIRECTION('',(0.,0.,1.));
#15707=DIRECTION('',(0.,-1.,0.));
#15708=DIRECTION('',(0.,0.,-1.));
#15709=DIRECTION('',(0.,1.,0.));
#15710=DIRECTION('',(0.,-1.,0.));
#15711=DIRECTION('',(0.,0.,-1.));
#15712=DIRECTION('',(0.,1.,0.));
#15713=DIRECTION('',(0.,-1.,0.));
#15714=DIRECTION('',(0.110008220994079,0.,0.993930677317949));
#15715=DIRECTION('',(0.,-1.,0.));
#15716=DIRECTION('',(0.,1.,0.));
#15717=DIRECTION('',(-0.110008220994079,0.,-0.993930677317949));
#15718=DIRECTION('',(0.,-1.,0.));
#15719=DIRECTION('',(0.,-1.,0.));
#15720=DIRECTION('',(0.110008220994079,0.,0.993930677317949));
#15721=DIRECTION('',(0.,1.,0.));
#15722=DIRECTION('',(0.,0.,1.));
#15723=DIRECTION('',(0.,-1.,0.));
#15724=DIRECTION('',(0.,0.,-1.));
#15725=DIRECTION('',(0.,1.,0.));
#15726=DIRECTION('',(0.,-1.,0.));
#15727=DIRECTION('',(0.,0.,-1.));
#15728=DIRECTION('',(0.,1.,0.));
#15729=DIRECTION('',(0.,-1.,0.));
#15730=DIRECTION('',(0.0550877603558653,0.,0.998481516433316));
#15731=DIRECTION('',(0.,-1.,0.));
#15732=DIRECTION('',(0.,1.,0.));
#15733=DIRECTION('',(-0.0550877603558653,0.,-0.998481516433316));
#15734=DIRECTION('',(0.,-1.,0.));
#15735=DIRECTION('',(0.,-1.,0.));
#15736=DIRECTION('',(0.0550877603558653,0.,0.998481516433316));
#15737=DIRECTION('',(0.,1.,0.));
#15738=DIRECTION('',(0.,0.,1.));
#15739=DIRECTION('',(0.,-1.,0.));
#15740=DIRECTION('',(0.,0.,-1.));
#15741=DIRECTION('',(0.,1.,0.));
#15742=DIRECTION('',(0.,-1.,0.));
#15743=DIRECTION('',(0.,0.,-1.));
#15744=DIRECTION('',(0.,1.,0.));
#15745=DIRECTION('',(0.,-1.,0.));
#15746=DIRECTION('',(-1.22464679914735E-16,0.,1.));
#15747=DIRECTION('',(0.,-1.,0.));
#15748=DIRECTION('',(0.,1.,0.));
#15749=DIRECTION('',(1.22464679914735E-16,0.,-1.));
#15750=DIRECTION('',(0.,-1.,0.));
#15751=DIRECTION('',(0.,-1.,0.));
#15752=DIRECTION('',(-1.22464679914735E-16,0.,1.));
#15753=DIRECTION('',(0.,1.,0.));
#15754=DIRECTION('',(0.,0.,1.));
#15755=DIRECTION('',(0.,-1.,0.));
#15756=DIRECTION('',(0.,0.,-1.));
#15757=DIRECTION('',(0.,1.,0.));
#15758=DIRECTION('',(0.,-1.,0.));
#15759=DIRECTION('',(0.,0.,-1.));
#15760=DIRECTION('',(0.,1.,0.));
#15761=DIRECTION('',(0.,-1.,0.));
#15762=DIRECTION('',(-0.0550877603558656,0.,0.998481516433316));
#15763=DIRECTION('',(0.,-1.,0.));
#15764=DIRECTION('',(0.,1.,0.));
#15765=DIRECTION('',(0.0550877603558656,0.,-0.998481516433316));
#15766=DIRECTION('',(0.,-1.,0.));
#15767=DIRECTION('',(0.,-1.,0.));
#15768=DIRECTION('',(-0.0550877603558656,0.,0.998481516433316));
#15769=DIRECTION('',(0.,1.,0.));
#15770=DIRECTION('',(0.,0.,1.));
#15771=DIRECTION('',(0.,-1.,0.));
#15772=DIRECTION('',(0.,0.,-1.));
#15773=DIRECTION('',(0.,1.,0.));
#15774=DIRECTION('',(0.,-1.,0.));
#15775=DIRECTION('',(0.,0.,-1.));
#15776=DIRECTION('',(0.,1.,0.));
#15777=DIRECTION('',(0.,-1.,0.));
#15778=DIRECTION('',(-0.110008220994079,0.,0.993930677317949));
#15779=DIRECTION('',(0.,-1.,0.));
#15780=DIRECTION('',(0.,1.,0.));
#15781=DIRECTION('',(0.110008220994079,0.,-0.993930677317949));
#15782=DIRECTION('',(0.,-1.,0.));
#15783=DIRECTION('',(0.,-1.,0.));
#15784=DIRECTION('',(-0.110008220994079,0.,0.993930677317949));
#15785=DIRECTION('',(0.,1.,0.));
#15786=DIRECTION('',(0.,0.,1.));
#15787=DIRECTION('',(0.,-1.,0.));
#15788=DIRECTION('',(0.,0.,-1.));
#15789=DIRECTION('',(0.,1.,0.));
#15790=DIRECTION('',(0.,-1.,0.));
#15791=DIRECTION('',(0.,0.,-1.));
#15792=DIRECTION('',(0.,1.,0.));
#15793=DIRECTION('',(0.,-1.,0.));
#15794=DIRECTION('',(-0.164594590280734,0.,0.986361303402722));
#15795=DIRECTION('',(0.,-1.,0.));
#15796=DIRECTION('',(0.,1.,0.));
#15797=DIRECTION('',(0.164594590280734,0.,-0.986361303402722));
#15798=DIRECTION('',(0.,-1.,0.));
#15799=DIRECTION('',(0.,-1.,0.));
#15800=DIRECTION('',(-0.164594590280734,0.,0.986361303402722));
#15801=DIRECTION('',(0.,1.,0.));
#15802=DIRECTION('',(0.,0.,1.));
#15803=DIRECTION('',(0.,-1.,0.));
#15804=DIRECTION('',(0.,0.,-1.));
#15805=DIRECTION('',(0.,1.,0.));
#15806=DIRECTION('',(0.,-1.,0.));
#15807=DIRECTION('',(0.,0.,-1.));
#15808=DIRECTION('',(0.,1.,0.));
#15809=DIRECTION('',(0.,-1.,0.));
#15810=DIRECTION('',(-0.218681091206376,0.,0.975796382627436));
#15811=DIRECTION('',(0.,-1.,0.));
#15812=DIRECTION('',(0.,1.,0.));
#15813=DIRECTION('',(0.218681091206376,0.,-0.975796382627436));
#15814=DIRECTION('',(0.,-1.,0.));
#15815=DIRECTION('',(0.,-1.,0.));
#15816=DIRECTION('',(-0.218681091206376,0.,0.975796382627436));
#15817=DIRECTION('',(0.,1.,0.));
#15818=DIRECTION('',(0.,0.,1.));
#15819=DIRECTION('',(0.,-1.,0.));
#15820=DIRECTION('',(0.,0.,-1.));
#15821=DIRECTION('',(0.,1.,0.));
#15822=DIRECTION('',(0.,-1.,0.));
#15823=DIRECTION('',(0.,0.,-1.));
#15824=DIRECTION('',(0.,1.,0.));
#15825=DIRECTION('',(0.,-1.,0.));
#15826=DIRECTION('',(-0.272103464845335,0.,0.96226800030925));
#15827=DIRECTION('',(0.,-1.,0.));
#15828=DIRECTION('',(0.,1.,0.));
#15829=DIRECTION('',(0.272103464845335,0.,-0.96226800030925));
#15830=DIRECTION('',(0.,-1.,0.));
#15831=DIRECTION('',(0.,-1.,0.));
#15832=DIRECTION('',(-0.272103464845335,0.,0.96226800030925));
#15833=DIRECTION('',(0.,1.,0.));
#15834=DIRECTION('',(0.,0.,1.));
#15835=DIRECTION('',(0.,-1.,0.));
#15836=DIRECTION('',(0.,0.,-1.));
#15837=DIRECTION('',(0.,1.,0.));
#15838=DIRECTION('',(0.,-1.,0.));
#15839=DIRECTION('',(0.,0.,-1.));
#15840=DIRECTION('',(0.,1.,0.));
#15841=DIRECTION('',(0.,-1.,0.));
#15842=DIRECTION('',(-0.324699469204684,0.,0.945817241700635));
#15843=DIRECTION('',(0.,-1.,0.));
#15844=DIRECTION('',(0.,1.,0.));
#15845=DIRECTION('',(0.324699469204684,0.,-0.945817241700635));
#15846=DIRECTION('',(0.,-1.,0.));
#15847=DIRECTION('',(0.,-1.,0.));
#15848=DIRECTION('',(-0.324699469204684,0.,0.945817241700635));
#15849=DIRECTION('',(0.,1.,0.));
#15850=DIRECTION('',(0.,0.,1.));
#15851=DIRECTION('',(0.,-1.,0.));
#15852=DIRECTION('',(0.,0.,-1.));
#15853=DIRECTION('',(0.,1.,0.));
#15854=DIRECTION('',(0.,-1.,0.));
#15855=DIRECTION('',(0.,0.,-1.));
#15856=DIRECTION('',(0.,1.,0.));
#15857=DIRECTION('',(0.,-1.,0.));
#15858=DIRECTION('',(-0.376309371947835,0.,0.926494067214802));
#15859=DIRECTION('',(0.,-1.,0.));
#15860=DIRECTION('',(0.,1.,0.));
#15861=DIRECTION('',(0.376309371947835,0.,-0.926494067214802));
#15862=DIRECTION('',(0.,-1.,0.));
#15863=DIRECTION('',(0.,-1.,0.));
#15864=DIRECTION('',(-0.376309371947835,0.,0.926494067214802));
#15865=DIRECTION('',(0.,1.,0.));
#15866=DIRECTION('',(0.,0.,1.));
#15867=DIRECTION('',(0.,-1.,0.));
#15868=DIRECTION('',(0.,0.,-1.));
#15869=DIRECTION('',(0.,1.,0.));
#15870=DIRECTION('',(0.,-1.,0.));
#15871=DIRECTION('',(0.,0.,-1.));
#15872=DIRECTION('',(0.,1.,0.));
#15873=DIRECTION('',(0.,-1.,0.));
#15874=DIRECTION('',(-0.426776435496404,0.,0.904357160697577));
#15875=DIRECTION('',(0.,-1.,0.));
#15876=DIRECTION('',(0.,1.,0.));
#15877=DIRECTION('',(0.426776435496404,0.,-0.904357160697577));
#15878=DIRECTION('',(0.,-1.,0.));
#15879=DIRECTION('',(0.,-1.,0.));
#15880=DIRECTION('',(-0.426776435496404,0.,0.904357160697577));
#15881=DIRECTION('',(0.,1.,0.));
#15882=DIRECTION('',(0.,0.,1.));
#15883=DIRECTION('',(0.,-1.,0.));
#15884=DIRECTION('',(0.,0.,-1.));
#15885=DIRECTION('',(0.,1.,0.));
#15886=DIRECTION('',(0.,-1.,0.));
#15887=DIRECTION('',(0.,0.,-1.));
#15888=DIRECTION('',(0.,1.,0.));
#15889=DIRECTION('',(0.,-1.,0.));
#15890=DIRECTION('',(-0.475947393037074,0.,0.879473751206489));
#15891=DIRECTION('',(0.,-1.,0.));
#15892=DIRECTION('',(0.,1.,0.));
#15893=DIRECTION('',(0.475947393037074,0.,-0.879473751206489));
#15894=DIRECTION('',(0.,-1.,0.));
#15895=DIRECTION('',(0.,-1.,0.));
#15896=DIRECTION('',(-0.475947393037074,0.,0.879473751206489));
#15897=DIRECTION('',(0.,1.,0.));
#15898=DIRECTION('',(0.,0.,1.));
#15899=DIRECTION('',(0.,-1.,0.));
#15900=DIRECTION('',(0.,0.,-1.));
#15901=DIRECTION('',(0.,1.,0.));
#15902=DIRECTION('',(0.,-1.,0.));
#15903=DIRECTION('',(0.,0.,-1.));
#15904=DIRECTION('',(0.,1.,0.));
#15905=DIRECTION('',(0.,-1.,0.));
#15906=DIRECTION('',(-0.523672913987878,0.,0.851919408838327));
#15907=DIRECTION('',(0.,-1.,0.));
#15908=DIRECTION('',(0.,1.,0.));
#15909=DIRECTION('',(0.523672913987878,0.,-0.851919408838327));
#15910=DIRECTION('',(0.,-1.,0.));
#15911=DIRECTION('',(0.,-1.,0.));
#15912=DIRECTION('',(-0.523672913987878,0.,0.851919408838327));
#15913=DIRECTION('',(0.,1.,0.));
#15914=DIRECTION('',(0.,0.,1.));
#15915=DIRECTION('',(0.,-1.,0.));
#15916=DIRECTION('',(0.,0.,-1.));
#15917=DIRECTION('',(0.,1.,0.));
#15918=DIRECTION('',(0.,-1.,0.));
#15919=DIRECTION('',(0.,0.,-1.));
#15920=DIRECTION('',(0.,1.,0.));
#15921=DIRECTION('',(0.,-1.,0.));
#15922=DIRECTION('',(-0.569808057510266,0.,0.821777815225245));
#15923=DIRECTION('',(0.,-1.,0.));
#15924=DIRECTION('',(0.,1.,0.));
#15925=DIRECTION('',(0.569808057510266,0.,-0.821777815225245));
#15926=DIRECTION('',(0.,-1.,0.));
#15927=DIRECTION('',(0.,-1.,0.));
#15928=DIRECTION('',(-0.569808057510266,0.,0.821777815225245));
#15929=DIRECTION('',(0.,1.,0.));
#15930=DIRECTION('',(0.,0.,1.));
#15931=DIRECTION('',(0.,-1.,0.));
#15932=DIRECTION('',(0.,0.,-1.));
#15933=DIRECTION('',(0.,1.,0.));
#15934=DIRECTION('',(0.,-1.,0.));
#15935=DIRECTION('',(0.,0.,-1.));
#15936=DIRECTION('',(0.,1.,0.));
#15937=DIRECTION('',(0.,-1.,0.));
#15938=DIRECTION('',(-0.614212712689668,0.,0.789140509396394));
#15939=DIRECTION('',(0.,-1.,0.));
#15940=DIRECTION('',(0.,1.,0.));
#15941=DIRECTION('',(0.614212712689668,0.,-0.789140509396394));
#15942=DIRECTION('',(0.,-1.,0.));
#15943=DIRECTION('',(0.,-1.,0.));
#15944=DIRECTION('',(-0.614212712689668,0.,0.789140509396394));
#15945=DIRECTION('',(0.,1.,0.));
#15946=DIRECTION('',(0.,0.,1.));
#15947=DIRECTION('',(0.,-1.,0.));
#15948=DIRECTION('',(0.,0.,-1.));
#15949=DIRECTION('',(0.,1.,0.));
#15950=DIRECTION('',(0.,-1.,0.));
#15951=DIRECTION('',(0.,0.,-1.));
#15952=DIRECTION('',(0.,1.,0.));
#15953=DIRECTION('',(0.,-1.,0.));
#15954=DIRECTION('',(-0.656752024047735,0.,0.754106609776896));
#15955=DIRECTION('',(0.,-1.,0.));
#15956=DIRECTION('',(0.,1.,0.));
#15957=DIRECTION('',(0.656752024047735,0.,-0.754106609776896));
#15958=DIRECTION('',(0.,-1.,0.));
#15959=DIRECTION('',(0.,-1.,0.));
#15960=DIRECTION('',(-0.656752024047735,0.,0.754106609776896));
#15961=DIRECTION('',(0.,1.,0.));
#15962=DIRECTION('',(0.,0.,1.));
#15963=DIRECTION('',(0.,-1.,0.));
#15964=DIRECTION('',(0.,0.,-1.));
#15965=DIRECTION('',(0.,1.,0.));
#15966=DIRECTION('',(0.,-1.,0.));
#15967=DIRECTION('',(0.,0.,-1.));
#15968=DIRECTION('',(0.,1.,0.));
#15969=DIRECTION('',(0.,-1.,0.));
#15970=DIRECTION('',(-0.697296801093996,0.,0.716782513168451));
#15971=DIRECTION('',(0.,-1.,0.));
#15972=DIRECTION('',(0.,1.,0.));
#15973=DIRECTION('',(0.697296801093996,0.,-0.716782513168451));
#15974=DIRECTION('',(0.,-1.,0.));
#15975=DIRECTION('',(0.,-1.,0.));
#15976=DIRECTION('',(-0.697296801093996,0.,0.716782513168451));
#15977=DIRECTION('',(0.,1.,0.));
#15978=DIRECTION('',(0.,0.,1.));
#15979=DIRECTION('',(0.,-1.,0.));
#15980=DIRECTION('',(0.,0.,-1.));
#15981=DIRECTION('',(0.,1.,0.));
#15982=DIRECTION('',(0.,-1.,0.));
#15983=DIRECTION('',(0.,0.,-1.));
#15984=DIRECTION('',(0.,1.,0.));
#15985=DIRECTION('',(0.,-1.,0.));
#15986=DIRECTION('',(-0.735723910673132,0.,0.677281571625741));
#15987=DIRECTION('',(0.,-1.,0.));
#15988=DIRECTION('',(0.,1.,0.));
#15989=DIRECTION('',(0.735723910673132,0.,-0.677281571625741));
#15990=DIRECTION('',(0.,-1.,0.));
#15991=DIRECTION('',(0.,-1.,0.));
#15992=DIRECTION('',(-0.735723910673132,0.,0.677281571625741));
#15993=DIRECTION('',(0.,1.,0.));
#15994=DIRECTION('',(0.,0.,1.));
#15995=DIRECTION('',(0.,-1.,0.));
#15996=DIRECTION('',(0.,0.,-1.));
#15997=DIRECTION('',(0.,1.,0.));
#15998=DIRECTION('',(0.,-1.,0.));
#15999=DIRECTION('',(0.,0.,-1.));
#16000=DIRECTION('',(0.,1.,0.));
#16001=DIRECTION('',(0.,-1.,0.));
#16002=DIRECTION('',(-0.771916650916321,0.,0.635723748209968));
#16003=DIRECTION('',(0.,-1.,0.));
#16004=DIRECTION('',(0.,1.,0.));
#16005=DIRECTION('',(0.771916650916321,0.,-0.635723748209968));
#16006=DIRECTION('',(0.,-1.,0.));
#16007=DIRECTION('',(0.,-1.,0.));
#16008=DIRECTION('',(-0.771916650916321,0.,0.635723748209968));
#16009=DIRECTION('',(0.,1.,0.));
#16010=DIRECTION('',(0.,0.,1.));
#16011=DIRECTION('',(0.,-1.,0.));
#16012=DIRECTION('',(0.,0.,-1.));
#16013=DIRECTION('',(0.,1.,0.));
#16014=DIRECTION('',(0.,-1.,0.));
#16015=DIRECTION('',(0.,0.,-1.));
#16016=DIRECTION('',(0.,1.,0.));
#16017=DIRECTION('',(0.,-1.,0.));
#16018=DIRECTION('',(-0.805765105660978,0.,0.59223525266498));
#16019=DIRECTION('',(0.,-1.,0.));
#16020=DIRECTION('',(0.,1.,0.));
#16021=DIRECTION('',(0.805765105660978,0.,-0.59223525266498));
#16022=DIRECTION('',(0.,-1.,0.));
#16023=DIRECTION('',(0.,-1.,0.));
#16024=DIRECTION('',(-0.805765105660978,0.,0.59223525266498));
#16025=DIRECTION('',(0.,1.,0.));
#16026=DIRECTION('',(0.,0.,1.));
#16027=DIRECTION('',(0.,-1.,0.));
#16028=DIRECTION('',(0.,0.,-1.));
#16029=DIRECTION('',(0.,1.,0.));
#16030=DIRECTION('',(0.,-1.,0.));
#16031=DIRECTION('',(0.,0.,-1.));
#16032=DIRECTION('',(0.,1.,0.));
#16033=DIRECTION('',(0.,-1.,0.));
#16034=DIRECTION('',(-0.837166478262529,0.,0.546948158122427));
#16035=DIRECTION('',(0.,-1.,0.));
#16036=DIRECTION('',(0.,1.,0.));
#16037=DIRECTION('',(0.837166478262529,0.,-0.546948158122427));
#16038=DIRECTION('',(0.,-1.,0.));
#16039=DIRECTION('',(0.,-1.,0.));
#16040=DIRECTION('',(-0.837166478262529,0.,0.546948158122427));
#16041=DIRECTION('',(0.,1.,0.));
#16042=DIRECTION('',(0.,0.,1.));
#16043=DIRECTION('',(0.,-1.,0.));
#16044=DIRECTION('',(0.,0.,-1.));
#16045=DIRECTION('',(0.,1.,0.));
#16046=DIRECTION('',(0.,-1.,0.));
#16047=DIRECTION('',(0.,0.,-1.));
#16048=DIRECTION('',(0.,1.,0.));
#16049=DIRECTION('',(0.,-1.,0.));
#16050=DIRECTION('',(-0.866025403784439,0.,0.5));
#16051=DIRECTION('',(0.,-1.,0.));
#16052=DIRECTION('',(0.,1.,0.));
#16053=DIRECTION('',(0.866025403784439,0.,-0.5));
#16054=DIRECTION('',(0.,-1.,0.));
#16055=DIRECTION('',(0.,-1.,0.));
#16056=DIRECTION('',(-0.866025403784439,0.,0.5));
#16057=DIRECTION('',(0.,1.,0.));
#16058=DIRECTION('',(0.,0.,1.));
#16059=DIRECTION('',(0.,-1.,0.));
#16060=DIRECTION('',(0.,0.,-1.));
#16061=DIRECTION('',(0.,1.,0.));
#16062=DIRECTION('',(0.,-1.,0.));
#16063=DIRECTION('',(0.,0.,-1.));
#16064=DIRECTION('',(0.,1.,0.));
#16065=DIRECTION('',(0.,-1.,0.));
#16066=DIRECTION('',(-0.892254238618394,0.,0.451533358310889));
#16067=DIRECTION('',(0.,-1.,0.));
#16068=DIRECTION('',(0.,1.,0.));
#16069=DIRECTION('',(0.892254238618394,0.,-0.451533358310889));
#16070=DIRECTION('',(0.,-1.,0.));
#16071=DIRECTION('',(0.,-1.,0.));
#16072=DIRECTION('',(-0.892254238618394,0.,0.451533358310889));
#16073=DIRECTION('',(0.,1.,0.));
#16074=DIRECTION('',(0.,0.,1.));
#16075=DIRECTION('',(0.,-1.,0.));
#16076=DIRECTION('',(0.,0.,-1.));
#16077=DIRECTION('',(0.,1.,0.));
#16078=DIRECTION('',(0.,-1.,0.));
#16079=DIRECTION('',(0.,0.,-1.));
#16080=DIRECTION('',(0.,1.,0.));
#16081=DIRECTION('',(0.,-1.,0.));
#16082=DIRECTION('',(-0.915773326655057,0.,0.40169542465297));
#16083=DIRECTION('',(0.,-1.,0.));
#16084=DIRECTION('',(0.,1.,0.));
#16085=DIRECTION('',(0.915773326655057,0.,-0.40169542465297));
#16086=DIRECTION('',(0.,-1.,0.));
#16087=DIRECTION('',(0.,-1.,0.));
#16088=DIRECTION('',(-0.915773326655057,0.,0.40169542465297));
#16089=DIRECTION('',(0.,1.,0.));
#16090=DIRECTION('',(0.,0.,1.));
#16091=DIRECTION('',(0.,-1.,0.));
#16092=DIRECTION('',(0.,0.,-1.));
#16093=DIRECTION('',(0.,1.,0.));
#16094=DIRECTION('',(0.,-1.,0.));
#16095=DIRECTION('',(0.,0.,-1.));
#16096=DIRECTION('',(0.,1.,0.));
#16097=DIRECTION('',(0.,-1.,0.));
#16098=DIRECTION('',(-0.936511241197055,0.,0.350637555192754));
#16099=DIRECTION('',(0.,-1.,0.));
#16100=DIRECTION('',(0.,1.,0.));
#16101=DIRECTION('',(0.936511241197055,0.,-0.350637555192754));
#16102=DIRECTION('',(0.,-1.,0.));
#16103=DIRECTION('',(0.,-1.,0.));
#16104=DIRECTION('',(-0.936511241197055,0.,0.350637555192754));
#16105=DIRECTION('',(0.,1.,0.));
#16106=DIRECTION('',(0.,0.,1.));
#16107=DIRECTION('',(0.,-1.,0.));
#16108=DIRECTION('',(0.,0.,-1.));
#16109=DIRECTION('',(0.,1.,0.));
#16110=DIRECTION('',(0.,-1.,0.));
#16111=DIRECTION('',(0.,0.,-1.));
#16112=DIRECTION('',(0.,1.,0.));
#16113=DIRECTION('',(0.,-1.,0.));
#16114=DIRECTION('',(-0.954405001879507,0.,0.298514811001694));
#16115=DIRECTION('',(0.,-1.,0.));
#16116=DIRECTION('',(0.,1.,0.));
#16117=DIRECTION('',(0.954405001879507,0.,-0.298514811001694));
#16118=DIRECTION('',(0.,-1.,0.));
#16119=DIRECTION('',(0.,-1.,0.));
#16120=DIRECTION('',(-0.954405001879507,0.,0.298514811001694));
#16121=DIRECTION('',(0.,1.,0.));
#16122=DIRECTION('',(0.,0.,1.));
#16123=DIRECTION('',(0.,-1.,0.));
#16124=DIRECTION('',(0.,0.,-1.));
#16125=DIRECTION('',(0.,1.,0.));
#16126=DIRECTION('',(0.,-1.,0.));
#16127=DIRECTION('',(0.,0.,-1.));
#16128=DIRECTION('',(0.,1.,0.));
#16129=DIRECTION('',(0.,-1.,0.));
#16130=DIRECTION('',(-0.96940026593933,0.,0.245485487140799));
#16131=DIRECTION('',(0.,-1.,0.));
#16132=DIRECTION('',(0.,1.,0.));
#16133=DIRECTION('',(0.96940026593933,0.,-0.245485487140799));
#16134=DIRECTION('',(0.,-1.,0.));
#16135=DIRECTION('',(0.,-1.,0.));
#16136=DIRECTION('',(-0.96940026593933,0.,0.245485487140799));
#16137=DIRECTION('',(0.,1.,0.));
#16138=DIRECTION('',(0.,0.,1.));
#16139=DIRECTION('',(0.,-1.,0.));
#16140=DIRECTION('',(0.,0.,-1.));
#16141=DIRECTION('',(0.,1.,0.));
#16142=DIRECTION('',(0.,-1.,0.));
#16143=DIRECTION('',(0.,0.,-1.));
#16144=DIRECTION('',(0.,1.,0.));
#16145=DIRECTION('',(0.,-1.,0.));
#16146=DIRECTION('',(-0.981451493252418,0.,0.191710631923739));
#16147=DIRECTION('',(0.,-1.,0.));
#16148=DIRECTION('',(0.,1.,0.));
#16149=DIRECTION('',(0.981451493252418,0.,-0.191710631923739));
#16150=DIRECTION('',(0.,-1.,0.));
#16151=DIRECTION('',(0.,-1.,0.));
#16152=DIRECTION('',(-0.981451493252418,0.,0.191710631923739));
#16153=DIRECTION('',(0.,1.,0.));
#16154=DIRECTION('',(0.,0.,1.));
#16155=DIRECTION('',(0.,-1.,0.));
#16156=DIRECTION('',(0.,0.,-1.));
#16157=DIRECTION('',(0.,1.,0.));
#16158=DIRECTION('',(0.,-1.,0.));
#16159=DIRECTION('',(0.,0.,-1.));
#16160=DIRECTION('',(0.,1.,0.));
#16161=DIRECTION('',(0.,-1.,0.));
#16162=DIRECTION('',(-0.990522084637503,0.,0.137353557818408));
#16163=DIRECTION('',(0.,-1.,0.));
#16164=DIRECTION('',(0.,1.,0.));
#16165=DIRECTION('',(0.990522084637503,0.,-0.137353557818408));
#16166=DIRECTION('',(0.,-1.,0.));
#16167=DIRECTION('',(0.,-1.,0.));
#16168=DIRECTION('',(-0.990522084637503,0.,0.137353557818408));
#16169=DIRECTION('',(0.,1.,0.));
#16170=DIRECTION('',(0.,0.,1.));
#16171=DIRECTION('',(0.,-1.,0.));
#16172=DIRECTION('',(0.,0.,-1.));
#16173=DIRECTION('',(0.,1.,0.));
#16174=DIRECTION('',(0.,-1.,0.));
#16175=DIRECTION('',(0.,0.,-1.));
#16176=DIRECTION('',(0.,1.,0.));
#16177=DIRECTION('',(0.,-1.,0.));
#16178=DIRECTION('',(-0.99658449300667,0.,0.0825793454723323));
#16179=DIRECTION('',(0.,-1.,0.));
#16180=DIRECTION('',(0.,1.,0.));
#16181=DIRECTION('',(0.99658449300667,0.,-0.0825793454723323));
#16182=DIRECTION('',(0.,-1.,0.));
#16183=DIRECTION('',(0.,-1.,0.));
#16184=DIRECTION('',(-0.99658449300667,0.,0.0825793454723323));
#16185=DIRECTION('',(0.,1.,0.));
#16186=DIRECTION('',(0.,0.,1.));
#16187=DIRECTION('',(0.,-1.,0.));
#16188=DIRECTION('',(0.,0.,-1.));
#16189=DIRECTION('',(0.,1.,0.));
#16190=DIRECTION('',(0.,-1.,0.));
#16191=DIRECTION('',(0.,0.,-1.));
#16192=DIRECTION('',(0.,1.,0.));
#16193=DIRECTION('',(0.,-1.,0.));
#16194=DIRECTION('',(-0.999620307024951,0.,0.0275543423681619));
#16195=DIRECTION('',(0.,-1.,0.));
#16196=DIRECTION('',(0.,1.,0.));
#16197=DIRECTION('',(0.999620307024951,0.,-0.0275543423681619));
#16198=DIRECTION('',(0.,-1.,0.));
#16199=DIRECTION('',(0.,-1.,0.));
#16200=DIRECTION('',(-0.999620307024951,0.,0.0275543423681619));
#16201=DIRECTION('',(0.,1.,0.));
#16202=DIRECTION('',(0.,0.,1.));
#16203=DIRECTION('',(0.,-1.,0.));
#16204=DIRECTION('',(0.,0.,-1.));
#16205=DIRECTION('',(0.,1.,0.));
#16206=DIRECTION('',(0.,-1.,0.));
#16207=DIRECTION('',(0.,0.,-1.));
#16208=DIRECTION('',(0.,1.,0.));
#16209=DIRECTION('',(0.,-1.,0.));
#16210=DIRECTION('',(-0.999620307024951,0.,-0.027554342368162));
#16211=DIRECTION('',(0.,-1.,0.));
#16212=DIRECTION('',(0.,1.,0.));
#16213=DIRECTION('',(0.999620307024951,0.,0.027554342368162));
#16214=DIRECTION('',(0.,-1.,0.));
#16215=DIRECTION('',(0.,-1.,0.));
#16216=DIRECTION('',(-0.999620307024951,0.,-0.027554342368162));
#16217=DIRECTION('',(0.,1.,0.));
#16218=DIRECTION('',(0.,0.,1.));
#16219=DIRECTION('',(0.,-1.,0.));
#16220=DIRECTION('',(0.,0.,-1.));
#16221=DIRECTION('',(0.,1.,0.));
#16222=DIRECTION('',(0.,-1.,0.));
#16223=DIRECTION('',(0.,0.,-1.));
#16224=DIRECTION('',(0.,1.,0.));
#16225=DIRECTION('',(0.,-1.,0.));
#16226=DIRECTION('',(-0.99658449300667,0.,-0.0825793454723324));
#16227=DIRECTION('',(0.,-1.,0.));
#16228=DIRECTION('',(0.,1.,0.));
#16229=DIRECTION('',(0.99658449300667,0.,0.0825793454723324));
#16230=DIRECTION('',(0.,-1.,0.));
#16231=DIRECTION('',(0.,-1.,0.));
#16232=DIRECTION('',(-0.99658449300667,0.,-0.0825793454723324));
#16233=DIRECTION('',(0.,1.,0.));
#16234=DIRECTION('',(0.,0.,1.));
#16235=DIRECTION('',(0.,-1.,0.));
#16236=DIRECTION('',(0.,0.,-1.));
#16237=DIRECTION('',(0.,1.,0.));
#16238=DIRECTION('',(0.,-1.,0.));
#16239=DIRECTION('',(0.,0.,-1.));
#16240=DIRECTION('',(0.,1.,0.));
#16241=DIRECTION('',(0.,-1.,0.));
#16242=DIRECTION('',(-0.990522084637503,0.,-0.137353557818408));
#16243=DIRECTION('',(0.,-1.,0.));
#16244=DIRECTION('',(0.,1.,0.));
#16245=DIRECTION('',(0.990522084637503,0.,0.137353557818408));
#16246=DIRECTION('',(0.,-1.,0.));
#16247=DIRECTION('',(0.,-1.,0.));
#16248=DIRECTION('',(-0.990522084637503,0.,-0.137353557818408));
#16249=DIRECTION('',(0.,1.,0.));
#16250=DIRECTION('',(0.,0.,1.));
#16251=DIRECTION('',(0.,-1.,0.));
#16252=DIRECTION('',(0.,0.,-1.));
#16253=DIRECTION('',(0.,1.,0.));
#16254=DIRECTION('',(0.,-1.,0.));
#16255=DIRECTION('',(0.,0.,-1.));
#16256=DIRECTION('',(0.,1.,0.));
#16257=DIRECTION('',(0.,-1.,0.));
#16258=DIRECTION('',(-0.981451493252418,0.,-0.191710631923739));
#16259=DIRECTION('',(0.,-1.,0.));
#16260=DIRECTION('',(0.,1.,0.));
#16261=DIRECTION('',(0.981451493252418,0.,0.191710631923739));
#16262=DIRECTION('',(0.,-1.,0.));
#16263=DIRECTION('',(0.,-1.,0.));
#16264=DIRECTION('',(-0.981451493252418,0.,-0.191710631923739));
#16265=DIRECTION('',(0.,1.,0.));
#16266=DIRECTION('',(0.,0.,1.));
#16267=DIRECTION('',(0.,-1.,0.));
#16268=DIRECTION('',(0.,0.,-1.));
#16269=DIRECTION('',(0.,1.,0.));
#16270=DIRECTION('',(0.,-1.,0.));
#16271=DIRECTION('',(0.,0.,-1.));
#16272=DIRECTION('',(0.,1.,0.));
#16273=DIRECTION('',(0.,-1.,0.));
#16274=DIRECTION('',(-0.96940026593933,0.,-0.2454854871408));
#16275=DIRECTION('',(0.,-1.,0.));
#16276=DIRECTION('',(0.,1.,0.));
#16277=DIRECTION('',(0.96940026593933,0.,0.2454854871408));
#16278=DIRECTION('',(0.,-1.,0.));
#16279=DIRECTION('',(0.,-1.,0.));
#16280=DIRECTION('',(-0.96940026593933,0.,-0.2454854871408));
#16281=DIRECTION('',(0.,1.,0.));
#16282=DIRECTION('',(0.,0.,1.));
#16283=DIRECTION('',(0.,-1.,0.));
#16284=DIRECTION('',(0.,0.,-1.));
#16285=DIRECTION('',(0.,1.,0.));
#16286=DIRECTION('',(0.,-1.,0.));
#16287=DIRECTION('',(0.,0.,-1.));
#16288=DIRECTION('',(0.,1.,0.));
#16289=DIRECTION('',(0.,-1.,0.));
#16290=DIRECTION('',(-0.954405001879507,0.,-0.298514811001694));
#16291=DIRECTION('',(0.,-1.,0.));
#16292=DIRECTION('',(0.,1.,0.));
#16293=DIRECTION('',(0.954405001879507,0.,0.298514811001694));
#16294=DIRECTION('',(0.,-1.,0.));
#16295=DIRECTION('',(0.,-1.,0.));
#16296=DIRECTION('',(-0.954405001879507,0.,-0.298514811001694));
#16297=DIRECTION('',(0.,1.,0.));
#16298=DIRECTION('',(0.,0.,1.));
#16299=DIRECTION('',(0.,-1.,0.));
#16300=DIRECTION('',(0.,0.,-1.));
#16301=DIRECTION('',(0.,1.,0.));
#16302=DIRECTION('',(0.,-1.,0.));
#16303=DIRECTION('',(0.,0.,-1.));
#16304=DIRECTION('',(0.,1.,0.));
#16305=DIRECTION('',(0.,-1.,0.));
#16306=DIRECTION('',(-0.936511241197055,0.,-0.350637555192754));
#16307=DIRECTION('',(0.,-1.,0.));
#16308=DIRECTION('',(0.,1.,0.));
#16309=DIRECTION('',(0.936511241197055,0.,0.350637555192754));
#16310=DIRECTION('',(0.,-1.,0.));
#16311=DIRECTION('',(0.,-1.,0.));
#16312=DIRECTION('',(-0.936511241197055,0.,-0.350637555192754));
#16313=DIRECTION('',(0.,1.,0.));
#16314=DIRECTION('',(0.,0.,1.));
#16315=DIRECTION('',(0.,-1.,0.));
#16316=DIRECTION('',(0.,0.,-1.));
#16317=DIRECTION('',(0.,1.,0.));
#16318=DIRECTION('',(0.,-1.,0.));
#16319=DIRECTION('',(0.,0.,-1.));
#16320=DIRECTION('',(0.,1.,0.));
#16321=DIRECTION('',(0.,-1.,0.));
#16322=DIRECTION('',(-0.915773326655057,0.,-0.40169542465297));
#16323=DIRECTION('',(0.,-1.,0.));
#16324=DIRECTION('',(0.,1.,0.));
#16325=DIRECTION('',(0.915773326655057,0.,0.40169542465297));
#16326=DIRECTION('',(0.,-1.,0.));
#16327=DIRECTION('',(0.,-1.,0.));
#16328=DIRECTION('',(-0.915773326655057,0.,-0.40169542465297));
#16329=DIRECTION('',(0.,1.,0.));
#16330=DIRECTION('',(0.,0.,1.));
#16331=DIRECTION('',(0.,-1.,0.));
#16332=DIRECTION('',(0.,0.,-1.));
#16333=DIRECTION('',(0.,1.,0.));
#16334=DIRECTION('',(0.,-1.,0.));
#16335=DIRECTION('',(0.,0.,-1.));
#16336=DIRECTION('',(0.,1.,0.));
#16337=DIRECTION('',(0.,-1.,0.));
#16338=DIRECTION('',(-0.892254238618394,0.,-0.451533358310889));
#16339=DIRECTION('',(0.,-1.,0.));
#16340=DIRECTION('',(0.,1.,0.));
#16341=DIRECTION('',(0.892254238618394,0.,0.451533358310889));
#16342=DIRECTION('',(0.,-1.,0.));
#16343=DIRECTION('',(0.,-1.,0.));
#16344=DIRECTION('',(-0.892254238618394,0.,-0.451533358310889));
#16345=DIRECTION('',(0.,1.,0.));
#16346=DIRECTION('',(0.,0.,1.));
#16347=DIRECTION('',(0.,-1.,0.));
#16348=DIRECTION('',(0.,0.,-1.));
#16349=DIRECTION('',(0.,1.,0.));
#16350=DIRECTION('',(0.,-1.,0.));
#16351=DIRECTION('',(0.,0.,-1.));
#16352=DIRECTION('',(0.,1.,0.));
#16353=DIRECTION('',(0.,-1.,0.));
#16354=DIRECTION('',(-0.866025403784439,0.,-0.5));
#16355=DIRECTION('',(0.,-1.,0.));
#16356=DIRECTION('',(0.,1.,0.));
#16357=DIRECTION('',(0.866025403784439,0.,0.5));
#16358=DIRECTION('',(0.,-1.,0.));
#16359=DIRECTION('',(0.,-1.,0.));
#16360=DIRECTION('',(-0.866025403784439,0.,-0.5));
#16361=DIRECTION('',(0.,1.,0.));
#16362=DIRECTION('',(0.,0.,1.));
#16363=DIRECTION('',(0.,-1.,0.));
#16364=DIRECTION('',(0.,0.,-1.));
#16365=DIRECTION('',(0.,1.,0.));
#16366=DIRECTION('',(0.,-1.,0.));
#16367=DIRECTION('',(0.,0.,-1.));
#16368=DIRECTION('',(0.,1.,0.));
#16369=DIRECTION('',(0.,-1.,0.));
#16370=DIRECTION('',(-0.837166478262529,0.,-0.546948158122427));
#16371=DIRECTION('',(0.,-1.,0.));
#16372=DIRECTION('',(0.,1.,0.));
#16373=DIRECTION('',(0.837166478262529,0.,0.546948158122427));
#16374=DIRECTION('',(0.,-1.,0.));
#16375=DIRECTION('',(0.,-1.,0.));
#16376=DIRECTION('',(-0.837166478262529,0.,-0.546948158122427));
#16377=DIRECTION('',(0.,1.,0.));
#16378=DIRECTION('',(0.,0.,1.));
#16379=DIRECTION('',(0.,-1.,0.));
#16380=DIRECTION('',(0.,0.,-1.));
#16381=DIRECTION('',(0.,1.,0.));
#16382=DIRECTION('',(0.,-1.,0.));
#16383=DIRECTION('',(0.,0.,-1.));
#16384=DIRECTION('',(0.,1.,0.));
#16385=DIRECTION('',(0.,-1.,0.));
#16386=DIRECTION('',(-0.805765105660978,0.,-0.59223525266498));
#16387=DIRECTION('',(0.,-1.,0.));
#16388=DIRECTION('',(0.,1.,0.));
#16389=DIRECTION('',(0.805765105660978,0.,0.59223525266498));
#16390=DIRECTION('',(0.,-1.,0.));
#16391=DIRECTION('',(0.,-1.,0.));
#16392=DIRECTION('',(-0.805765105660978,0.,-0.59223525266498));
#16393=DIRECTION('',(0.,1.,0.));
#16394=DIRECTION('',(0.,0.,1.));
#16395=DIRECTION('',(0.,-1.,0.));
#16396=DIRECTION('',(0.,0.,-1.));
#16397=DIRECTION('',(0.,1.,0.));
#16398=DIRECTION('',(0.,-1.,0.));
#16399=DIRECTION('',(0.,0.,-1.));
#16400=DIRECTION('',(0.,1.,0.));
#16401=DIRECTION('',(0.,-1.,0.));
#16402=DIRECTION('',(-0.771916650916321,0.,-0.635723748209968));
#16403=DIRECTION('',(0.,-1.,0.));
#16404=DIRECTION('',(0.,1.,0.));
#16405=DIRECTION('',(0.771916650916321,0.,0.635723748209968));
#16406=DIRECTION('',(0.,-1.,0.));
#16407=DIRECTION('',(0.,-1.,0.));
#16408=DIRECTION('',(-0.771916650916321,0.,-0.635723748209968));
#16409=DIRECTION('',(0.,1.,0.));
#16410=DIRECTION('',(0.,0.,1.));
#16411=DIRECTION('',(0.,-1.,0.));
#16412=DIRECTION('',(0.,0.,-1.));
#16413=DIRECTION('',(0.,1.,0.));
#16414=DIRECTION('',(0.,-1.,0.));
#16415=DIRECTION('',(0.,0.,-1.));
#16416=DIRECTION('',(0.,1.,0.));
#16417=DIRECTION('',(0.,-1.,0.));
#16418=DIRECTION('',(-0.735723910673132,0.,-0.677281571625741));
#16419=DIRECTION('',(0.,-1.,0.));
#16420=DIRECTION('',(0.,1.,0.));
#16421=DIRECTION('',(0.735723910673132,0.,0.677281571625741));
#16422=DIRECTION('',(0.,-1.,0.));
#16423=DIRECTION('',(0.,-1.,0.));
#16424=DIRECTION('',(-0.735723910673132,0.,-0.677281571625741));
#16425=DIRECTION('',(0.,1.,0.));
#16426=DIRECTION('',(0.,0.,1.));
#16427=DIRECTION('',(0.,-1.,0.));
#16428=DIRECTION('',(0.,0.,-1.));
#16429=DIRECTION('',(0.,1.,0.));
#16430=DIRECTION('',(0.,-1.,0.));
#16431=DIRECTION('',(0.,0.,-1.));
#16432=DIRECTION('',(0.,1.,0.));
#16433=DIRECTION('',(0.,-1.,0.));
#16434=DIRECTION('',(-0.697296801093995,0.,-0.716782513168451));
#16435=DIRECTION('',(0.,-1.,0.));
#16436=DIRECTION('',(0.,1.,0.));
#16437=DIRECTION('',(0.697296801093995,0.,0.716782513168451));
#16438=DIRECTION('',(0.,-1.,0.));
#16439=DIRECTION('',(0.,-1.,0.));
#16440=DIRECTION('',(-0.697296801093995,0.,-0.716782513168451));
#16441=DIRECTION('',(0.,1.,0.));
#16442=DIRECTION('',(0.,0.,1.));
#16443=DIRECTION('',(0.,-1.,0.));
#16444=DIRECTION('',(0.,0.,-1.));
#16445=DIRECTION('',(0.,1.,0.));
#16446=DIRECTION('',(0.,-1.,0.));
#16447=DIRECTION('',(0.,0.,-1.));
#16448=DIRECTION('',(0.,1.,0.));
#16449=DIRECTION('',(0.,-1.,0.));
#16450=DIRECTION('',(-0.656752024047734,0.,-0.754106609776896));
#16451=DIRECTION('',(0.,-1.,0.));
#16452=DIRECTION('',(0.,1.,0.));
#16453=DIRECTION('',(0.656752024047734,0.,0.754106609776896));
#16454=DIRECTION('',(0.,-1.,0.));
#16455=DIRECTION('',(0.,-1.,0.));
#16456=DIRECTION('',(-0.656752024047734,0.,-0.754106609776896));
#16457=DIRECTION('',(0.,1.,0.));
#16458=DIRECTION('',(0.,0.,1.));
#16459=DIRECTION('',(0.,-1.,0.));
#16460=DIRECTION('',(0.,0.,-1.));
#16461=DIRECTION('',(0.,1.,0.));
#16462=DIRECTION('',(0.,-1.,0.));
#16463=DIRECTION('',(0.,0.,-1.));
#16464=DIRECTION('',(0.,1.,0.));
#16465=DIRECTION('',(0.,-1.,0.));
#16466=DIRECTION('',(-0.614212712689668,0.,-0.789140509396394));
#16467=DIRECTION('',(0.,-1.,0.));
#16468=DIRECTION('',(0.,1.,0.));
#16469=DIRECTION('',(0.614212712689668,0.,0.789140509396394));
#16470=DIRECTION('',(0.,-1.,0.));
#16471=DIRECTION('',(0.,-1.,0.));
#16472=DIRECTION('',(-0.614212712689668,0.,-0.789140509396394));
#16473=DIRECTION('',(0.,1.,0.));
#16474=DIRECTION('',(0.,0.,1.));
#16475=DIRECTION('',(0.,-1.,0.));
#16476=DIRECTION('',(0.,0.,-1.));
#16477=DIRECTION('',(0.,1.,0.));
#16478=DIRECTION('',(0.,-1.,0.));
#16479=DIRECTION('',(0.,0.,-1.));
#16480=DIRECTION('',(0.,1.,0.));
#16481=DIRECTION('',(0.,-1.,0.));
#16482=DIRECTION('',(-0.569808057510266,0.,-0.821777815225245));
#16483=DIRECTION('',(0.,-1.,0.));
#16484=DIRECTION('',(0.,1.,0.));
#16485=DIRECTION('',(0.569808057510266,0.,0.821777815225245));
#16486=DIRECTION('',(0.,-1.,0.));
#16487=DIRECTION('',(0.,-1.,0.));
#16488=DIRECTION('',(-0.569808057510266,0.,-0.821777815225245));
#16489=DIRECTION('',(0.,1.,0.));
#16490=DIRECTION('',(0.,0.,1.));
#16491=DIRECTION('',(0.,-1.,0.));
#16492=DIRECTION('',(0.,0.,-1.));
#16493=DIRECTION('',(0.,1.,0.));
#16494=DIRECTION('',(0.,-1.,0.));
#16495=DIRECTION('',(0.,0.,-1.));
#16496=DIRECTION('',(0.,1.,0.));
#16497=DIRECTION('',(0.,-1.,0.));
#16498=DIRECTION('',(-0.523672913987878,0.,-0.851919408838327));
#16499=DIRECTION('',(0.,-1.,0.));
#16500=DIRECTION('',(0.,1.,0.));
#16501=DIRECTION('',(0.523672913987878,0.,0.851919408838327));
#16502=DIRECTION('',(0.,-1.,0.));
#16503=DIRECTION('',(0.,-1.,0.));
#16504=DIRECTION('',(-0.523672913987878,0.,-0.851919408838327));
#16505=DIRECTION('',(0.,1.,0.));
#16506=DIRECTION('',(0.,0.,1.));
#16507=DIRECTION('',(0.,-1.,0.));
#16508=DIRECTION('',(0.,0.,-1.));
#16509=DIRECTION('',(0.,1.,0.));
#16510=DIRECTION('',(0.,-1.,0.));
#16511=DIRECTION('',(0.,0.,-1.));
#16512=DIRECTION('',(0.,1.,0.));
#16513=DIRECTION('',(0.,-1.,0.));
#16514=DIRECTION('',(-0.475947393037074,0.,-0.879473751206489));
#16515=DIRECTION('',(0.,-1.,0.));
#16516=DIRECTION('',(0.,1.,0.));
#16517=DIRECTION('',(0.475947393037074,0.,0.879473751206489));
#16518=DIRECTION('',(0.,-1.,0.));
#16519=DIRECTION('',(0.,-1.,0.));
#16520=DIRECTION('',(-0.475947393037074,0.,-0.879473751206489));
#16521=DIRECTION('',(0.,1.,0.));
#16522=DIRECTION('',(0.,0.,1.));
#16523=DIRECTION('',(0.,-1.,0.));
#16524=DIRECTION('',(0.,0.,-1.));
#16525=DIRECTION('',(0.,1.,0.));
#16526=DIRECTION('',(0.,-1.,0.));
#16527=DIRECTION('',(0.,0.,-1.));
#16528=DIRECTION('',(0.,1.,0.));
#16529=DIRECTION('',(0.,-1.,0.));
#16530=DIRECTION('',(-0.426776435496403,0.,-0.904357160697578));
#16531=DIRECTION('',(0.,-1.,0.));
#16532=DIRECTION('',(0.,1.,0.));
#16533=DIRECTION('',(0.426776435496403,0.,0.904357160697578));
#16534=DIRECTION('',(0.,-1.,0.));
#16535=DIRECTION('',(0.,-1.,0.));
#16536=DIRECTION('',(-0.426776435496403,0.,-0.904357160697578));
#16537=DIRECTION('',(0.,1.,0.));
#16538=DIRECTION('',(0.,0.,1.));
#16539=DIRECTION('',(0.,-1.,0.));
#16540=DIRECTION('',(0.,0.,-1.));
#16541=DIRECTION('',(0.,1.,0.));
#16542=DIRECTION('',(0.,-1.,0.));
#16543=DIRECTION('',(0.,0.,-1.));
#16544=DIRECTION('',(0.,1.,0.));
#16545=DIRECTION('',(0.,-1.,0.));
#16546=DIRECTION('',(-0.376309371947835,0.,-0.926494067214802));
#16547=DIRECTION('',(0.,-1.,0.));
#16548=DIRECTION('',(0.,1.,0.));
#16549=DIRECTION('',(0.376309371947835,0.,0.926494067214802));
#16550=DIRECTION('',(0.,-1.,0.));
#16551=DIRECTION('',(0.,-1.,0.));
#16552=DIRECTION('',(-0.376309371947835,0.,-0.926494067214802));
#16553=DIRECTION('',(0.,1.,0.));
#16554=DIRECTION('',(0.,0.,1.));
#16555=DIRECTION('',(0.,-1.,0.));
#16556=DIRECTION('',(0.,0.,-1.));
#16557=DIRECTION('',(0.,1.,0.));
#16558=DIRECTION('',(0.,-1.,0.));
#16559=DIRECTION('',(0.,0.,-1.));
#16560=DIRECTION('',(0.,1.,0.));
#16561=DIRECTION('',(0.,-1.,0.));
#16562=DIRECTION('',(-0.324699469204684,0.,-0.945817241700635));
#16563=DIRECTION('',(0.,-1.,0.));
#16564=DIRECTION('',(0.,1.,0.));
#16565=DIRECTION('',(0.324699469204684,0.,0.945817241700635));
#16566=DIRECTION('',(0.,-1.,0.));
#16567=DIRECTION('',(0.,-1.,0.));
#16568=DIRECTION('',(-0.324699469204684,0.,-0.945817241700635));
#16569=DIRECTION('',(0.,1.,0.));
#16570=DIRECTION('',(0.,0.,1.));
#16571=DIRECTION('',(0.,-1.,0.));
#16572=DIRECTION('',(0.,0.,-1.));
#16573=DIRECTION('',(0.,1.,0.));
#16574=DIRECTION('',(0.,-1.,0.));
#16575=DIRECTION('',(0.,0.,-1.));
#16576=DIRECTION('',(0.,1.,0.));
#16577=DIRECTION('',(0.,-1.,0.));
#16578=DIRECTION('',(-0.272103464845335,0.,-0.96226800030925));
#16579=DIRECTION('',(0.,-1.,0.));
#16580=DIRECTION('',(0.,1.,0.));
#16581=DIRECTION('',(0.272103464845335,0.,0.96226800030925));
#16582=DIRECTION('',(0.,-1.,0.));
#16583=DIRECTION('',(0.,-1.,0.));
#16584=DIRECTION('',(-0.272103464845335,0.,-0.96226800030925));
#16585=DIRECTION('',(0.,1.,0.));
#16586=DIRECTION('',(0.,0.,1.));
#16587=DIRECTION('',(0.,-1.,0.));
#16588=DIRECTION('',(0.,0.,-1.));
#16589=DIRECTION('',(0.,1.,0.));
#16590=DIRECTION('',(0.,-1.,0.));
#16591=DIRECTION('',(0.,0.,-1.));
#16592=DIRECTION('',(0.,1.,0.));
#16593=DIRECTION('',(0.,-1.,0.));
#16594=DIRECTION('',(-0.218681091206376,0.,-0.975796382627436));
#16595=DIRECTION('',(0.,-1.,0.));
#16596=DIRECTION('',(0.,1.,0.));
#16597=DIRECTION('',(0.218681091206376,0.,0.975796382627436));
#16598=DIRECTION('',(0.,-1.,0.));
#16599=DIRECTION('',(0.,-1.,0.));
#16600=DIRECTION('',(-0.218681091206376,0.,-0.975796382627436));
#16601=DIRECTION('',(0.,1.,0.));
#16602=DIRECTION('',(0.,0.,1.));
#16603=DIRECTION('',(0.,-1.,0.));
#16604=DIRECTION('',(0.,0.,-1.));
#16605=DIRECTION('',(0.,1.,0.));
#16606=DIRECTION('',(0.,-1.,0.));
#16607=DIRECTION('',(0.,0.,-1.));
#16608=DIRECTION('',(0.,1.,0.));
#16609=DIRECTION('',(0.,-1.,0.));
#16610=DIRECTION('',(-0.164594590280734,0.,-0.986361303402722));
#16611=DIRECTION('',(0.,-1.,0.));
#16612=DIRECTION('',(0.,1.,0.));
#16613=DIRECTION('',(0.164594590280734,0.,0.986361303402722));
#16614=DIRECTION('',(0.,-1.,0.));
#16615=DIRECTION('',(0.,-1.,0.));
#16616=DIRECTION('',(-0.164594590280734,0.,-0.986361303402722));
#16617=DIRECTION('',(0.,1.,0.));
#16618=DIRECTION('',(0.,0.,1.));
#16619=DIRECTION('',(0.,-1.,0.));
#16620=DIRECTION('',(0.,0.,-1.));
#16621=DIRECTION('',(0.,1.,0.));
#16622=DIRECTION('',(0.,-1.,0.));
#16623=DIRECTION('',(0.,0.,-1.));
#16624=DIRECTION('',(0.,1.,0.));
#16625=DIRECTION('',(0.,-1.,0.));
#16626=DIRECTION('',(-0.110008220994079,0.,-0.993930677317949));
#16627=DIRECTION('',(0.,-1.,0.));
#16628=DIRECTION('',(0.,1.,0.));
#16629=DIRECTION('',(0.110008220994079,0.,0.993930677317949));
#16630=DIRECTION('',(0.,-1.,0.));
#16631=DIRECTION('',(0.,-1.,0.));
#16632=DIRECTION('',(-0.110008220994079,0.,-0.993930677317949));
#16633=DIRECTION('',(0.,1.,0.));
#16634=DIRECTION('',(0.,0.,1.));
#16635=DIRECTION('',(0.,-1.,0.));
#16636=DIRECTION('',(0.,0.,-1.));
#16637=DIRECTION('',(0.,1.,0.));
#16638=DIRECTION('',(0.,-1.,0.));
#16639=DIRECTION('',(0.,0.,-1.));
#16640=DIRECTION('',(0.,1.,0.));
#16641=DIRECTION('',(0.,-1.,0.));
#16642=DIRECTION('',(-0.0550877603558654,0.,-0.998481516433316));
#16643=DIRECTION('',(0.,-1.,0.));
#16644=DIRECTION('',(0.,1.,0.));
#16645=DIRECTION('',(0.0550877603558654,0.,0.998481516433316));
#16646=DIRECTION('',(0.,-1.,0.));
#16647=DIRECTION('',(0.,-1.,0.));
#16648=DIRECTION('',(-0.0550877603558654,0.,-0.998481516433316));
#16649=DIRECTION('',(0.,1.,0.));
#16650=DIRECTION('',(0.,0.,1.));
#16651=DIRECTION('',(0.,-1.,0.));
#16652=DIRECTION('',(0.,0.,-1.));
#16653=DIRECTION('',(0.,1.,0.));
#16654=DIRECTION('',(0.,-1.,0.));
#16655=DIRECTION('',(0.,0.,-1.));
#16656=DIRECTION('',(0.,-1.,0.));
#16657=DIRECTION('',(0.,0.,-1.));
#16658=DIRECTION('',(0.,-1.,0.));
#16659=DIRECTION('',(0.,-1.,0.));
#16660=DIRECTION('',(0.,1.,0.));
#16661=DIRECTION('',(0.,0.,1.));
#16662=DIRECTION('',(0.,-1.,0.));
#16663=DIRECTION('',(0.,0.,-1.));
#16664=DIRECTION('',(0.,1.,0.));
#16665=DIRECTION('',(1.,0.,0.));
#16666=DIRECTION('',(0.,1.,0.));
#16667=DIRECTION('',(0.,0.,1.));
#16668=DIRECTION('',(0.,1.,0.));
#16669=DIRECTION('',(0.,0.,1.));
#16670=DIRECTION('',(0.,1.,0.));
#16671=DIRECTION('',(0.,0.,1.));
#16672=DIRECTION('',(0.,1.,0.));
#16673=DIRECTION('',(0.,0.,1.));
#16674=DIRECTION('',(0.,-1.,0.));
#16675=DIRECTION('',(0.,0.,-1.));
#16676=DIRECTION('',(0.,-1.,0.));
#16677=DIRECTION('',(0.,0.,-1.));
#16678=DIRECTION('',(0.,-1.,0.));
#16679=DIRECTION('',(0.,0.,-1.));
#16680=DIRECTION('',(0.,-1.,0.));
#16681=DIRECTION('',(0.,0.,-1.));
#16682=DIRECTION('',(0.,-1.,0.));
#16683=DIRECTION('',(0.,0.,-1.));
#16684=DIRECTION('',(0.,-1.,0.));
#16685=DIRECTION('',(0.,0.,-1.));
#16686=DIRECTION('',(0.,-1.,0.));
#16687=DIRECTION('',(0.,0.,-1.));
#16688=DIRECTION('',(0.,-1.,0.));
#16689=DIRECTION('',(0.,0.,-1.));
#16690=DIRECTION('',(0.,1.,0.));
#16691=DIRECTION('',(0.,0.,1.));
#16692=DIRECTION('',(0.,-1.,0.));
#16693=DIRECTION('',(0.,0.,1.));
#16694=DIRECTION('',(0.,-1.,0.));
#16695=DIRECTION('',(1.,0.,0.));
#16696=DIRECTION('',(0.,-1.,0.));
#16697=DIRECTION('',(0.,0.,-1.));
#16698=DIRECTION('',(0.,-1.,0.));
#16699=DIRECTION('',(0.,0.,-1.));
#16700=DIRECTION('',(0.,-1.,0.));
#16701=DIRECTION('',(0.,0.,-1.));
#16702=DIRECTION('',(0.,-1.,0.));
#16703=DIRECTION('',(1.,0.,0.));
#16704=CARTESIAN_POINT('',(0.,0.,0.));
#16705=CARTESIAN_POINT('',(-3.66354218463389E-18,0.0999358602046001,-2.60208521396521E-18));
#16706=CARTESIAN_POINT('',(-3.66354218463389E-18,0.0015875,-2.60208521396521E-18));
#16707=CARTESIAN_POINT('',(-3.66354218463389E-18,0.0015875,0.021));
#16708=CARTESIAN_POINT('',(-3.66354218463389E-18,-0.0115875,-2.60208521396521E-18));
#16709=CARTESIAN_POINT('',(-3.66354218463389E-18,-0.0115875,-0.021));
#16710=CARTESIAN_POINT('',(0.,-0.009,0.));
#16711=CARTESIAN_POINT('',(0.,-0.009,0.));
#16712=CARTESIAN_POINT('',(0.00114436976986677,-0.009,-0.0358880862996709));
#16713=CARTESIAN_POINT('',(0.00281056030824293,-0.009,-0.0357961600060194));
#16714=CARTESIAN_POINT('',(0.00113799557420442,-0.009,-0.035688187901404));
#16715=CARTESIAN_POINT('',(0.00133789286358367,-0.009,-0.0356817790248399));
#16716=CARTESIAN_POINT('',(0.00196750492006211,-0.009,-0.0356615931285442));
#16717=CARTESIAN_POINT('',(0.00259551627234594,-0.009,-0.0356123940078721));
#16718=CARTESIAN_POINT('',(0.00279490534968206,-0.009,-0.0355967736417101));
#16719=CARTESIAN_POINT('',(0.,-0.009,0.));
#16720=CARTESIAN_POINT('',(0.,-0.009,0.));
#16721=CARTESIAN_POINT('',(0.00311962636088391,-0.009,-0.0357705500627441));
#16722=CARTESIAN_POINT('',(0.0047782228026735,-0.009,-0.0355869766525736));
#16723=CARTESIAN_POINT('',(0.00310224988927368,-0.009,-0.0355713063470732));
#16724=CARTESIAN_POINT('',(0.00330149058724767,-0.009,-0.0355538953083097));
#16725=CARTESIAN_POINT('',(0.00392903459234725,-0.009,-0.0354990561458814));
#16726=CARTESIAN_POINT('',(0.00455338205034364,-0.009,-0.0354153359943901));
#16727=CARTESIAN_POINT('',(0.00475160786765465,-0.009,-0.0353887554497876));
#16728=CARTESIAN_POINT('',(0.,-0.009,0.));
#16729=CARTESIAN_POINT('',(0.,-0.009,0.));
#16730=CARTESIAN_POINT('',(0.00508540874917465,-0.009,-0.0355443798409344));
#16731=CARTESIAN_POINT('',(0.00673137399149644,-0.009,-0.0352697168206581));
#16732=CARTESIAN_POINT('',(0.00505708277338971,-0.009,-0.0353463959044754));
#16733=CARTESIAN_POINT('',(0.00525506179250707,-0.009,-0.035318035580265));
#16734=CARTESIAN_POINT('',(0.00587863191570957,-0.009,-0.0352287096964379));
#16735=CARTESIAN_POINT('',(0.00649741935670878,-0.009,-0.035110722769476));
#16736=CARTESIAN_POINT('',(0.00669387990870251,-0.009,-0.0350732627706733));
#16737=CARTESIAN_POINT('',(0.,-0.009,0.));
#16738=CARTESIAN_POINT('',(0.,-0.009,0.));
#16739=CARTESIAN_POINT('',(0.00703574691823441,-0.009,-0.0352102625057718));
#16740=CARTESIAN_POINT('',(0.0086640822187448,-0.009,-0.0348453440179551));
#16741=CARTESIAN_POINT('',(0.00699655746333224,-0.009,-0.0350141396192327));
#16742=CARTESIAN_POINT('',(0.00719267354781881,-0.009,-0.034974916138948));
#16743=CARTESIAN_POINT('',(0.00781037602715471,-0.009,-0.0348513748134955));
#16744=CARTESIAN_POINT('',(0.00842172421403589,-0.009,-0.0346994794334822));
#16745=CARTESIAN_POINT('',(0.00861582285647294,-0.009,-0.0346512537452645));
#16746=CARTESIAN_POINT('',(0.,-0.009,0.));
#16747=CARTESIAN_POINT('',(0.,-0.009,0.));
#16748=CARTESIAN_POINT('',(0.0089647177551448,-0.009,-0.034769212760622));
#16749=CARTESIAN_POINT('',(0.010570477913054,-0.009,-0.0343151470507186));
#16750=CARTESIAN_POINT('',(0.00891478383821191,-0.009,-0.0345755465427632));
#16751=CARTESIAN_POINT('',(0.00910844138996478,-0.009,-0.0345255790268246));
#16752=CARTESIAN_POINT('',(0.00971840028330614,-0.009,-0.0343681974506918));
#16753=CARTESIAN_POINT('',(0.0103204525717187,-0.009,-0.034182854918904));
#16754=CARTESIAN_POINT('',(0.0105115998334013,-0.009,-0.0341240100011014));
#16755=CARTESIAN_POINT('',(0.,-0.009,0.));
#16756=CARTESIAN_POINT('',(0.,-0.009,0.));
#16757=CARTESIAN_POINT('',(0.0108664630388729,-0.009,-0.0342225700590651));
#16758=CARTESIAN_POINT('',(0.0124447714133573,-0.009,-0.0336807361097125));
#16759=CARTESIAN_POINT('',(0.0108059363075739,-0.009,-0.0340319486678251));
#16760=CARTESIAN_POINT('',(0.0109965471949732,-0.009,-0.0339713888659363));
#16761=CARTESIAN_POINT('',(0.0115969100772083,-0.009,-0.0337806450017972));
#16762=CARTESIAN_POINT('',(0.0121878380541397,-0.009,-0.0335624181974125));
#16763=CARTESIAN_POINT('',(0.0123754534271166,-0.009,-0.0334931327601061));
#16764=CARTESIAN_POINT('',(0.,-0.009,0.));
#16765=CARTESIAN_POINT('',(0.,-0.009,0.));
#16766=CARTESIAN_POINT('',(0.012735207231496,-0.009,-0.0335719945370194));
#16767=CARTESIAN_POINT('',(0.014281270551896,-0.009,-0.0329440378801135));
#16768=CARTESIAN_POINT('',(0.0126642715035244,-0.009,-0.0333849968832984));
#16769=CARTESIAN_POINT('',(0.01285125684757,-0.009,-0.0333140287135874));
#16770=CARTESIAN_POINT('',(0.0134402004363573,-0.009,-0.0330905018442882));
#16771=CARTESIAN_POINT('',(0.0140182094729635,-0.009,-0.032840053514939));
#16772=CARTESIAN_POINT('',(0.0142017231755132,-0.009,-0.032760537975725));
#16773=CARTESIAN_POINT('',(0.,-0.009,0.));
#16774=CARTESIAN_POINT('',(0.,-0.009,0.));
#16775=CARTESIAN_POINT('',(0.0145652750183204,-0.009,-0.0328194619709632));
#16776=CARTESIAN_POINT('',(0.0160743979411458,-0.009,-0.0321072896902323));
#16777=CARTESIAN_POINT('',(0.0144841457231508,-0.009,-0.0326366559604896));
#16778=CARTESIAN_POINT('',(0.0146669376554983,-0.009,-0.0325554949509551));
#16779=CARTESIAN_POINT('',(0.0152426733485152,-0.009,-0.0322998639202515));
#16780=CARTESIAN_POINT('',(0.0158060080503492,-0.009,-0.0320179546692826));
#16781=CARTESIAN_POINT('',(0.0159848627573886,-0.009,-0.0319284505142401));
#16782=CARTESIAN_POINT('',(0.,-0.009,0.));
#16783=CARTESIAN_POINT('',(0.,-0.009,0.));
#16784=CARTESIAN_POINT('',(0.0163511085436257,-0.009,-0.0319672577775664));
#16785=CARTESIAN_POINT('',(0.0178187079121598,-0.009,-0.0311730327168202));
#16786=CARTESIAN_POINT('',(0.016260032068261,-0.009,-0.0317891985861857));
#16787=CARTESIAN_POINT('',(0.0164380754558196,-0.009,-0.0316980912201463));
#16788=CARTESIAN_POINT('',(0.0169988547626891,-0.009,-0.0314111323710767));
#16789=CARTESIAN_POINT('',(0.0175458043007762,-0.009,-0.0310986183476179));
#16790=CARTESIAN_POINT('',(0.0177194568364383,-0.009,-0.0309993973979241));
#16791=CARTESIAN_POINT('',(0.,-0.009,0.));
#16792=CARTESIAN_POINT('',(0.,-0.009,0.));
#16793=CARTESIAN_POINT('',(0.0180872842896899,-0.009,-0.0310179700729552));
#16794=CARTESIAN_POINT('',(0.0195089030528854,-0.009,-0.0301441042675998));
#16795=CARTESIAN_POINT('',(0.0179865372303924,-0.009,-0.0308451984605795));
#16796=CARTESIAN_POINT('',(0.0181592913612459,-0.009,-0.0307444214281115));
#16797=CARTESIAN_POINT('',(0.0187034112136437,-0.009,-0.0304270062452691));
#16798=CARTESIAN_POINT('',(0.0192323145202134,-0.009,-0.0300848365441384));
#16799=CARTESIAN_POINT('',(0.0194002375074547,-0.009,-0.0299762001305565));
#16800=CARTESIAN_POINT('',(0.,-0.009,0.));
#16801=CARTESIAN_POINT('',(0.,-0.009,0.));
#16802=CARTESIAN_POINT('',(0.0197685295478344,-0.009,-0.0299744818126887));
#16803=CARTESIAN_POINT('',(0.0211398502962313,-0.009,-0.0290236291644539));
#16804=CARTESIAN_POINT('',(0.019658417870112,-0.009,-0.0298075224810263));
#16805=CARTESIAN_POINT('',(0.0198253580956427,-0.009,-0.029697381838665));
#16806=CARTESIAN_POINT('',(0.0203511660194607,-0.009,-0.0293504743015279));
#16807=CARTESIAN_POINT('',(0.020860416832554,-0.009,-0.0289796880808616));
#16808=CARTESIAN_POINT('',(0.0210221002947815,-0.009,-0.0288619661286091));
#16809=CARTESIAN_POINT('',(0.,-0.009,0.));
#16810=CARTESIAN_POINT('',(0.,-0.009,0.));
#16811=CARTESIAN_POINT('',(0.0213897384314672,-0.009,-0.0288399620363173));
#16812=CARTESIAN_POINT('',(0.0227065965090232,-0.009,-0.0278150102534445));
#16813=CARTESIAN_POINT('',(0.0212705965408661,-0.009,-0.0286793220353711));
#16814=CARTESIAN_POINT('',(0.0214312158690958,-0.009,-0.0285601522766275));
#16815=CARTESIAN_POINT('',(0.0219371150029508,-0.009,-0.0281848059319842));
#16816=CARTESIAN_POINT('',(0.0224251667445858,-0.009,-0.027786529257348));
#16817=CARTESIAN_POINT('',(0.0225801196544386,-0.009,-0.0276600792841247));
#16818=CARTESIAN_POINT('',(0.,-0.009,0.));
#16819=CARTESIAN_POINT('',(0.,-0.009,0.));
#16820=CARTESIAN_POINT('',(0.0229459873824923,-0.009,-0.0276178562431141));
#16821=CARTESIAN_POINT('',(0.0242043835345067,-0.009,-0.0265219180704811));
#16822=CARTESIAN_POINT('',(0.0228181771090184,-0.009,-0.0274640234312872));
#16823=CARTESIAN_POINT('',(0.0229719877443265,-0.009,-0.0273361864708019));
#16824=CARTESIAN_POINT('',(0.0234564416891761,-0.009,-0.0269335412331647));
#16825=CARTESIAN_POINT('',(0.0239218121622541,-0.009,-0.0265089836577295));
#16826=CARTESIAN_POINT('',(0.0240695639328376,-0.009,-0.0263741896879481));
#16827=CARTESIAN_POINT('',(0.,-0.009,0.));
#16828=CARTESIAN_POINT('',(0.,-0.009,0.));
#16829=CARTESIAN_POINT('',(0.024432550123994,-0.009,-0.0263118759282065));
#16830=CARTESIAN_POINT('',(0.0256286626427124,-0.009,-0.0251482796940238));
#16831=CARTESIAN_POINT('',(0.0242964596232473,-0.009,-0.0261653174906925));
#16832=CARTESIAN_POINT('',(0.0244429944477895,-0.009,-0.0260292015651129));
#16833=CARTESIAN_POINT('',(0.0249045319329256,-0.009,-0.0256004802548349));
#16834=CARTESIAN_POINT('',(0.025345807822615,-0.009,-0.0251509311460035));
#16835=CARTESIAN_POINT('',(0.0254859097366582,-0.009,-0.0250082025445201));
#16836=CARTESIAN_POINT('',(0.,-0.009,0.));
#16837=CARTESIAN_POINT('',(0.,-0.009,0.));
#16838=CARTESIAN_POINT('',(0.0258449120137849,-0.009,-0.0249259873108876));
#16839=CARTESIAN_POINT('',(0.0269751083448,-0.009,-0.023698266818675));
#16840=CARTESIAN_POINT('',(0.0257009545881433,-0.009,-0.0247871483408444));
#16841=CARTESIAN_POINT('',(0.0258397685804733,-0.009,-0.0246431668297627));
#16842=CARTESIAN_POINT('',(0.0262769879317229,-0.009,-0.0241896714593727));
#16843=CARTESIAN_POINT('',(0.0266928290976499,-0.009,-0.0237164960830134));
#16844=CARTESIAN_POINT('',(0.0268248556702445,-0.009,-0.0235662663118997));
#16845=CARTESIAN_POINT('',(0.,-0.009,0.));
#16846=CARTESIAN_POINT('',(0.,-0.009,0.));
#16847=CARTESIAN_POINT('',(0.0271787837552251,-0.009,-0.0234643992893388));
#16848=CARTESIAN_POINT('',(0.0282396315294254,-0.009,-0.0221762830858801));
#16849=CARTESIAN_POINT('',(0.0270273965986588,-0.009,-0.0233337014361552));
#16850=CARTESIAN_POINT('',(0.0271580681852446,-0.009,-0.0231822916066885));
#16851=CARTESIAN_POINT('',(0.0275696415818077,-0.009,-0.0227053994267215));
#16852=CARTESIAN_POINT('',(0.0279587851280187,-0.009,-0.0222100348009006));
#16853=CARTESIAN_POINT('',(0.028082335398803,-0.009,-0.0220527601030338));
#16854=CARTESIAN_POINT('',(0.,-0.009,0.));
#16855=CARTESIAN_POINT('',(0.,-0.009,0.));
#16856=CARTESIAN_POINT('',(0.0284301144236757,-0.009,-0.0219315506583441));
#16857=CARTESIAN_POINT('',(0.0294183918812376,-0.009,-0.0205869507102131));
#16858=CARTESIAN_POINT('',(0.0282717572940037,-0.009,-0.0218093908471047));
#16859=CARTESIAN_POINT('',(0.0283938896295314,-0.009,-0.0216510125259287));
#16860=CARTESIAN_POINT('',(0.0287785671365298,-0.009,-0.0211521718422613));
#16861=CARTESIAN_POINT('',(0.0291398312468648,-0.009,-0.0206361223730665));
#16862=CARTESIAN_POINT('',(0.0292545299977272,-0.009,-0.020472280386535));
#16863=CARTESIAN_POINT('',(0.,-0.009,0.));
#16864=CARTESIAN_POINT('',(0.,-0.009,0.));
#16865=CARTESIAN_POINT('',(0.0295951037690238,-0.009,-0.0203320966288162));
#16866=CARTESIAN_POINT('',(0.0305078095437899,-0.009,-0.018935096441863));
#16867=CARTESIAN_POINT('',(0.0294302575916442,-0.009,-0.0202188458548528));
#16868=CARTESIAN_POINT('',(0.029543479764225,-0.009,-0.0200539800317235));
#16869=CARTESIAN_POINT('',(0.0299000931287129,-0.009,-0.0195347058071168));
#16870=CARTESIAN_POINT('',(0.0302323806559423,-0.009,-0.0189995387198253));
#16871=CARTESIAN_POINT('',(0.0303378795505461,-0.009,-0.0188296270273572));
#16872=CARTESIAN_POINT('',(0.,-0.009,0.));
#16873=CARTESIAN_POINT('',(0.,-0.009,0.));
#16874=CARTESIAN_POINT('',(0.0306702137569168,-0.009,-0.0186708946900742));
#16875=CARTESIAN_POINT('',(0.0315045759914466,-0.009,-0.0172257369079518));
#16876=CARTESIAN_POINT('',(0.0304993791642524,-0.009,-0.0185668968922649));
#16877=CARTESIAN_POINT('',(0.0306033473218692,-0.009,-0.0183960442592687));
#16878=CARTESIAN_POINT('',(0.0309308135207794,-0.009,-0.0178579135124761));
#16879=CARTESIAN_POINT('',(0.0312331153186042,-0.009,-0.0173052540919428));
#16880=CARTESIAN_POINT('',(0.031329093960274,-0.009,-0.0171297887097638));
#16881=CARTESIAN_POINT('',(0.,-0.009,0.));
#16882=CARTESIAN_POINT('',(0.,-0.009,0.));
#16883=CARTESIAN_POINT('',(0.0316521793136567,-0.009,-0.0169529898578079));
#16884=CARTESIAN_POINT('',(0.0324056640772667,-0.009,-0.0154640633772031));
#16885=CARTESIAN_POINT('',(0.0314758751247506,-0.009,-0.0168585608740467));
#16886=CARTESIAN_POINT('',(0.031570273519526,-0.009,-0.0166822403050146));
#16887=CARTESIAN_POINT('',(0.0318675980487749,-0.009,-0.0161268873214275));
#16888=CARTESIAN_POINT('',(0.032138996036571,-0.009,-0.0155584139761486));
#16889=CARTESIAN_POINT('',(0.0322251629413263,-0.009,-0.0153779277868573));
#16890=CARTESIAN_POINT('',(0.,-0.009,0.));
#16891=CARTESIAN_POINT('',(0.,-0.009,0.));
#16892=CARTESIAN_POINT('',(0.0325380182421214,-0.009,-0.015183599352531));
#16893=CARTESIAN_POINT('',(0.0332083372263492,-0.009,-0.0136554259942295));
#16894=CARTESIAN_POINT('',(0.0323567798870008,-0.009,-0.0150990259605381));
#16895=CARTESIAN_POINT('',(0.0324413218341124,-0.009,-0.0149177729352432));
#16896=CARTESIAN_POINT('',(0.032707601728877,-0.009,-0.0143468843036201));
#16897=CARTESIAN_POINT('',(0.0329472716798751,-0.009,-0.0137643234684614));
#16898=CARTESIAN_POINT('',(0.0330233651616584,-0.009,-0.0135793646026829));
#16899=CARTESIAN_POINT('',(0.,-0.009,0.));
#16900=CARTESIAN_POINT('',(0.,-0.009,0.));
#16901=CARTESIAN_POINT('',(0.0333250402786001,-0.009,-0.0133680967550543));
#16902=CARTESIAN_POINT('',(0.0339101577467215,-0.009,-0.0118053175313193));
#16903=CARTESIAN_POINT('',(0.0331394181721927,-0.009,-0.0132936358014415));
#16904=CARTESIAN_POINT('',(0.0332138469205258,-0.009,-0.0131080007793644));
#16905=CARTESIAN_POINT('',(0.0334482734975173,-0.009,-0.0125233102697165));
#16906=CARTESIAN_POINT('',(0.0336554875419533,-0.009,-0.0119284311627875));
#16907=CARTESIAN_POINT('',(0.0337212765073613,-0.009,-0.011739561334518));
#16908=CARTESIAN_POINT('',(0.,-0.009,0.));
#16909=CARTESIAN_POINT('',(0.,-0.009,0.));
#16910=CARTESIAN_POINT('',(0.0340108552630344,-0.009,-0.0115119956870969));
#16911=CARTESIAN_POINT('',(0.0345089942325296,-0.009,-0.00991935670706751));
#16912=CARTESIAN_POINT('',(0.0338214131335768,-0.009,-0.011447873307333));
#16913=CARTESIAN_POINT('',(0.0338855026454687,-0.009,-0.0112584200559346));
#16914=CARTESIAN_POINT('',(0.0340873639588776,-0.009,-0.0106617033541228));
#16915=CARTESIAN_POINT('',(0.0342614927945092,-0.009,-0.0100563126037195));
#16916=CARTESIAN_POINT('',(0.0343167774446162,-0.009,-0.00986410540442007));
#16917=CARTESIAN_POINT('',(0.,-0.009,0.));
#16918=CARTESIAN_POINT('',(0.,-0.009,0.));
#16919=CARTESIAN_POINT('',(0.0345933803978571,-0.009,-0.00962093306659821));
#16920=CARTESIAN_POINT('',(0.0350030280370481,-0.009,-0.00800327112251222));
#16921=CARTESIAN_POINT('',(0.0344006935748701,-0.009,-0.00956734399824314));
#16922=CARTESIAN_POINT('',(0.0344542492125798,-0.009,-0.00937464788082117));
#16923=CARTESIAN_POINT('',(0.0346229322162317,-0.009,-0.00876771719585689));
#16924=CARTESIAN_POINT('',(0.0347634470195081,-0.009,-0.0081536533537912));
#16925=CARTESIAN_POINT('',(0.0348080594566487,-0.009,-0.00795869251040884));
#16926=CARTESIAN_POINT('',(0.,-0.009,0.));
#16927=CARTESIAN_POINT('',(0.,-0.009,0.));
#16928=CARTESIAN_POINT('',(0.0350708465733795,-0.009,-0.00770065198858397));
#16929=CARTESIAN_POINT('',(0.0353907587958495,-0.009,-0.00606287986659843));
#16930=CARTESIAN_POINT('',(0.0348755002404115,-0.009,-0.00765775897987699));
#16931=CARTESIAN_POINT('',(0.0349183593572273,-0.009,-0.00746240520820684));
#16932=CARTESIAN_POINT('',(0.0350533517663843,-0.009,-0.0068471037686325));
#16933=CARTESIAN_POINT('',(0.0351598257984662,-0.009,-0.00622623172661055));
#16934=CARTESIAN_POINT('',(0.0351936305361351,-0.009,-0.00602910932881891));
#16935=CARTESIAN_POINT('',(0.,-0.009,0.));
#16936=CARTESIAN_POINT('',(0.,-0.009,0.));
#16937=CARTESIAN_POINT('',(0.0354418037405192,-0.009,-0.0057569842835749));
#16938=CARTESIAN_POINT('',(0.0356710089833632,-0.009,-0.00410407584379622));
#16939=CARTESIAN_POINT('',(0.0352443911579629,-0.009,-0.00572491759917371));
#16940=CARTESIAN_POINT('',(0.0352764235921559,-0.009,-0.00552749945623931));
#16941=CARTESIAN_POINT('',(0.035377315439308,-0.009,-0.00490569591230403));
#16942=CARTESIAN_POINT('',(0.0354494253420593,-0.009,-0.00427990123831145));
#16943=CARTESIAN_POINT('',(0.0354723197163792,-0.009,-0.00408121594035389));
#16944=CARTESIAN_POINT('',(0.,-0.009,0.));
#16945=CARTESIAN_POINT('',(0.,-0.009,0.));
#16946=CARTESIAN_POINT('',(0.0357051253145517,-0.009,-0.00379583280650929));
#16947=CARTESIAN_POINT('',(0.0358429274889802,-0.009,-0.00213280787754355));
#16948=CARTESIAN_POINT('',(0.0355062460179322,-0.009,-0.00377468983188049));
#16949=CARTESIAN_POINT('',(0.0355273544880523,-0.009,-0.00357580687009348));
#16950=CARTESIAN_POINT('',(0.0355938393679758,-0.009,-0.00294938961872358));
#16951=CARTESIAN_POINT('',(0.0356313661459919,-0.009,-0.00232057283061754));
#16952=CARTESIAN_POINT('',(0.0356432806275006,-0.009,-0.00212092803321383));
#16953=CARTESIAN_POINT('',(0.,-0.009,0.));
#16954=CARTESIAN_POINT('',(0.,-0.009,0.));
#16955=CARTESIAN_POINT('',(0.035860011596511,-0.009,-0.00182315350996656));
#16956=CARTESIAN_POINT('',(0.0359059922018497,-0.009,-0.000155062643865007));
#16957=CARTESIAN_POINT('',(0.0356602695757157,-0.009,-0.00181299845562921));
#16958=CARTESIAN_POINT('',(0.035670389976033,-0.009,-0.0016132546760079));
#16959=CARTESIAN_POINT('',(0.0357022659763327,-0.009,-0.000984126125807579));
#16960=CARTESIAN_POINT('',(0.0357050956620221,-0.009,-0.000354196919506449));
#16961=CARTESIAN_POINT('',(0.0357059940668307,-0.009,-0.000154198937344664));
#16962=CARTESIAN_POINT('',(0.,-0.009,0.));
#16963=CARTESIAN_POINT('',(0.,-0.009,0.));
#16964=CARTESIAN_POINT('',(0.0359059922018497,-0.009,0.000155062643865017));
#16965=CARTESIAN_POINT('',(0.035860011596511,-0.009,0.00182315350996657));
#16966=CARTESIAN_POINT('',(0.0357059940668307,-0.009,0.000154198937344675));
#16967=CARTESIAN_POINT('',(0.0357050956620221,-0.009,0.00035419691950646));
#16968=CARTESIAN_POINT('',(0.0357022659763327,-0.009,0.000984126125807589));
#16969=CARTESIAN_POINT('',(0.035670389976033,-0.009,0.00161325467600791));
#16970=CARTESIAN_POINT('',(0.0356602695757157,-0.009,0.00181299845562922));
#16971=CARTESIAN_POINT('',(0.,-0.009,0.));
#16972=CARTESIAN_POINT('',(0.,-0.009,0.));
#16973=CARTESIAN_POINT('',(0.0358429274889802,-0.009,0.00213280787754357));
#16974=CARTESIAN_POINT('',(0.0357051253145517,-0.009,0.0037958328065093));
#16975=CARTESIAN_POINT('',(0.0356432806275006,-0.009,0.00212092803321384));
#16976=CARTESIAN_POINT('',(0.0356313661459919,-0.009,0.00232057283061755));
#16977=CARTESIAN_POINT('',(0.0355938393679758,-0.009,0.00294938961872359));
#16978=CARTESIAN_POINT('',(0.0355273544880523,-0.009,0.00357580687009349));
#16979=CARTESIAN_POINT('',(0.0355062460179322,-0.009,0.0037746898318805));
#16980=CARTESIAN_POINT('',(0.,-0.009,0.));
#16981=CARTESIAN_POINT('',(0.,-0.009,0.));
#16982=CARTESIAN_POINT('',(0.0356710089833632,-0.009,0.00410407584379623));
#16983=CARTESIAN_POINT('',(0.0354418037405192,-0.009,0.00575698428357491));
#16984=CARTESIAN_POINT('',(0.0354723197163792,-0.009,0.00408121594035389));
#16985=CARTESIAN_POINT('',(0.0354494253420593,-0.009,0.00427990123831145));
#16986=CARTESIAN_POINT('',(0.035377315439308,-0.009,0.00490569591230403));
#16987=CARTESIAN_POINT('',(0.0352764235921559,-0.009,0.00552749945623932));
#16988=CARTESIAN_POINT('',(0.0352443911579629,-0.009,0.00572491759917372));
#16989=CARTESIAN_POINT('',(0.,-0.009,0.));
#16990=CARTESIAN_POINT('',(0.,-0.009,0.));
#16991=CARTESIAN_POINT('',(0.0353907587958495,-0.009,0.00606287986659844));
#16992=CARTESIAN_POINT('',(0.0350708465733795,-0.009,0.00770065198858398));
#16993=CARTESIAN_POINT('',(0.0351936305361351,-0.009,0.00602910932881892));
#16994=CARTESIAN_POINT('',(0.0351598257984662,-0.009,0.00622623172661056));
#16995=CARTESIAN_POINT('',(0.0350533517663843,-0.009,0.00684710376863251));
#16996=CARTESIAN_POINT('',(0.0349183593572273,-0.009,0.00746240520820685));
#16997=CARTESIAN_POINT('',(0.0348755002404115,-0.009,0.007657758979877));
#16998=CARTESIAN_POINT('',(0.,-0.009,0.));
#16999=CARTESIAN_POINT('',(0.,-0.009,0.));
#17000=CARTESIAN_POINT('',(0.0350030280370481,-0.009,0.00800327112251223));
#17001=CARTESIAN_POINT('',(0.0345933803978571,-0.009,0.00962093306659822));
#17002=CARTESIAN_POINT('',(0.0348080594566487,-0.009,0.00795869251040885));
#17003=CARTESIAN_POINT('',(0.0347634470195081,-0.009,0.00815365335379121));
#17004=CARTESIAN_POINT('',(0.0346229322162317,-0.009,0.0087677171958569));
#17005=CARTESIAN_POINT('',(0.0344542492125798,-0.009,0.00937464788082118));
#17006=CARTESIAN_POINT('',(0.0344006935748701,-0.009,0.00956734399824315));
#17007=CARTESIAN_POINT('',(0.,-0.009,0.));
#17008=CARTESIAN_POINT('',(0.,-0.009,0.));
#17009=CARTESIAN_POINT('',(0.0345089942325296,-0.009,0.00991935670706752));
#17010=CARTESIAN_POINT('',(0.0340108552630344,-0.009,0.0115119956870969));
#17011=CARTESIAN_POINT('',(0.0343167774446162,-0.009,0.00986410540442008));
#17012=CARTESIAN_POINT('',(0.0342614927945092,-0.009,0.0100563126037195));
#17013=CARTESIAN_POINT('',(0.0340873639588776,-0.009,0.0106617033541228));
#17014=CARTESIAN_POINT('',(0.0338855026454687,-0.009,0.0112584200559346));
#17015=CARTESIAN_POINT('',(0.0338214131335768,-0.009,0.011447873307333));
#17016=CARTESIAN_POINT('',(0.,-0.009,0.));
#17017=CARTESIAN_POINT('',(0.,-0.009,0.));
#17018=CARTESIAN_POINT('',(0.0339101577467215,-0.009,0.0118053175313193));
#17019=CARTESIAN_POINT('',(0.0333250402786001,-0.009,0.0133680967550543));
#17020=CARTESIAN_POINT('',(0.0337212765073613,-0.009,0.011739561334518));
#17021=CARTESIAN_POINT('',(0.0336554875419533,-0.009,0.0119284311627875));
#17022=CARTESIAN_POINT('',(0.0334482734975173,-0.009,0.0125233102697165));
#17023=CARTESIAN_POINT('',(0.0332138469205258,-0.009,0.0131080007793644));
#17024=CARTESIAN_POINT('',(0.0331394181721927,-0.009,0.0132936358014415));
#17025=CARTESIAN_POINT('',(0.,-0.009,0.));
#17026=CARTESIAN_POINT('',(0.,-0.009,0.));
#17027=CARTESIAN_POINT('',(0.0332083372263492,-0.009,0.0136554259942295));
#17028=CARTESIAN_POINT('',(0.0325380182421214,-0.009,0.0151835993525311));
#17029=CARTESIAN_POINT('',(0.0330233651616584,-0.009,0.0135793646026829));
#17030=CARTESIAN_POINT('',(0.0329472716798751,-0.009,0.0137643234684614));
#17031=CARTESIAN_POINT('',(0.032707601728877,-0.009,0.0143468843036202));
#17032=CARTESIAN_POINT('',(0.0324413218341124,-0.009,0.0149177729352432));
#17033=CARTESIAN_POINT('',(0.0323567798870008,-0.009,0.0150990259605381));
#17034=CARTESIAN_POINT('',(0.,-0.009,0.));
#17035=CARTESIAN_POINT('',(0.,-0.009,0.));
#17036=CARTESIAN_POINT('',(0.0324056640772667,-0.009,0.0154640633772031));
#17037=CARTESIAN_POINT('',(0.0316521793136566,-0.009,0.0169529898578079));
#17038=CARTESIAN_POINT('',(0.0322251629413262,-0.009,0.0153779277868573));
#17039=CARTESIAN_POINT('',(0.0321389960365709,-0.009,0.0155584139761486));
#17040=CARTESIAN_POINT('',(0.0318675980487749,-0.009,0.0161268873214275));
#17041=CARTESIAN_POINT('',(0.031570273519526,-0.009,0.0166822403050146));
#17042=CARTESIAN_POINT('',(0.0314758751247505,-0.009,0.0168585608740467));
#17043=CARTESIAN_POINT('',(0.,-0.009,0.));
#17044=CARTESIAN_POINT('',(0.,-0.009,0.));
#17045=CARTESIAN_POINT('',(0.0315045759914466,-0.009,0.0172257369079518));
#17046=CARTESIAN_POINT('',(0.0306702137569167,-0.009,0.0186708946900742));
#17047=CARTESIAN_POINT('',(0.031329093960274,-0.009,0.0171297887097638));
#17048=CARTESIAN_POINT('',(0.0312331153186042,-0.009,0.0173052540919428));
#17049=CARTESIAN_POINT('',(0.0309308135207794,-0.009,0.0178579135124761));
#17050=CARTESIAN_POINT('',(0.0306033473218692,-0.009,0.0183960442592687));
#17051=CARTESIAN_POINT('',(0.0304993791642524,-0.009,0.0185668968922649));
#17052=CARTESIAN_POINT('',(0.,-0.009,0.));
#17053=CARTESIAN_POINT('',(0.,-0.009,0.));
#17054=CARTESIAN_POINT('',(0.0305078095437899,-0.009,0.018935096441863));
#17055=CARTESIAN_POINT('',(0.0295951037690238,-0.009,0.0203320966288162));
#17056=CARTESIAN_POINT('',(0.0303378795505461,-0.009,0.0188296270273573));
#17057=CARTESIAN_POINT('',(0.0302323806559423,-0.009,0.0189995387198253));
#17058=CARTESIAN_POINT('',(0.0299000931287128,-0.009,0.0195347058071168));
#17059=CARTESIAN_POINT('',(0.029543479764225,-0.009,0.0200539800317235));
#17060=CARTESIAN_POINT('',(0.0294302575916442,-0.009,0.0202188458548528));
#17061=CARTESIAN_POINT('',(0.,-0.009,0.));
#17062=CARTESIAN_POINT('',(0.,-0.009,0.));
#17063=CARTESIAN_POINT('',(0.0294183918812376,-0.009,0.0205869507102131));
#17064=CARTESIAN_POINT('',(0.0284301144236757,-0.009,0.0219315506583441));
#17065=CARTESIAN_POINT('',(0.0292545299977272,-0.009,0.020472280386535));
#17066=CARTESIAN_POINT('',(0.0291398312468648,-0.009,0.0206361223730665));
#17067=CARTESIAN_POINT('',(0.0287785671365298,-0.009,0.0211521718422613));
#17068=CARTESIAN_POINT('',(0.0283938896295314,-0.009,0.0216510125259287));
#17069=CARTESIAN_POINT('',(0.0282717572940037,-0.009,0.0218093908471047));
#17070=CARTESIAN_POINT('',(0.,-0.009,0.));
#17071=CARTESIAN_POINT('',(0.,-0.009,0.));
#17072=CARTESIAN_POINT('',(0.0282396315294254,-0.009,0.0221762830858801));
#17073=CARTESIAN_POINT('',(0.0271787837552251,-0.009,0.0234643992893388));
#17074=CARTESIAN_POINT('',(0.028082335398803,-0.009,0.0220527601030338));
#17075=CARTESIAN_POINT('',(0.0279587851280187,-0.009,0.0222100348009007));
#17076=CARTESIAN_POINT('',(0.0275696415818077,-0.009,0.0227053994267215));
#17077=CARTESIAN_POINT('',(0.0271580681852446,-0.009,0.0231822916066885));
#17078=CARTESIAN_POINT('',(0.0270273965986588,-0.009,0.0233337014361553));
#17079=CARTESIAN_POINT('',(0.,-0.009,0.));
#17080=CARTESIAN_POINT('',(0.,-0.009,0.));
#17081=CARTESIAN_POINT('',(0.0269751083448,-0.009,0.023698266818675));
#17082=CARTESIAN_POINT('',(0.0258449120137849,-0.009,0.0249259873108876));
#17083=CARTESIAN_POINT('',(0.0268248556702445,-0.009,0.0235662663118997));
#17084=CARTESIAN_POINT('',(0.0266928290976499,-0.009,0.0237164960830135));
#17085=CARTESIAN_POINT('',(0.0262769879317229,-0.009,0.0241896714593727));
#17086=CARTESIAN_POINT('',(0.0258397685804733,-0.009,0.0246431668297628));
#17087=CARTESIAN_POINT('',(0.0257009545881433,-0.009,0.0247871483408444));
#17088=CARTESIAN_POINT('',(0.,-0.009,0.));
#17089=CARTESIAN_POINT('',(0.,-0.009,0.));
#17090=CARTESIAN_POINT('',(0.0256286626427124,-0.009,0.0251482796940238));
#17091=CARTESIAN_POINT('',(0.024432550123994,-0.009,0.0263118759282065));
#17092=CARTESIAN_POINT('',(0.0254859097366582,-0.009,0.0250082025445201));
#17093=CARTESIAN_POINT('',(0.025345807822615,-0.009,0.0251509311460035));
#17094=CARTESIAN_POINT('',(0.0249045319329256,-0.009,0.0256004802548349));
#17095=CARTESIAN_POINT('',(0.0244429944477894,-0.009,0.0260292015651129));
#17096=CARTESIAN_POINT('',(0.0242964596232473,-0.009,0.0261653174906925));
#17097=CARTESIAN_POINT('',(0.,-0.009,0.));
#17098=CARTESIAN_POINT('',(0.,-0.009,0.));
#17099=CARTESIAN_POINT('',(0.0242043835345067,-0.009,0.0265219180704811));
#17100=CARTESIAN_POINT('',(0.0229459873824923,-0.009,0.0276178562431141));
#17101=CARTESIAN_POINT('',(0.0240695639328376,-0.009,0.0263741896879481));
#17102=CARTESIAN_POINT('',(0.0239218121622541,-0.009,0.0265089836577295));
#17103=CARTESIAN_POINT('',(0.0234564416891761,-0.009,0.0269335412331647));
#17104=CARTESIAN_POINT('',(0.0229719877443265,-0.009,0.0273361864708019));
#17105=CARTESIAN_POINT('',(0.0228181771090184,-0.009,0.0274640234312872));
#17106=CARTESIAN_POINT('',(0.,-0.009,0.));
#17107=CARTESIAN_POINT('',(0.,-0.009,0.));
#17108=CARTESIAN_POINT('',(0.0227065965090232,-0.009,0.0278150102534445));
#17109=CARTESIAN_POINT('',(0.0213897384314671,-0.009,0.0288399620363173));
#17110=CARTESIAN_POINT('',(0.0225801196544386,-0.009,0.0276600792841247));
#17111=CARTESIAN_POINT('',(0.0224251667445858,-0.009,0.027786529257348));
#17112=CARTESIAN_POINT('',(0.0219371150029508,-0.009,0.0281848059319842));
#17113=CARTESIAN_POINT('',(0.0214312158690958,-0.009,0.0285601522766275));
#17114=CARTESIAN_POINT('',(0.0212705965408661,-0.009,0.0286793220353711));
#17115=CARTESIAN_POINT('',(0.,-0.009,0.));
#17116=CARTESIAN_POINT('',(0.,-0.009,0.));
#17117=CARTESIAN_POINT('',(0.0211398502962313,-0.009,0.0290236291644539));
#17118=CARTESIAN_POINT('',(0.0197685295478344,-0.009,0.0299744818126887));
#17119=CARTESIAN_POINT('',(0.0210221002947814,-0.009,0.0288619661286091));
#17120=CARTESIAN_POINT('',(0.020860416832554,-0.009,0.0289796880808617));
#17121=CARTESIAN_POINT('',(0.0203511660194607,-0.009,0.0293504743015279));
#17122=CARTESIAN_POINT('',(0.0198253580956427,-0.009,0.029697381838665));
#17123=CARTESIAN_POINT('',(0.019658417870112,-0.009,0.0298075224810263));
#17124=CARTESIAN_POINT('',(0.,-0.009,0.));
#17125=CARTESIAN_POINT('',(0.,-0.009,0.));
#17126=CARTESIAN_POINT('',(0.0195089030528853,-0.009,0.0301441042675998));
#17127=CARTESIAN_POINT('',(0.0180872842896899,-0.009,0.0310179700729552));
#17128=CARTESIAN_POINT('',(0.0194002375074547,-0.009,0.0299762001305565));
#17129=CARTESIAN_POINT('',(0.0192323145202134,-0.009,0.0300848365441384));
#17130=CARTESIAN_POINT('',(0.0187034112136437,-0.009,0.0304270062452691));
#17131=CARTESIAN_POINT('',(0.0181592913612458,-0.009,0.0307444214281115));
#17132=CARTESIAN_POINT('',(0.0179865372303924,-0.009,0.0308451984605795));
#17133=CARTESIAN_POINT('',(0.,-0.009,0.));
#17134=CARTESIAN_POINT('',(0.,-0.009,0.));
#17135=CARTESIAN_POINT('',(0.0178187079121598,-0.009,0.0311730327168202));
#17136=CARTESIAN_POINT('',(0.0163511085436257,-0.009,0.0319672577775664));
#17137=CARTESIAN_POINT('',(0.0177194568364383,-0.009,0.0309993973979241));
#17138=CARTESIAN_POINT('',(0.0175458043007762,-0.009,0.0310986183476179));
#17139=CARTESIAN_POINT('',(0.0169988547626891,-0.009,0.0314111323710767));
#17140=CARTESIAN_POINT('',(0.0164380754558196,-0.009,0.0316980912201463));
#17141=CARTESIAN_POINT('',(0.016260032068261,-0.009,0.0317891985861857));
#17142=CARTESIAN_POINT('',(0.,-0.009,0.));
#17143=CARTESIAN_POINT('',(0.,-0.009,0.));
#17144=CARTESIAN_POINT('',(0.0160743979411458,-0.009,0.0321072896902323));
#17145=CARTESIAN_POINT('',(0.0145652750183204,-0.009,0.0328194619709632));
#17146=CARTESIAN_POINT('',(0.0159848627573885,-0.009,0.0319284505142401));
#17147=CARTESIAN_POINT('',(0.0158060080503492,-0.009,0.0320179546692826));
#17148=CARTESIAN_POINT('',(0.0152426733485152,-0.009,0.0322998639202515));
#17149=CARTESIAN_POINT('',(0.0146669376554983,-0.009,0.0325554949509551));
#17150=CARTESIAN_POINT('',(0.0144841457231508,-0.009,0.0326366559604896));
#17151=CARTESIAN_POINT('',(0.,-0.009,0.));
#17152=CARTESIAN_POINT('',(0.,-0.009,0.));
#17153=CARTESIAN_POINT('',(0.014281270551896,-0.009,0.0329440378801135));
#17154=CARTESIAN_POINT('',(0.012735207231496,-0.009,0.0335719945370194));
#17155=CARTESIAN_POINT('',(0.0142017231755132,-0.009,0.032760537975725));
#17156=CARTESIAN_POINT('',(0.0140182094729635,-0.009,0.032840053514939));
#17157=CARTESIAN_POINT('',(0.0134402004363573,-0.009,0.0330905018442882));
#17158=CARTESIAN_POINT('',(0.01285125684757,-0.009,0.0333140287135874));
#17159=CARTESIAN_POINT('',(0.0126642715035244,-0.009,0.0333849968832984));
#17160=CARTESIAN_POINT('',(0.,-0.009,0.));
#17161=CARTESIAN_POINT('',(0.,-0.009,0.));
#17162=CARTESIAN_POINT('',(0.0124447714133573,-0.009,0.0336807361097125));
#17163=CARTESIAN_POINT('',(0.0108664630388729,-0.009,0.0342225700590651));
#17164=CARTESIAN_POINT('',(0.0123754534271166,-0.009,0.0334931327601061));
#17165=CARTESIAN_POINT('',(0.0121878380541397,-0.009,0.0335624181974125));
#17166=CARTESIAN_POINT('',(0.0115969100772082,-0.009,0.0337806450017972));
#17167=CARTESIAN_POINT('',(0.0109965471949732,-0.009,0.0339713888659363));
#17168=CARTESIAN_POINT('',(0.0108059363075738,-0.009,0.0340319486678251));
#17169=CARTESIAN_POINT('',(0.,-0.009,0.));
#17170=CARTESIAN_POINT('',(0.,-0.009,0.));
#17171=CARTESIAN_POINT('',(0.010570477913054,-0.009,0.0343151470507186));
#17172=CARTESIAN_POINT('',(0.00896471775514478,-0.009,0.034769212760622));
#17173=CARTESIAN_POINT('',(0.0105115998334013,-0.009,0.0341240100011014));
#17174=CARTESIAN_POINT('',(0.0103204525717187,-0.009,0.034182854918904));
#17175=CARTESIAN_POINT('',(0.00971840028330613,-0.009,0.0343681974506918));
#17176=CARTESIAN_POINT('',(0.00910844138996477,-0.009,0.0345255790268246));
#17177=CARTESIAN_POINT('',(0.0089147838382119,-0.009,0.0345755465427632));
#17178=CARTESIAN_POINT('',(0.,-0.009,0.));
#17179=CARTESIAN_POINT('',(0.,-0.009,0.));
#17180=CARTESIAN_POINT('',(0.00866408221874479,-0.009,0.0348453440179551));
#17181=CARTESIAN_POINT('',(0.0070357469182344,-0.009,0.0352102625057718));
#17182=CARTESIAN_POINT('',(0.00861582285647293,-0.009,0.0346512537452645));
#17183=CARTESIAN_POINT('',(0.00842172421403587,-0.009,0.0346994794334822));
#17184=CARTESIAN_POINT('',(0.0078103760271547,-0.009,0.0348513748134955));
#17185=CARTESIAN_POINT('',(0.0071926735478188,-0.009,0.034974916138948));
#17186=CARTESIAN_POINT('',(0.00699655746333223,-0.009,0.0350141396192327));
#17187=CARTESIAN_POINT('',(0.,-0.009,0.));
#17188=CARTESIAN_POINT('',(0.,-0.009,0.));
#17189=CARTESIAN_POINT('',(0.00673137399149643,-0.009,0.0352697168206581));
#17190=CARTESIAN_POINT('',(0.00508540874917464,-0.009,0.0355443798409344));
#17191=CARTESIAN_POINT('',(0.0066938799087025,-0.009,0.0350732627706733));
#17192=CARTESIAN_POINT('',(0.00649741935670877,-0.009,0.035110722769476));
#17193=CARTESIAN_POINT('',(0.00587863191570956,-0.009,0.0352287096964379));
#17194=CARTESIAN_POINT('',(0.00525506179250706,-0.009,0.035318035580265));
#17195=CARTESIAN_POINT('',(0.0050570827733897,-0.009,0.0353463959044754));
#17196=CARTESIAN_POINT('',(0.,-0.009,0.));
#17197=CARTESIAN_POINT('',(0.,-0.009,0.));
#17198=CARTESIAN_POINT('',(0.00477822280267349,-0.009,0.0355869766525736));
#17199=CARTESIAN_POINT('',(0.0031196263608839,-0.009,0.0357705500627441));
#17200=CARTESIAN_POINT('',(0.00475160786765464,-0.009,0.0353887554497876));
#17201=CARTESIAN_POINT('',(0.00455338205034363,-0.009,0.0354153359943901));
#17202=CARTESIAN_POINT('',(0.00392903459234724,-0.009,0.0354990561458814));
#17203=CARTESIAN_POINT('',(0.00330149058724766,-0.009,0.0355538953083097));
#17204=CARTESIAN_POINT('',(0.00310224988927366,-0.009,0.0355713063470732));
#17205=CARTESIAN_POINT('',(0.,-0.009,0.));
#17206=CARTESIAN_POINT('',(0.,-0.009,0.));
#17207=CARTESIAN_POINT('',(0.00281056030824292,-0.009,0.0357961600060194));
#17208=CARTESIAN_POINT('',(0.00114436976986676,-0.009,0.0358880862996709));
#17209=CARTESIAN_POINT('',(0.00279490534968205,-0.009,0.0355967736417101));
#17210=CARTESIAN_POINT('',(0.00259551627234593,-0.009,0.0356123940078721));
#17211=CARTESIAN_POINT('',(0.0019675049200621,-0.009,0.0356615931285442));
#17212=CARTESIAN_POINT('',(0.00133789286358366,-0.009,0.0356817790248399));
#17213=CARTESIAN_POINT('',(0.00113799557420441,-0.009,0.035688187901404));
#17214=CARTESIAN_POINT('',(0.,-0.009,0.));
#17215=CARTESIAN_POINT('',(0.,-0.009,0.));
#17216=CARTESIAN_POINT('',(0.000834362234529872,-0.009,0.035896631598026));
#17217=CARTESIAN_POINT('',(-0.000834362234529878,-0.009,0.035896631598026));
#17218=CARTESIAN_POINT('',(0.000829714796021611,-0.009,0.0356966856020288));
#17219=CARTESIAN_POINT('',(0.000629767996734995,-0.009,0.0357012983512116));
#17220=CARTESIAN_POINT('',(-3.03576608295941E-18,-0.009,0.0357158270249522));
#17221=CARTESIAN_POINT('',(-0.000629767996735001,-0.009,0.0357012983512116));
#17222=CARTESIAN_POINT('',(-0.000829714796021617,-0.009,0.0356966856020288));
#17223=CARTESIAN_POINT('',(0.,-0.009,0.));
#17224=CARTESIAN_POINT('',(0.,-0.009,0.));
#17225=CARTESIAN_POINT('',(-0.00114436976986676,-0.009,0.0358880862996709));
#17226=CARTESIAN_POINT('',(-0.00281056030824292,-0.009,0.0357961600060194));
#17227=CARTESIAN_POINT('',(-0.00113799557420441,-0.009,0.035688187901404));
#17228=CARTESIAN_POINT('',(-0.00133789286358366,-0.009,0.0356817790248399));
#17229=CARTESIAN_POINT('',(-0.0019675049200621,-0.009,0.0356615931285443));
#17230=CARTESIAN_POINT('',(-0.00259551627234593,-0.009,0.0356123940078721));
#17231=CARTESIAN_POINT('',(-0.00279490534968205,-0.009,0.0355967736417101));
#17232=CARTESIAN_POINT('',(0.,-0.009,0.));
#17233=CARTESIAN_POINT('',(0.,-0.009,0.));
#17234=CARTESIAN_POINT('',(-0.00311962636088391,-0.009,0.0357705500627441));
#17235=CARTESIAN_POINT('',(-0.0047782228026735,-0.009,0.0355869766525736));
#17236=CARTESIAN_POINT('',(-0.00310224988927368,-0.009,0.0355713063470732));
#17237=CARTESIAN_POINT('',(-0.00330149058724768,-0.009,0.0355538953083097));
#17238=CARTESIAN_POINT('',(-0.00392903459234726,-0.009,0.0354990561458814));
#17239=CARTESIAN_POINT('',(-0.00455338205034364,-0.009,0.0354153359943901));
#17240=CARTESIAN_POINT('',(-0.00475160786765465,-0.009,0.0353887554497876));
#17241=CARTESIAN_POINT('',(0.,-0.009,0.));
#17242=CARTESIAN_POINT('',(0.,-0.009,0.));
#17243=CARTESIAN_POINT('',(-0.00508540874917464,-0.009,0.0355443798409344));
#17244=CARTESIAN_POINT('',(-0.00673137399149643,-0.009,0.0352697168206581));
#17245=CARTESIAN_POINT('',(-0.0050570827733897,-0.009,0.0353463959044754));
#17246=CARTESIAN_POINT('',(-0.00525506179250706,-0.009,0.035318035580265));
#17247=CARTESIAN_POINT('',(-0.00587863191570956,-0.009,0.0352287096964379));
#17248=CARTESIAN_POINT('',(-0.00649741935670877,-0.009,0.035110722769476));
#17249=CARTESIAN_POINT('',(-0.0066938799087025,-0.009,0.0350732627706733));
#17250=CARTESIAN_POINT('',(0.,-0.009,0.));
#17251=CARTESIAN_POINT('',(0.,-0.009,0.));
#17252=CARTESIAN_POINT('',(-0.00703574691823441,-0.009,0.0352102625057718));
#17253=CARTESIAN_POINT('',(-0.00866408221874481,-0.009,0.0348453440179551));
#17254=CARTESIAN_POINT('',(-0.00699655746333224,-0.009,0.0350141396192327));
#17255=CARTESIAN_POINT('',(-0.00719267354781882,-0.009,0.034974916138948));
#17256=CARTESIAN_POINT('',(-0.00781037602715471,-0.009,0.0348513748134955));
#17257=CARTESIAN_POINT('',(-0.00842172421403589,-0.009,0.0346994794334822));
#17258=CARTESIAN_POINT('',(-0.00861582285647295,-0.009,0.0346512537452645));
#17259=CARTESIAN_POINT('',(0.,-0.009,0.));
#17260=CARTESIAN_POINT('',(0.,-0.009,0.));
#17261=CARTESIAN_POINT('',(-0.00896471775514479,-0.009,0.034769212760622));
#17262=CARTESIAN_POINT('',(-0.010570477913054,-0.009,0.0343151470507186));
#17263=CARTESIAN_POINT('',(-0.0089147838382119,-0.009,0.0345755465427632));
#17264=CARTESIAN_POINT('',(-0.00910844138996477,-0.009,0.0345255790268246));
#17265=CARTESIAN_POINT('',(-0.00971840028330613,-0.009,0.0343681974506918));
#17266=CARTESIAN_POINT('',(-0.0103204525717187,-0.009,0.034182854918904));
#17267=CARTESIAN_POINT('',(-0.0105115998334013,-0.009,0.0341240100011014));
#17268=CARTESIAN_POINT('',(0.,-0.009,0.));
#17269=CARTESIAN_POINT('',(0.,-0.009,0.));
#17270=CARTESIAN_POINT('',(-0.0108664630388729,-0.009,0.0342225700590651));
#17271=CARTESIAN_POINT('',(-0.0124447714133573,-0.009,0.0336807361097125));
#17272=CARTESIAN_POINT('',(-0.0108059363075739,-0.009,0.0340319486678251));
#17273=CARTESIAN_POINT('',(-0.0109965471949732,-0.009,0.0339713888659363));
#17274=CARTESIAN_POINT('',(-0.0115969100772083,-0.009,0.0337806450017972));
#17275=CARTESIAN_POINT('',(-0.0121878380541397,-0.009,0.0335624181974125));
#17276=CARTESIAN_POINT('',(-0.0123754534271166,-0.009,0.0334931327601061));
#17277=CARTESIAN_POINT('',(0.,-0.009,0.));
#17278=CARTESIAN_POINT('',(0.,-0.009,0.));
#17279=CARTESIAN_POINT('',(-0.012735207231496,-0.009,0.0335719945370194));
#17280=CARTESIAN_POINT('',(-0.014281270551896,-0.009,0.0329440378801135));
#17281=CARTESIAN_POINT('',(-0.0126642715035244,-0.009,0.0333849968832984));
#17282=CARTESIAN_POINT('',(-0.01285125684757,-0.009,0.0333140287135874));
#17283=CARTESIAN_POINT('',(-0.0134402004363573,-0.009,0.0330905018442882));
#17284=CARTESIAN_POINT('',(-0.0140182094729635,-0.009,0.032840053514939));
#17285=CARTESIAN_POINT('',(-0.0142017231755132,-0.009,0.032760537975725));
#17286=CARTESIAN_POINT('',(0.,-0.009,0.));
#17287=CARTESIAN_POINT('',(0.,-0.009,0.));
#17288=CARTESIAN_POINT('',(-0.0145652750183204,-0.009,0.0328194619709632));
#17289=CARTESIAN_POINT('',(-0.0160743979411458,-0.009,0.0321072896902323));
#17290=CARTESIAN_POINT('',(-0.0144841457231508,-0.009,0.0326366559604896));
#17291=CARTESIAN_POINT('',(-0.0146669376554983,-0.009,0.0325554949509551));
#17292=CARTESIAN_POINT('',(-0.0152426733485152,-0.009,0.0322998639202515));
#17293=CARTESIAN_POINT('',(-0.0158060080503492,-0.009,0.0320179546692826));
#17294=CARTESIAN_POINT('',(-0.0159848627573886,-0.009,0.0319284505142401));
#17295=CARTESIAN_POINT('',(0.,-0.009,0.));
#17296=CARTESIAN_POINT('',(0.,-0.009,0.));
#17297=CARTESIAN_POINT('',(-0.0163511085436257,-0.009,0.0319672577775664));
#17298=CARTESIAN_POINT('',(-0.0178187079121598,-0.009,0.0311730327168202));
#17299=CARTESIAN_POINT('',(-0.016260032068261,-0.009,0.0317891985861857));
#17300=CARTESIAN_POINT('',(-0.0164380754558196,-0.009,0.0316980912201463));
#17301=CARTESIAN_POINT('',(-0.0169988547626891,-0.009,0.0314111323710767));
#17302=CARTESIAN_POINT('',(-0.0175458043007762,-0.009,0.0310986183476179));
#17303=CARTESIAN_POINT('',(-0.0177194568364383,-0.009,0.0309993973979241));
#17304=CARTESIAN_POINT('',(0.,-0.009,0.));
#17305=CARTESIAN_POINT('',(0.,-0.009,0.));
#17306=CARTESIAN_POINT('',(-0.0180872842896899,-0.009,0.0310179700729552));
#17307=CARTESIAN_POINT('',(-0.0195089030528854,-0.009,0.0301441042675998));
#17308=CARTESIAN_POINT('',(-0.0179865372303924,-0.009,0.0308451984605795));
#17309=CARTESIAN_POINT('',(-0.0181592913612459,-0.009,0.0307444214281115));
#17310=CARTESIAN_POINT('',(-0.0187034112136437,-0.009,0.0304270062452691));
#17311=CARTESIAN_POINT('',(-0.0192323145202134,-0.009,0.0300848365441384));
#17312=CARTESIAN_POINT('',(-0.0194002375074547,-0.009,0.0299762001305565));
#17313=CARTESIAN_POINT('',(0.,-0.009,0.));
#17314=CARTESIAN_POINT('',(0.,-0.009,0.));
#17315=CARTESIAN_POINT('',(-0.0197685295478344,-0.009,0.0299744818126887));
#17316=CARTESIAN_POINT('',(-0.0211398502962313,-0.009,0.0290236291644539));
#17317=CARTESIAN_POINT('',(-0.019658417870112,-0.009,0.0298075224810263));
#17318=CARTESIAN_POINT('',(-0.0198253580956427,-0.009,0.029697381838665));
#17319=CARTESIAN_POINT('',(-0.0203511660194607,-0.009,0.0293504743015279));
#17320=CARTESIAN_POINT('',(-0.020860416832554,-0.009,0.0289796880808617));
#17321=CARTESIAN_POINT('',(-0.0210221002947814,-0.009,0.0288619661286091));
#17322=CARTESIAN_POINT('',(0.,-0.009,0.));
#17323=CARTESIAN_POINT('',(0.,-0.009,0.));
#17324=CARTESIAN_POINT('',(-0.0213897384314672,-0.009,0.0288399620363173));
#17325=CARTESIAN_POINT('',(-0.0227065965090232,-0.009,0.0278150102534445));
#17326=CARTESIAN_POINT('',(-0.0212705965408661,-0.009,0.0286793220353711));
#17327=CARTESIAN_POINT('',(-0.0214312158690958,-0.009,0.0285601522766275));
#17328=CARTESIAN_POINT('',(-0.0219371150029508,-0.009,0.0281848059319842));
#17329=CARTESIAN_POINT('',(-0.0224251667445858,-0.009,0.027786529257348));
#17330=CARTESIAN_POINT('',(-0.0225801196544386,-0.009,0.0276600792841247));
#17331=CARTESIAN_POINT('',(0.,-0.009,0.));
#17332=CARTESIAN_POINT('',(0.,-0.009,0.));
#17333=CARTESIAN_POINT('',(-0.0229459873824923,-0.009,0.0276178562431141));
#17334=CARTESIAN_POINT('',(-0.0242043835345067,-0.009,0.0265219180704811));
#17335=CARTESIAN_POINT('',(-0.0228181771090184,-0.009,0.0274640234312872));
#17336=CARTESIAN_POINT('',(-0.0229719877443265,-0.009,0.0273361864708019));
#17337=CARTESIAN_POINT('',(-0.0234564416891761,-0.009,0.0269335412331647));
#17338=CARTESIAN_POINT('',(-0.0239218121622541,-0.009,0.0265089836577295));
#17339=CARTESIAN_POINT('',(-0.0240695639328376,-0.009,0.0263741896879481));
#17340=CARTESIAN_POINT('',(0.,-0.009,0.));
#17341=CARTESIAN_POINT('',(0.,-0.009,0.));
#17342=CARTESIAN_POINT('',(-0.024432550123994,-0.009,0.0263118759282065));
#17343=CARTESIAN_POINT('',(-0.0256286626427124,-0.009,0.0251482796940238));
#17344=CARTESIAN_POINT('',(-0.0242964596232473,-0.009,0.0261653174906925));
#17345=CARTESIAN_POINT('',(-0.0244429944477895,-0.009,0.0260292015651128));
#17346=CARTESIAN_POINT('',(-0.0249045319329256,-0.009,0.0256004802548348));
#17347=CARTESIAN_POINT('',(-0.025345807822615,-0.009,0.0251509311460035));
#17348=CARTESIAN_POINT('',(-0.0254859097366582,-0.009,0.0250082025445201));
#17349=CARTESIAN_POINT('',(0.,-0.009,0.));
#17350=CARTESIAN_POINT('',(0.,-0.009,0.));
#17351=CARTESIAN_POINT('',(-0.0258449120137849,-0.009,0.0249259873108876));
#17352=CARTESIAN_POINT('',(-0.0269751083448,-0.009,0.023698266818675));
#17353=CARTESIAN_POINT('',(-0.0257009545881433,-0.009,0.0247871483408444));
#17354=CARTESIAN_POINT('',(-0.0258397685804733,-0.009,0.0246431668297628));
#17355=CARTESIAN_POINT('',(-0.0262769879317229,-0.009,0.0241896714593727));
#17356=CARTESIAN_POINT('',(-0.0266928290976499,-0.009,0.0237164960830135));
#17357=CARTESIAN_POINT('',(-0.0268248556702445,-0.009,0.0235662663118997));
#17358=CARTESIAN_POINT('',(0.,-0.009,0.));
#17359=CARTESIAN_POINT('',(0.,-0.009,0.));
#17360=CARTESIAN_POINT('',(-0.0271787837552251,-0.009,0.0234643992893388));
#17361=CARTESIAN_POINT('',(-0.0282396315294254,-0.009,0.0221762830858801));
#17362=CARTESIAN_POINT('',(-0.0270273965986588,-0.009,0.0233337014361552));
#17363=CARTESIAN_POINT('',(-0.0271580681852446,-0.009,0.0231822916066885));
#17364=CARTESIAN_POINT('',(-0.0275696415818077,-0.009,0.0227053994267215));
#17365=CARTESIAN_POINT('',(-0.0279587851280187,-0.009,0.0222100348009006));
#17366=CARTESIAN_POINT('',(-0.028082335398803,-0.009,0.0220527601030338));
#17367=CARTESIAN_POINT('',(0.,-0.009,0.));
#17368=CARTESIAN_POINT('',(0.,-0.009,0.));
#17369=CARTESIAN_POINT('',(-0.0284301144236757,-0.009,0.0219315506583441));
#17370=CARTESIAN_POINT('',(-0.0294183918812376,-0.009,0.0205869507102131));
#17371=CARTESIAN_POINT('',(-0.0282717572940037,-0.009,0.0218093908471047));
#17372=CARTESIAN_POINT('',(-0.0283938896295314,-0.009,0.0216510125259287));
#17373=CARTESIAN_POINT('',(-0.0287785671365298,-0.009,0.0211521718422613));
#17374=CARTESIAN_POINT('',(-0.0291398312468648,-0.009,0.0206361223730665));
#17375=CARTESIAN_POINT('',(-0.0292545299977272,-0.009,0.020472280386535));
#17376=CARTESIAN_POINT('',(0.,-0.009,0.));
#17377=CARTESIAN_POINT('',(0.,-0.009,0.));
#17378=CARTESIAN_POINT('',(-0.0295951037690238,-0.009,0.0203320966288162));
#17379=CARTESIAN_POINT('',(-0.0305078095437899,-0.009,0.018935096441863));
#17380=CARTESIAN_POINT('',(-0.0294302575916442,-0.009,0.0202188458548527));
#17381=CARTESIAN_POINT('',(-0.029543479764225,-0.009,0.0200539800317235));
#17382=CARTESIAN_POINT('',(-0.0299000931287129,-0.009,0.0195347058071168));
#17383=CARTESIAN_POINT('',(-0.0302323806559423,-0.009,0.0189995387198253));
#17384=CARTESIAN_POINT('',(-0.0303378795505461,-0.009,0.0188296270273572));
#17385=CARTESIAN_POINT('',(0.,-0.009,0.));
#17386=CARTESIAN_POINT('',(0.,-0.009,0.));
#17387=CARTESIAN_POINT('',(-0.0306702137569167,-0.009,0.0186708946900742));
#17388=CARTESIAN_POINT('',(-0.0315045759914466,-0.009,0.0172257369079518));
#17389=CARTESIAN_POINT('',(-0.0304993791642524,-0.009,0.0185668968922649));
#17390=CARTESIAN_POINT('',(-0.0306033473218692,-0.009,0.0183960442592687));
#17391=CARTESIAN_POINT('',(-0.0309308135207794,-0.009,0.0178579135124761));
#17392=CARTESIAN_POINT('',(-0.0312331153186042,-0.009,0.0173052540919428));
#17393=CARTESIAN_POINT('',(-0.031329093960274,-0.009,0.0171297887097638));
#17394=CARTESIAN_POINT('',(0.,-0.009,0.));
#17395=CARTESIAN_POINT('',(0.,-0.009,0.));
#17396=CARTESIAN_POINT('',(-0.0316521793136567,-0.009,0.0169529898578079));
#17397=CARTESIAN_POINT('',(-0.0324056640772667,-0.009,0.0154640633772031));
#17398=CARTESIAN_POINT('',(-0.0314758751247506,-0.009,0.0168585608740467));
#17399=CARTESIAN_POINT('',(-0.031570273519526,-0.009,0.0166822403050146));
#17400=CARTESIAN_POINT('',(-0.0318675980487749,-0.009,0.0161268873214275));
#17401=CARTESIAN_POINT('',(-0.032138996036571,-0.009,0.0155584139761486));
#17402=CARTESIAN_POINT('',(-0.0322251629413263,-0.009,0.0153779277868573));
#17403=CARTESIAN_POINT('',(0.,-0.009,0.));
#17404=CARTESIAN_POINT('',(0.,-0.009,0.));
#17405=CARTESIAN_POINT('',(-0.0325380182421214,-0.009,0.0151835993525311));
#17406=CARTESIAN_POINT('',(-0.0332083372263492,-0.009,0.0136554259942295));
#17407=CARTESIAN_POINT('',(-0.0323567798870008,-0.009,0.0150990259605381));
#17408=CARTESIAN_POINT('',(-0.0324413218341124,-0.009,0.0149177729352432));
#17409=CARTESIAN_POINT('',(-0.032707601728877,-0.009,0.0143468843036201));
#17410=CARTESIAN_POINT('',(-0.0329472716798751,-0.009,0.0137643234684614));
#17411=CARTESIAN_POINT('',(-0.0330233651616584,-0.009,0.0135793646026829));
#17412=CARTESIAN_POINT('',(0.,-0.009,0.));
#17413=CARTESIAN_POINT('',(0.,-0.009,0.));
#17414=CARTESIAN_POINT('',(-0.0333250402786001,-0.009,0.0133680967550543));
#17415=CARTESIAN_POINT('',(-0.0339101577467215,-0.009,0.0118053175313193));
#17416=CARTESIAN_POINT('',(-0.0331394181721927,-0.009,0.0132936358014415));
#17417=CARTESIAN_POINT('',(-0.0332138469205258,-0.009,0.0131080007793644));
#17418=CARTESIAN_POINT('',(-0.0334482734975173,-0.009,0.0125233102697165));
#17419=CARTESIAN_POINT('',(-0.0336554875419533,-0.009,0.0119284311627875));
#17420=CARTESIAN_POINT('',(-0.0337212765073613,-0.009,0.011739561334518));
#17421=CARTESIAN_POINT('',(0.,-0.009,0.));
#17422=CARTESIAN_POINT('',(0.,-0.009,0.));
#17423=CARTESIAN_POINT('',(-0.0340108552630344,-0.009,0.0115119956870969));
#17424=CARTESIAN_POINT('',(-0.0345089942325296,-0.009,0.00991935670706751));
#17425=CARTESIAN_POINT('',(-0.0338214131335768,-0.009,0.011447873307333));
#17426=CARTESIAN_POINT('',(-0.0338855026454687,-0.009,0.0112584200559346));
#17427=CARTESIAN_POINT('',(-0.0340873639588776,-0.009,0.0106617033541228));
#17428=CARTESIAN_POINT('',(-0.0342614927945092,-0.009,0.0100563126037195));
#17429=CARTESIAN_POINT('',(-0.0343167774446162,-0.009,0.00986410540442008));
#17430=CARTESIAN_POINT('',(0.,-0.009,0.));
#17431=CARTESIAN_POINT('',(0.,-0.009,0.));
#17432=CARTESIAN_POINT('',(-0.0345933803978571,-0.009,0.0096209330665982));
#17433=CARTESIAN_POINT('',(-0.0350030280370481,-0.009,0.00800327112251221));
#17434=CARTESIAN_POINT('',(-0.0344006935748701,-0.009,0.00956734399824312));
#17435=CARTESIAN_POINT('',(-0.0344542492125798,-0.009,0.00937464788082116));
#17436=CARTESIAN_POINT('',(-0.0346229322162317,-0.009,0.00876771719585688));
#17437=CARTESIAN_POINT('',(-0.0347634470195081,-0.009,0.00815365335379119));
#17438=CARTESIAN_POINT('',(-0.0348080594566487,-0.009,0.00795869251040882));
#17439=CARTESIAN_POINT('',(0.,-0.009,0.));
#17440=CARTESIAN_POINT('',(0.,-0.009,0.));
#17441=CARTESIAN_POINT('',(-0.0350708465733795,-0.009,0.00770065198858397));
#17442=CARTESIAN_POINT('',(-0.0353907587958495,-0.009,0.00606287986659843));
#17443=CARTESIAN_POINT('',(-0.0348755002404115,-0.009,0.00765775897987699));
#17444=CARTESIAN_POINT('',(-0.0349183593572273,-0.009,0.00746240520820684));
#17445=CARTESIAN_POINT('',(-0.0350533517663843,-0.009,0.00684710376863251));
#17446=CARTESIAN_POINT('',(-0.0351598257984662,-0.009,0.00622623172661055));
#17447=CARTESIAN_POINT('',(-0.0351936305361351,-0.009,0.00602910932881892));
#17448=CARTESIAN_POINT('',(0.,-0.009,0.));
#17449=CARTESIAN_POINT('',(0.,-0.009,0.));
#17450=CARTESIAN_POINT('',(-0.0354418037405192,-0.009,0.00575698428357488));
#17451=CARTESIAN_POINT('',(-0.0356710089833632,-0.009,0.00410407584379621));
#17452=CARTESIAN_POINT('',(-0.035244391157963,-0.009,0.0057249175991737));
#17453=CARTESIAN_POINT('',(-0.0352764235921559,-0.009,0.0055274994562393));
#17454=CARTESIAN_POINT('',(-0.035377315439308,-0.009,0.00490569591230401));
#17455=CARTESIAN_POINT('',(-0.0354494253420593,-0.009,0.00427990123831143));
#17456=CARTESIAN_POINT('',(-0.0354723197163792,-0.009,0.00408121594035387));
#17457=CARTESIAN_POINT('',(0.,-0.009,0.));
#17458=CARTESIAN_POINT('',(0.,-0.009,0.));
#17459=CARTESIAN_POINT('',(-0.0357051253145517,-0.009,0.00379583280650929));
#17460=CARTESIAN_POINT('',(-0.0358429274889802,-0.009,0.00213280787754356));
#17461=CARTESIAN_POINT('',(-0.0355062460179322,-0.009,0.0037746898318805));
#17462=CARTESIAN_POINT('',(-0.0355273544880523,-0.009,0.00357580687009349));
#17463=CARTESIAN_POINT('',(-0.0355938393679758,-0.009,0.00294938961872358));
#17464=CARTESIAN_POINT('',(-0.0356313661459919,-0.009,0.00232057283061754));
#17465=CARTESIAN_POINT('',(-0.0356432806275006,-0.009,0.00212092803321384));
#17466=CARTESIAN_POINT('',(0.,-0.009,0.));
#17467=CARTESIAN_POINT('',(0.,-0.009,0.));
#17468=CARTESIAN_POINT('',(-0.035860011596511,-0.009,0.00182315350996655));
#17469=CARTESIAN_POINT('',(-0.0359059922018497,-0.009,0.000155062643864994));
#17470=CARTESIAN_POINT('',(-0.0356602695757157,-0.009,0.0018129984556292));
#17471=CARTESIAN_POINT('',(-0.035670389976033,-0.009,0.00161325467600789));
#17472=CARTESIAN_POINT('',(-0.0357022659763327,-0.009,0.000984126125807567));
#17473=CARTESIAN_POINT('',(-0.0357050956620221,-0.009,0.000354196919506437));
#17474=CARTESIAN_POINT('',(-0.0357059940668307,-0.009,0.000154198937344652));
#17475=CARTESIAN_POINT('',(0.,-0.009,0.));
#17476=CARTESIAN_POINT('',(0.,-0.009,0.));
#17477=CARTESIAN_POINT('',(-0.0359059922018497,-0.009,-0.000155062643865014));
#17478=CARTESIAN_POINT('',(-0.035860011596511,-0.009,-0.00182315350996657));
#17479=CARTESIAN_POINT('',(-0.0357059940668307,-0.009,-0.000154198937344671));
#17480=CARTESIAN_POINT('',(-0.0357050956620221,-0.009,-0.000354196919506456));
#17481=CARTESIAN_POINT('',(-0.0357022659763327,-0.009,-0.000984126125807586));
#17482=CARTESIAN_POINT('',(-0.035670389976033,-0.009,-0.00161325467600791));
#17483=CARTESIAN_POINT('',(-0.0356602695757157,-0.009,-0.00181299845562922));
#17484=CARTESIAN_POINT('',(0.,-0.009,0.));
#17485=CARTESIAN_POINT('',(0.,-0.009,0.));
#17486=CARTESIAN_POINT('',(-0.0358429274889802,-0.009,-0.00213280787754358));
#17487=CARTESIAN_POINT('',(-0.0357051253145517,-0.009,-0.00379583280650931));
#17488=CARTESIAN_POINT('',(-0.0356432806275006,-0.009,-0.00212092803321386));
#17489=CARTESIAN_POINT('',(-0.0356313661459919,-0.009,-0.00232057283061756));
#17490=CARTESIAN_POINT('',(-0.0355938393679758,-0.009,-0.00294938961872361));
#17491=CARTESIAN_POINT('',(-0.0355273544880523,-0.009,-0.00357580687009351));
#17492=CARTESIAN_POINT('',(-0.0355062460179322,-0.009,-0.00377468983188052));
#17493=CARTESIAN_POINT('',(0.,-0.009,0.));
#17494=CARTESIAN_POINT('',(0.,-0.009,0.));
#17495=CARTESIAN_POINT('',(-0.0356710089833632,-0.009,-0.00410407584379623));
#17496=CARTESIAN_POINT('',(-0.0354418037405192,-0.009,-0.0057569842835749));
#17497=CARTESIAN_POINT('',(-0.0354723197163792,-0.009,-0.00408121594035389));
#17498=CARTESIAN_POINT('',(-0.0354494253420593,-0.009,-0.00427990123831145));
#17499=CARTESIAN_POINT('',(-0.035377315439308,-0.009,-0.00490569591230403));
#17500=CARTESIAN_POINT('',(-0.0352764235921559,-0.009,-0.00552749945623932));
#17501=CARTESIAN_POINT('',(-0.0352443911579629,-0.009,-0.00572491759917371));
#17502=CARTESIAN_POINT('',(0.,-0.009,0.));
#17503=CARTESIAN_POINT('',(0.,-0.009,0.));
#17504=CARTESIAN_POINT('',(-0.0353907587958495,-0.009,-0.00606287986659845));
#17505=CARTESIAN_POINT('',(-0.0350708465733795,-0.009,-0.00770065198858399));
#17506=CARTESIAN_POINT('',(-0.0351936305361351,-0.009,-0.00602910932881894));
#17507=CARTESIAN_POINT('',(-0.0351598257984662,-0.009,-0.00622623172661057));
#17508=CARTESIAN_POINT('',(-0.0350533517663843,-0.009,-0.00684710376863253));
#17509=CARTESIAN_POINT('',(-0.0349183593572273,-0.009,-0.00746240520820686));
#17510=CARTESIAN_POINT('',(-0.0348755002404115,-0.009,-0.00765775897987701));
#17511=CARTESIAN_POINT('',(0.,-0.009,0.));
#17512=CARTESIAN_POINT('',(0.,-0.009,0.));
#17513=CARTESIAN_POINT('',(-0.0350030280370481,-0.009,-0.00800327112251222));
#17514=CARTESIAN_POINT('',(-0.0345933803978571,-0.009,-0.00962093306659821));
#17515=CARTESIAN_POINT('',(-0.0348080594566487,-0.009,-0.00795869251040884));
#17516=CARTESIAN_POINT('',(-0.0347634470195081,-0.009,-0.00815365335379121));
#17517=CARTESIAN_POINT('',(-0.0346229322162317,-0.009,-0.0087677171958569));
#17518=CARTESIAN_POINT('',(-0.0344542492125798,-0.009,-0.00937464788082118));
#17519=CARTESIAN_POINT('',(-0.0344006935748701,-0.009,-0.00956734399824314));
#17520=CARTESIAN_POINT('',(0.,-0.009,0.));
#17521=CARTESIAN_POINT('',(0.,-0.009,0.));
#17522=CARTESIAN_POINT('',(-0.0345089942325296,-0.009,-0.00991935670706753));
#17523=CARTESIAN_POINT('',(-0.0340108552630344,-0.009,-0.0115119956870969));
#17524=CARTESIAN_POINT('',(-0.0343167774446162,-0.009,-0.00986410540442009));
#17525=CARTESIAN_POINT('',(-0.0342614927945092,-0.009,-0.0100563126037195));
#17526=CARTESIAN_POINT('',(-0.0340873639588776,-0.009,-0.0106617033541228));
#17527=CARTESIAN_POINT('',(-0.0338855026454687,-0.009,-0.0112584200559346));
#17528=CARTESIAN_POINT('',(-0.0338214131335768,-0.009,-0.011447873307333));
#17529=CARTESIAN_POINT('',(0.,-0.009,0.));
#17530=CARTESIAN_POINT('',(0.,-0.009,0.));
#17531=CARTESIAN_POINT('',(-0.0339101577467215,-0.009,-0.0118053175313193));
#17532=CARTESIAN_POINT('',(-0.0333250402786001,-0.009,-0.0133680967550543));
#17533=CARTESIAN_POINT('',(-0.0337212765073613,-0.009,-0.011739561334518));
#17534=CARTESIAN_POINT('',(-0.0336554875419533,-0.009,-0.0119284311627875));
#17535=CARTESIAN_POINT('',(-0.0334482734975173,-0.009,-0.0125233102697165));
#17536=CARTESIAN_POINT('',(-0.0332138469205258,-0.009,-0.0131080007793644));
#17537=CARTESIAN_POINT('',(-0.0331394181721927,-0.009,-0.0132936358014415));
#17538=CARTESIAN_POINT('',(0.,-0.009,0.));
#17539=CARTESIAN_POINT('',(0.,-0.009,0.));
#17540=CARTESIAN_POINT('',(-0.0332083372263492,-0.009,-0.0136554259942295));
#17541=CARTESIAN_POINT('',(-0.0325380182421214,-0.009,-0.0151835993525311));
#17542=CARTESIAN_POINT('',(-0.0330233651616584,-0.009,-0.0135793646026829));
#17543=CARTESIAN_POINT('',(-0.0329472716798751,-0.009,-0.0137643234684614));
#17544=CARTESIAN_POINT('',(-0.032707601728877,-0.009,-0.0143468843036202));
#17545=CARTESIAN_POINT('',(-0.0324413218341124,-0.009,-0.0149177729352432));
#17546=CARTESIAN_POINT('',(-0.0323567798870008,-0.009,-0.0150990259605381));
#17547=CARTESIAN_POINT('',(0.,-0.009,0.));
#17548=CARTESIAN_POINT('',(0.,-0.009,0.));
#17549=CARTESIAN_POINT('',(-0.0324056640772667,-0.009,-0.0154640633772031));
#17550=CARTESIAN_POINT('',(-0.0316521793136566,-0.009,-0.0169529898578079));
#17551=CARTESIAN_POINT('',(-0.0322251629413262,-0.009,-0.0153779277868573));
#17552=CARTESIAN_POINT('',(-0.0321389960365709,-0.009,-0.0155584139761486));
#17553=CARTESIAN_POINT('',(-0.0318675980487749,-0.009,-0.0161268873214275));
#17554=CARTESIAN_POINT('',(-0.031570273519526,-0.009,-0.0166822403050146));
#17555=CARTESIAN_POINT('',(-0.0314758751247506,-0.009,-0.0168585608740467));
#17556=CARTESIAN_POINT('',(0.,-0.009,0.));
#17557=CARTESIAN_POINT('',(0.,-0.009,0.));
#17558=CARTESIAN_POINT('',(-0.0315045759914466,-0.009,-0.0172257369079518));
#17559=CARTESIAN_POINT('',(-0.0306702137569167,-0.009,-0.0186708946900742));
#17560=CARTESIAN_POINT('',(-0.031329093960274,-0.009,-0.0171297887097639));
#17561=CARTESIAN_POINT('',(-0.0312331153186042,-0.009,-0.0173052540919429));
#17562=CARTESIAN_POINT('',(-0.0309308135207794,-0.009,-0.0178579135124761));
#17563=CARTESIAN_POINT('',(-0.0306033473218692,-0.009,-0.0183960442592687));
#17564=CARTESIAN_POINT('',(-0.0304993791642524,-0.009,-0.0185668968922649));
#17565=CARTESIAN_POINT('',(0.,-0.009,0.));
#17566=CARTESIAN_POINT('',(0.,-0.009,0.));
#17567=CARTESIAN_POINT('',(-0.0305078095437899,-0.009,-0.018935096441863));
#17568=CARTESIAN_POINT('',(-0.0295951037690238,-0.009,-0.0203320966288162));
#17569=CARTESIAN_POINT('',(-0.0303378795505461,-0.009,-0.0188296270273573));
#17570=CARTESIAN_POINT('',(-0.0302323806559423,-0.009,-0.0189995387198253));
#17571=CARTESIAN_POINT('',(-0.0299000931287128,-0.009,-0.0195347058071168));
#17572=CARTESIAN_POINT('',(-0.029543479764225,-0.009,-0.0200539800317235));
#17573=CARTESIAN_POINT('',(-0.0294302575916442,-0.009,-0.0202188458548528));
#17574=CARTESIAN_POINT('',(0.,-0.009,0.));
#17575=CARTESIAN_POINT('',(0.,-0.009,0.));
#17576=CARTESIAN_POINT('',(-0.0294183918812376,-0.009,-0.0205869507102131));
#17577=CARTESIAN_POINT('',(-0.0284301144236757,-0.009,-0.0219315506583441));
#17578=CARTESIAN_POINT('',(-0.0292545299977272,-0.009,-0.020472280386535));
#17579=CARTESIAN_POINT('',(-0.0291398312468648,-0.009,-0.0206361223730666));
#17580=CARTESIAN_POINT('',(-0.0287785671365298,-0.009,-0.0211521718422613));
#17581=CARTESIAN_POINT('',(-0.0283938896295314,-0.009,-0.0216510125259287));
#17582=CARTESIAN_POINT('',(-0.0282717572940037,-0.009,-0.0218093908471048));
#17583=CARTESIAN_POINT('',(0.,-0.009,0.));
#17584=CARTESIAN_POINT('',(0.,-0.009,0.));
#17585=CARTESIAN_POINT('',(-0.0282396315294254,-0.009,-0.0221762830858801));
#17586=CARTESIAN_POINT('',(-0.0271787837552251,-0.009,-0.0234643992893388));
#17587=CARTESIAN_POINT('',(-0.028082335398803,-0.009,-0.0220527601030338));
#17588=CARTESIAN_POINT('',(-0.0279587851280187,-0.009,-0.0222100348009007));
#17589=CARTESIAN_POINT('',(-0.0275696415818077,-0.009,-0.0227053994267215));
#17590=CARTESIAN_POINT('',(-0.0271580681852446,-0.009,-0.0231822916066885));
#17591=CARTESIAN_POINT('',(-0.0270273965986588,-0.009,-0.0233337014361553));
#17592=CARTESIAN_POINT('',(0.,-0.009,0.));
#17593=CARTESIAN_POINT('',(0.,-0.009,0.));
#17594=CARTESIAN_POINT('',(-0.0269751083448,-0.009,-0.023698266818675));
#17595=CARTESIAN_POINT('',(-0.0258449120137849,-0.009,-0.0249259873108876));
#17596=CARTESIAN_POINT('',(-0.0268248556702445,-0.009,-0.0235662663118997));
#17597=CARTESIAN_POINT('',(-0.0266928290976499,-0.009,-0.0237164960830135));
#17598=CARTESIAN_POINT('',(-0.0262769879317229,-0.009,-0.0241896714593727));
#17599=CARTESIAN_POINT('',(-0.0258397685804733,-0.009,-0.0246431668297628));
#17600=CARTESIAN_POINT('',(-0.0257009545881433,-0.009,-0.0247871483408444));
#17601=CARTESIAN_POINT('',(0.,-0.009,0.));
#17602=CARTESIAN_POINT('',(0.,-0.009,0.));
#17603=CARTESIAN_POINT('',(-0.0256286626427124,-0.009,-0.0251482796940238));
#17604=CARTESIAN_POINT('',(-0.024432550123994,-0.009,-0.0263118759282065));
#17605=CARTESIAN_POINT('',(-0.0254859097366582,-0.009,-0.0250082025445201));
#17606=CARTESIAN_POINT('',(-0.025345807822615,-0.009,-0.0251509311460035));
#17607=CARTESIAN_POINT('',(-0.0249045319329256,-0.009,-0.0256004802548349));
#17608=CARTESIAN_POINT('',(-0.0244429944477894,-0.009,-0.0260292015651129));
#17609=CARTESIAN_POINT('',(-0.0242964596232473,-0.009,-0.0261653174906925));
#17610=CARTESIAN_POINT('',(0.,-0.009,0.));
#17611=CARTESIAN_POINT('',(0.,-0.009,0.));
#17612=CARTESIAN_POINT('',(-0.0242043835345067,-0.009,-0.0265219180704811));
#17613=CARTESIAN_POINT('',(-0.0229459873824923,-0.009,-0.0276178562431141));
#17614=CARTESIAN_POINT('',(-0.0240695639328376,-0.009,-0.0263741896879481));
#17615=CARTESIAN_POINT('',(-0.0239218121622541,-0.009,-0.0265089836577295));
#17616=CARTESIAN_POINT('',(-0.0234564416891761,-0.009,-0.0269335412331647));
#17617=CARTESIAN_POINT('',(-0.0229719877443265,-0.009,-0.0273361864708019));
#17618=CARTESIAN_POINT('',(-0.0228181771090184,-0.009,-0.0274640234312872));
#17619=CARTESIAN_POINT('',(0.,-0.009,0.));
#17620=CARTESIAN_POINT('',(0.,-0.009,0.));
#17621=CARTESIAN_POINT('',(-0.0227065965090232,-0.009,-0.0278150102534445));
#17622=CARTESIAN_POINT('',(-0.0213897384314671,-0.009,-0.0288399620363173));
#17623=CARTESIAN_POINT('',(-0.0225801196544386,-0.009,-0.0276600792841247));
#17624=CARTESIAN_POINT('',(-0.0224251667445858,-0.009,-0.027786529257348));
#17625=CARTESIAN_POINT('',(-0.0219371150029508,-0.009,-0.0281848059319842));
#17626=CARTESIAN_POINT('',(-0.0214312158690958,-0.009,-0.0285601522766275));
#17627=CARTESIAN_POINT('',(-0.0212705965408661,-0.009,-0.0286793220353711));
#17628=CARTESIAN_POINT('',(0.,-0.009,0.));
#17629=CARTESIAN_POINT('',(0.,-0.009,0.));
#17630=CARTESIAN_POINT('',(-0.0211398502962313,-0.009,-0.0290236291644539));
#17631=CARTESIAN_POINT('',(-0.0197685295478344,-0.009,-0.0299744818126887));
#17632=CARTESIAN_POINT('',(-0.0210221002947814,-0.009,-0.0288619661286091));
#17633=CARTESIAN_POINT('',(-0.020860416832554,-0.009,-0.0289796880808617));
#17634=CARTESIAN_POINT('',(-0.0203511660194607,-0.009,-0.0293504743015279));
#17635=CARTESIAN_POINT('',(-0.0198253580956427,-0.009,-0.029697381838665));
#17636=CARTESIAN_POINT('',(-0.019658417870112,-0.009,-0.0298075224810263));
#17637=CARTESIAN_POINT('',(0.,-0.009,0.));
#17638=CARTESIAN_POINT('',(0.,-0.009,0.));
#17639=CARTESIAN_POINT('',(-0.0195089030528853,-0.009,-0.0301441042675998));
#17640=CARTESIAN_POINT('',(-0.0180872842896899,-0.009,-0.0310179700729552));
#17641=CARTESIAN_POINT('',(-0.0194002375074547,-0.009,-0.0299762001305565));
#17642=CARTESIAN_POINT('',(-0.0192323145202134,-0.009,-0.0300848365441384));
#17643=CARTESIAN_POINT('',(-0.0187034112136437,-0.009,-0.0304270062452691));
#17644=CARTESIAN_POINT('',(-0.0181592913612458,-0.009,-0.0307444214281115));
#17645=CARTESIAN_POINT('',(-0.0179865372303924,-0.009,-0.0308451984605795));
#17646=CARTESIAN_POINT('',(0.,-0.009,0.));
#17647=CARTESIAN_POINT('',(0.,-0.009,0.));
#17648=CARTESIAN_POINT('',(-0.0178187079121598,-0.009,-0.0311730327168202));
#17649=CARTESIAN_POINT('',(-0.0163511085436257,-0.009,-0.0319672577775664));
#17650=CARTESIAN_POINT('',(-0.0177194568364383,-0.009,-0.0309993973979241));
#17651=CARTESIAN_POINT('',(-0.0175458043007762,-0.009,-0.0310986183476179));
#17652=CARTESIAN_POINT('',(-0.0169988547626891,-0.009,-0.0314111323710767));
#17653=CARTESIAN_POINT('',(-0.0164380754558196,-0.009,-0.0316980912201463));
#17654=CARTESIAN_POINT('',(-0.016260032068261,-0.009,-0.0317891985861857));
#17655=CARTESIAN_POINT('',(0.,-0.009,0.));
#17656=CARTESIAN_POINT('',(0.,-0.009,0.));
#17657=CARTESIAN_POINT('',(-0.0160743979411458,-0.009,-0.0321072896902323));
#17658=CARTESIAN_POINT('',(-0.0145652750183204,-0.009,-0.0328194619709632));
#17659=CARTESIAN_POINT('',(-0.0159848627573885,-0.009,-0.0319284505142401));
#17660=CARTESIAN_POINT('',(-0.0158060080503492,-0.009,-0.0320179546692826));
#17661=CARTESIAN_POINT('',(-0.0152426733485152,-0.009,-0.0322998639202515));
#17662=CARTESIAN_POINT('',(-0.0146669376554983,-0.009,-0.0325554949509551));
#17663=CARTESIAN_POINT('',(-0.0144841457231508,-0.009,-0.0326366559604896));
#17664=CARTESIAN_POINT('',(0.,-0.009,0.));
#17665=CARTESIAN_POINT('',(0.,-0.009,0.));
#17666=CARTESIAN_POINT('',(-0.014281270551896,-0.009,-0.0329440378801135));
#17667=CARTESIAN_POINT('',(-0.012735207231496,-0.009,-0.0335719945370194));
#17668=CARTESIAN_POINT('',(-0.0142017231755132,-0.009,-0.032760537975725));
#17669=CARTESIAN_POINT('',(-0.0140182094729635,-0.009,-0.032840053514939));
#17670=CARTESIAN_POINT('',(-0.0134402004363573,-0.009,-0.0330905018442882));
#17671=CARTESIAN_POINT('',(-0.01285125684757,-0.009,-0.0333140287135874));
#17672=CARTESIAN_POINT('',(-0.0126642715035244,-0.009,-0.0333849968832984));
#17673=CARTESIAN_POINT('',(0.,-0.009,0.));
#17674=CARTESIAN_POINT('',(0.,-0.009,0.));
#17675=CARTESIAN_POINT('',(-0.0124447714133573,-0.009,-0.0336807361097125));
#17676=CARTESIAN_POINT('',(-0.0108664630388729,-0.009,-0.0342225700590651));
#17677=CARTESIAN_POINT('',(-0.0123754534271166,-0.009,-0.0334931327601061));
#17678=CARTESIAN_POINT('',(-0.0121878380541397,-0.009,-0.0335624181974125));
#17679=CARTESIAN_POINT('',(-0.0115969100772082,-0.009,-0.0337806450017972));
#17680=CARTESIAN_POINT('',(-0.0109965471949732,-0.009,-0.0339713888659363));
#17681=CARTESIAN_POINT('',(-0.0108059363075738,-0.009,-0.0340319486678251));
#17682=CARTESIAN_POINT('',(0.,-0.009,0.));
#17683=CARTESIAN_POINT('',(0.,-0.009,0.));
#17684=CARTESIAN_POINT('',(-0.010570477913054,-0.009,-0.0343151470507186));
#17685=CARTESIAN_POINT('',(-0.00896471775514478,-0.009,-0.034769212760622));
#17686=CARTESIAN_POINT('',(-0.0105115998334013,-0.009,-0.0341240100011014));
#17687=CARTESIAN_POINT('',(-0.0103204525717187,-0.009,-0.034182854918904));
#17688=CARTESIAN_POINT('',(-0.00971840028330612,-0.009,-0.0343681974506918));
#17689=CARTESIAN_POINT('',(-0.00910844138996477,-0.009,-0.0345255790268246));
#17690=CARTESIAN_POINT('',(-0.0089147838382119,-0.009,-0.0345755465427632));
#17691=CARTESIAN_POINT('',(0.,-0.009,0.));
#17692=CARTESIAN_POINT('',(0.,-0.009,0.));
#17693=CARTESIAN_POINT('',(-0.00866408221874479,-0.009,-0.0348453440179551));
#17694=CARTESIAN_POINT('',(-0.00703574691823439,-0.009,-0.0352102625057718));
#17695=CARTESIAN_POINT('',(-0.00861582285647293,-0.009,-0.0346512537452645));
#17696=CARTESIAN_POINT('',(-0.00842172421403587,-0.009,-0.0346994794334822));
#17697=CARTESIAN_POINT('',(-0.00781037602715469,-0.009,-0.0348513748134955));
#17698=CARTESIAN_POINT('',(-0.0071926735478188,-0.009,-0.034974916138948));
#17699=CARTESIAN_POINT('',(-0.00699655746333223,-0.009,-0.0350141396192327));
#17700=CARTESIAN_POINT('',(0.,-0.009,0.));
#17701=CARTESIAN_POINT('',(0.,-0.009,0.));
#17702=CARTESIAN_POINT('',(-0.00673137399149642,-0.009,-0.0352697168206581));
#17703=CARTESIAN_POINT('',(-0.00508540874917463,-0.009,-0.0355443798409344));
#17704=CARTESIAN_POINT('',(-0.0066938799087025,-0.009,-0.0350732627706733));
#17705=CARTESIAN_POINT('',(-0.00649741935670876,-0.009,-0.035110722769476));
#17706=CARTESIAN_POINT('',(-0.00587863191570955,-0.009,-0.0352287096964379));
#17707=CARTESIAN_POINT('',(-0.00525506179250705,-0.009,-0.035318035580265));
#17708=CARTESIAN_POINT('',(-0.00505708277338969,-0.009,-0.0353463959044754));
#17709=CARTESIAN_POINT('',(0.,-0.009,0.));
#17710=CARTESIAN_POINT('',(0.,-0.009,0.));
#17711=CARTESIAN_POINT('',(-0.00477822280267348,-0.009,-0.0355869766525736));
#17712=CARTESIAN_POINT('',(-0.00311962636088389,-0.009,-0.0357705500627441));
#17713=CARTESIAN_POINT('',(-0.00475160786765463,-0.009,-0.0353887554497876));
#17714=CARTESIAN_POINT('',(-0.00455338205034362,-0.009,-0.0354153359943901));
#17715=CARTESIAN_POINT('',(-0.00392903459234724,-0.009,-0.0354990561458814));
#17716=CARTESIAN_POINT('',(-0.00330149058724766,-0.009,-0.0355538953083097));
#17717=CARTESIAN_POINT('',(-0.00310224988927366,-0.009,-0.0355713063470732));
#17718=CARTESIAN_POINT('',(0.,-0.009,0.));
#17719=CARTESIAN_POINT('',(0.,-0.009,0.));
#17720=CARTESIAN_POINT('',(-0.00281056030824291,-0.009,-0.0357961600060194));
#17721=CARTESIAN_POINT('',(-0.00114436976986676,-0.009,-0.0358880862996709));
#17722=CARTESIAN_POINT('',(-0.00279490534968205,-0.009,-0.0355967736417101));
#17723=CARTESIAN_POINT('',(-0.00259551627234593,-0.009,-0.0356123940078721));
#17724=CARTESIAN_POINT('',(-0.0019675049200621,-0.009,-0.0356615931285443));
#17725=CARTESIAN_POINT('',(-0.00133789286358366,-0.009,-0.0356817790248399));
#17726=CARTESIAN_POINT('',(-0.00113799557420441,-0.009,-0.035688187901404));
#17727=CARTESIAN_POINT('',(0.,-0.009,0.));
#17728=CARTESIAN_POINT('',(0.,-0.009,0.));
#17729=CARTESIAN_POINT('',(-0.000834362234529868,-0.009,-0.035896631598026));
#17730=CARTESIAN_POINT('',(0.000834362234529883,-0.009,-0.035896631598026));
#17731=CARTESIAN_POINT('',(-0.000829714796021607,-0.009,-0.0356966856020288));
#17732=CARTESIAN_POINT('',(-0.000629767996734991,-0.009,-0.0357012983512116));
#17733=CARTESIAN_POINT('',(7.40969340746023E-18,-0.009,-0.0357158270249522));
#17734=CARTESIAN_POINT('',(0.000629767996735005,-0.009,-0.0357012983512116));
#17735=CARTESIAN_POINT('',(0.000829714796021622,-0.009,-0.0356966856020288));
#17736=CARTESIAN_POINT('',(0.,-0.0105875,2.2452874660598E-18));
#17737=CARTESIAN_POINT('',(0.,-0.009762,0.));
#17738=CARTESIAN_POINT('',(0.,-0.009762,-0.0366683270249522));
#17739=CARTESIAN_POINT('',(0.,-0.0125875,2.2452874660598E-18));
#17740=CARTESIAN_POINT('',(0.,-0.0125875,-0.0366683270249522));
#17741=CARTESIAN_POINT('',(0.,0.,0.));
#17742=CARTESIAN_POINT('',(0.,0.,0.));
#17743=CARTESIAN_POINT('',(0.00281056030824292,0.,0.0357961600060194));
#17744=CARTESIAN_POINT('',(0.00114436976986676,0.,0.0358880862996709));
#17745=CARTESIAN_POINT('',(0.00113799557420441,0.,0.035688187901404));
#17746=CARTESIAN_POINT('',(0.00133789286358366,0.,0.0356817790248399));
#17747=CARTESIAN_POINT('',(0.0019675049200621,0.,0.0356615931285442));
#17748=CARTESIAN_POINT('',(0.00259551627234593,0.,0.0356123940078721));
#17749=CARTESIAN_POINT('',(0.00279490534968205,0.,0.0355967736417101));
#17750=CARTESIAN_POINT('',(0.,0.,0.));
#17751=CARTESIAN_POINT('',(0.,0.,0.));
#17752=CARTESIAN_POINT('',(0.00477822280267349,0.,0.0355869766525736));
#17753=CARTESIAN_POINT('',(0.0031196263608839,0.,0.0357705500627441));
#17754=CARTESIAN_POINT('',(0.00310224988927366,0.,0.0355713063470732));
#17755=CARTESIAN_POINT('',(0.00330149058724766,0.,0.0355538953083097));
#17756=CARTESIAN_POINT('',(0.00392903459234724,0.,0.0354990561458814));
#17757=CARTESIAN_POINT('',(0.00455338205034363,0.,0.0354153359943901));
#17758=CARTESIAN_POINT('',(0.00475160786765464,0.,0.0353887554497876));
#17759=CARTESIAN_POINT('',(0.,0.,0.));
#17760=CARTESIAN_POINT('',(0.,0.,0.));
#17761=CARTESIAN_POINT('',(0.00673137399149643,0.,0.0352697168206581));
#17762=CARTESIAN_POINT('',(0.00508540874917464,0.,0.0355443798409344));
#17763=CARTESIAN_POINT('',(0.0050570827733897,0.,0.0353463959044754));
#17764=CARTESIAN_POINT('',(0.00525506179250706,0.,0.035318035580265));
#17765=CARTESIAN_POINT('',(0.00587863191570956,0.,0.0352287096964379));
#17766=CARTESIAN_POINT('',(0.00649741935670877,0.,0.035110722769476));
#17767=CARTESIAN_POINT('',(0.0066938799087025,0.,0.0350732627706733));
#17768=CARTESIAN_POINT('',(0.,0.,0.));
#17769=CARTESIAN_POINT('',(0.,0.,0.));
#17770=CARTESIAN_POINT('',(0.00866408221874479,0.,0.0348453440179551));
#17771=CARTESIAN_POINT('',(0.0070357469182344,0.,0.0352102625057718));
#17772=CARTESIAN_POINT('',(0.00699655746333223,0.,0.0350141396192327));
#17773=CARTESIAN_POINT('',(0.0071926735478188,0.,0.034974916138948));
#17774=CARTESIAN_POINT('',(0.0078103760271547,0.,0.0348513748134955));
#17775=CARTESIAN_POINT('',(0.00842172421403587,0.,0.0346994794334822));
#17776=CARTESIAN_POINT('',(0.00861582285647293,0.,0.0346512537452645));
#17777=CARTESIAN_POINT('',(0.,0.,0.));
#17778=CARTESIAN_POINT('',(0.,0.,0.));
#17779=CARTESIAN_POINT('',(0.010570477913054,0.,0.0343151470507186));
#17780=CARTESIAN_POINT('',(0.00896471775514479,0.,0.034769212760622));
#17781=CARTESIAN_POINT('',(0.0089147838382119,0.,0.0345755465427632));
#17782=CARTESIAN_POINT('',(0.00910844138996477,0.,0.0345255790268246));
#17783=CARTESIAN_POINT('',(0.00971840028330613,0.,0.0343681974506918));
#17784=CARTESIAN_POINT('',(0.0103204525717187,0.,0.034182854918904));
#17785=CARTESIAN_POINT('',(0.0105115998334013,0.,0.0341240100011014));
#17786=CARTESIAN_POINT('',(0.,0.,0.));
#17787=CARTESIAN_POINT('',(0.,0.,0.));
#17788=CARTESIAN_POINT('',(0.0124447714133573,0.,0.0336807361097125));
#17789=CARTESIAN_POINT('',(0.0108664630388729,0.,0.0342225700590651));
#17790=CARTESIAN_POINT('',(0.0108059363075738,0.,0.0340319486678251));
#17791=CARTESIAN_POINT('',(0.0109965471949732,0.,0.0339713888659363));
#17792=CARTESIAN_POINT('',(0.0115969100772082,0.,0.0337806450017972));
#17793=CARTESIAN_POINT('',(0.0121878380541397,0.,0.0335624181974125));
#17794=CARTESIAN_POINT('',(0.0123754534271166,0.,0.0334931327601061));
#17795=CARTESIAN_POINT('',(0.,0.,0.));
#17796=CARTESIAN_POINT('',(0.,0.,0.));
#17797=CARTESIAN_POINT('',(0.014281270551896,0.,0.0329440378801135));
#17798=CARTESIAN_POINT('',(0.012735207231496,0.,0.0335719945370194));
#17799=CARTESIAN_POINT('',(0.0126642715035244,0.,0.0333849968832984));
#17800=CARTESIAN_POINT('',(0.01285125684757,0.,0.0333140287135874));
#17801=CARTESIAN_POINT('',(0.0134402004363573,0.,0.0330905018442882));
#17802=CARTESIAN_POINT('',(0.0140182094729635,0.,0.032840053514939));
#17803=CARTESIAN_POINT('',(0.0142017231755132,0.,0.032760537975725));
#17804=CARTESIAN_POINT('',(0.,0.,0.));
#17805=CARTESIAN_POINT('',(0.,0.,0.));
#17806=CARTESIAN_POINT('',(0.0160743979411458,0.,0.0321072896902323));
#17807=CARTESIAN_POINT('',(0.0145652750183204,0.,0.0328194619709632));
#17808=CARTESIAN_POINT('',(0.0144841457231508,0.,0.0326366559604896));
#17809=CARTESIAN_POINT('',(0.0146669376554983,0.,0.0325554949509551));
#17810=CARTESIAN_POINT('',(0.0152426733485152,0.,0.0322998639202515));
#17811=CARTESIAN_POINT('',(0.0158060080503492,0.,0.0320179546692826));
#17812=CARTESIAN_POINT('',(0.0159848627573885,0.,0.0319284505142401));
#17813=CARTESIAN_POINT('',(0.,0.,0.));
#17814=CARTESIAN_POINT('',(0.,0.,0.));
#17815=CARTESIAN_POINT('',(0.0178187079121598,0.,0.0311730327168202));
#17816=CARTESIAN_POINT('',(0.0163511085436257,0.,0.0319672577775664));
#17817=CARTESIAN_POINT('',(0.016260032068261,0.,0.0317891985861857));
#17818=CARTESIAN_POINT('',(0.0164380754558196,0.,0.0316980912201463));
#17819=CARTESIAN_POINT('',(0.0169988547626891,0.,0.0314111323710767));
#17820=CARTESIAN_POINT('',(0.0175458043007762,0.,0.0310986183476179));
#17821=CARTESIAN_POINT('',(0.0177194568364383,0.,0.0309993973979241));
#17822=CARTESIAN_POINT('',(0.,0.,0.));
#17823=CARTESIAN_POINT('',(0.,0.,0.));
#17824=CARTESIAN_POINT('',(0.0195089030528853,0.,0.0301441042675998));
#17825=CARTESIAN_POINT('',(0.0180872842896899,0.,0.0310179700729552));
#17826=CARTESIAN_POINT('',(0.0179865372303924,0.,0.0308451984605795));
#17827=CARTESIAN_POINT('',(0.0181592913612458,0.,0.0307444214281115));
#17828=CARTESIAN_POINT('',(0.0187034112136437,0.,0.0304270062452691));
#17829=CARTESIAN_POINT('',(0.0192323145202134,0.,0.0300848365441384));
#17830=CARTESIAN_POINT('',(0.0194002375074547,0.,0.0299762001305565));
#17831=CARTESIAN_POINT('',(0.,0.,0.));
#17832=CARTESIAN_POINT('',(0.,0.,0.));
#17833=CARTESIAN_POINT('',(0.0211398502962313,0.,0.0290236291644539));
#17834=CARTESIAN_POINT('',(0.0197685295478344,0.,0.0299744818126887));
#17835=CARTESIAN_POINT('',(0.019658417870112,0.,0.0298075224810263));
#17836=CARTESIAN_POINT('',(0.0198253580956427,0.,0.029697381838665));
#17837=CARTESIAN_POINT('',(0.0203511660194607,0.,0.0293504743015279));
#17838=CARTESIAN_POINT('',(0.020860416832554,0.,0.0289796880808617));
#17839=CARTESIAN_POINT('',(0.0210221002947814,0.,0.0288619661286091));
#17840=CARTESIAN_POINT('',(0.,0.,0.));
#17841=CARTESIAN_POINT('',(0.,0.,0.));
#17842=CARTESIAN_POINT('',(0.0227065965090232,0.,0.0278150102534445));
#17843=CARTESIAN_POINT('',(0.0213897384314672,0.,0.0288399620363173));
#17844=CARTESIAN_POINT('',(0.0212705965408661,0.,0.0286793220353711));
#17845=CARTESIAN_POINT('',(0.0214312158690958,0.,0.0285601522766275));
#17846=CARTESIAN_POINT('',(0.0219371150029508,0.,0.0281848059319842));
#17847=CARTESIAN_POINT('',(0.0224251667445858,0.,0.027786529257348));
#17848=CARTESIAN_POINT('',(0.0225801196544386,0.,0.0276600792841247));
#17849=CARTESIAN_POINT('',(0.,0.,0.));
#17850=CARTESIAN_POINT('',(0.,0.,0.));
#17851=CARTESIAN_POINT('',(0.0242043835345067,0.,0.0265219180704811));
#17852=CARTESIAN_POINT('',(0.0229459873824923,0.,0.0276178562431141));
#17853=CARTESIAN_POINT('',(0.0228181771090184,0.,0.0274640234312872));
#17854=CARTESIAN_POINT('',(0.0229719877443265,0.,0.0273361864708019));
#17855=CARTESIAN_POINT('',(0.0234564416891761,0.,0.0269335412331647));
#17856=CARTESIAN_POINT('',(0.0239218121622541,0.,0.0265089836577295));
#17857=CARTESIAN_POINT('',(0.0240695639328376,0.,0.0263741896879481));
#17858=CARTESIAN_POINT('',(0.,0.,0.));
#17859=CARTESIAN_POINT('',(0.,0.,0.));
#17860=CARTESIAN_POINT('',(0.0256286626427124,0.,0.0251482796940238));
#17861=CARTESIAN_POINT('',(0.024432550123994,0.,0.0263118759282065));
#17862=CARTESIAN_POINT('',(0.0242964596232473,0.,0.0261653174906925));
#17863=CARTESIAN_POINT('',(0.0244429944477894,0.,0.0260292015651129));
#17864=CARTESIAN_POINT('',(0.0249045319329256,0.,0.0256004802548349));
#17865=CARTESIAN_POINT('',(0.025345807822615,0.,0.0251509311460035));
#17866=CARTESIAN_POINT('',(0.0254859097366582,0.,0.0250082025445201));
#17867=CARTESIAN_POINT('',(0.,0.,0.));
#17868=CARTESIAN_POINT('',(0.,0.,0.));
#17869=CARTESIAN_POINT('',(0.0269751083448,0.,0.023698266818675));
#17870=CARTESIAN_POINT('',(0.0258449120137849,0.,0.0249259873108876));
#17871=CARTESIAN_POINT('',(0.0257009545881433,0.,0.0247871483408444));
#17872=CARTESIAN_POINT('',(0.0258397685804733,0.,0.0246431668297628));
#17873=CARTESIAN_POINT('',(0.0262769879317229,0.,0.0241896714593727));
#17874=CARTESIAN_POINT('',(0.0266928290976499,0.,0.0237164960830135));
#17875=CARTESIAN_POINT('',(0.0268248556702445,0.,0.0235662663118997));
#17876=CARTESIAN_POINT('',(0.,0.,0.));
#17877=CARTESIAN_POINT('',(0.,0.,0.));
#17878=CARTESIAN_POINT('',(0.0282396315294254,0.,0.0221762830858801));
#17879=CARTESIAN_POINT('',(0.0271787837552251,0.,0.0234643992893388));
#17880=CARTESIAN_POINT('',(0.0270273965986588,0.,0.0233337014361553));
#17881=CARTESIAN_POINT('',(0.0271580681852446,0.,0.0231822916066885));
#17882=CARTESIAN_POINT('',(0.0275696415818077,0.,0.0227053994267215));
#17883=CARTESIAN_POINT('',(0.0279587851280187,0.,0.0222100348009007));
#17884=CARTESIAN_POINT('',(0.028082335398803,0.,0.0220527601030338));
#17885=CARTESIAN_POINT('',(0.,0.,0.));
#17886=CARTESIAN_POINT('',(0.,0.,0.));
#17887=CARTESIAN_POINT('',(0.0294183918812376,0.,0.0205869507102131));
#17888=CARTESIAN_POINT('',(0.0284301144236757,0.,0.0219315506583441));
#17889=CARTESIAN_POINT('',(0.0282717572940037,0.,0.0218093908471047));
#17890=CARTESIAN_POINT('',(0.0283938896295314,0.,0.0216510125259287));
#17891=CARTESIAN_POINT('',(0.0287785671365298,0.,0.0211521718422613));
#17892=CARTESIAN_POINT('',(0.0291398312468648,0.,0.0206361223730665));
#17893=CARTESIAN_POINT('',(0.0292545299977272,0.,0.020472280386535));
#17894=CARTESIAN_POINT('',(0.,0.,0.));
#17895=CARTESIAN_POINT('',(0.,0.,0.));
#17896=CARTESIAN_POINT('',(0.0305078095437899,0.,0.018935096441863));
#17897=CARTESIAN_POINT('',(0.0295951037690238,0.,0.0203320966288162));
#17898=CARTESIAN_POINT('',(0.0294302575916442,0.,0.0202188458548528));
#17899=CARTESIAN_POINT('',(0.029543479764225,0.,0.0200539800317235));
#17900=CARTESIAN_POINT('',(0.0299000931287128,0.,0.0195347058071168));
#17901=CARTESIAN_POINT('',(0.0302323806559423,0.,0.0189995387198253));
#17902=CARTESIAN_POINT('',(0.0303378795505461,0.,0.0188296270273573));
#17903=CARTESIAN_POINT('',(0.,0.,0.));
#17904=CARTESIAN_POINT('',(0.,0.,0.));
#17905=CARTESIAN_POINT('',(0.0315045759914466,0.,0.0172257369079518));
#17906=CARTESIAN_POINT('',(0.0306702137569167,0.,0.0186708946900742));
#17907=CARTESIAN_POINT('',(0.0304993791642524,0.,0.0185668968922649));
#17908=CARTESIAN_POINT('',(0.0306033473218692,0.,0.0183960442592687));
#17909=CARTESIAN_POINT('',(0.0309308135207794,0.,0.0178579135124761));
#17910=CARTESIAN_POINT('',(0.0312331153186042,0.,0.0173052540919428));
#17911=CARTESIAN_POINT('',(0.031329093960274,0.,0.0171297887097638));
#17912=CARTESIAN_POINT('',(0.,0.,0.));
#17913=CARTESIAN_POINT('',(0.,0.,0.));
#17914=CARTESIAN_POINT('',(0.0324056640772667,0.,0.0154640633772031));
#17915=CARTESIAN_POINT('',(0.0316521793136566,0.,0.0169529898578079));
#17916=CARTESIAN_POINT('',(0.0314758751247505,0.,0.0168585608740467));
#17917=CARTESIAN_POINT('',(0.031570273519526,0.,0.0166822403050146));
#17918=CARTESIAN_POINT('',(0.0318675980487749,0.,0.0161268873214275));
#17919=CARTESIAN_POINT('',(0.0321389960365709,0.,0.0155584139761486));
#17920=CARTESIAN_POINT('',(0.0322251629413262,0.,0.0153779277868573));
#17921=CARTESIAN_POINT('',(0.,0.,0.));
#17922=CARTESIAN_POINT('',(0.,0.,0.));
#17923=CARTESIAN_POINT('',(0.0332083372263492,0.,0.0136554259942295));
#17924=CARTESIAN_POINT('',(0.0325380182421214,0.,0.0151835993525311));
#17925=CARTESIAN_POINT('',(0.0323567798870008,0.,0.0150990259605381));
#17926=CARTESIAN_POINT('',(0.0324413218341124,0.,0.0149177729352432));
#17927=CARTESIAN_POINT('',(0.032707601728877,0.,0.0143468843036202));
#17928=CARTESIAN_POINT('',(0.0329472716798751,0.,0.0137643234684614));
#17929=CARTESIAN_POINT('',(0.0330233651616584,0.,0.0135793646026829));
#17930=CARTESIAN_POINT('',(0.,0.,0.));
#17931=CARTESIAN_POINT('',(0.,0.,0.));
#17932=CARTESIAN_POINT('',(0.0339101577467215,0.,0.0118053175313193));
#17933=CARTESIAN_POINT('',(0.0333250402786001,0.,0.0133680967550543));
#17934=CARTESIAN_POINT('',(0.0331394181721927,0.,0.0132936358014415));
#17935=CARTESIAN_POINT('',(0.0332138469205258,0.,0.0131080007793644));
#17936=CARTESIAN_POINT('',(0.0334482734975173,0.,0.0125233102697165));
#17937=CARTESIAN_POINT('',(0.0336554875419533,0.,0.0119284311627875));
#17938=CARTESIAN_POINT('',(0.0337212765073613,0.,0.011739561334518));
#17939=CARTESIAN_POINT('',(0.,0.,0.));
#17940=CARTESIAN_POINT('',(0.,0.,0.));
#17941=CARTESIAN_POINT('',(0.0345089942325296,0.,0.00991935670706752));
#17942=CARTESIAN_POINT('',(0.0340108552630344,0.,0.0115119956870969));
#17943=CARTESIAN_POINT('',(0.0338214131335768,0.,0.011447873307333));
#17944=CARTESIAN_POINT('',(0.0338855026454687,0.,0.0112584200559346));
#17945=CARTESIAN_POINT('',(0.0340873639588776,0.,0.0106617033541228));
#17946=CARTESIAN_POINT('',(0.0342614927945092,0.,0.0100563126037195));
#17947=CARTESIAN_POINT('',(0.0343167774446162,0.,0.00986410540442008));
#17948=CARTESIAN_POINT('',(0.,0.,0.));
#17949=CARTESIAN_POINT('',(0.,0.,0.));
#17950=CARTESIAN_POINT('',(0.0350030280370481,0.,0.00800327112251223));
#17951=CARTESIAN_POINT('',(0.0345933803978571,0.,0.00962093306659822));
#17952=CARTESIAN_POINT('',(0.0344006935748701,0.,0.00956734399824315));
#17953=CARTESIAN_POINT('',(0.0344542492125798,0.,0.00937464788082118));
#17954=CARTESIAN_POINT('',(0.0346229322162317,0.,0.0087677171958569));
#17955=CARTESIAN_POINT('',(0.0347634470195081,0.,0.00815365335379121));
#17956=CARTESIAN_POINT('',(0.0348080594566487,0.,0.00795869251040885));
#17957=CARTESIAN_POINT('',(0.,0.,0.));
#17958=CARTESIAN_POINT('',(0.,0.,0.));
#17959=CARTESIAN_POINT('',(0.0353907587958495,0.,0.00606287986659844));
#17960=CARTESIAN_POINT('',(0.0350708465733795,0.,0.00770065198858398));
#17961=CARTESIAN_POINT('',(0.0348755002404115,0.,0.007657758979877));
#17962=CARTESIAN_POINT('',(0.0349183593572273,0.,0.00746240520820685));
#17963=CARTESIAN_POINT('',(0.0350533517663843,0.,0.00684710376863251));
#17964=CARTESIAN_POINT('',(0.0351598257984662,0.,0.00622623172661056));
#17965=CARTESIAN_POINT('',(0.0351936305361351,0.,0.00602910932881892));
#17966=CARTESIAN_POINT('',(0.,0.,0.));
#17967=CARTESIAN_POINT('',(0.,0.,0.));
#17968=CARTESIAN_POINT('',(0.0356710089833632,0.,0.00410407584379623));
#17969=CARTESIAN_POINT('',(0.0354418037405192,0.,0.00575698428357491));
#17970=CARTESIAN_POINT('',(0.0352443911579629,0.,0.00572491759917372));
#17971=CARTESIAN_POINT('',(0.0352764235921559,0.,0.00552749945623932));
#17972=CARTESIAN_POINT('',(0.035377315439308,0.,0.00490569591230403));
#17973=CARTESIAN_POINT('',(0.0354494253420593,0.,0.00427990123831145));
#17974=CARTESIAN_POINT('',(0.0354723197163792,0.,0.00408121594035389));
#17975=CARTESIAN_POINT('',(0.,0.,0.));
#17976=CARTESIAN_POINT('',(0.,0.,0.));
#17977=CARTESIAN_POINT('',(0.0358429274889802,0.,0.00213280787754357));
#17978=CARTESIAN_POINT('',(0.0357051253145517,0.,0.0037958328065093));
#17979=CARTESIAN_POINT('',(0.0355062460179322,0.,0.0037746898318805));
#17980=CARTESIAN_POINT('',(0.0355273544880523,0.,0.00357580687009349));
#17981=CARTESIAN_POINT('',(0.0355938393679758,0.,0.00294938961872359));
#17982=CARTESIAN_POINT('',(0.0356313661459919,0.,0.00232057283061755));
#17983=CARTESIAN_POINT('',(0.0356432806275006,0.,0.00212092803321384));
#17984=CARTESIAN_POINT('',(0.,0.,0.));
#17985=CARTESIAN_POINT('',(0.,0.,0.));
#17986=CARTESIAN_POINT('',(0.0359059922018497,0.,0.000155062643865017));
#17987=CARTESIAN_POINT('',(0.035860011596511,0.,0.00182315350996657));
#17988=CARTESIAN_POINT('',(0.0356602695757157,0.,0.00181299845562922));
#17989=CARTESIAN_POINT('',(0.035670389976033,0.,0.00161325467600791));
#17990=CARTESIAN_POINT('',(0.0357022659763327,0.,0.000984126125807589));
#17991=CARTESIAN_POINT('',(0.0357050956620221,0.,0.00035419691950646));
#17992=CARTESIAN_POINT('',(0.0357059940668307,0.,0.000154198937344675));
#17993=CARTESIAN_POINT('',(0.,0.,0.));
#17994=CARTESIAN_POINT('',(0.,0.,0.));
#17995=CARTESIAN_POINT('',(0.035860011596511,0.,-0.00182315350996656));
#17996=CARTESIAN_POINT('',(0.0359059922018497,0.,-0.000155062643865007));
#17997=CARTESIAN_POINT('',(0.0357059940668307,0.,-0.000154198937344664));
#17998=CARTESIAN_POINT('',(0.0357050956620221,0.,-0.000354196919506449));
#17999=CARTESIAN_POINT('',(0.0357022659763327,0.,-0.000984126125807579));
#18000=CARTESIAN_POINT('',(0.035670389976033,0.,-0.0016132546760079));
#18001=CARTESIAN_POINT('',(0.0356602695757157,0.,-0.00181299845562921));
#18002=CARTESIAN_POINT('',(0.,0.,0.));
#18003=CARTESIAN_POINT('',(0.,0.,0.));
#18004=CARTESIAN_POINT('',(0.0357051253145517,0.,-0.00379583280650929));
#18005=CARTESIAN_POINT('',(0.0358429274889802,0.,-0.00213280787754355));
#18006=CARTESIAN_POINT('',(0.0356432806275006,0.,-0.00212092803321383));
#18007=CARTESIAN_POINT('',(0.0356313661459919,0.,-0.00232057283061754));
#18008=CARTESIAN_POINT('',(0.0355938393679758,0.,-0.00294938961872358));
#18009=CARTESIAN_POINT('',(0.0355273544880523,0.,-0.00357580687009348));
#18010=CARTESIAN_POINT('',(0.0355062460179322,0.,-0.00377468983188049));
#18011=CARTESIAN_POINT('',(0.,0.,0.));
#18012=CARTESIAN_POINT('',(0.,0.,0.));
#18013=CARTESIAN_POINT('',(0.0354418037405192,0.,-0.0057569842835749));
#18014=CARTESIAN_POINT('',(0.0356710089833632,0.,-0.00410407584379622));
#18015=CARTESIAN_POINT('',(0.0354723197163792,0.,-0.00408121594035389));
#18016=CARTESIAN_POINT('',(0.0354494253420593,0.,-0.00427990123831145));
#18017=CARTESIAN_POINT('',(0.035377315439308,0.,-0.00490569591230403));
#18018=CARTESIAN_POINT('',(0.0352764235921559,0.,-0.00552749945623931));
#18019=CARTESIAN_POINT('',(0.0352443911579629,0.,-0.00572491759917371));
#18020=CARTESIAN_POINT('',(0.,0.,0.));
#18021=CARTESIAN_POINT('',(0.,0.,0.));
#18022=CARTESIAN_POINT('',(0.0350708465733795,0.,-0.00770065198858397));
#18023=CARTESIAN_POINT('',(0.0353907587958495,0.,-0.00606287986659843));
#18024=CARTESIAN_POINT('',(0.0351936305361351,0.,-0.00602910932881891));
#18025=CARTESIAN_POINT('',(0.0351598257984662,0.,-0.00622623172661055));
#18026=CARTESIAN_POINT('',(0.0350533517663843,0.,-0.0068471037686325));
#18027=CARTESIAN_POINT('',(0.0349183593572273,0.,-0.00746240520820684));
#18028=CARTESIAN_POINT('',(0.0348755002404115,0.,-0.00765775897987699));
#18029=CARTESIAN_POINT('',(0.,0.,0.));
#18030=CARTESIAN_POINT('',(0.,0.,0.));
#18031=CARTESIAN_POINT('',(0.0345933803978571,0.,-0.00962093306659821));
#18032=CARTESIAN_POINT('',(0.0350030280370481,0.,-0.00800327112251222));
#18033=CARTESIAN_POINT('',(0.0348080594566487,0.,-0.00795869251040884));
#18034=CARTESIAN_POINT('',(0.0347634470195081,0.,-0.0081536533537912));
#18035=CARTESIAN_POINT('',(0.0346229322162317,0.,-0.00876771719585689));
#18036=CARTESIAN_POINT('',(0.0344542492125798,0.,-0.00937464788082117));
#18037=CARTESIAN_POINT('',(0.0344006935748701,0.,-0.00956734399824314));
#18038=CARTESIAN_POINT('',(0.,0.,0.));
#18039=CARTESIAN_POINT('',(0.,0.,0.));
#18040=CARTESIAN_POINT('',(0.0340108552630344,0.,-0.0115119956870969));
#18041=CARTESIAN_POINT('',(0.0345089942325296,0.,-0.00991935670706751));
#18042=CARTESIAN_POINT('',(0.0343167774446162,0.,-0.00986410540442007));
#18043=CARTESIAN_POINT('',(0.0342614927945092,0.,-0.0100563126037195));
#18044=CARTESIAN_POINT('',(0.0340873639588776,0.,-0.0106617033541228));
#18045=CARTESIAN_POINT('',(0.0338855026454687,0.,-0.0112584200559346));
#18046=CARTESIAN_POINT('',(0.0338214131335768,0.,-0.011447873307333));
#18047=CARTESIAN_POINT('',(0.,0.,0.));
#18048=CARTESIAN_POINT('',(0.,0.,0.));
#18049=CARTESIAN_POINT('',(0.0333250402786001,0.,-0.0133680967550543));
#18050=CARTESIAN_POINT('',(0.0339101577467215,0.,-0.0118053175313193));
#18051=CARTESIAN_POINT('',(0.0337212765073613,0.,-0.011739561334518));
#18052=CARTESIAN_POINT('',(0.0336554875419533,0.,-0.0119284311627875));
#18053=CARTESIAN_POINT('',(0.0334482734975173,0.,-0.0125233102697165));
#18054=CARTESIAN_POINT('',(0.0332138469205258,0.,-0.0131080007793644));
#18055=CARTESIAN_POINT('',(0.0331394181721927,0.,-0.0132936358014415));
#18056=CARTESIAN_POINT('',(0.,0.,0.));
#18057=CARTESIAN_POINT('',(0.,0.,0.));
#18058=CARTESIAN_POINT('',(0.0325380182421214,0.,-0.015183599352531));
#18059=CARTESIAN_POINT('',(0.0332083372263492,0.,-0.0136554259942295));
#18060=CARTESIAN_POINT('',(0.0330233651616584,0.,-0.0135793646026829));
#18061=CARTESIAN_POINT('',(0.0329472716798751,0.,-0.0137643234684614));
#18062=CARTESIAN_POINT('',(0.032707601728877,0.,-0.0143468843036201));
#18063=CARTESIAN_POINT('',(0.0324413218341124,0.,-0.0149177729352432));
#18064=CARTESIAN_POINT('',(0.0323567798870008,0.,-0.0150990259605381));
#18065=CARTESIAN_POINT('',(0.,0.,0.));
#18066=CARTESIAN_POINT('',(0.,0.,0.));
#18067=CARTESIAN_POINT('',(0.0316521793136567,0.,-0.0169529898578079));
#18068=CARTESIAN_POINT('',(0.0324056640772667,0.,-0.0154640633772031));
#18069=CARTESIAN_POINT('',(0.0322251629413263,0.,-0.0153779277868573));
#18070=CARTESIAN_POINT('',(0.032138996036571,0.,-0.0155584139761486));
#18071=CARTESIAN_POINT('',(0.0318675980487749,0.,-0.0161268873214275));
#18072=CARTESIAN_POINT('',(0.031570273519526,0.,-0.0166822403050146));
#18073=CARTESIAN_POINT('',(0.0314758751247506,0.,-0.0168585608740467));
#18074=CARTESIAN_POINT('',(0.,0.,0.));
#18075=CARTESIAN_POINT('',(0.,0.,0.));
#18076=CARTESIAN_POINT('',(0.0306702137569167,0.,-0.0186708946900742));
#18077=CARTESIAN_POINT('',(0.0315045759914466,0.,-0.0172257369079518));
#18078=CARTESIAN_POINT('',(0.031329093960274,0.,-0.0171297887097638));
#18079=CARTESIAN_POINT('',(0.0312331153186042,0.,-0.0173052540919428));
#18080=CARTESIAN_POINT('',(0.0309308135207794,0.,-0.0178579135124761));
#18081=CARTESIAN_POINT('',(0.0306033473218692,0.,-0.0183960442592687));
#18082=CARTESIAN_POINT('',(0.0304993791642524,0.,-0.0185668968922649));
#18083=CARTESIAN_POINT('',(0.,0.,0.));
#18084=CARTESIAN_POINT('',(0.,0.,0.));
#18085=CARTESIAN_POINT('',(0.0295951037690238,0.,-0.0203320966288162));
#18086=CARTESIAN_POINT('',(0.0305078095437899,0.,-0.018935096441863));
#18087=CARTESIAN_POINT('',(0.0303378795505461,0.,-0.0188296270273572));
#18088=CARTESIAN_POINT('',(0.0302323806559423,0.,-0.0189995387198253));
#18089=CARTESIAN_POINT('',(0.0299000931287129,0.,-0.0195347058071168));
#18090=CARTESIAN_POINT('',(0.029543479764225,0.,-0.0200539800317235));
#18091=CARTESIAN_POINT('',(0.0294302575916442,0.,-0.0202188458548528));
#18092=CARTESIAN_POINT('',(0.,0.,0.));
#18093=CARTESIAN_POINT('',(0.,0.,0.));
#18094=CARTESIAN_POINT('',(0.0284301144236757,0.,-0.0219315506583441));
#18095=CARTESIAN_POINT('',(0.0294183918812376,0.,-0.0205869507102131));
#18096=CARTESIAN_POINT('',(0.0292545299977272,0.,-0.020472280386535));
#18097=CARTESIAN_POINT('',(0.0291398312468648,0.,-0.0206361223730665));
#18098=CARTESIAN_POINT('',(0.0287785671365298,0.,-0.0211521718422613));
#18099=CARTESIAN_POINT('',(0.0283938896295314,0.,-0.0216510125259287));
#18100=CARTESIAN_POINT('',(0.0282717572940037,0.,-0.0218093908471047));
#18101=CARTESIAN_POINT('',(0.,0.,0.));
#18102=CARTESIAN_POINT('',(0.,0.,0.));
#18103=CARTESIAN_POINT('',(0.0271787837552251,0.,-0.0234643992893388));
#18104=CARTESIAN_POINT('',(0.0282396315294254,0.,-0.0221762830858801));
#18105=CARTESIAN_POINT('',(0.028082335398803,0.,-0.0220527601030338));
#18106=CARTESIAN_POINT('',(0.0279587851280187,0.,-0.0222100348009006));
#18107=CARTESIAN_POINT('',(0.0275696415818077,0.,-0.0227053994267215));
#18108=CARTESIAN_POINT('',(0.0271580681852446,0.,-0.0231822916066885));
#18109=CARTESIAN_POINT('',(0.0270273965986588,0.,-0.0233337014361552));
#18110=CARTESIAN_POINT('',(0.,0.,0.));
#18111=CARTESIAN_POINT('',(0.,0.,0.));
#18112=CARTESIAN_POINT('',(0.0258449120137849,0.,-0.0249259873108876));
#18113=CARTESIAN_POINT('',(0.0269751083448,0.,-0.023698266818675));
#18114=CARTESIAN_POINT('',(0.0268248556702445,0.,-0.0235662663118997));
#18115=CARTESIAN_POINT('',(0.0266928290976499,0.,-0.0237164960830134));
#18116=CARTESIAN_POINT('',(0.0262769879317229,0.,-0.0241896714593727));
#18117=CARTESIAN_POINT('',(0.0258397685804733,0.,-0.0246431668297627));
#18118=CARTESIAN_POINT('',(0.0257009545881433,0.,-0.0247871483408444));
#18119=CARTESIAN_POINT('',(0.,0.,0.));
#18120=CARTESIAN_POINT('',(0.,0.,0.));
#18121=CARTESIAN_POINT('',(0.024432550123994,0.,-0.0263118759282065));
#18122=CARTESIAN_POINT('',(0.0256286626427124,0.,-0.0251482796940238));
#18123=CARTESIAN_POINT('',(0.0254859097366582,0.,-0.0250082025445201));
#18124=CARTESIAN_POINT('',(0.025345807822615,0.,-0.0251509311460035));
#18125=CARTESIAN_POINT('',(0.0249045319329256,0.,-0.0256004802548349));
#18126=CARTESIAN_POINT('',(0.0244429944477895,0.,-0.0260292015651129));
#18127=CARTESIAN_POINT('',(0.0242964596232473,0.,-0.0261653174906925));
#18128=CARTESIAN_POINT('',(0.,0.,0.));
#18129=CARTESIAN_POINT('',(0.,0.,0.));
#18130=CARTESIAN_POINT('',(0.0229459873824923,0.,-0.0276178562431141));
#18131=CARTESIAN_POINT('',(0.0242043835345067,0.,-0.0265219180704811));
#18132=CARTESIAN_POINT('',(0.0240695639328376,0.,-0.0263741896879481));
#18133=CARTESIAN_POINT('',(0.0239218121622541,0.,-0.0265089836577295));
#18134=CARTESIAN_POINT('',(0.0234564416891761,0.,-0.0269335412331647));
#18135=CARTESIAN_POINT('',(0.0229719877443265,0.,-0.0273361864708019));
#18136=CARTESIAN_POINT('',(0.0228181771090184,0.,-0.0274640234312872));
#18137=CARTESIAN_POINT('',(0.,0.,0.));
#18138=CARTESIAN_POINT('',(0.,0.,0.));
#18139=CARTESIAN_POINT('',(0.0213897384314672,0.,-0.0288399620363173));
#18140=CARTESIAN_POINT('',(0.0227065965090232,0.,-0.0278150102534445));
#18141=CARTESIAN_POINT('',(0.0225801196544386,0.,-0.0276600792841247));
#18142=CARTESIAN_POINT('',(0.0224251667445858,0.,-0.027786529257348));
#18143=CARTESIAN_POINT('',(0.0219371150029508,0.,-0.0281848059319842));
#18144=CARTESIAN_POINT('',(0.0214312158690958,0.,-0.0285601522766275));
#18145=CARTESIAN_POINT('',(0.0212705965408661,0.,-0.0286793220353711));
#18146=CARTESIAN_POINT('',(0.,0.,0.));
#18147=CARTESIAN_POINT('',(0.,0.,0.));
#18148=CARTESIAN_POINT('',(0.0197685295478344,0.,-0.0299744818126887));
#18149=CARTESIAN_POINT('',(0.0211398502962313,0.,-0.0290236291644539));
#18150=CARTESIAN_POINT('',(0.0210221002947815,0.,-0.0288619661286091));
#18151=CARTESIAN_POINT('',(0.020860416832554,0.,-0.0289796880808616));
#18152=CARTESIAN_POINT('',(0.0203511660194607,0.,-0.0293504743015279));
#18153=CARTESIAN_POINT('',(0.0198253580956427,0.,-0.029697381838665));
#18154=CARTESIAN_POINT('',(0.019658417870112,0.,-0.0298075224810263));
#18155=CARTESIAN_POINT('',(0.,0.,0.));
#18156=CARTESIAN_POINT('',(0.,0.,0.));
#18157=CARTESIAN_POINT('',(0.0180872842896899,0.,-0.0310179700729552));
#18158=CARTESIAN_POINT('',(0.0195089030528854,0.,-0.0301441042675998));
#18159=CARTESIAN_POINT('',(0.0194002375074547,0.,-0.0299762001305565));
#18160=CARTESIAN_POINT('',(0.0192323145202134,0.,-0.0300848365441384));
#18161=CARTESIAN_POINT('',(0.0187034112136437,0.,-0.0304270062452691));
#18162=CARTESIAN_POINT('',(0.0181592913612459,0.,-0.0307444214281115));
#18163=CARTESIAN_POINT('',(0.0179865372303924,0.,-0.0308451984605795));
#18164=CARTESIAN_POINT('',(0.,0.,0.));
#18165=CARTESIAN_POINT('',(0.,0.,0.));
#18166=CARTESIAN_POINT('',(0.0163511085436257,0.,-0.0319672577775664));
#18167=CARTESIAN_POINT('',(0.0178187079121598,0.,-0.0311730327168202));
#18168=CARTESIAN_POINT('',(0.0177194568364383,0.,-0.0309993973979241));
#18169=CARTESIAN_POINT('',(0.0175458043007762,0.,-0.0310986183476179));
#18170=CARTESIAN_POINT('',(0.0169988547626891,0.,-0.0314111323710767));
#18171=CARTESIAN_POINT('',(0.0164380754558196,0.,-0.0316980912201463));
#18172=CARTESIAN_POINT('',(0.016260032068261,0.,-0.0317891985861857));
#18173=CARTESIAN_POINT('',(0.,0.,0.));
#18174=CARTESIAN_POINT('',(0.,0.,0.));
#18175=CARTESIAN_POINT('',(0.0145652750183204,0.,-0.0328194619709632));
#18176=CARTESIAN_POINT('',(0.0160743979411458,0.,-0.0321072896902323));
#18177=CARTESIAN_POINT('',(0.0159848627573886,0.,-0.0319284505142401));
#18178=CARTESIAN_POINT('',(0.0158060080503492,0.,-0.0320179546692826));
#18179=CARTESIAN_POINT('',(0.0152426733485152,0.,-0.0322998639202515));
#18180=CARTESIAN_POINT('',(0.0146669376554983,0.,-0.0325554949509551));
#18181=CARTESIAN_POINT('',(0.0144841457231508,0.,-0.0326366559604896));
#18182=CARTESIAN_POINT('',(0.,0.,0.));
#18183=CARTESIAN_POINT('',(0.,0.,0.));
#18184=CARTESIAN_POINT('',(0.012735207231496,0.,-0.0335719945370194));
#18185=CARTESIAN_POINT('',(0.014281270551896,0.,-0.0329440378801135));
#18186=CARTESIAN_POINT('',(0.0142017231755132,0.,-0.032760537975725));
#18187=CARTESIAN_POINT('',(0.0140182094729635,0.,-0.032840053514939));
#18188=CARTESIAN_POINT('',(0.0134402004363573,0.,-0.0330905018442882));
#18189=CARTESIAN_POINT('',(0.01285125684757,0.,-0.0333140287135874));
#18190=CARTESIAN_POINT('',(0.0126642715035244,0.,-0.0333849968832984));
#18191=CARTESIAN_POINT('',(0.,0.,0.));
#18192=CARTESIAN_POINT('',(0.,0.,0.));
#18193=CARTESIAN_POINT('',(0.0108664630388729,0.,-0.0342225700590651));
#18194=CARTESIAN_POINT('',(0.0124447714133573,0.,-0.0336807361097125));
#18195=CARTESIAN_POINT('',(0.0123754534271166,0.,-0.0334931327601061));
#18196=CARTESIAN_POINT('',(0.0121878380541397,0.,-0.0335624181974125));
#18197=CARTESIAN_POINT('',(0.0115969100772083,0.,-0.0337806450017972));
#18198=CARTESIAN_POINT('',(0.0109965471949732,0.,-0.0339713888659363));
#18199=CARTESIAN_POINT('',(0.0108059363075739,0.,-0.0340319486678251));
#18200=CARTESIAN_POINT('',(0.,0.,0.));
#18201=CARTESIAN_POINT('',(0.,0.,0.));
#18202=CARTESIAN_POINT('',(0.0089647177551448,0.,-0.034769212760622));
#18203=CARTESIAN_POINT('',(0.010570477913054,0.,-0.0343151470507186));
#18204=CARTESIAN_POINT('',(0.0105115998334013,0.,-0.0341240100011014));
#18205=CARTESIAN_POINT('',(0.0103204525717187,0.,-0.034182854918904));
#18206=CARTESIAN_POINT('',(0.00971840028330614,0.,-0.0343681974506918));
#18207=CARTESIAN_POINT('',(0.00910844138996478,0.,-0.0345255790268246));
#18208=CARTESIAN_POINT('',(0.00891478383821191,0.,-0.0345755465427632));
#18209=CARTESIAN_POINT('',(0.,0.,0.));
#18210=CARTESIAN_POINT('',(0.,0.,0.));
#18211=CARTESIAN_POINT('',(0.00703574691823441,0.,-0.0352102625057718));
#18212=CARTESIAN_POINT('',(0.0086640822187448,0.,-0.0348453440179551));
#18213=CARTESIAN_POINT('',(0.00861582285647294,0.,-0.0346512537452645));
#18214=CARTESIAN_POINT('',(0.00842172421403589,0.,-0.0346994794334822));
#18215=CARTESIAN_POINT('',(0.00781037602715471,0.,-0.0348513748134955));
#18216=CARTESIAN_POINT('',(0.00719267354781881,0.,-0.034974916138948));
#18217=CARTESIAN_POINT('',(0.00699655746333224,0.,-0.0350141396192327));
#18218=CARTESIAN_POINT('',(0.,0.,0.));
#18219=CARTESIAN_POINT('',(0.,0.,0.));
#18220=CARTESIAN_POINT('',(0.00508540874917465,0.,-0.0355443798409344));
#18221=CARTESIAN_POINT('',(0.00673137399149644,0.,-0.0352697168206581));
#18222=CARTESIAN_POINT('',(0.00669387990870251,0.,-0.0350732627706733));
#18223=CARTESIAN_POINT('',(0.00649741935670878,0.,-0.035110722769476));
#18224=CARTESIAN_POINT('',(0.00587863191570957,0.,-0.0352287096964379));
#18225=CARTESIAN_POINT('',(0.00525506179250707,0.,-0.035318035580265));
#18226=CARTESIAN_POINT('',(0.00505708277338971,0.,-0.0353463959044754));
#18227=CARTESIAN_POINT('',(0.,0.,0.));
#18228=CARTESIAN_POINT('',(0.,0.,0.));
#18229=CARTESIAN_POINT('',(0.00311962636088391,0.,-0.0357705500627441));
#18230=CARTESIAN_POINT('',(0.0047782228026735,0.,-0.0355869766525736));
#18231=CARTESIAN_POINT('',(0.00475160786765465,0.,-0.0353887554497876));
#18232=CARTESIAN_POINT('',(0.00455338205034364,0.,-0.0354153359943901));
#18233=CARTESIAN_POINT('',(0.00392903459234725,0.,-0.0354990561458814));
#18234=CARTESIAN_POINT('',(0.00330149058724767,0.,-0.0355538953083097));
#18235=CARTESIAN_POINT('',(0.00310224988927368,0.,-0.0355713063470732));
#18236=CARTESIAN_POINT('',(0.,0.,0.));
#18237=CARTESIAN_POINT('',(0.,0.,0.));
#18238=CARTESIAN_POINT('',(0.00114436976986677,0.,-0.0358880862996709));
#18239=CARTESIAN_POINT('',(0.00281056030824293,0.,-0.0357961600060194));
#18240=CARTESIAN_POINT('',(0.00279490534968206,0.,-0.0355967736417101));
#18241=CARTESIAN_POINT('',(0.00259551627234594,0.,-0.0356123940078721));
#18242=CARTESIAN_POINT('',(0.00196750492006211,0.,-0.0356615931285442));
#18243=CARTESIAN_POINT('',(0.00133789286358367,0.,-0.0356817790248399));
#18244=CARTESIAN_POINT('',(0.00113799557420442,0.,-0.035688187901404));
#18245=CARTESIAN_POINT('',(0.,0.,0.));
#18246=CARTESIAN_POINT('',(0.,0.,0.));
#18247=CARTESIAN_POINT('',(-0.000834362234529868,0.,-0.035896631598026));
#18248=CARTESIAN_POINT('',(0.000834362234529883,0.,-0.035896631598026));
#18249=CARTESIAN_POINT('',(0.000829714796021622,0.,-0.0356966856020288));
#18250=CARTESIAN_POINT('',(0.000629767996735005,0.,-0.0357012983512116));
#18251=CARTESIAN_POINT('',(7.40969340746023E-18,0.,-0.0357158270249522));
#18252=CARTESIAN_POINT('',(-0.000629767996734991,0.,-0.0357012983512116));
#18253=CARTESIAN_POINT('',(-0.000829714796021607,0.,-0.0356966856020288));
#18254=CARTESIAN_POINT('',(0.,0.,0.));
#18255=CARTESIAN_POINT('',(0.,0.,0.));
#18256=CARTESIAN_POINT('',(-0.00281056030824291,0.,-0.0357961600060194));
#18257=CARTESIAN_POINT('',(-0.00114436976986676,0.,-0.0358880862996709));
#18258=CARTESIAN_POINT('',(-0.00113799557420441,0.,-0.035688187901404));
#18259=CARTESIAN_POINT('',(-0.00133789286358366,0.,-0.0356817790248399));
#18260=CARTESIAN_POINT('',(-0.0019675049200621,0.,-0.0356615931285443));
#18261=CARTESIAN_POINT('',(-0.00259551627234593,0.,-0.0356123940078721));
#18262=CARTESIAN_POINT('',(-0.00279490534968205,0.,-0.0355967736417101));
#18263=CARTESIAN_POINT('',(0.,0.,0.));
#18264=CARTESIAN_POINT('',(0.,0.,0.));
#18265=CARTESIAN_POINT('',(-0.00477822280267348,0.,-0.0355869766525736));
#18266=CARTESIAN_POINT('',(-0.00311962636088389,0.,-0.0357705500627441));
#18267=CARTESIAN_POINT('',(-0.00310224988927366,0.,-0.0355713063470732));
#18268=CARTESIAN_POINT('',(-0.00330149058724766,0.,-0.0355538953083097));
#18269=CARTESIAN_POINT('',(-0.00392903459234724,0.,-0.0354990561458814));
#18270=CARTESIAN_POINT('',(-0.00455338205034362,0.,-0.0354153359943901));
#18271=CARTESIAN_POINT('',(-0.00475160786765463,0.,-0.0353887554497876));
#18272=CARTESIAN_POINT('',(0.,0.,0.));
#18273=CARTESIAN_POINT('',(0.,0.,0.));
#18274=CARTESIAN_POINT('',(-0.00673137399149643,0.,-0.0352697168206581));
#18275=CARTESIAN_POINT('',(-0.00508540874917463,0.,-0.0355443798409344));
#18276=CARTESIAN_POINT('',(-0.00505708277338969,0.,-0.0353463959044754));
#18277=CARTESIAN_POINT('',(-0.00525506179250705,0.,-0.035318035580265));
#18278=CARTESIAN_POINT('',(-0.00587863191570955,0.,-0.0352287096964379));
#18279=CARTESIAN_POINT('',(-0.00649741935670876,0.,-0.035110722769476));
#18280=CARTESIAN_POINT('',(-0.0066938799087025,0.,-0.0350732627706733));
#18281=CARTESIAN_POINT('',(0.,0.,0.));
#18282=CARTESIAN_POINT('',(0.,0.,0.));
#18283=CARTESIAN_POINT('',(-0.00866408221874479,0.,-0.0348453440179551));
#18284=CARTESIAN_POINT('',(-0.00703574691823439,0.,-0.0352102625057718));
#18285=CARTESIAN_POINT('',(-0.00699655746333223,0.,-0.0350141396192327));
#18286=CARTESIAN_POINT('',(-0.0071926735478188,0.,-0.034974916138948));
#18287=CARTESIAN_POINT('',(-0.00781037602715469,0.,-0.0348513748134955));
#18288=CARTESIAN_POINT('',(-0.00842172421403587,0.,-0.0346994794334822));
#18289=CARTESIAN_POINT('',(-0.00861582285647293,0.,-0.0346512537452645));
#18290=CARTESIAN_POINT('',(0.,0.,0.));
#18291=CARTESIAN_POINT('',(0.,0.,0.));
#18292=CARTESIAN_POINT('',(-0.010570477913054,0.,-0.0343151470507186));
#18293=CARTESIAN_POINT('',(-0.00896471775514478,0.,-0.034769212760622));
#18294=CARTESIAN_POINT('',(-0.0089147838382119,0.,-0.0345755465427632));
#18295=CARTESIAN_POINT('',(-0.00910844138996477,0.,-0.0345255790268246));
#18296=CARTESIAN_POINT('',(-0.00971840028330612,0.,-0.0343681974506918));
#18297=CARTESIAN_POINT('',(-0.0103204525717187,0.,-0.034182854918904));
#18298=CARTESIAN_POINT('',(-0.0105115998334013,0.,-0.0341240100011014));
#18299=CARTESIAN_POINT('',(0.,0.,0.));
#18300=CARTESIAN_POINT('',(0.,0.,0.));
#18301=CARTESIAN_POINT('',(-0.0124447714133573,0.,-0.0336807361097125));
#18302=CARTESIAN_POINT('',(-0.0108664630388729,0.,-0.0342225700590651));
#18303=CARTESIAN_POINT('',(-0.0108059363075738,0.,-0.0340319486678251));
#18304=CARTESIAN_POINT('',(-0.0109965471949732,0.,-0.0339713888659363));
#18305=CARTESIAN_POINT('',(-0.0115969100772082,0.,-0.0337806450017972));
#18306=CARTESIAN_POINT('',(-0.0121878380541397,0.,-0.0335624181974125));
#18307=CARTESIAN_POINT('',(-0.0123754534271166,0.,-0.0334931327601061));
#18308=CARTESIAN_POINT('',(0.,0.,0.));
#18309=CARTESIAN_POINT('',(0.,0.,0.));
#18310=CARTESIAN_POINT('',(-0.014281270551896,0.,-0.0329440378801135));
#18311=CARTESIAN_POINT('',(-0.012735207231496,0.,-0.0335719945370194));
#18312=CARTESIAN_POINT('',(-0.0126642715035244,0.,-0.0333849968832984));
#18313=CARTESIAN_POINT('',(-0.01285125684757,0.,-0.0333140287135874));
#18314=CARTESIAN_POINT('',(-0.0134402004363573,0.,-0.0330905018442882));
#18315=CARTESIAN_POINT('',(-0.0140182094729635,0.,-0.032840053514939));
#18316=CARTESIAN_POINT('',(-0.0142017231755132,0.,-0.032760537975725));
#18317=CARTESIAN_POINT('',(0.,0.,0.));
#18318=CARTESIAN_POINT('',(0.,0.,0.));
#18319=CARTESIAN_POINT('',(-0.0160743979411458,0.,-0.0321072896902323));
#18320=CARTESIAN_POINT('',(-0.0145652750183204,0.,-0.0328194619709632));
#18321=CARTESIAN_POINT('',(-0.0144841457231508,0.,-0.0326366559604896));
#18322=CARTESIAN_POINT('',(-0.0146669376554983,0.,-0.0325554949509551));
#18323=CARTESIAN_POINT('',(-0.0152426733485152,0.,-0.0322998639202515));
#18324=CARTESIAN_POINT('',(-0.0158060080503492,0.,-0.0320179546692826));
#18325=CARTESIAN_POINT('',(-0.0159848627573885,0.,-0.0319284505142401));
#18326=CARTESIAN_POINT('',(0.,0.,0.));
#18327=CARTESIAN_POINT('',(0.,0.,0.));
#18328=CARTESIAN_POINT('',(-0.0178187079121598,0.,-0.0311730327168202));
#18329=CARTESIAN_POINT('',(-0.0163511085436257,0.,-0.0319672577775664));
#18330=CARTESIAN_POINT('',(-0.016260032068261,0.,-0.0317891985861857));
#18331=CARTESIAN_POINT('',(-0.0164380754558196,0.,-0.0316980912201463));
#18332=CARTESIAN_POINT('',(-0.0169988547626891,0.,-0.0314111323710767));
#18333=CARTESIAN_POINT('',(-0.0175458043007762,0.,-0.0310986183476179));
#18334=CARTESIAN_POINT('',(-0.0177194568364383,0.,-0.0309993973979241));
#18335=CARTESIAN_POINT('',(0.,0.,0.));
#18336=CARTESIAN_POINT('',(0.,0.,0.));
#18337=CARTESIAN_POINT('',(-0.0195089030528853,0.,-0.0301441042675998));
#18338=CARTESIAN_POINT('',(-0.0180872842896899,0.,-0.0310179700729552));
#18339=CARTESIAN_POINT('',(-0.0179865372303924,0.,-0.0308451984605795));
#18340=CARTESIAN_POINT('',(-0.0181592913612458,0.,-0.0307444214281115));
#18341=CARTESIAN_POINT('',(-0.0187034112136437,0.,-0.0304270062452691));
#18342=CARTESIAN_POINT('',(-0.0192323145202134,0.,-0.0300848365441384));
#18343=CARTESIAN_POINT('',(-0.0194002375074547,0.,-0.0299762001305565));
#18344=CARTESIAN_POINT('',(0.,0.,0.));
#18345=CARTESIAN_POINT('',(0.,0.,0.));
#18346=CARTESIAN_POINT('',(-0.0211398502962313,0.,-0.0290236291644539));
#18347=CARTESIAN_POINT('',(-0.0197685295478344,0.,-0.0299744818126887));
#18348=CARTESIAN_POINT('',(-0.019658417870112,0.,-0.0298075224810263));
#18349=CARTESIAN_POINT('',(-0.0198253580956427,0.,-0.029697381838665));
#18350=CARTESIAN_POINT('',(-0.0203511660194607,0.,-0.0293504743015279));
#18351=CARTESIAN_POINT('',(-0.020860416832554,0.,-0.0289796880808617));
#18352=CARTESIAN_POINT('',(-0.0210221002947814,0.,-0.0288619661286091));
#18353=CARTESIAN_POINT('',(0.,0.,0.));
#18354=CARTESIAN_POINT('',(0.,0.,0.));
#18355=CARTESIAN_POINT('',(-0.0227065965090232,0.,-0.0278150102534445));
#18356=CARTESIAN_POINT('',(-0.0213897384314671,0.,-0.0288399620363173));
#18357=CARTESIAN_POINT('',(-0.0212705965408661,0.,-0.0286793220353711));
#18358=CARTESIAN_POINT('',(-0.0214312158690958,0.,-0.0285601522766275));
#18359=CARTESIAN_POINT('',(-0.0219371150029508,0.,-0.0281848059319842));
#18360=CARTESIAN_POINT('',(-0.0224251667445858,0.,-0.027786529257348));
#18361=CARTESIAN_POINT('',(-0.0225801196544386,0.,-0.0276600792841247));
#18362=CARTESIAN_POINT('',(0.,0.,0.));
#18363=CARTESIAN_POINT('',(0.,0.,0.));
#18364=CARTESIAN_POINT('',(-0.0242043835345067,0.,-0.0265219180704811));
#18365=CARTESIAN_POINT('',(-0.0229459873824923,0.,-0.0276178562431141));
#18366=CARTESIAN_POINT('',(-0.0228181771090184,0.,-0.0274640234312872));
#18367=CARTESIAN_POINT('',(-0.0229719877443265,0.,-0.0273361864708019));
#18368=CARTESIAN_POINT('',(-0.0234564416891761,0.,-0.0269335412331647));
#18369=CARTESIAN_POINT('',(-0.0239218121622541,0.,-0.0265089836577295));
#18370=CARTESIAN_POINT('',(-0.0240695639328376,0.,-0.0263741896879481));
#18371=CARTESIAN_POINT('',(0.,0.,0.));
#18372=CARTESIAN_POINT('',(0.,0.,0.));
#18373=CARTESIAN_POINT('',(-0.0256286626427124,0.,-0.0251482796940238));
#18374=CARTESIAN_POINT('',(-0.024432550123994,0.,-0.0263118759282065));
#18375=CARTESIAN_POINT('',(-0.0242964596232473,0.,-0.0261653174906925));
#18376=CARTESIAN_POINT('',(-0.0244429944477894,0.,-0.0260292015651129));
#18377=CARTESIAN_POINT('',(-0.0249045319329256,0.,-0.0256004802548349));
#18378=CARTESIAN_POINT('',(-0.025345807822615,0.,-0.0251509311460035));
#18379=CARTESIAN_POINT('',(-0.0254859097366582,0.,-0.0250082025445201));
#18380=CARTESIAN_POINT('',(0.,0.,0.));
#18381=CARTESIAN_POINT('',(0.,0.,0.));
#18382=CARTESIAN_POINT('',(-0.0269751083448,0.,-0.023698266818675));
#18383=CARTESIAN_POINT('',(-0.0258449120137849,0.,-0.0249259873108876));
#18384=CARTESIAN_POINT('',(-0.0257009545881433,0.,-0.0247871483408444));
#18385=CARTESIAN_POINT('',(-0.0258397685804733,0.,-0.0246431668297628));
#18386=CARTESIAN_POINT('',(-0.0262769879317229,0.,-0.0241896714593727));
#18387=CARTESIAN_POINT('',(-0.0266928290976499,0.,-0.0237164960830135));
#18388=CARTESIAN_POINT('',(-0.0268248556702445,0.,-0.0235662663118997));
#18389=CARTESIAN_POINT('',(0.,0.,0.));
#18390=CARTESIAN_POINT('',(0.,0.,0.));
#18391=CARTESIAN_POINT('',(-0.0282396315294254,0.,-0.0221762830858801));
#18392=CARTESIAN_POINT('',(-0.0271787837552251,0.,-0.0234643992893388));
#18393=CARTESIAN_POINT('',(-0.0270273965986588,0.,-0.0233337014361553));
#18394=CARTESIAN_POINT('',(-0.0271580681852446,0.,-0.0231822916066885));
#18395=CARTESIAN_POINT('',(-0.0275696415818077,0.,-0.0227053994267215));
#18396=CARTESIAN_POINT('',(-0.0279587851280187,0.,-0.0222100348009007));
#18397=CARTESIAN_POINT('',(-0.028082335398803,0.,-0.0220527601030338));
#18398=CARTESIAN_POINT('',(0.,0.,0.));
#18399=CARTESIAN_POINT('',(0.,0.,0.));
#18400=CARTESIAN_POINT('',(-0.0294183918812376,0.,-0.0205869507102131));
#18401=CARTESIAN_POINT('',(-0.0284301144236757,0.,-0.0219315506583441));
#18402=CARTESIAN_POINT('',(-0.0282717572940037,0.,-0.0218093908471048));
#18403=CARTESIAN_POINT('',(-0.0283938896295314,0.,-0.0216510125259287));
#18404=CARTESIAN_POINT('',(-0.0287785671365298,0.,-0.0211521718422613));
#18405=CARTESIAN_POINT('',(-0.0291398312468648,0.,-0.0206361223730666));
#18406=CARTESIAN_POINT('',(-0.0292545299977272,0.,-0.020472280386535));
#18407=CARTESIAN_POINT('',(0.,0.,0.));
#18408=CARTESIAN_POINT('',(0.,0.,0.));
#18409=CARTESIAN_POINT('',(-0.0305078095437899,0.,-0.018935096441863));
#18410=CARTESIAN_POINT('',(-0.0295951037690238,0.,-0.0203320966288162));
#18411=CARTESIAN_POINT('',(-0.0294302575916442,0.,-0.0202188458548528));
#18412=CARTESIAN_POINT('',(-0.029543479764225,0.,-0.0200539800317235));
#18413=CARTESIAN_POINT('',(-0.0299000931287128,0.,-0.0195347058071168));
#18414=CARTESIAN_POINT('',(-0.0302323806559423,0.,-0.0189995387198253));
#18415=CARTESIAN_POINT('',(-0.0303378795505461,0.,-0.0188296270273573));
#18416=CARTESIAN_POINT('',(0.,0.,0.));
#18417=CARTESIAN_POINT('',(0.,0.,0.));
#18418=CARTESIAN_POINT('',(-0.0315045759914466,0.,-0.0172257369079518));
#18419=CARTESIAN_POINT('',(-0.0306702137569167,0.,-0.0186708946900742));
#18420=CARTESIAN_POINT('',(-0.0304993791642524,0.,-0.0185668968922649));
#18421=CARTESIAN_POINT('',(-0.0306033473218692,0.,-0.0183960442592687));
#18422=CARTESIAN_POINT('',(-0.0309308135207794,0.,-0.0178579135124761));
#18423=CARTESIAN_POINT('',(-0.0312331153186042,0.,-0.0173052540919429));
#18424=CARTESIAN_POINT('',(-0.031329093960274,0.,-0.0171297887097639));
#18425=CARTESIAN_POINT('',(0.,0.,0.));
#18426=CARTESIAN_POINT('',(0.,0.,0.));
#18427=CARTESIAN_POINT('',(-0.0324056640772667,0.,-0.0154640633772031));
#18428=CARTESIAN_POINT('',(-0.0316521793136567,0.,-0.0169529898578079));
#18429=CARTESIAN_POINT('',(-0.0314758751247506,0.,-0.0168585608740467));
#18430=CARTESIAN_POINT('',(-0.031570273519526,0.,-0.0166822403050146));
#18431=CARTESIAN_POINT('',(-0.0318675980487749,0.,-0.0161268873214275));
#18432=CARTESIAN_POINT('',(-0.0321389960365709,0.,-0.0155584139761486));
#18433=CARTESIAN_POINT('',(-0.0322251629413262,0.,-0.0153779277868573));
#18434=CARTESIAN_POINT('',(0.,0.,0.));
#18435=CARTESIAN_POINT('',(0.,0.,0.));
#18436=CARTESIAN_POINT('',(-0.0332083372263492,0.,-0.0136554259942295));
#18437=CARTESIAN_POINT('',(-0.0325380182421214,0.,-0.0151835993525311));
#18438=CARTESIAN_POINT('',(-0.0323567798870008,0.,-0.0150990259605381));
#18439=CARTESIAN_POINT('',(-0.0324413218341124,0.,-0.0149177729352432));
#18440=CARTESIAN_POINT('',(-0.032707601728877,0.,-0.0143468843036202));
#18441=CARTESIAN_POINT('',(-0.0329472716798751,0.,-0.0137643234684614));
#18442=CARTESIAN_POINT('',(-0.0330233651616584,0.,-0.0135793646026829));
#18443=CARTESIAN_POINT('',(0.,0.,0.));
#18444=CARTESIAN_POINT('',(0.,0.,0.));
#18445=CARTESIAN_POINT('',(-0.0339101577467215,0.,-0.0118053175313193));
#18446=CARTESIAN_POINT('',(-0.0333250402786001,0.,-0.0133680967550543));
#18447=CARTESIAN_POINT('',(-0.0331394181721927,0.,-0.0132936358014415));
#18448=CARTESIAN_POINT('',(-0.0332138469205258,0.,-0.0131080007793644));
#18449=CARTESIAN_POINT('',(-0.0334482734975173,0.,-0.0125233102697165));
#18450=CARTESIAN_POINT('',(-0.0336554875419533,0.,-0.0119284311627875));
#18451=CARTESIAN_POINT('',(-0.0337212765073613,0.,-0.011739561334518));
#18452=CARTESIAN_POINT('',(0.,0.,0.));
#18453=CARTESIAN_POINT('',(0.,0.,0.));
#18454=CARTESIAN_POINT('',(-0.0345089942325296,0.,-0.00991935670706753));
#18455=CARTESIAN_POINT('',(-0.0340108552630344,0.,-0.0115119956870969));
#18456=CARTESIAN_POINT('',(-0.0338214131335768,0.,-0.011447873307333));
#18457=CARTESIAN_POINT('',(-0.0338855026454687,0.,-0.0112584200559346));
#18458=CARTESIAN_POINT('',(-0.0340873639588776,0.,-0.0106617033541228));
#18459=CARTESIAN_POINT('',(-0.0342614927945092,0.,-0.0100563126037195));
#18460=CARTESIAN_POINT('',(-0.0343167774446162,0.,-0.00986410540442009));
#18461=CARTESIAN_POINT('',(0.,0.,0.));
#18462=CARTESIAN_POINT('',(0.,0.,0.));
#18463=CARTESIAN_POINT('',(-0.0350030280370481,0.,-0.00800327112251223));
#18464=CARTESIAN_POINT('',(-0.0345933803978571,0.,-0.00962093306659821));
#18465=CARTESIAN_POINT('',(-0.0344006935748701,0.,-0.00956734399824314));
#18466=CARTESIAN_POINT('',(-0.0344542492125798,0.,-0.00937464788082118));
#18467=CARTESIAN_POINT('',(-0.0346229322162317,0.,-0.0087677171958569));
#18468=CARTESIAN_POINT('',(-0.0347634470195081,0.,-0.00815365335379121));
#18469=CARTESIAN_POINT('',(-0.0348080594566487,0.,-0.00795869251040884));
#18470=CARTESIAN_POINT('',(0.,0.,0.));
#18471=CARTESIAN_POINT('',(0.,0.,0.));
#18472=CARTESIAN_POINT('',(-0.0353907587958495,0.,-0.00606287986659845));
#18473=CARTESIAN_POINT('',(-0.0350708465733795,0.,-0.00770065198858399));
#18474=CARTESIAN_POINT('',(-0.0348755002404115,0.,-0.00765775897987701));
#18475=CARTESIAN_POINT('',(-0.0349183593572273,0.,-0.00746240520820686));
#18476=CARTESIAN_POINT('',(-0.0350533517663843,0.,-0.00684710376863253));
#18477=CARTESIAN_POINT('',(-0.0351598257984662,0.,-0.00622623172661057));
#18478=CARTESIAN_POINT('',(-0.0351936305361351,0.,-0.00602910932881894));
#18479=CARTESIAN_POINT('',(0.,0.,0.));
#18480=CARTESIAN_POINT('',(0.,0.,0.));
#18481=CARTESIAN_POINT('',(-0.0356710089833632,0.,-0.00410407584379623));
#18482=CARTESIAN_POINT('',(-0.0354418037405192,0.,-0.0057569842835749));
#18483=CARTESIAN_POINT('',(-0.0352443911579629,0.,-0.00572491759917371));
#18484=CARTESIAN_POINT('',(-0.0352764235921559,0.,-0.00552749945623932));
#18485=CARTESIAN_POINT('',(-0.035377315439308,0.,-0.00490569591230403));
#18486=CARTESIAN_POINT('',(-0.0354494253420593,0.,-0.00427990123831145));
#18487=CARTESIAN_POINT('',(-0.0354723197163792,0.,-0.00408121594035389));
#18488=CARTESIAN_POINT('',(0.,0.,0.));
#18489=CARTESIAN_POINT('',(0.,0.,0.));
#18490=CARTESIAN_POINT('',(-0.0358429274889802,0.,-0.00213280787754358));
#18491=CARTESIAN_POINT('',(-0.0357051253145517,0.,-0.00379583280650931));
#18492=CARTESIAN_POINT('',(-0.0355062460179322,0.,-0.00377468983188052));
#18493=CARTESIAN_POINT('',(-0.0355273544880523,0.,-0.00357580687009351));
#18494=CARTESIAN_POINT('',(-0.0355938393679758,0.,-0.00294938961872361));
#18495=CARTESIAN_POINT('',(-0.0356313661459919,0.,-0.00232057283061756));
#18496=CARTESIAN_POINT('',(-0.0356432806275006,0.,-0.00212092803321386));
#18497=CARTESIAN_POINT('',(0.,0.,0.));
#18498=CARTESIAN_POINT('',(0.,0.,0.));
#18499=CARTESIAN_POINT('',(-0.0359059922018497,0.,-0.000155062643865014));
#18500=CARTESIAN_POINT('',(-0.035860011596511,0.,-0.00182315350996657));
#18501=CARTESIAN_POINT('',(-0.0356602695757157,0.,-0.00181299845562922));
#18502=CARTESIAN_POINT('',(-0.035670389976033,0.,-0.00161325467600791));
#18503=CARTESIAN_POINT('',(-0.0357022659763327,0.,-0.000984126125807586));
#18504=CARTESIAN_POINT('',(-0.0357050956620221,0.,-0.000354196919506456));
#18505=CARTESIAN_POINT('',(-0.0357059940668307,0.,-0.000154198937344671));
#18506=CARTESIAN_POINT('',(0.,0.,0.));
#18507=CARTESIAN_POINT('',(0.,0.,0.));
#18508=CARTESIAN_POINT('',(-0.035860011596511,0.,0.00182315350996655));
#18509=CARTESIAN_POINT('',(-0.0359059922018497,0.,0.000155062643864994));
#18510=CARTESIAN_POINT('',(-0.0357059940668307,0.,0.000154198937344652));
#18511=CARTESIAN_POINT('',(-0.0357050956620221,0.,0.000354196919506437));
#18512=CARTESIAN_POINT('',(-0.0357022659763327,0.,0.000984126125807567));
#18513=CARTESIAN_POINT('',(-0.035670389976033,0.,0.00161325467600789));
#18514=CARTESIAN_POINT('',(-0.0356602695757157,0.,0.0018129984556292));
#18515=CARTESIAN_POINT('',(0.,0.,0.));
#18516=CARTESIAN_POINT('',(0.,0.,0.));
#18517=CARTESIAN_POINT('',(-0.0357051253145517,0.,0.00379583280650929));
#18518=CARTESIAN_POINT('',(-0.0358429274889802,0.,0.00213280787754356));
#18519=CARTESIAN_POINT('',(-0.0356432806275006,0.,0.00212092803321384));
#18520=CARTESIAN_POINT('',(-0.0356313661459919,0.,0.00232057283061754));
#18521=CARTESIAN_POINT('',(-0.0355938393679758,0.,0.00294938961872358));
#18522=CARTESIAN_POINT('',(-0.0355273544880523,0.,0.00357580687009349));
#18523=CARTESIAN_POINT('',(-0.0355062460179322,0.,0.0037746898318805));
#18524=CARTESIAN_POINT('',(0.,0.,0.));
#18525=CARTESIAN_POINT('',(0.,0.,0.));
#18526=CARTESIAN_POINT('',(-0.0354418037405192,0.,0.00575698428357488));
#18527=CARTESIAN_POINT('',(-0.0356710089833632,0.,0.00410407584379621));
#18528=CARTESIAN_POINT('',(-0.0354723197163792,0.,0.00408121594035387));
#18529=CARTESIAN_POINT('',(-0.0354494253420593,0.,0.00427990123831143));
#18530=CARTESIAN_POINT('',(-0.035377315439308,0.,0.00490569591230401));
#18531=CARTESIAN_POINT('',(-0.0352764235921559,0.,0.0055274994562393));
#18532=CARTESIAN_POINT('',(-0.035244391157963,0.,0.0057249175991737));
#18533=CARTESIAN_POINT('',(0.,0.,0.));
#18534=CARTESIAN_POINT('',(0.,0.,0.));
#18535=CARTESIAN_POINT('',(-0.0350708465733795,0.,0.00770065198858397));
#18536=CARTESIAN_POINT('',(-0.0353907587958495,0.,0.00606287986659843));
#18537=CARTESIAN_POINT('',(-0.0351936305361351,0.,0.00602910932881892));
#18538=CARTESIAN_POINT('',(-0.0351598257984662,0.,0.00622623172661055));
#18539=CARTESIAN_POINT('',(-0.0350533517663843,0.,0.00684710376863251));
#18540=CARTESIAN_POINT('',(-0.0349183593572273,0.,0.00746240520820684));
#18541=CARTESIAN_POINT('',(-0.0348755002404115,0.,0.00765775897987699));
#18542=CARTESIAN_POINT('',(0.,0.,0.));
#18543=CARTESIAN_POINT('',(0.,0.,0.));
#18544=CARTESIAN_POINT('',(-0.0345933803978571,0.,0.0096209330665982));
#18545=CARTESIAN_POINT('',(-0.0350030280370481,0.,0.00800327112251221));
#18546=CARTESIAN_POINT('',(-0.0348080594566487,0.,0.00795869251040882));
#18547=CARTESIAN_POINT('',(-0.0347634470195081,0.,0.00815365335379119));
#18548=CARTESIAN_POINT('',(-0.0346229322162317,0.,0.00876771719585688));
#18549=CARTESIAN_POINT('',(-0.0344542492125798,0.,0.00937464788082116));
#18550=CARTESIAN_POINT('',(-0.0344006935748701,0.,0.00956734399824312));
#18551=CARTESIAN_POINT('',(0.,0.,0.));
#18552=CARTESIAN_POINT('',(0.,0.,0.));
#18553=CARTESIAN_POINT('',(-0.0340108552630344,0.,0.0115119956870969));
#18554=CARTESIAN_POINT('',(-0.0345089942325296,0.,0.00991935670706751));
#18555=CARTESIAN_POINT('',(-0.0343167774446162,0.,0.00986410540442008));
#18556=CARTESIAN_POINT('',(-0.0342614927945092,0.,0.0100563126037195));
#18557=CARTESIAN_POINT('',(-0.0340873639588776,0.,0.0106617033541228));
#18558=CARTESIAN_POINT('',(-0.0338855026454687,0.,0.0112584200559346));
#18559=CARTESIAN_POINT('',(-0.0338214131335768,0.,0.011447873307333));
#18560=CARTESIAN_POINT('',(0.,0.,0.));
#18561=CARTESIAN_POINT('',(0.,0.,0.));
#18562=CARTESIAN_POINT('',(-0.0333250402786001,0.,0.0133680967550543));
#18563=CARTESIAN_POINT('',(-0.0339101577467215,0.,0.0118053175313193));
#18564=CARTESIAN_POINT('',(-0.0337212765073613,0.,0.011739561334518));
#18565=CARTESIAN_POINT('',(-0.0336554875419533,0.,0.0119284311627875));
#18566=CARTESIAN_POINT('',(-0.0334482734975173,0.,0.0125233102697165));
#18567=CARTESIAN_POINT('',(-0.0332138469205258,0.,0.0131080007793644));
#18568=CARTESIAN_POINT('',(-0.0331394181721927,0.,0.0132936358014415));
#18569=CARTESIAN_POINT('',(0.,0.,0.));
#18570=CARTESIAN_POINT('',(0.,0.,0.));
#18571=CARTESIAN_POINT('',(-0.0325380182421214,0.,0.0151835993525311));
#18572=CARTESIAN_POINT('',(-0.0332083372263492,0.,0.0136554259942295));
#18573=CARTESIAN_POINT('',(-0.0330233651616584,0.,0.0135793646026829));
#18574=CARTESIAN_POINT('',(-0.0329472716798751,0.,0.0137643234684614));
#18575=CARTESIAN_POINT('',(-0.032707601728877,0.,0.0143468843036201));
#18576=CARTESIAN_POINT('',(-0.0324413218341124,0.,0.0149177729352432));
#18577=CARTESIAN_POINT('',(-0.0323567798870008,0.,0.0150990259605381));
#18578=CARTESIAN_POINT('',(0.,0.,0.));
#18579=CARTESIAN_POINT('',(0.,0.,0.));
#18580=CARTESIAN_POINT('',(-0.0316521793136567,0.,0.0169529898578079));
#18581=CARTESIAN_POINT('',(-0.0324056640772667,0.,0.0154640633772031));
#18582=CARTESIAN_POINT('',(-0.0322251629413263,0.,0.0153779277868573));
#18583=CARTESIAN_POINT('',(-0.032138996036571,0.,0.0155584139761486));
#18584=CARTESIAN_POINT('',(-0.0318675980487749,0.,0.0161268873214275));
#18585=CARTESIAN_POINT('',(-0.031570273519526,0.,0.0166822403050146));
#18586=CARTESIAN_POINT('',(-0.0314758751247506,0.,0.0168585608740467));
#18587=CARTESIAN_POINT('',(0.,0.,0.));
#18588=CARTESIAN_POINT('',(0.,0.,0.));
#18589=CARTESIAN_POINT('',(-0.0306702137569167,0.,0.0186708946900742));
#18590=CARTESIAN_POINT('',(-0.0315045759914466,0.,0.0172257369079518));
#18591=CARTESIAN_POINT('',(-0.031329093960274,0.,0.0171297887097638));
#18592=CARTESIAN_POINT('',(-0.0312331153186042,0.,0.0173052540919428));
#18593=CARTESIAN_POINT('',(-0.0309308135207794,0.,0.0178579135124761));
#18594=CARTESIAN_POINT('',(-0.0306033473218692,0.,0.0183960442592687));
#18595=CARTESIAN_POINT('',(-0.0304993791642524,0.,0.0185668968922649));
#18596=CARTESIAN_POINT('',(0.,0.,0.));
#18597=CARTESIAN_POINT('',(0.,0.,0.));
#18598=CARTESIAN_POINT('',(-0.0295951037690238,0.,0.0203320966288162));
#18599=CARTESIAN_POINT('',(-0.0305078095437899,0.,0.018935096441863));
#18600=CARTESIAN_POINT('',(-0.0303378795505461,0.,0.0188296270273572));
#18601=CARTESIAN_POINT('',(-0.0302323806559423,0.,0.0189995387198253));
#18602=CARTESIAN_POINT('',(-0.0299000931287129,0.,0.0195347058071168));
#18603=CARTESIAN_POINT('',(-0.029543479764225,0.,0.0200539800317235));
#18604=CARTESIAN_POINT('',(-0.0294302575916442,0.,0.0202188458548527));
#18605=CARTESIAN_POINT('',(0.,0.,0.));
#18606=CARTESIAN_POINT('',(0.,0.,0.));
#18607=CARTESIAN_POINT('',(-0.0284301144236757,0.,0.0219315506583441));
#18608=CARTESIAN_POINT('',(-0.0294183918812376,0.,0.0205869507102131));
#18609=CARTESIAN_POINT('',(-0.0292545299977272,0.,0.020472280386535));
#18610=CARTESIAN_POINT('',(-0.0291398312468648,0.,0.0206361223730665));
#18611=CARTESIAN_POINT('',(-0.0287785671365298,0.,0.0211521718422613));
#18612=CARTESIAN_POINT('',(-0.0283938896295314,0.,0.0216510125259287));
#18613=CARTESIAN_POINT('',(-0.0282717572940037,0.,0.0218093908471047));
#18614=CARTESIAN_POINT('',(0.,0.,0.));
#18615=CARTESIAN_POINT('',(0.,0.,0.));
#18616=CARTESIAN_POINT('',(-0.0271787837552251,0.,0.0234643992893388));
#18617=CARTESIAN_POINT('',(-0.0282396315294254,0.,0.0221762830858801));
#18618=CARTESIAN_POINT('',(-0.028082335398803,0.,0.0220527601030338));
#18619=CARTESIAN_POINT('',(-0.0279587851280187,0.,0.0222100348009006));
#18620=CARTESIAN_POINT('',(-0.0275696415818077,0.,0.0227053994267215));
#18621=CARTESIAN_POINT('',(-0.0271580681852446,0.,0.0231822916066885));
#18622=CARTESIAN_POINT('',(-0.0270273965986588,0.,0.0233337014361552));
#18623=CARTESIAN_POINT('',(0.,0.,0.));
#18624=CARTESIAN_POINT('',(0.,0.,0.));
#18625=CARTESIAN_POINT('',(-0.0258449120137849,0.,0.0249259873108876));
#18626=CARTESIAN_POINT('',(-0.0269751083448,0.,0.023698266818675));
#18627=CARTESIAN_POINT('',(-0.0268248556702445,0.,0.0235662663118997));
#18628=CARTESIAN_POINT('',(-0.0266928290976499,0.,0.0237164960830135));
#18629=CARTESIAN_POINT('',(-0.0262769879317229,0.,0.0241896714593727));
#18630=CARTESIAN_POINT('',(-0.0258397685804733,0.,0.0246431668297628));
#18631=CARTESIAN_POINT('',(-0.0257009545881433,0.,0.0247871483408444));
#18632=CARTESIAN_POINT('',(0.,0.,0.));
#18633=CARTESIAN_POINT('',(0.,0.,0.));
#18634=CARTESIAN_POINT('',(-0.024432550123994,0.,0.0263118759282065));
#18635=CARTESIAN_POINT('',(-0.0256286626427124,0.,0.0251482796940238));
#18636=CARTESIAN_POINT('',(-0.0254859097366582,0.,0.0250082025445201));
#18637=CARTESIAN_POINT('',(-0.025345807822615,0.,0.0251509311460035));
#18638=CARTESIAN_POINT('',(-0.0249045319329256,0.,0.0256004802548348));
#18639=CARTESIAN_POINT('',(-0.0244429944477895,0.,0.0260292015651128));
#18640=CARTESIAN_POINT('',(-0.0242964596232473,0.,0.0261653174906925));
#18641=CARTESIAN_POINT('',(0.,0.,0.));
#18642=CARTESIAN_POINT('',(0.,0.,0.));
#18643=CARTESIAN_POINT('',(-0.0229459873824923,0.,0.0276178562431141));
#18644=CARTESIAN_POINT('',(-0.0242043835345067,0.,0.0265219180704811));
#18645=CARTESIAN_POINT('',(-0.0240695639328376,0.,0.0263741896879481));
#18646=CARTESIAN_POINT('',(-0.0239218121622541,0.,0.0265089836577295));
#18647=CARTESIAN_POINT('',(-0.0234564416891761,0.,0.0269335412331647));
#18648=CARTESIAN_POINT('',(-0.0229719877443265,0.,0.0273361864708019));
#18649=CARTESIAN_POINT('',(-0.0228181771090184,0.,0.0274640234312872));
#18650=CARTESIAN_POINT('',(0.,0.,0.));
#18651=CARTESIAN_POINT('',(0.,0.,0.));
#18652=CARTESIAN_POINT('',(-0.0213897384314672,0.,0.0288399620363173));
#18653=CARTESIAN_POINT('',(-0.0227065965090232,0.,0.0278150102534445));
#18654=CARTESIAN_POINT('',(-0.0225801196544386,0.,0.0276600792841247));
#18655=CARTESIAN_POINT('',(-0.0224251667445858,0.,0.027786529257348));
#18656=CARTESIAN_POINT('',(-0.0219371150029508,0.,0.0281848059319842));
#18657=CARTESIAN_POINT('',(-0.0214312158690958,0.,0.0285601522766275));
#18658=CARTESIAN_POINT('',(-0.0212705965408661,0.,0.0286793220353711));
#18659=CARTESIAN_POINT('',(0.,0.,0.));
#18660=CARTESIAN_POINT('',(0.,0.,0.));
#18661=CARTESIAN_POINT('',(-0.0197685295478344,0.,0.0299744818126887));
#18662=CARTESIAN_POINT('',(-0.0211398502962313,0.,0.0290236291644539));
#18663=CARTESIAN_POINT('',(-0.0210221002947814,0.,0.0288619661286091));
#18664=CARTESIAN_POINT('',(-0.020860416832554,0.,0.0289796880808617));
#18665=CARTESIAN_POINT('',(-0.0203511660194607,0.,0.0293504743015279));
#18666=CARTESIAN_POINT('',(-0.0198253580956427,0.,0.029697381838665));
#18667=CARTESIAN_POINT('',(-0.019658417870112,0.,0.0298075224810263));
#18668=CARTESIAN_POINT('',(0.,0.,0.));
#18669=CARTESIAN_POINT('',(0.,0.,0.));
#18670=CARTESIAN_POINT('',(-0.0180872842896899,0.,0.0310179700729552));
#18671=CARTESIAN_POINT('',(-0.0195089030528854,0.,0.0301441042675998));
#18672=CARTESIAN_POINT('',(-0.0194002375074547,0.,0.0299762001305565));
#18673=CARTESIAN_POINT('',(-0.0192323145202134,0.,0.0300848365441384));
#18674=CARTESIAN_POINT('',(-0.0187034112136437,0.,0.0304270062452691));
#18675=CARTESIAN_POINT('',(-0.0181592913612459,0.,0.0307444214281115));
#18676=CARTESIAN_POINT('',(-0.0179865372303924,0.,0.0308451984605795));
#18677=CARTESIAN_POINT('',(0.,0.,0.));
#18678=CARTESIAN_POINT('',(0.,0.,0.));
#18679=CARTESIAN_POINT('',(-0.0163511085436257,0.,0.0319672577775664));
#18680=CARTESIAN_POINT('',(-0.0178187079121598,0.,0.0311730327168202));
#18681=CARTESIAN_POINT('',(-0.0177194568364383,0.,0.0309993973979241));
#18682=CARTESIAN_POINT('',(-0.0175458043007762,0.,0.0310986183476179));
#18683=CARTESIAN_POINT('',(-0.0169988547626891,0.,0.0314111323710767));
#18684=CARTESIAN_POINT('',(-0.0164380754558196,0.,0.0316980912201463));
#18685=CARTESIAN_POINT('',(-0.016260032068261,0.,0.0317891985861857));
#18686=CARTESIAN_POINT('',(0.,0.,0.));
#18687=CARTESIAN_POINT('',(0.,0.,0.));
#18688=CARTESIAN_POINT('',(-0.0145652750183204,0.,0.0328194619709632));
#18689=CARTESIAN_POINT('',(-0.0160743979411458,0.,0.0321072896902323));
#18690=CARTESIAN_POINT('',(-0.0159848627573886,0.,0.0319284505142401));
#18691=CARTESIAN_POINT('',(-0.0158060080503492,0.,0.0320179546692826));
#18692=CARTESIAN_POINT('',(-0.0152426733485152,0.,0.0322998639202515));
#18693=CARTESIAN_POINT('',(-0.0146669376554983,0.,0.0325554949509551));
#18694=CARTESIAN_POINT('',(-0.0144841457231508,0.,0.0326366559604896));
#18695=CARTESIAN_POINT('',(0.,0.,0.));
#18696=CARTESIAN_POINT('',(0.,0.,0.));
#18697=CARTESIAN_POINT('',(-0.012735207231496,0.,0.0335719945370194));
#18698=CARTESIAN_POINT('',(-0.014281270551896,0.,0.0329440378801135));
#18699=CARTESIAN_POINT('',(-0.0142017231755132,0.,0.032760537975725));
#18700=CARTESIAN_POINT('',(-0.0140182094729635,0.,0.032840053514939));
#18701=CARTESIAN_POINT('',(-0.0134402004363573,0.,0.0330905018442882));
#18702=CARTESIAN_POINT('',(-0.01285125684757,0.,0.0333140287135874));
#18703=CARTESIAN_POINT('',(-0.0126642715035244,0.,0.0333849968832984));
#18704=CARTESIAN_POINT('',(0.,0.,0.));
#18705=CARTESIAN_POINT('',(0.,0.,0.));
#18706=CARTESIAN_POINT('',(-0.0108664630388729,0.,0.0342225700590651));
#18707=CARTESIAN_POINT('',(-0.0124447714133573,0.,0.0336807361097125));
#18708=CARTESIAN_POINT('',(-0.0123754534271166,0.,0.0334931327601061));
#18709=CARTESIAN_POINT('',(-0.0121878380541397,0.,0.0335624181974125));
#18710=CARTESIAN_POINT('',(-0.0115969100772083,0.,0.0337806450017972));
#18711=CARTESIAN_POINT('',(-0.0109965471949732,0.,0.0339713888659363));
#18712=CARTESIAN_POINT('',(-0.0108059363075739,0.,0.0340319486678251));
#18713=CARTESIAN_POINT('',(0.,0.,0.));
#18714=CARTESIAN_POINT('',(0.,0.,0.));
#18715=CARTESIAN_POINT('',(-0.00896471775514478,0.,0.034769212760622));
#18716=CARTESIAN_POINT('',(-0.010570477913054,0.,0.0343151470507186));
#18717=CARTESIAN_POINT('',(-0.0105115998334013,0.,0.0341240100011014));
#18718=CARTESIAN_POINT('',(-0.0103204525717187,0.,0.034182854918904));
#18719=CARTESIAN_POINT('',(-0.00971840028330613,0.,0.0343681974506918));
#18720=CARTESIAN_POINT('',(-0.00910844138996477,0.,0.0345255790268246));
#18721=CARTESIAN_POINT('',(-0.0089147838382119,0.,0.0345755465427632));
#18722=CARTESIAN_POINT('',(0.,0.,0.));
#18723=CARTESIAN_POINT('',(0.,0.,0.));
#18724=CARTESIAN_POINT('',(-0.00703574691823441,0.,0.0352102625057718));
#18725=CARTESIAN_POINT('',(-0.00866408221874481,0.,0.0348453440179551));
#18726=CARTESIAN_POINT('',(-0.00861582285647295,0.,0.0346512537452645));
#18727=CARTESIAN_POINT('',(-0.00842172421403589,0.,0.0346994794334822));
#18728=CARTESIAN_POINT('',(-0.00781037602715471,0.,0.0348513748134955));
#18729=CARTESIAN_POINT('',(-0.00719267354781882,0.,0.034974916138948));
#18730=CARTESIAN_POINT('',(-0.00699655746333224,0.,0.0350141396192327));
#18731=CARTESIAN_POINT('',(0.,0.,0.));
#18732=CARTESIAN_POINT('',(0.,0.,0.));
#18733=CARTESIAN_POINT('',(-0.00508540874917464,0.,0.0355443798409344));
#18734=CARTESIAN_POINT('',(-0.00673137399149643,0.,0.0352697168206581));
#18735=CARTESIAN_POINT('',(-0.0066938799087025,0.,0.0350732627706733));
#18736=CARTESIAN_POINT('',(-0.00649741935670877,0.,0.035110722769476));
#18737=CARTESIAN_POINT('',(-0.00587863191570956,0.,0.0352287096964379));
#18738=CARTESIAN_POINT('',(-0.00525506179250706,0.,0.035318035580265));
#18739=CARTESIAN_POINT('',(-0.0050570827733897,0.,0.0353463959044754));
#18740=CARTESIAN_POINT('',(0.,0.,0.));
#18741=CARTESIAN_POINT('',(0.,0.,0.));
#18742=CARTESIAN_POINT('',(-0.00311962636088391,0.,0.0357705500627441));
#18743=CARTESIAN_POINT('',(-0.0047782228026735,0.,0.0355869766525736));
#18744=CARTESIAN_POINT('',(-0.00475160786765465,0.,0.0353887554497876));
#18745=CARTESIAN_POINT('',(-0.00455338205034364,0.,0.0354153359943901));
#18746=CARTESIAN_POINT('',(-0.00392903459234726,0.,0.0354990561458814));
#18747=CARTESIAN_POINT('',(-0.00330149058724768,0.,0.0355538953083097));
#18748=CARTESIAN_POINT('',(-0.00310224988927368,0.,0.0355713063470732));
#18749=CARTESIAN_POINT('',(0.,0.,0.));
#18750=CARTESIAN_POINT('',(0.,0.,0.));
#18751=CARTESIAN_POINT('',(-0.00114436976986676,0.,0.0358880862996709));
#18752=CARTESIAN_POINT('',(-0.00281056030824292,0.,0.0357961600060194));
#18753=CARTESIAN_POINT('',(-0.00279490534968205,0.,0.0355967736417101));
#18754=CARTESIAN_POINT('',(-0.00259551627234593,0.,0.0356123940078721));
#18755=CARTESIAN_POINT('',(-0.0019675049200621,0.,0.0356615931285443));
#18756=CARTESIAN_POINT('',(-0.00133789286358366,0.,0.0356817790248399));
#18757=CARTESIAN_POINT('',(-0.00113799557420441,0.,0.035688187901404));
#18758=CARTESIAN_POINT('',(0.,0.,0.));
#18759=CARTESIAN_POINT('',(0.,0.,0.));
#18760=CARTESIAN_POINT('',(0.000834362234529872,0.,0.035896631598026));
#18761=CARTESIAN_POINT('',(-0.000834362234529878,0.,0.035896631598026));
#18762=CARTESIAN_POINT('',(-0.000829714796021617,0.,0.0356966856020288));
#18763=CARTESIAN_POINT('',(-0.000629767996734966,0.,0.0357012983512116));
#18764=CARTESIAN_POINT('',(-3.03576608295941E-18,0.,0.0357158270249522));
#18765=CARTESIAN_POINT('',(0.000629767996734995,0.,0.0357012983512116));
#18766=CARTESIAN_POINT('',(0.000829714796021611,0.,0.0356966856020288));
#18767=CARTESIAN_POINT('',(0.,0.0015875,2.2452874660598E-18));
#18768=CARTESIAN_POINT('',(0.,0.0015875,2.2452874660598E-18));
#18769=CARTESIAN_POINT('',(0.,0.0015875,-0.0366683270249522));
#18770=CARTESIAN_POINT('',(0.,0.000762,0.));
#18771=CARTESIAN_POINT('',(0.,0.000762,-0.0366683270249522));
#18772=CARTESIAN_POINT('',(0.,-0.009,2.19862842301229E-18));
#18773=CARTESIAN_POINT('',(0.,-0.009,2.19862842301229E-18));
#18774=CARTESIAN_POINT('',(-0.00281056030824292,-0.009,0.0357961600060194));
#18775=CARTESIAN_POINT('',(0.,0.,2.19862842301229E-18));
#18776=CARTESIAN_POINT('',(-0.00311962636088391,-0.009,0.0357705500627441));
#18777=CARTESIAN_POINT('',(-0.00279490534968205,0.0932764252575347,0.0355967736417101));
#18778=CARTESIAN_POINT('',(-0.00259551627234593,0.0932764252575347,0.0356123940078721));
#18779=CARTESIAN_POINT('',(-0.00113799557420441,0.0932764252575347,0.035688187901404));
#18780=CARTESIAN_POINT('',(-0.00133789286358366,0.0932764252575347,0.0356817790248399));
#18781=CARTESIAN_POINT('',(-0.00114436976986676,-0.009,0.0358880862996709));
#18782=CARTESIAN_POINT('',(-0.0019675049200621,0.0932764252575347,0.0356615931285443));
#18783=CARTESIAN_POINT('',(0.,-0.009,2.19862842301229E-18));
#18784=CARTESIAN_POINT('',(0.,-0.009,2.19862842301229E-18));
#18785=CARTESIAN_POINT('',(-0.0047782228026735,-0.009,0.0355869766525736));
#18786=CARTESIAN_POINT('',(0.,0.,2.19862842301229E-18));
#18787=CARTESIAN_POINT('',(-0.00508540874917464,-0.009,0.0355443798409344));
#18788=CARTESIAN_POINT('',(-0.00475160786765465,0.0932764252575347,0.0353887554497876));
#18789=CARTESIAN_POINT('',(-0.00455338205034364,0.0932764252575347,0.0354153359943901));
#18790=CARTESIAN_POINT('',(-0.00310224988927368,0.0932764252575347,0.0355713063470732));
#18791=CARTESIAN_POINT('',(-0.00330149058724768,0.0932764252575347,0.0355538953083097));
#18792=CARTESIAN_POINT('',(-0.00392903459234726,0.0932764252575347,0.0354990561458814));
#18793=CARTESIAN_POINT('',(0.,-0.009,2.19862842301229E-18));
#18794=CARTESIAN_POINT('',(0.,-0.009,2.19862842301229E-18));
#18795=CARTESIAN_POINT('',(-0.00673137399149643,-0.009,0.0352697168206581));
#18796=CARTESIAN_POINT('',(0.,0.,2.19862842301229E-18));
#18797=CARTESIAN_POINT('',(-0.00703574691823441,-0.009,0.0352102625057718));
#18798=CARTESIAN_POINT('',(-0.0066938799087025,0.0932764252575347,0.0350732627706733));
#18799=CARTESIAN_POINT('',(-0.00649741935670877,0.0932764252575347,0.035110722769476));
#18800=CARTESIAN_POINT('',(-0.0050570827733897,0.0932764252575347,0.0353463959044754));
#18801=CARTESIAN_POINT('',(-0.00525506179250706,0.0932764252575347,0.035318035580265));
#18802=CARTESIAN_POINT('',(-0.00587863191570956,0.0932764252575347,0.0352287096964379));
#18803=CARTESIAN_POINT('',(0.,-0.009,2.19862842301229E-18));
#18804=CARTESIAN_POINT('',(0.,-0.009,2.19862842301229E-18));
#18805=CARTESIAN_POINT('',(-0.00866408221874481,-0.009,0.0348453440179551));
#18806=CARTESIAN_POINT('',(0.,0.,2.19862842301229E-18));
#18807=CARTESIAN_POINT('',(-0.00896471775514479,-0.009,0.034769212760622));
#18808=CARTESIAN_POINT('',(-0.00861582285647295,0.0932764252575347,0.0346512537452645));
#18809=CARTESIAN_POINT('',(-0.00842172421403589,0.0932764252575347,0.0346994794334822));
#18810=CARTESIAN_POINT('',(-0.00699655746333224,0.0932764252575347,0.0350141396192327));
#18811=CARTESIAN_POINT('',(-0.00719267354781882,0.0932764252575347,0.034974916138948));
#18812=CARTESIAN_POINT('',(-0.00781037602715471,0.0932764252575347,0.0348513748134955));
#18813=CARTESIAN_POINT('',(0.,-0.009,2.19862842301229E-18));
#18814=CARTESIAN_POINT('',(0.,-0.009,2.19862842301229E-18));
#18815=CARTESIAN_POINT('',(-0.010570477913054,-0.009,0.0343151470507186));
#18816=CARTESIAN_POINT('',(0.,0.,2.19862842301229E-18));
#18817=CARTESIAN_POINT('',(-0.0108664630388729,-0.009,0.0342225700590651));
#18818=CARTESIAN_POINT('',(-0.0105115998334013,0.0932764252575347,0.0341240100011014));
#18819=CARTESIAN_POINT('',(-0.0103204525717187,0.0932764252575347,0.034182854918904));
#18820=CARTESIAN_POINT('',(-0.0089147838382119,0.0932764252575347,0.0345755465427632));
#18821=CARTESIAN_POINT('',(-0.00910844138996477,0.0932764252575347,0.0345255790268246));
#18822=CARTESIAN_POINT('',(-0.00971840028330613,0.0932764252575347,0.0343681974506918));
#18823=CARTESIAN_POINT('',(0.,-0.009,2.19862842301229E-18));
#18824=CARTESIAN_POINT('',(0.,-0.009,2.19862842301229E-18));
#18825=CARTESIAN_POINT('',(-0.0124447714133573,-0.009,0.0336807361097125));
#18826=CARTESIAN_POINT('',(0.,0.,2.19862842301229E-18));
#18827=CARTESIAN_POINT('',(-0.012735207231496,-0.009,0.0335719945370194));
#18828=CARTESIAN_POINT('',(-0.0123754534271166,0.0932764252575347,0.0334931327601061));
#18829=CARTESIAN_POINT('',(-0.0121878380541397,0.0932764252575347,0.0335624181974125));
#18830=CARTESIAN_POINT('',(-0.0108059363075739,0.0932764252575347,0.0340319486678251));
#18831=CARTESIAN_POINT('',(-0.0109965471949732,0.0932764252575347,0.0339713888659363));
#18832=CARTESIAN_POINT('',(-0.0115969100772083,0.0932764252575347,0.0337806450017972));
#18833=CARTESIAN_POINT('',(0.,-0.009,2.19862842301229E-18));
#18834=CARTESIAN_POINT('',(0.,-0.009,2.19862842301229E-18));
#18835=CARTESIAN_POINT('',(-0.014281270551896,-0.009,0.0329440378801135));
#18836=CARTESIAN_POINT('',(0.,0.,2.19862842301229E-18));
#18837=CARTESIAN_POINT('',(-0.0145652750183204,-0.009,0.0328194619709632));
#18838=CARTESIAN_POINT('',(-0.0142017231755132,0.0932764252575347,0.032760537975725));
#18839=CARTESIAN_POINT('',(-0.0140182094729635,0.0932764252575347,0.032840053514939));
#18840=CARTESIAN_POINT('',(-0.0126642715035244,0.0932764252575347,0.0333849968832984));
#18841=CARTESIAN_POINT('',(-0.01285125684757,0.0932764252575347,0.0333140287135874));
#18842=CARTESIAN_POINT('',(-0.0134402004363573,0.0932764252575347,0.0330905018442882));
#18843=CARTESIAN_POINT('',(0.,-0.009,2.19862842301229E-18));
#18844=CARTESIAN_POINT('',(0.,-0.009,2.19862842301229E-18));
#18845=CARTESIAN_POINT('',(-0.0160743979411458,-0.009,0.0321072896902323));
#18846=CARTESIAN_POINT('',(0.,0.,2.19862842301229E-18));
#18847=CARTESIAN_POINT('',(-0.0163511085436257,-0.009,0.0319672577775664));
#18848=CARTESIAN_POINT('',(-0.0159848627573886,0.0932764252575347,0.0319284505142401));
#18849=CARTESIAN_POINT('',(-0.0158060080503492,0.0932764252575347,0.0320179546692826));
#18850=CARTESIAN_POINT('',(-0.0144841457231508,0.0932764252575347,0.0326366559604896));
#18851=CARTESIAN_POINT('',(-0.0146669376554983,0.0932764252575347,0.0325554949509551));
#18852=CARTESIAN_POINT('',(-0.0152426733485152,0.0932764252575347,0.0322998639202515));
#18853=CARTESIAN_POINT('',(0.,-0.009,2.19862842301229E-18));
#18854=CARTESIAN_POINT('',(0.,-0.009,2.19862842301229E-18));
#18855=CARTESIAN_POINT('',(-0.0178187079121598,-0.009,0.0311730327168202));
#18856=CARTESIAN_POINT('',(0.,0.,2.19862842301229E-18));
#18857=CARTESIAN_POINT('',(-0.0180872842896899,-0.009,0.0310179700729552));
#18858=CARTESIAN_POINT('',(-0.0177194568364383,0.0932764252575347,0.0309993973979241));
#18859=CARTESIAN_POINT('',(-0.0175458043007762,0.0932764252575347,0.0310986183476179));
#18860=CARTESIAN_POINT('',(-0.016260032068261,0.0932764252575347,0.0317891985861857));
#18861=CARTESIAN_POINT('',(-0.0164380754558196,0.0932764252575347,0.0316980912201463));
#18862=CARTESIAN_POINT('',(-0.0169988547626891,0.0932764252575347,0.0314111323710767));
#18863=CARTESIAN_POINT('',(0.,-0.009,2.19862842301229E-18));
#18864=CARTESIAN_POINT('',(0.,-0.009,2.19862842301229E-18));
#18865=CARTESIAN_POINT('',(-0.0195089030528854,-0.009,0.0301441042675998));
#18866=CARTESIAN_POINT('',(0.,0.,2.19862842301229E-18));
#18867=CARTESIAN_POINT('',(-0.0197685295478344,-0.009,0.0299744818126887));
#18868=CARTESIAN_POINT('',(-0.0194002375074547,0.0932764252575347,0.0299762001305565));
#18869=CARTESIAN_POINT('',(-0.0192323145202134,0.0932764252575347,0.0300848365441384));
#18870=CARTESIAN_POINT('',(-0.0179865372303924,0.0932764252575347,0.0308451984605795));
#18871=CARTESIAN_POINT('',(-0.0181592913612459,0.0932764252575347,0.0307444214281115));
#18872=CARTESIAN_POINT('',(-0.0187034112136437,0.0932764252575347,0.0304270062452691));
#18873=CARTESIAN_POINT('',(0.,-0.009,2.19862842301229E-18));
#18874=CARTESIAN_POINT('',(0.,-0.009,2.19862842301229E-18));
#18875=CARTESIAN_POINT('',(-0.0211398502962313,-0.009,0.0290236291644539));
#18876=CARTESIAN_POINT('',(0.,0.,2.19862842301229E-18));
#18877=CARTESIAN_POINT('',(-0.0213897384314672,-0.009,0.0288399620363173));
#18878=CARTESIAN_POINT('',(-0.0210221002947814,0.0932764252575347,0.0288619661286091));
#18879=CARTESIAN_POINT('',(-0.020860416832554,0.0932764252575347,0.0289796880808617));
#18880=CARTESIAN_POINT('',(-0.019658417870112,0.0932764252575347,0.0298075224810263));
#18881=CARTESIAN_POINT('',(-0.0198253580956427,0.0932764252575347,0.029697381838665));
#18882=CARTESIAN_POINT('',(-0.0203511660194607,0.0932764252575347,0.0293504743015279));
#18883=CARTESIAN_POINT('',(0.,-0.009,2.19862842301229E-18));
#18884=CARTESIAN_POINT('',(0.,-0.009,2.19862842301229E-18));
#18885=CARTESIAN_POINT('',(-0.0227065965090232,-0.009,0.0278150102534445));
#18886=CARTESIAN_POINT('',(0.,0.,2.19862842301229E-18));
#18887=CARTESIAN_POINT('',(-0.0229459873824923,-0.009,0.0276178562431141));
#18888=CARTESIAN_POINT('',(-0.0225801196544386,0.0932764252575347,0.0276600792841247));
#18889=CARTESIAN_POINT('',(-0.0224251667445858,0.0932764252575347,0.027786529257348));
#18890=CARTESIAN_POINT('',(-0.0212705965408661,0.0932764252575347,0.0286793220353711));
#18891=CARTESIAN_POINT('',(-0.0214312158690958,0.0932764252575347,0.0285601522766275));
#18892=CARTESIAN_POINT('',(-0.0219371150029508,0.0932764252575347,0.0281848059319842));
#18893=CARTESIAN_POINT('',(0.,-0.009,2.19862842301229E-18));
#18894=CARTESIAN_POINT('',(0.,-0.009,2.19862842301229E-18));
#18895=CARTESIAN_POINT('',(-0.0242043835345067,-0.009,0.0265219180704811));
#18896=CARTESIAN_POINT('',(0.,0.,2.19862842301229E-18));
#18897=CARTESIAN_POINT('',(-0.024432550123994,-0.009,0.0263118759282065));
#18898=CARTESIAN_POINT('',(-0.0240695639328376,0.0932764252575347,0.0263741896879481));
#18899=CARTESIAN_POINT('',(-0.0239218121622541,0.0932764252575347,0.0265089836577295));
#18900=CARTESIAN_POINT('',(-0.0228181771090184,0.0932764252575347,0.0274640234312872));
#18901=CARTESIAN_POINT('',(-0.0229719877443265,0.0932764252575347,0.0273361864708019));
#18902=CARTESIAN_POINT('',(-0.0234564416891761,0.0932764252575347,0.0269335412331647));
#18903=CARTESIAN_POINT('',(0.,-0.009,2.19862842301229E-18));
#18904=CARTESIAN_POINT('',(0.,-0.009,2.19862842301229E-18));
#18905=CARTESIAN_POINT('',(-0.0256286626427124,-0.009,0.0251482796940238));
#18906=CARTESIAN_POINT('',(0.,0.,2.19862842301229E-18));
#18907=CARTESIAN_POINT('',(-0.0258449120137849,-0.009,0.0249259873108876));
#18908=CARTESIAN_POINT('',(-0.0254859097366582,0.0932764252575347,0.0250082025445201));
#18909=CARTESIAN_POINT('',(-0.025345807822615,0.0932764252575347,0.0251509311460035));
#18910=CARTESIAN_POINT('',(-0.0242964596232473,0.0932764252575347,0.0261653174906925));
#18911=CARTESIAN_POINT('',(-0.0244429944477895,0.0932764252575347,0.0260292015651128));
#18912=CARTESIAN_POINT('',(-0.0249045319329256,0.0932764252575347,0.0256004802548348));
#18913=CARTESIAN_POINT('',(0.,-0.009,2.19862842301229E-18));
#18914=CARTESIAN_POINT('',(0.,-0.009,2.19862842301229E-18));
#18915=CARTESIAN_POINT('',(-0.0269751083448,-0.009,0.023698266818675));
#18916=CARTESIAN_POINT('',(0.,0.,2.19862842301229E-18));
#18917=CARTESIAN_POINT('',(-0.0271787837552251,-0.009,0.0234643992893388));
#18918=CARTESIAN_POINT('',(-0.0268248556702445,0.0932764252575347,0.0235662663118997));
#18919=CARTESIAN_POINT('',(-0.0266928290976499,0.0932764252575347,0.0237164960830135));
#18920=CARTESIAN_POINT('',(-0.0257009545881433,0.0932764252575347,0.0247871483408444));
#18921=CARTESIAN_POINT('',(-0.0258397685804733,0.0932764252575347,0.0246431668297628));
#18922=CARTESIAN_POINT('',(-0.0262769879317229,0.0932764252575347,0.0241896714593727));
#18923=CARTESIAN_POINT('',(0.,-0.009,2.19862842301229E-18));
#18924=CARTESIAN_POINT('',(0.,-0.009,2.19862842301229E-18));
#18925=CARTESIAN_POINT('',(-0.0282396315294254,-0.009,0.0221762830858801));
#18926=CARTESIAN_POINT('',(0.,0.,2.19862842301229E-18));
#18927=CARTESIAN_POINT('',(-0.0284301144236757,-0.009,0.0219315506583441));
#18928=CARTESIAN_POINT('',(-0.028082335398803,0.0932764252575347,0.0220527601030338));
#18929=CARTESIAN_POINT('',(-0.0279587851280187,0.0932764252575347,0.0222100348009006));
#18930=CARTESIAN_POINT('',(-0.0270273965986588,0.0932764252575347,0.0233337014361552));
#18931=CARTESIAN_POINT('',(-0.0271580681852446,0.0932764252575347,0.0231822916066885));
#18932=CARTESIAN_POINT('',(-0.0275696415818077,0.0932764252575347,0.0227053994267215));
#18933=CARTESIAN_POINT('',(0.,-0.009,2.19862842301229E-18));
#18934=CARTESIAN_POINT('',(0.,-0.009,2.19862842301229E-18));
#18935=CARTESIAN_POINT('',(-0.0294183918812376,-0.009,0.0205869507102131));
#18936=CARTESIAN_POINT('',(0.,0.,2.19862842301229E-18));
#18937=CARTESIAN_POINT('',(-0.0295951037690238,-0.009,0.0203320966288162));
#18938=CARTESIAN_POINT('',(-0.0292545299977272,0.0932764252575347,0.020472280386535));
#18939=CARTESIAN_POINT('',(-0.0291398312468648,0.0932764252575347,0.0206361223730665));
#18940=CARTESIAN_POINT('',(-0.0282717572940037,0.0932764252575347,0.0218093908471047));
#18941=CARTESIAN_POINT('',(-0.0283938896295314,0.0932764252575347,0.0216510125259287));
#18942=CARTESIAN_POINT('',(-0.0287785671365298,0.0932764252575347,0.0211521718422613));
#18943=CARTESIAN_POINT('',(0.,-0.009,2.19862842301229E-18));
#18944=CARTESIAN_POINT('',(0.,-0.009,2.19862842301229E-18));
#18945=CARTESIAN_POINT('',(-0.0305078095437899,-0.009,0.018935096441863));
#18946=CARTESIAN_POINT('',(0.,0.,2.19862842301229E-18));
#18947=CARTESIAN_POINT('',(-0.0306702137569167,-0.009,0.0186708946900742));
#18948=CARTESIAN_POINT('',(-0.0303378795505461,0.0932764252575347,0.0188296270273572));
#18949=CARTESIAN_POINT('',(-0.0302323806559423,0.0932764252575347,0.0189995387198253));
#18950=CARTESIAN_POINT('',(-0.0294302575916442,0.0932764252575347,0.0202188458548527));
#18951=CARTESIAN_POINT('',(-0.029543479764225,0.0932764252575347,0.0200539800317235));
#18952=CARTESIAN_POINT('',(-0.0299000931287129,0.0932764252575347,0.0195347058071168));
#18953=CARTESIAN_POINT('',(0.,-0.009,2.19862842301229E-18));
#18954=CARTESIAN_POINT('',(0.,-0.009,2.19862842301229E-18));
#18955=CARTESIAN_POINT('',(-0.0315045759914466,-0.009,0.0172257369079518));
#18956=CARTESIAN_POINT('',(0.,0.,2.19862842301229E-18));
#18957=CARTESIAN_POINT('',(-0.0316521793136567,-0.009,0.0169529898578079));
#18958=CARTESIAN_POINT('',(-0.031329093960274,0.0932764252575347,0.0171297887097638));
#18959=CARTESIAN_POINT('',(-0.0312331153186042,0.0932764252575347,0.0173052540919428));
#18960=CARTESIAN_POINT('',(-0.0304993791642524,0.0932764252575347,0.0185668968922649));
#18961=CARTESIAN_POINT('',(-0.0306033473218692,0.0932764252575347,0.0183960442592687));
#18962=CARTESIAN_POINT('',(-0.0309308135207794,0.0932764252575347,0.0178579135124761));
#18963=CARTESIAN_POINT('',(0.,-0.009,2.19862842301229E-18));
#18964=CARTESIAN_POINT('',(0.,-0.009,2.19862842301229E-18));
#18965=CARTESIAN_POINT('',(-0.0324056640772667,-0.009,0.0154640633772031));
#18966=CARTESIAN_POINT('',(0.,0.,2.19862842301229E-18));
#18967=CARTESIAN_POINT('',(-0.0325380182421214,-0.009,0.0151835993525311));
#18968=CARTESIAN_POINT('',(-0.0322251629413263,0.0932764252575347,0.0153779277868573));
#18969=CARTESIAN_POINT('',(-0.032138996036571,0.0932764252575347,0.0155584139761486));
#18970=CARTESIAN_POINT('',(-0.0314758751247506,0.0932764252575347,0.0168585608740467));
#18971=CARTESIAN_POINT('',(-0.031570273519526,0.0932764252575347,0.0166822403050146));
#18972=CARTESIAN_POINT('',(-0.0318675980487749,0.0932764252575347,0.0161268873214275));
#18973=CARTESIAN_POINT('',(0.,-0.009,2.19862842301229E-18));
#18974=CARTESIAN_POINT('',(0.,-0.009,2.19862842301229E-18));
#18975=CARTESIAN_POINT('',(-0.0332083372263492,-0.009,0.0136554259942295));
#18976=CARTESIAN_POINT('',(0.,0.,2.19862842301229E-18));
#18977=CARTESIAN_POINT('',(-0.0333250402786001,-0.009,0.0133680967550543));
#18978=CARTESIAN_POINT('',(-0.0330233651616584,0.0932764252575347,0.0135793646026829));
#18979=CARTESIAN_POINT('',(-0.0329472716798751,0.0932764252575347,0.0137643234684614));
#18980=CARTESIAN_POINT('',(-0.0323567798870008,0.0932764252575347,0.0150990259605381));
#18981=CARTESIAN_POINT('',(-0.0324413218341124,0.0932764252575347,0.0149177729352432));
#18982=CARTESIAN_POINT('',(-0.032707601728877,0.0932764252575347,0.0143468843036201));
#18983=CARTESIAN_POINT('',(0.,-0.009,2.19862842301229E-18));
#18984=CARTESIAN_POINT('',(0.,-0.009,2.19862842301229E-18));
#18985=CARTESIAN_POINT('',(-0.0339101577467215,-0.009,0.0118053175313193));
#18986=CARTESIAN_POINT('',(0.,0.,2.19862842301229E-18));
#18987=CARTESIAN_POINT('',(-0.0340108552630344,-0.009,0.0115119956870969));
#18988=CARTESIAN_POINT('',(-0.0337212765073613,0.0932764252575347,0.011739561334518));
#18989=CARTESIAN_POINT('',(-0.0336554875419533,0.0932764252575347,0.0119284311627875));
#18990=CARTESIAN_POINT('',(-0.0331394181721927,0.0932764252575347,0.0132936358014415));
#18991=CARTESIAN_POINT('',(-0.0332138469205258,0.0932764252575347,0.0131080007793644));
#18992=CARTESIAN_POINT('',(-0.0334482734975173,0.0932764252575347,0.0125233102697165));
#18993=CARTESIAN_POINT('',(0.,-0.009,2.19862842301229E-18));
#18994=CARTESIAN_POINT('',(0.,-0.009,2.19862842301229E-18));
#18995=CARTESIAN_POINT('',(-0.0345089942325296,-0.009,0.00991935670706751));
#18996=CARTESIAN_POINT('',(0.,0.,2.19862842301229E-18));
#18997=CARTESIAN_POINT('',(-0.0345933803978571,-0.009,0.0096209330665982));
#18998=CARTESIAN_POINT('',(-0.0343167774446162,0.0932764252575347,0.00986410540442008));
#18999=CARTESIAN_POINT('',(-0.0342614927945092,0.0932764252575347,0.0100563126037195));
#19000=CARTESIAN_POINT('',(-0.0338214131335768,0.0932764252575347,0.011447873307333));
#19001=CARTESIAN_POINT('',(-0.0338855026454687,0.0932764252575347,0.0112584200559346));
#19002=CARTESIAN_POINT('',(-0.0340873639588776,0.0932764252575347,0.0106617033541228));
#19003=CARTESIAN_POINT('',(0.,-0.009,2.19862842301229E-18));
#19004=CARTESIAN_POINT('',(0.,-0.009,2.19862842301229E-18));
#19005=CARTESIAN_POINT('',(-0.0350030280370481,-0.009,0.00800327112251221));
#19006=CARTESIAN_POINT('',(0.,0.,2.19862842301229E-18));
#19007=CARTESIAN_POINT('',(-0.0350708465733795,-0.009,0.00770065198858397));
#19008=CARTESIAN_POINT('',(-0.0348080594566487,0.0932764252575347,0.00795869251040882));
#19009=CARTESIAN_POINT('',(-0.0347634470195081,0.0932764252575347,0.00815365335379119));
#19010=CARTESIAN_POINT('',(-0.0344006935748701,0.0932764252575347,0.00956734399824312));
#19011=CARTESIAN_POINT('',(-0.0344542492125798,0.0932764252575347,0.00937464788082116));
#19012=CARTESIAN_POINT('',(-0.0346229322162317,0.0932764252575347,0.00876771719585688));
#19013=CARTESIAN_POINT('',(0.,-0.009,2.19862842301229E-18));
#19014=CARTESIAN_POINT('',(0.,-0.009,2.19862842301229E-18));
#19015=CARTESIAN_POINT('',(-0.0353907587958495,-0.009,0.00606287986659843));
#19016=CARTESIAN_POINT('',(0.,0.,2.19862842301229E-18));
#19017=CARTESIAN_POINT('',(-0.0354418037405192,-0.009,0.00575698428357488));
#19018=CARTESIAN_POINT('',(-0.0351936305361351,0.0932764252575347,0.00602910932881892));
#19019=CARTESIAN_POINT('',(-0.0351598257984662,0.0932764252575347,0.00622623172661055));
#19020=CARTESIAN_POINT('',(-0.0348755002404115,0.0932764252575347,0.00765775897987699));
#19021=CARTESIAN_POINT('',(-0.0349183593572273,0.0932764252575347,0.00746240520820684));
#19022=CARTESIAN_POINT('',(-0.0350533517663843,0.0932764252575347,0.00684710376863251));
#19023=CARTESIAN_POINT('',(0.,-0.009,2.19862842301229E-18));
#19024=CARTESIAN_POINT('',(0.,-0.009,2.19862842301229E-18));
#19025=CARTESIAN_POINT('',(-0.0356710089833632,-0.009,0.00410407584379621));
#19026=CARTESIAN_POINT('',(0.,0.,2.19862842301229E-18));
#19027=CARTESIAN_POINT('',(-0.0357051253145517,-0.009,0.00379583280650929));
#19028=CARTESIAN_POINT('',(-0.0354723197163792,0.0932764252575347,0.00408121594035387));
#19029=CARTESIAN_POINT('',(-0.0354494253420593,0.0932764252575347,0.00427990123831143));
#19030=CARTESIAN_POINT('',(-0.035244391157963,0.0932764252575347,0.0057249175991737));
#19031=CARTESIAN_POINT('',(-0.0352764235921559,0.0932764252575347,0.0055274994562393));
#19032=CARTESIAN_POINT('',(-0.035377315439308,0.0932764252575347,0.00490569591230401));
#19033=CARTESIAN_POINT('',(0.,-0.009,2.19862842301229E-18));
#19034=CARTESIAN_POINT('',(0.,-0.009,2.19862842301229E-18));
#19035=CARTESIAN_POINT('',(-0.0358429274889802,-0.009,0.00213280787754356));
#19036=CARTESIAN_POINT('',(0.,0.,2.19862842301229E-18));
#19037=CARTESIAN_POINT('',(-0.035860011596511,-0.009,0.00182315350996655));
#19038=CARTESIAN_POINT('',(-0.0356432806275006,0.0932764252575347,0.00212092803321384));
#19039=CARTESIAN_POINT('',(-0.0356313661459919,0.0932764252575347,0.00232057283061754));
#19040=CARTESIAN_POINT('',(-0.0355062460179322,0.0932764252575347,0.0037746898318805));
#19041=CARTESIAN_POINT('',(-0.0355273544880523,0.0932764252575347,0.00357580687009349));
#19042=CARTESIAN_POINT('',(-0.0355938393679758,0.0932764252575347,0.00294938961872358));
#19043=CARTESIAN_POINT('',(0.,-0.009,2.19862842301229E-18));
#19044=CARTESIAN_POINT('',(0.,-0.009,2.19862842301229E-18));
#19045=CARTESIAN_POINT('',(-0.0359059922018497,-0.009,0.000155062643864995));
#19046=CARTESIAN_POINT('',(0.,0.,2.19862842301229E-18));
#19047=CARTESIAN_POINT('',(-0.0359059922018497,-0.009,-0.000155062643865014));
#19048=CARTESIAN_POINT('',(-0.0357059940668307,0.0932764252575347,0.000154198937344652));
#19049=CARTESIAN_POINT('',(-0.0357050956620221,0.0932764252575347,0.000354196919506437));
#19050=CARTESIAN_POINT('',(-0.0356602695757157,0.0932764252575347,0.0018129984556292));
#19051=CARTESIAN_POINT('',(-0.035670389976033,0.0932764252575347,0.00161325467600789));
#19052=CARTESIAN_POINT('',(-0.0357022659763327,0.0932764252575347,0.000984126125807567));
#19053=CARTESIAN_POINT('',(0.,-0.009,2.19862842301229E-18));
#19054=CARTESIAN_POINT('',(0.,-0.009,2.19862842301229E-18));
#19055=CARTESIAN_POINT('',(-0.035860011596511,-0.009,-0.00182315350996657));
#19056=CARTESIAN_POINT('',(0.,0.,2.19862842301229E-18));
#19057=CARTESIAN_POINT('',(-0.0358429274889802,-0.009,-0.00213280787754358));
#19058=CARTESIAN_POINT('',(-0.0356602695757157,0.0932764252575347,-0.00181299845562922));
#19059=CARTESIAN_POINT('',(-0.035670389976033,0.0932764252575347,-0.00161325467600791));
#19060=CARTESIAN_POINT('',(-0.0357059940668307,0.0932764252575347,-0.000154198937344671));
#19061=CARTESIAN_POINT('',(-0.0357050956620221,0.0932764252575347,-0.000354196919506456));
#19062=CARTESIAN_POINT('',(-0.0357022659763327,0.0932764252575347,-0.000984126125807586));
#19063=CARTESIAN_POINT('',(0.,-0.009,2.19862842301229E-18));
#19064=CARTESIAN_POINT('',(0.,-0.009,2.19862842301229E-18));
#19065=CARTESIAN_POINT('',(-0.0357051253145517,-0.009,-0.00379583280650931));
#19066=CARTESIAN_POINT('',(0.,0.,2.19862842301229E-18));
#19067=CARTESIAN_POINT('',(-0.0356710089833632,-0.009,-0.00410407584379623));
#19068=CARTESIAN_POINT('',(-0.0355062460179322,0.0932764252575347,-0.00377468983188052));
#19069=CARTESIAN_POINT('',(-0.0355273544880523,0.0932764252575347,-0.00357580687009351));
#19070=CARTESIAN_POINT('',(-0.0356432806275006,0.0932764252575347,-0.00212092803321386));
#19071=CARTESIAN_POINT('',(-0.0356313661459919,0.0932764252575347,-0.00232057283061756));
#19072=CARTESIAN_POINT('',(-0.0355938393679758,0.0932764252575347,-0.00294938961872361));
#19073=CARTESIAN_POINT('',(0.,-0.009,2.19862842301229E-18));
#19074=CARTESIAN_POINT('',(0.,-0.009,2.19862842301229E-18));
#19075=CARTESIAN_POINT('',(-0.0354418037405192,-0.009,-0.0057569842835749));
#19076=CARTESIAN_POINT('',(0.,0.,2.19862842301229E-18));
#19077=CARTESIAN_POINT('',(-0.0353907587958495,-0.009,-0.00606287986659845));
#19078=CARTESIAN_POINT('',(-0.0352443911579629,0.0932764252575347,-0.00572491759917371));
#19079=CARTESIAN_POINT('',(-0.0352764235921559,0.0932764252575347,-0.00552749945623932));
#19080=CARTESIAN_POINT('',(-0.0354723197163792,0.0932764252575347,-0.00408121594035389));
#19081=CARTESIAN_POINT('',(-0.0354494253420593,0.0932764252575347,-0.00427990123831145));
#19082=CARTESIAN_POINT('',(-0.035377315439308,0.0932764252575347,-0.00490569591230403));
#19083=CARTESIAN_POINT('',(0.,-0.009,2.19862842301229E-18));
#19084=CARTESIAN_POINT('',(0.,-0.009,2.19862842301229E-18));
#19085=CARTESIAN_POINT('',(-0.0350708465733795,-0.009,-0.00770065198858399));
#19086=CARTESIAN_POINT('',(0.,0.,2.19862842301229E-18));
#19087=CARTESIAN_POINT('',(-0.0350030280370481,-0.009,-0.00800327112251222));
#19088=CARTESIAN_POINT('',(-0.0348755002404115,0.0932764252575347,-0.00765775897987701));
#19089=CARTESIAN_POINT('',(-0.0349183593572273,0.0932764252575347,-0.00746240520820686));
#19090=CARTESIAN_POINT('',(-0.0351936305361351,0.0932764252575347,-0.00602910932881894));
#19091=CARTESIAN_POINT('',(-0.0351598257984662,0.0932764252575347,-0.00622623172661057));
#19092=CARTESIAN_POINT('',(-0.0350533517663843,0.0932764252575347,-0.00684710376863253));
#19093=CARTESIAN_POINT('',(0.,-0.009,2.19862842301229E-18));
#19094=CARTESIAN_POINT('',(0.,-0.009,2.19862842301229E-18));
#19095=CARTESIAN_POINT('',(-0.0345933803978571,-0.009,-0.00962093306659821));
#19096=CARTESIAN_POINT('',(0.,0.,2.19862842301229E-18));
#19097=CARTESIAN_POINT('',(-0.0345089942325296,-0.009,-0.00991935670706753));
#19098=CARTESIAN_POINT('',(-0.0344006935748701,0.0932764252575347,-0.00956734399824314));
#19099=CARTESIAN_POINT('',(-0.0344542492125798,0.0932764252575347,-0.00937464788082118));
#19100=CARTESIAN_POINT('',(-0.0348080594566487,0.0932764252575347,-0.00795869251040884));
#19101=CARTESIAN_POINT('',(-0.0347634470195081,0.0932764252575347,-0.00815365335379121));
#19102=CARTESIAN_POINT('',(-0.0346229322162317,0.0932764252575347,-0.0087677171958569));
#19103=CARTESIAN_POINT('',(0.,-0.009,2.19862842301229E-18));
#19104=CARTESIAN_POINT('',(0.,-0.009,2.19862842301229E-18));
#19105=CARTESIAN_POINT('',(-0.0340108552630344,-0.009,-0.0115119956870969));
#19106=CARTESIAN_POINT('',(0.,0.,2.19862842301229E-18));
#19107=CARTESIAN_POINT('',(-0.0339101577467215,-0.009,-0.0118053175313193));
#19108=CARTESIAN_POINT('',(-0.0338214131335768,0.0932764252575347,-0.011447873307333));
#19109=CARTESIAN_POINT('',(-0.0338855026454687,0.0932764252575347,-0.0112584200559346));
#19110=CARTESIAN_POINT('',(-0.0343167774446162,0.0932764252575347,-0.00986410540442009));
#19111=CARTESIAN_POINT('',(-0.0342614927945092,0.0932764252575347,-0.0100563126037195));
#19112=CARTESIAN_POINT('',(-0.0340873639588776,0.0932764252575347,-0.0106617033541228));
#19113=CARTESIAN_POINT('',(0.,-0.009,2.19862842301229E-18));
#19114=CARTESIAN_POINT('',(0.,-0.009,2.19862842301229E-18));
#19115=CARTESIAN_POINT('',(-0.0333250402786001,-0.009,-0.0133680967550543));
#19116=CARTESIAN_POINT('',(0.,0.,2.19862842301229E-18));
#19117=CARTESIAN_POINT('',(-0.0332083372263492,-0.009,-0.0136554259942295));
#19118=CARTESIAN_POINT('',(-0.0331394181721927,0.0932764252575347,-0.0132936358014415));
#19119=CARTESIAN_POINT('',(-0.0332138469205258,0.0932764252575347,-0.0131080007793644));
#19120=CARTESIAN_POINT('',(-0.0337212765073613,0.0932764252575347,-0.011739561334518));
#19121=CARTESIAN_POINT('',(-0.0336554875419533,0.0932764252575347,-0.0119284311627875));
#19122=CARTESIAN_POINT('',(-0.0334482734975173,0.0932764252575347,-0.0125233102697165));
#19123=CARTESIAN_POINT('',(0.,-0.009,2.19862842301229E-18));
#19124=CARTESIAN_POINT('',(0.,-0.009,2.19862842301229E-18));
#19125=CARTESIAN_POINT('',(-0.0325380182421214,-0.009,-0.0151835993525311));
#19126=CARTESIAN_POINT('',(0.,0.,2.19862842301229E-18));
#19127=CARTESIAN_POINT('',(-0.0324056640772667,-0.009,-0.0154640633772031));
#19128=CARTESIAN_POINT('',(-0.0323567798870008,0.0932764252575347,-0.0150990259605381));
#19129=CARTESIAN_POINT('',(-0.0324413218341124,0.0932764252575347,-0.0149177729352432));
#19130=CARTESIAN_POINT('',(-0.0330233651616584,0.0932764252575347,-0.0135793646026829));
#19131=CARTESIAN_POINT('',(-0.0329472716798751,0.0932764252575347,-0.0137643234684614));
#19132=CARTESIAN_POINT('',(-0.032707601728877,0.0932764252575347,-0.0143468843036202));
#19133=CARTESIAN_POINT('',(0.,-0.009,2.19862842301229E-18));
#19134=CARTESIAN_POINT('',(0.,-0.009,2.19862842301229E-18));
#19135=CARTESIAN_POINT('',(-0.0316521793136567,-0.009,-0.0169529898578079));
#19136=CARTESIAN_POINT('',(0.,0.,2.19862842301229E-18));
#19137=CARTESIAN_POINT('',(-0.0315045759914466,-0.009,-0.0172257369079518));
#19138=CARTESIAN_POINT('',(-0.0314758751247506,0.0932764252575347,-0.0168585608740467));
#19139=CARTESIAN_POINT('',(-0.031570273519526,0.0932764252575347,-0.0166822403050146));
#19140=CARTESIAN_POINT('',(-0.0322251629413262,0.0932764252575347,-0.0153779277868573));
#19141=CARTESIAN_POINT('',(-0.0321389960365709,0.0932764252575347,-0.0155584139761486));
#19142=CARTESIAN_POINT('',(-0.0318675980487749,0.0932764252575347,-0.0161268873214275));
#19143=CARTESIAN_POINT('',(0.,-0.009,2.19862842301229E-18));
#19144=CARTESIAN_POINT('',(0.,-0.009,2.19862842301229E-18));
#19145=CARTESIAN_POINT('',(-0.0306702137569167,-0.009,-0.0186708946900742));
#19146=CARTESIAN_POINT('',(0.,0.,2.19862842301229E-18));
#19147=CARTESIAN_POINT('',(-0.0305078095437899,-0.009,-0.018935096441863));
#19148=CARTESIAN_POINT('',(-0.0304993791642524,0.0932764252575347,-0.0185668968922649));
#19149=CARTESIAN_POINT('',(-0.0306033473218692,0.0932764252575347,-0.0183960442592687));
#19150=CARTESIAN_POINT('',(-0.031329093960274,0.0932764252575347,-0.0171297887097639));
#19151=CARTESIAN_POINT('',(-0.0312331153186042,0.0932764252575347,-0.0173052540919429));
#19152=CARTESIAN_POINT('',(-0.0309308135207794,0.0932764252575347,-0.0178579135124761));
#19153=CARTESIAN_POINT('',(0.,-0.009,2.19862842301229E-18));
#19154=CARTESIAN_POINT('',(0.,-0.009,2.19862842301229E-18));
#19155=CARTESIAN_POINT('',(-0.0295951037690238,-0.009,-0.0203320966288162));
#19156=CARTESIAN_POINT('',(0.,0.,2.19862842301229E-18));
#19157=CARTESIAN_POINT('',(-0.0294183918812376,-0.009,-0.0205869507102131));
#19158=CARTESIAN_POINT('',(-0.0294302575916442,0.0932764252575347,-0.0202188458548528));
#19159=CARTESIAN_POINT('',(-0.029543479764225,0.0932764252575347,-0.0200539800317235));
#19160=CARTESIAN_POINT('',(-0.0303378795505461,0.0932764252575347,-0.0188296270273573));
#19161=CARTESIAN_POINT('',(-0.0302323806559423,0.0932764252575347,-0.0189995387198253));
#19162=CARTESIAN_POINT('',(-0.0299000931287128,0.0932764252575347,-0.0195347058071168));
#19163=CARTESIAN_POINT('',(0.,-0.009,2.19862842301229E-18));
#19164=CARTESIAN_POINT('',(0.,-0.009,2.19862842301229E-18));
#19165=CARTESIAN_POINT('',(-0.0284301144236757,-0.009,-0.0219315506583441));
#19166=CARTESIAN_POINT('',(0.,0.,2.19862842301229E-18));
#19167=CARTESIAN_POINT('',(-0.0282396315294254,-0.009,-0.0221762830858801));
#19168=CARTESIAN_POINT('',(-0.0282717572940037,0.0932764252575347,-0.0218093908471048));
#19169=CARTESIAN_POINT('',(-0.0283938896295314,0.0932764252575347,-0.0216510125259287));
#19170=CARTESIAN_POINT('',(-0.0292545299977272,0.0932764252575347,-0.020472280386535));
#19171=CARTESIAN_POINT('',(-0.0291398312468648,0.0932764252575347,-0.0206361223730666));
#19172=CARTESIAN_POINT('',(-0.0287785671365298,0.0932764252575347,-0.0211521718422613));
#19173=CARTESIAN_POINT('',(0.,-0.009,2.19862842301229E-18));
#19174=CARTESIAN_POINT('',(0.,-0.009,2.19862842301229E-18));
#19175=CARTESIAN_POINT('',(-0.0271787837552251,-0.009,-0.0234643992893388));
#19176=CARTESIAN_POINT('',(0.,0.,2.19862842301229E-18));
#19177=CARTESIAN_POINT('',(-0.0269751083448,-0.009,-0.023698266818675));
#19178=CARTESIAN_POINT('',(-0.0270273965986588,0.0932764252575347,-0.0233337014361553));
#19179=CARTESIAN_POINT('',(-0.0271580681852446,0.0932764252575347,-0.0231822916066885));
#19180=CARTESIAN_POINT('',(-0.028082335398803,0.0932764252575347,-0.0220527601030338));
#19181=CARTESIAN_POINT('',(-0.0279587851280187,0.0932764252575347,-0.0222100348009007));
#19182=CARTESIAN_POINT('',(-0.0275696415818077,0.0932764252575347,-0.0227053994267215));
#19183=CARTESIAN_POINT('',(0.,-0.009,2.19862842301229E-18));
#19184=CARTESIAN_POINT('',(0.,-0.009,2.19862842301229E-18));
#19185=CARTESIAN_POINT('',(-0.0258449120137849,-0.009,-0.0249259873108876));
#19186=CARTESIAN_POINT('',(0.,0.,2.19862842301229E-18));
#19187=CARTESIAN_POINT('',(-0.0256286626427124,-0.009,-0.0251482796940238));
#19188=CARTESIAN_POINT('',(-0.0257009545881433,0.0932764252575347,-0.0247871483408444));
#19189=CARTESIAN_POINT('',(-0.0258397685804733,0.0932764252575347,-0.0246431668297628));
#19190=CARTESIAN_POINT('',(-0.0268248556702445,0.0932764252575347,-0.0235662663118997));
#19191=CARTESIAN_POINT('',(-0.0266928290976499,0.0932764252575347,-0.0237164960830135));
#19192=CARTESIAN_POINT('',(-0.0262769879317229,0.0932764252575347,-0.0241896714593727));
#19193=CARTESIAN_POINT('',(0.,-0.009,2.19862842301229E-18));
#19194=CARTESIAN_POINT('',(0.,-0.009,2.19862842301229E-18));
#19195=CARTESIAN_POINT('',(-0.024432550123994,-0.009,-0.0263118759282065));
#19196=CARTESIAN_POINT('',(0.,0.,2.19862842301229E-18));
#19197=CARTESIAN_POINT('',(-0.0242043835345067,-0.009,-0.0265219180704811));
#19198=CARTESIAN_POINT('',(-0.0242964596232473,0.0932764252575347,-0.0261653174906925));
#19199=CARTESIAN_POINT('',(-0.0244429944477894,0.0932764252575347,-0.0260292015651129));
#19200=CARTESIAN_POINT('',(-0.0254859097366582,0.0932764252575347,-0.0250082025445201));
#19201=CARTESIAN_POINT('',(-0.025345807822615,0.0932764252575347,-0.0251509311460035));
#19202=CARTESIAN_POINT('',(-0.0249045319329256,0.0932764252575347,-0.0256004802548349));
#19203=CARTESIAN_POINT('',(0.,-0.009,2.19862842301229E-18));
#19204=CARTESIAN_POINT('',(0.,-0.009,2.19862842301229E-18));
#19205=CARTESIAN_POINT('',(-0.0229459873824923,-0.009,-0.0276178562431141));
#19206=CARTESIAN_POINT('',(0.,0.,2.19862842301229E-18));
#19207=CARTESIAN_POINT('',(-0.0227065965090232,-0.009,-0.0278150102534445));
#19208=CARTESIAN_POINT('',(-0.0228181771090184,0.0932764252575347,-0.0274640234312872));
#19209=CARTESIAN_POINT('',(-0.0229719877443265,0.0932764252575347,-0.0273361864708019));
#19210=CARTESIAN_POINT('',(-0.0240695639328376,0.0932764252575347,-0.0263741896879481));
#19211=CARTESIAN_POINT('',(-0.0239218121622541,0.0932764252575347,-0.0265089836577295));
#19212=CARTESIAN_POINT('',(-0.0234564416891761,0.0932764252575347,-0.0269335412331647));
#19213=CARTESIAN_POINT('',(0.,-0.009,2.19862842301229E-18));
#19214=CARTESIAN_POINT('',(0.,-0.009,2.19862842301229E-18));
#19215=CARTESIAN_POINT('',(-0.0213897384314672,-0.009,-0.0288399620363173));
#19216=CARTESIAN_POINT('',(0.,0.,2.19862842301229E-18));
#19217=CARTESIAN_POINT('',(-0.0211398502962313,-0.009,-0.0290236291644539));
#19218=CARTESIAN_POINT('',(-0.0212705965408661,0.0932764252575347,-0.0286793220353711));
#19219=CARTESIAN_POINT('',(-0.0214312158690958,0.0932764252575347,-0.0285601522766275));
#19220=CARTESIAN_POINT('',(-0.0225801196544386,0.0932764252575347,-0.0276600792841247));
#19221=CARTESIAN_POINT('',(-0.0224251667445858,0.0932764252575347,-0.027786529257348));
#19222=CARTESIAN_POINT('',(-0.0219371150029508,0.0932764252575347,-0.0281848059319842));
#19223=CARTESIAN_POINT('',(0.,-0.009,2.19862842301229E-18));
#19224=CARTESIAN_POINT('',(0.,-0.009,2.19862842301229E-18));
#19225=CARTESIAN_POINT('',(-0.0197685295478344,-0.009,-0.0299744818126887));
#19226=CARTESIAN_POINT('',(0.,0.,2.19862842301229E-18));
#19227=CARTESIAN_POINT('',(-0.0195089030528853,-0.009,-0.0301441042675998));
#19228=CARTESIAN_POINT('',(-0.019658417870112,0.0932764252575347,-0.0298075224810263));
#19229=CARTESIAN_POINT('',(-0.0198253580956427,0.0932764252575347,-0.029697381838665));
#19230=CARTESIAN_POINT('',(-0.0210221002947814,0.0932764252575347,-0.0288619661286091));
#19231=CARTESIAN_POINT('',(-0.020860416832554,0.0932764252575347,-0.0289796880808617));
#19232=CARTESIAN_POINT('',(-0.0203511660194607,0.0932764252575347,-0.0293504743015279));
#19233=CARTESIAN_POINT('',(0.,-0.009,2.19862842301229E-18));
#19234=CARTESIAN_POINT('',(0.,-0.009,2.19862842301229E-18));
#19235=CARTESIAN_POINT('',(-0.0180872842896899,-0.009,-0.0310179700729552));
#19236=CARTESIAN_POINT('',(0.,0.,2.19862842301229E-18));
#19237=CARTESIAN_POINT('',(-0.0178187079121598,-0.009,-0.0311730327168202));
#19238=CARTESIAN_POINT('',(-0.0179865372303924,0.0932764252575347,-0.0308451984605795));
#19239=CARTESIAN_POINT('',(-0.0181592913612458,0.0932764252575347,-0.0307444214281115));
#19240=CARTESIAN_POINT('',(-0.0194002375074547,0.0932764252575347,-0.0299762001305565));
#19241=CARTESIAN_POINT('',(-0.0192323145202134,0.0932764252575347,-0.0300848365441384));
#19242=CARTESIAN_POINT('',(-0.0187034112136437,0.0932764252575347,-0.0304270062452691));
#19243=CARTESIAN_POINT('',(0.,-0.009,2.19862842301229E-18));
#19244=CARTESIAN_POINT('',(0.,-0.009,2.19862842301229E-18));
#19245=CARTESIAN_POINT('',(-0.0163511085436257,-0.009,-0.0319672577775664));
#19246=CARTESIAN_POINT('',(0.,0.,2.19862842301229E-18));
#19247=CARTESIAN_POINT('',(-0.0160743979411458,-0.009,-0.0321072896902323));
#19248=CARTESIAN_POINT('',(-0.016260032068261,0.0932764252575347,-0.0317891985861857));
#19249=CARTESIAN_POINT('',(-0.0164380754558196,0.0932764252575347,-0.0316980912201463));
#19250=CARTESIAN_POINT('',(-0.0177194568364383,0.0932764252575347,-0.0309993973979241));
#19251=CARTESIAN_POINT('',(-0.0175458043007762,0.0932764252575347,-0.0310986183476179));
#19252=CARTESIAN_POINT('',(-0.0169988547626891,0.0932764252575347,-0.0314111323710767));
#19253=CARTESIAN_POINT('',(0.,-0.009,2.19862842301229E-18));
#19254=CARTESIAN_POINT('',(0.,-0.009,2.19862842301229E-18));
#19255=CARTESIAN_POINT('',(-0.0145652750183204,-0.009,-0.0328194619709632));
#19256=CARTESIAN_POINT('',(0.,0.,2.19862842301229E-18));
#19257=CARTESIAN_POINT('',(-0.014281270551896,-0.009,-0.0329440378801135));
#19258=CARTESIAN_POINT('',(-0.0144841457231508,0.0932764252575347,-0.0326366559604896));
#19259=CARTESIAN_POINT('',(-0.0146669376554983,0.0932764252575347,-0.0325554949509551));
#19260=CARTESIAN_POINT('',(-0.0159848627573885,0.0932764252575347,-0.0319284505142401));
#19261=CARTESIAN_POINT('',(-0.0158060080503492,0.0932764252575347,-0.0320179546692826));
#19262=CARTESIAN_POINT('',(-0.0152426733485152,0.0932764252575347,-0.0322998639202515));
#19263=CARTESIAN_POINT('',(0.,-0.009,2.19862842301229E-18));
#19264=CARTESIAN_POINT('',(0.,-0.009,2.19862842301229E-18));
#19265=CARTESIAN_POINT('',(-0.012735207231496,-0.009,-0.0335719945370194));
#19266=CARTESIAN_POINT('',(0.,0.,2.19862842301229E-18));
#19267=CARTESIAN_POINT('',(-0.0124447714133573,-0.009,-0.0336807361097125));
#19268=CARTESIAN_POINT('',(-0.0126642715035244,0.0932764252575347,-0.0333849968832984));
#19269=CARTESIAN_POINT('',(-0.01285125684757,0.0932764252575347,-0.0333140287135874));
#19270=CARTESIAN_POINT('',(-0.0142017231755132,0.0932764252575347,-0.032760537975725));
#19271=CARTESIAN_POINT('',(-0.0140182094729635,0.0932764252575347,-0.032840053514939));
#19272=CARTESIAN_POINT('',(-0.0134402004363573,0.0932764252575347,-0.0330905018442882));
#19273=CARTESIAN_POINT('',(0.,-0.009,2.19862842301229E-18));
#19274=CARTESIAN_POINT('',(0.,-0.009,2.19862842301229E-18));
#19275=CARTESIAN_POINT('',(-0.0108664630388729,-0.009,-0.0342225700590651));
#19276=CARTESIAN_POINT('',(0.,0.,2.19862842301229E-18));
#19277=CARTESIAN_POINT('',(-0.010570477913054,-0.009,-0.0343151470507186));
#19278=CARTESIAN_POINT('',(-0.0108059363075738,0.0932764252575347,-0.0340319486678251));
#19279=CARTESIAN_POINT('',(-0.0109965471949732,0.0932764252575347,-0.0339713888659363));
#19280=CARTESIAN_POINT('',(-0.0123754534271166,0.0932764252575347,-0.0334931327601061));
#19281=CARTESIAN_POINT('',(-0.0121878380541397,0.0932764252575347,-0.0335624181974125));
#19282=CARTESIAN_POINT('',(-0.0115969100772082,0.0932764252575347,-0.0337806450017972));
#19283=CARTESIAN_POINT('',(0.,-0.009,2.19862842301229E-18));
#19284=CARTESIAN_POINT('',(0.,-0.009,2.19862842301229E-18));
#19285=CARTESIAN_POINT('',(-0.00896471775514478,-0.009,-0.034769212760622));
#19286=CARTESIAN_POINT('',(0.,0.,2.19862842301229E-18));
#19287=CARTESIAN_POINT('',(-0.00866408221874479,-0.009,-0.0348453440179551));
#19288=CARTESIAN_POINT('',(-0.0089147838382119,0.0932764252575347,-0.0345755465427632));
#19289=CARTESIAN_POINT('',(-0.00910844138996477,0.0932764252575347,-0.0345255790268246));
#19290=CARTESIAN_POINT('',(-0.0105115998334013,0.0932764252575347,-0.0341240100011014));
#19291=CARTESIAN_POINT('',(-0.0103204525717187,0.0932764252575347,-0.034182854918904));
#19292=CARTESIAN_POINT('',(-0.00971840028330612,0.0932764252575347,-0.0343681974506918));
#19293=CARTESIAN_POINT('',(0.,-0.009,2.19862842301229E-18));
#19294=CARTESIAN_POINT('',(0.,-0.009,2.19862842301229E-18));
#19295=CARTESIAN_POINT('',(-0.0070357469182344,-0.009,-0.0352102625057718));
#19296=CARTESIAN_POINT('',(0.,0.,2.19862842301229E-18));
#19297=CARTESIAN_POINT('',(-0.00673137399149643,-0.009,-0.0352697168206581));
#19298=CARTESIAN_POINT('',(-0.00699655746333223,0.0932764252575347,-0.0350141396192327));
#19299=CARTESIAN_POINT('',(-0.0071926735478188,0.0932764252575347,-0.034974916138948));
#19300=CARTESIAN_POINT('',(-0.00861582285647293,0.0932764252575347,-0.0346512537452645));
#19301=CARTESIAN_POINT('',(-0.00842172421403587,0.0932764252575347,-0.0346994794334822));
#19302=CARTESIAN_POINT('',(-0.00781037602715469,0.0932764252575347,-0.0348513748134955));
#19303=CARTESIAN_POINT('',(0.,-0.009,2.19862842301229E-18));
#19304=CARTESIAN_POINT('',(0.,-0.009,2.19862842301229E-18));
#19305=CARTESIAN_POINT('',(-0.00508540874917463,-0.009,-0.0355443798409344));
#19306=CARTESIAN_POINT('',(0.,0.,2.19862842301229E-18));
#19307=CARTESIAN_POINT('',(-0.00477822280267348,-0.009,-0.0355869766525736));
#19308=CARTESIAN_POINT('',(-0.00505708277338969,0.0932764252575347,-0.0353463959044754));
#19309=CARTESIAN_POINT('',(-0.00525506179250705,0.0932764252575347,-0.035318035580265));
#19310=CARTESIAN_POINT('',(-0.0066938799087025,0.0932764252575347,-0.0350732627706733));
#19311=CARTESIAN_POINT('',(-0.00649741935670876,0.0932764252575347,-0.035110722769476));
#19312=CARTESIAN_POINT('',(-0.00587863191570955,0.0932764252575347,-0.0352287096964379));
#19313=CARTESIAN_POINT('',(0.,-0.009,2.19862842301229E-18));
#19314=CARTESIAN_POINT('',(0.,-0.009,2.19862842301229E-18));
#19315=CARTESIAN_POINT('',(-0.00311962636088389,-0.009,-0.0357705500627441));
#19316=CARTESIAN_POINT('',(0.,0.,2.19862842301229E-18));
#19317=CARTESIAN_POINT('',(-0.00281056030824291,-0.009,-0.0357961600060194));
#19318=CARTESIAN_POINT('',(-0.00310224988927366,0.0932764252575347,-0.0355713063470732));
#19319=CARTESIAN_POINT('',(-0.00330149058724766,0.0932764252575347,-0.0355538953083097));
#19320=CARTESIAN_POINT('',(-0.00475160786765463,0.0932764252575347,-0.0353887554497876));
#19321=CARTESIAN_POINT('',(-0.00455338205034362,0.0932764252575347,-0.0354153359943901));
#19322=CARTESIAN_POINT('',(-0.00392903459234724,0.0932764252575347,-0.0354990561458814));
#19323=CARTESIAN_POINT('',(0.,-0.009,2.19862842301229E-18));
#19324=CARTESIAN_POINT('',(0.,-0.009,2.19862842301229E-18));
#19325=CARTESIAN_POINT('',(-0.00114436976986676,-0.009,-0.0358880862996709));
#19326=CARTESIAN_POINT('',(0.,0.,2.19862842301229E-18));
#19327=CARTESIAN_POINT('',(-0.000834362234529868,-0.009,-0.035896631598026));
#19328=CARTESIAN_POINT('',(-0.00113799557420441,0.0932764252575347,-0.035688187901404));
#19329=CARTESIAN_POINT('',(-0.00133789286358366,0.0932764252575347,-0.0356817790248399));
#19330=CARTESIAN_POINT('',(-0.00279490534968205,0.0932764252575347,-0.0355967736417101));
#19331=CARTESIAN_POINT('',(-0.00259551627234593,0.0932764252575347,-0.0356123940078721));
#19332=CARTESIAN_POINT('',(-0.0019675049200621,0.0932764252575347,-0.0356615931285443));
#19333=CARTESIAN_POINT('',(0.,-0.009,2.19862842301229E-18));
#19334=CARTESIAN_POINT('',(0.,-0.009,2.19862842301229E-18));
#19335=CARTESIAN_POINT('',(0.000834362234529883,-0.009,-0.035896631598026));
#19336=CARTESIAN_POINT('',(0.,0.,2.19862842301229E-18));
#19337=CARTESIAN_POINT('',(0.00114436976986677,-0.009,-0.0358880862996709));
#19338=CARTESIAN_POINT('',(0.000829714796021622,0.0932764252575347,-0.0356966856020288));
#19339=CARTESIAN_POINT('',(0.000629767996735005,0.0932764252575347,-0.0357012983512116));
#19340=CARTESIAN_POINT('',(-0.000829714796021607,0.0932764252575347,-0.0356966856020288));
#19341=CARTESIAN_POINT('',(-0.000629767996734991,0.0932764252575347,-0.0357012983512116));
#19342=CARTESIAN_POINT('',(7.40969340746023E-18,0.0932764252575347,-0.0357158270249522));
#19343=CARTESIAN_POINT('',(0.,-0.009,2.19862842301229E-18));
#19344=CARTESIAN_POINT('',(0.,-0.009,2.19862842301229E-18));
#19345=CARTESIAN_POINT('',(0.00281056030824293,-0.009,-0.0357961600060194));
#19346=CARTESIAN_POINT('',(0.,0.,2.19862842301229E-18));
#19347=CARTESIAN_POINT('',(0.00311962636088391,-0.009,-0.0357705500627441));
#19348=CARTESIAN_POINT('',(0.00279490534968206,0.0932764252575347,-0.0355967736417101));
#19349=CARTESIAN_POINT('',(0.00259551627234594,0.0932764252575347,-0.0356123940078721));
#19350=CARTESIAN_POINT('',(0.00113799557420442,0.0932764252575347,-0.035688187901404));
#19351=CARTESIAN_POINT('',(0.00133789286358367,0.0932764252575347,-0.0356817790248399));
#19352=CARTESIAN_POINT('',(0.00196750492006211,0.0932764252575347,-0.0356615931285442));
#19353=CARTESIAN_POINT('',(0.,-0.009,2.19862842301229E-18));
#19354=CARTESIAN_POINT('',(0.,-0.009,2.19862842301229E-18));
#19355=CARTESIAN_POINT('',(0.0047782228026735,-0.009,-0.0355869766525736));
#19356=CARTESIAN_POINT('',(0.,0.,2.19862842301229E-18));
#19357=CARTESIAN_POINT('',(0.00508540874917465,-0.009,-0.0355443798409344));
#19358=CARTESIAN_POINT('',(0.00475160786765465,0.0932764252575347,-0.0353887554497876));
#19359=CARTESIAN_POINT('',(0.00455338205034364,0.0932764252575347,-0.0354153359943901));
#19360=CARTESIAN_POINT('',(0.00310224988927368,0.0932764252575347,-0.0355713063470732));
#19361=CARTESIAN_POINT('',(0.00330149058724767,0.0932764252575347,-0.0355538953083097));
#19362=CARTESIAN_POINT('',(0.00392903459234725,0.0932764252575347,-0.0354990561458814));
#19363=CARTESIAN_POINT('',(0.,-0.009,2.19862842301229E-18));
#19364=CARTESIAN_POINT('',(0.,-0.009,2.19862842301229E-18));
#19365=CARTESIAN_POINT('',(0.00673137399149644,-0.009,-0.0352697168206581));
#19366=CARTESIAN_POINT('',(0.,0.,2.19862842301229E-18));
#19367=CARTESIAN_POINT('',(0.00703574691823441,-0.009,-0.0352102625057718));
#19368=CARTESIAN_POINT('',(0.00669387990870251,0.0932764252575347,-0.0350732627706733));
#19369=CARTESIAN_POINT('',(0.00649741935670878,0.0932764252575347,-0.035110722769476));
#19370=CARTESIAN_POINT('',(0.00505708277338971,0.0932764252575347,-0.0353463959044754));
#19371=CARTESIAN_POINT('',(0.00525506179250707,0.0932764252575347,-0.035318035580265));
#19372=CARTESIAN_POINT('',(0.00587863191570957,0.0932764252575347,-0.0352287096964379));
#19373=CARTESIAN_POINT('',(0.,-0.009,2.19862842301229E-18));
#19374=CARTESIAN_POINT('',(0.,-0.009,2.19862842301229E-18));
#19375=CARTESIAN_POINT('',(0.0086640822187448,-0.009,-0.0348453440179551));
#19376=CARTESIAN_POINT('',(0.,0.,2.19862842301229E-18));
#19377=CARTESIAN_POINT('',(0.0089647177551448,-0.009,-0.034769212760622));
#19378=CARTESIAN_POINT('',(0.00861582285647294,0.0932764252575347,-0.0346512537452645));
#19379=CARTESIAN_POINT('',(0.00842172421403589,0.0932764252575347,-0.0346994794334822));
#19380=CARTESIAN_POINT('',(0.00699655746333224,0.0932764252575347,-0.0350141396192327));
#19381=CARTESIAN_POINT('',(0.00719267354781881,0.0932764252575347,-0.034974916138948));
#19382=CARTESIAN_POINT('',(0.00781037602715471,0.0932764252575347,-0.0348513748134955));
#19383=CARTESIAN_POINT('',(0.,-0.009,2.19862842301229E-18));
#19384=CARTESIAN_POINT('',(0.,-0.009,2.19862842301229E-18));
#19385=CARTESIAN_POINT('',(0.010570477913054,-0.009,-0.0343151470507186));
#19386=CARTESIAN_POINT('',(0.,0.,2.19862842301229E-18));
#19387=CARTESIAN_POINT('',(0.0108664630388729,-0.009,-0.0342225700590651));
#19388=CARTESIAN_POINT('',(0.0105115998334013,0.0932764252575347,-0.0341240100011014));
#19389=CARTESIAN_POINT('',(0.0103204525717187,0.0932764252575347,-0.034182854918904));
#19390=CARTESIAN_POINT('',(0.00891478383821191,0.0932764252575347,-0.0345755465427632));
#19391=CARTESIAN_POINT('',(0.00910844138996478,0.0932764252575347,-0.0345255790268246));
#19392=CARTESIAN_POINT('',(0.00971840028330614,0.0932764252575347,-0.0343681974506918));
#19393=CARTESIAN_POINT('',(0.,-0.009,2.19862842301229E-18));
#19394=CARTESIAN_POINT('',(0.,-0.009,2.19862842301229E-18));
#19395=CARTESIAN_POINT('',(0.0124447714133573,-0.009,-0.0336807361097125));
#19396=CARTESIAN_POINT('',(0.,0.,2.19862842301229E-18));
#19397=CARTESIAN_POINT('',(0.012735207231496,-0.009,-0.0335719945370194));
#19398=CARTESIAN_POINT('',(0.0123754534271166,0.0932764252575347,-0.0334931327601061));
#19399=CARTESIAN_POINT('',(0.0121878380541397,0.0932764252575347,-0.0335624181974125));
#19400=CARTESIAN_POINT('',(0.0108059363075739,0.0932764252575347,-0.0340319486678251));
#19401=CARTESIAN_POINT('',(0.0109965471949732,0.0932764252575347,-0.0339713888659363));
#19402=CARTESIAN_POINT('',(0.0115969100772083,0.0932764252575347,-0.0337806450017972));
#19403=CARTESIAN_POINT('',(0.,-0.009,2.19862842301229E-18));
#19404=CARTESIAN_POINT('',(0.,-0.009,2.19862842301229E-18));
#19405=CARTESIAN_POINT('',(0.014281270551896,-0.009,-0.0329440378801135));
#19406=CARTESIAN_POINT('',(0.,0.,2.19862842301229E-18));
#19407=CARTESIAN_POINT('',(0.0145652750183204,-0.009,-0.0328194619709632));
#19408=CARTESIAN_POINT('',(0.0142017231755132,0.0932764252575347,-0.032760537975725));
#19409=CARTESIAN_POINT('',(0.0140182094729635,0.0932764252575347,-0.032840053514939));
#19410=CARTESIAN_POINT('',(0.0126642715035244,0.0932764252575347,-0.0333849968832984));
#19411=CARTESIAN_POINT('',(0.01285125684757,0.0932764252575347,-0.0333140287135874));
#19412=CARTESIAN_POINT('',(0.0134402004363573,0.0932764252575347,-0.0330905018442882));
#19413=CARTESIAN_POINT('',(0.,-0.009,2.19862842301229E-18));
#19414=CARTESIAN_POINT('',(0.,-0.009,2.19862842301229E-18));
#19415=CARTESIAN_POINT('',(0.0160743979411458,-0.009,-0.0321072896902323));
#19416=CARTESIAN_POINT('',(0.,0.,2.19862842301229E-18));
#19417=CARTESIAN_POINT('',(0.0163511085436257,-0.009,-0.0319672577775664));
#19418=CARTESIAN_POINT('',(0.0159848627573886,0.0932764252575347,-0.0319284505142401));
#19419=CARTESIAN_POINT('',(0.0158060080503492,0.0932764252575347,-0.0320179546692826));
#19420=CARTESIAN_POINT('',(0.0144841457231508,0.0932764252575347,-0.0326366559604896));
#19421=CARTESIAN_POINT('',(0.0146669376554983,0.0932764252575347,-0.0325554949509551));
#19422=CARTESIAN_POINT('',(0.0152426733485152,0.0932764252575347,-0.0322998639202515));
#19423=CARTESIAN_POINT('',(0.,-0.009,2.19862842301229E-18));
#19424=CARTESIAN_POINT('',(0.,-0.009,2.19862842301229E-18));
#19425=CARTESIAN_POINT('',(0.0178187079121598,-0.009,-0.0311730327168202));
#19426=CARTESIAN_POINT('',(0.,0.,2.19862842301229E-18));
#19427=CARTESIAN_POINT('',(0.0180872842896899,-0.009,-0.0310179700729552));
#19428=CARTESIAN_POINT('',(0.0177194568364383,0.0932764252575347,-0.0309993973979241));
#19429=CARTESIAN_POINT('',(0.0175458043007762,0.0932764252575347,-0.0310986183476179));
#19430=CARTESIAN_POINT('',(0.016260032068261,0.0932764252575347,-0.0317891985861857));
#19431=CARTESIAN_POINT('',(0.0164380754558196,0.0932764252575347,-0.0316980912201463));
#19432=CARTESIAN_POINT('',(0.0169988547626891,0.0932764252575347,-0.0314111323710767));
#19433=CARTESIAN_POINT('',(0.,-0.009,2.19862842301229E-18));
#19434=CARTESIAN_POINT('',(0.,-0.009,2.19862842301229E-18));
#19435=CARTESIAN_POINT('',(0.0195089030528854,-0.009,-0.0301441042675998));
#19436=CARTESIAN_POINT('',(0.,0.,2.19862842301229E-18));
#19437=CARTESIAN_POINT('',(0.0197685295478344,-0.009,-0.0299744818126887));
#19438=CARTESIAN_POINT('',(0.0194002375074547,0.0932764252575347,-0.0299762001305565));
#19439=CARTESIAN_POINT('',(0.0192323145202134,0.0932764252575347,-0.0300848365441384));
#19440=CARTESIAN_POINT('',(0.0179865372303924,0.0932764252575347,-0.0308451984605795));
#19441=CARTESIAN_POINT('',(0.0181592913612459,0.0932764252575347,-0.0307444214281115));
#19442=CARTESIAN_POINT('',(0.0187034112136437,0.0932764252575347,-0.0304270062452691));
#19443=CARTESIAN_POINT('',(0.,-0.009,2.19862842301229E-18));
#19444=CARTESIAN_POINT('',(0.,-0.009,2.19862842301229E-18));
#19445=CARTESIAN_POINT('',(0.0211398502962313,-0.009,-0.0290236291644539));
#19446=CARTESIAN_POINT('',(0.,0.,2.19862842301229E-18));
#19447=CARTESIAN_POINT('',(0.0213897384314672,-0.009,-0.0288399620363173));
#19448=CARTESIAN_POINT('',(0.0210221002947815,0.0932764252575347,-0.0288619661286091));
#19449=CARTESIAN_POINT('',(0.020860416832554,0.0932764252575347,-0.0289796880808616));
#19450=CARTESIAN_POINT('',(0.019658417870112,0.0932764252575347,-0.0298075224810263));
#19451=CARTESIAN_POINT('',(0.0198253580956427,0.0932764252575347,-0.029697381838665));
#19452=CARTESIAN_POINT('',(0.0203511660194607,0.0932764252575347,-0.0293504743015279));
#19453=CARTESIAN_POINT('',(0.,-0.009,2.19862842301229E-18));
#19454=CARTESIAN_POINT('',(0.,-0.009,2.19862842301229E-18));
#19455=CARTESIAN_POINT('',(0.0227065965090232,-0.009,-0.0278150102534445));
#19456=CARTESIAN_POINT('',(0.,0.,2.19862842301229E-18));
#19457=CARTESIAN_POINT('',(0.0229459873824923,-0.009,-0.0276178562431141));
#19458=CARTESIAN_POINT('',(0.0225801196544386,0.0932764252575347,-0.0276600792841247));
#19459=CARTESIAN_POINT('',(0.0224251667445858,0.0932764252575347,-0.027786529257348));
#19460=CARTESIAN_POINT('',(0.0212705965408661,0.0932764252575347,-0.0286793220353711));
#19461=CARTESIAN_POINT('',(0.0214312158690958,0.0932764252575347,-0.0285601522766275));
#19462=CARTESIAN_POINT('',(0.0219371150029508,0.0932764252575347,-0.0281848059319842));
#19463=CARTESIAN_POINT('',(0.,-0.009,2.19862842301229E-18));
#19464=CARTESIAN_POINT('',(0.,-0.009,2.19862842301229E-18));
#19465=CARTESIAN_POINT('',(0.0242043835345067,-0.009,-0.0265219180704811));
#19466=CARTESIAN_POINT('',(0.,0.,2.19862842301229E-18));
#19467=CARTESIAN_POINT('',(0.024432550123994,-0.009,-0.0263118759282065));
#19468=CARTESIAN_POINT('',(0.0240695639328376,0.0932764252575347,-0.0263741896879481));
#19469=CARTESIAN_POINT('',(0.0239218121622541,0.0932764252575347,-0.0265089836577295));
#19470=CARTESIAN_POINT('',(0.0228181771090184,0.0932764252575347,-0.0274640234312872));
#19471=CARTESIAN_POINT('',(0.0229719877443265,0.0932764252575347,-0.0273361864708019));
#19472=CARTESIAN_POINT('',(0.0234564416891761,0.0932764252575347,-0.0269335412331647));
#19473=CARTESIAN_POINT('',(0.,-0.009,2.19862842301229E-18));
#19474=CARTESIAN_POINT('',(0.,-0.009,2.19862842301229E-18));
#19475=CARTESIAN_POINT('',(0.0256286626427124,-0.009,-0.0251482796940238));
#19476=CARTESIAN_POINT('',(0.,0.,2.19862842301229E-18));
#19477=CARTESIAN_POINT('',(0.0258449120137849,-0.009,-0.0249259873108876));
#19478=CARTESIAN_POINT('',(0.0254859097366582,0.0932764252575347,-0.0250082025445201));
#19479=CARTESIAN_POINT('',(0.025345807822615,0.0932764252575347,-0.0251509311460035));
#19480=CARTESIAN_POINT('',(0.0242964596232473,0.0932764252575347,-0.0261653174906925));
#19481=CARTESIAN_POINT('',(0.0244429944477895,0.0932764252575347,-0.0260292015651129));
#19482=CARTESIAN_POINT('',(0.0249045319329256,0.0932764252575347,-0.0256004802548349));
#19483=CARTESIAN_POINT('',(0.,-0.009,2.19862842301229E-18));
#19484=CARTESIAN_POINT('',(0.,-0.009,2.19862842301229E-18));
#19485=CARTESIAN_POINT('',(0.0269751083448,-0.009,-0.023698266818675));
#19486=CARTESIAN_POINT('',(0.,0.,2.19862842301229E-18));
#19487=CARTESIAN_POINT('',(0.0271787837552251,-0.009,-0.0234643992893388));
#19488=CARTESIAN_POINT('',(0.0268248556702445,0.0932764252575347,-0.0235662663118997));
#19489=CARTESIAN_POINT('',(0.0266928290976499,0.0932764252575347,-0.0237164960830134));
#19490=CARTESIAN_POINT('',(0.0257009545881433,0.0932764252575347,-0.0247871483408444));
#19491=CARTESIAN_POINT('',(0.0258397685804733,0.0932764252575347,-0.0246431668297628));
#19492=CARTESIAN_POINT('',(0.0262769879317229,0.0932764252575347,-0.0241896714593727));
#19493=CARTESIAN_POINT('',(0.,-0.009,2.19862842301229E-18));
#19494=CARTESIAN_POINT('',(0.,-0.009,2.19862842301229E-18));
#19495=CARTESIAN_POINT('',(0.0282396315294254,-0.009,-0.0221762830858801));
#19496=CARTESIAN_POINT('',(0.,0.,2.19862842301229E-18));
#19497=CARTESIAN_POINT('',(0.0284301144236757,-0.009,-0.0219315506583441));
#19498=CARTESIAN_POINT('',(0.028082335398803,0.0932764252575347,-0.0220527601030338));
#19499=CARTESIAN_POINT('',(0.0279587851280187,0.0932764252575347,-0.0222100348009006));
#19500=CARTESIAN_POINT('',(0.0270273965986588,0.0932764252575347,-0.0233337014361552));
#19501=CARTESIAN_POINT('',(0.0271580681852446,0.0932764252575347,-0.0231822916066885));
#19502=CARTESIAN_POINT('',(0.0275696415818077,0.0932764252575347,-0.0227053994267215));
#19503=CARTESIAN_POINT('',(0.,-0.009,2.19862842301229E-18));
#19504=CARTESIAN_POINT('',(0.,-0.009,2.19862842301229E-18));
#19505=CARTESIAN_POINT('',(0.0294183918812376,-0.009,-0.0205869507102131));
#19506=CARTESIAN_POINT('',(0.,0.,2.19862842301229E-18));
#19507=CARTESIAN_POINT('',(0.0295951037690238,-0.009,-0.0203320966288162));
#19508=CARTESIAN_POINT('',(0.0292545299977272,0.0932764252575347,-0.020472280386535));
#19509=CARTESIAN_POINT('',(0.0291398312468648,0.0932764252575347,-0.0206361223730665));
#19510=CARTESIAN_POINT('',(0.0282717572940037,0.0932764252575347,-0.0218093908471047));
#19511=CARTESIAN_POINT('',(0.0283938896295314,0.0932764252575347,-0.0216510125259287));
#19512=CARTESIAN_POINT('',(0.0287785671365298,0.0932764252575347,-0.0211521718422613));
#19513=CARTESIAN_POINT('',(0.,-0.009,2.19862842301229E-18));
#19514=CARTESIAN_POINT('',(0.,-0.009,2.19862842301229E-18));
#19515=CARTESIAN_POINT('',(0.0305078095437899,-0.009,-0.018935096441863));
#19516=CARTESIAN_POINT('',(0.,0.,2.19862842301229E-18));
#19517=CARTESIAN_POINT('',(0.0306702137569168,-0.009,-0.0186708946900742));
#19518=CARTESIAN_POINT('',(0.0303378795505461,0.0932764252575347,-0.0188296270273572));
#19519=CARTESIAN_POINT('',(0.0302323806559423,0.0932764252575347,-0.0189995387198253));
#19520=CARTESIAN_POINT('',(0.0294302575916442,0.0932764252575347,-0.0202188458548528));
#19521=CARTESIAN_POINT('',(0.029543479764225,0.0932764252575347,-0.0200539800317235));
#19522=CARTESIAN_POINT('',(0.0299000931287129,0.0932764252575347,-0.0195347058071168));
#19523=CARTESIAN_POINT('',(0.,-0.009,2.19862842301229E-18));
#19524=CARTESIAN_POINT('',(0.,-0.009,2.19862842301229E-18));
#19525=CARTESIAN_POINT('',(0.0315045759914466,-0.009,-0.0172257369079518));
#19526=CARTESIAN_POINT('',(0.,0.,2.19862842301229E-18));
#19527=CARTESIAN_POINT('',(0.0316521793136567,-0.009,-0.0169529898578079));
#19528=CARTESIAN_POINT('',(0.031329093960274,0.0932764252575347,-0.0171297887097638));
#19529=CARTESIAN_POINT('',(0.0312331153186042,0.0932764252575347,-0.0173052540919428));
#19530=CARTESIAN_POINT('',(0.0304993791642524,0.0932764252575347,-0.0185668968922649));
#19531=CARTESIAN_POINT('',(0.0306033473218692,0.0932764252575347,-0.0183960442592687));
#19532=CARTESIAN_POINT('',(0.0309308135207794,0.0932764252575347,-0.0178579135124761));
#19533=CARTESIAN_POINT('',(0.,-0.009,2.19862842301229E-18));
#19534=CARTESIAN_POINT('',(0.,-0.009,2.19862842301229E-18));
#19535=CARTESIAN_POINT('',(0.0324056640772667,-0.009,-0.0154640633772031));
#19536=CARTESIAN_POINT('',(0.,0.,2.19862842301229E-18));
#19537=CARTESIAN_POINT('',(0.0325380182421214,-0.009,-0.015183599352531));
#19538=CARTESIAN_POINT('',(0.0322251629413263,0.0932764252575347,-0.0153779277868573));
#19539=CARTESIAN_POINT('',(0.032138996036571,0.0932764252575347,-0.0155584139761486));
#19540=CARTESIAN_POINT('',(0.0314758751247506,0.0932764252575347,-0.0168585608740467));
#19541=CARTESIAN_POINT('',(0.031570273519526,0.0932764252575347,-0.0166822403050146));
#19542=CARTESIAN_POINT('',(0.0318675980487749,0.0932764252575347,-0.0161268873214275));
#19543=CARTESIAN_POINT('',(0.,-0.009,2.19862842301229E-18));
#19544=CARTESIAN_POINT('',(0.,-0.009,2.19862842301229E-18));
#19545=CARTESIAN_POINT('',(0.0332083372263492,-0.009,-0.0136554259942295));
#19546=CARTESIAN_POINT('',(0.,0.,2.19862842301229E-18));
#19547=CARTESIAN_POINT('',(0.0333250402786001,-0.009,-0.0133680967550543));
#19548=CARTESIAN_POINT('',(0.0330233651616584,0.0932764252575347,-0.0135793646026829));
#19549=CARTESIAN_POINT('',(0.0329472716798751,0.0932764252575347,-0.0137643234684614));
#19550=CARTESIAN_POINT('',(0.0323567798870008,0.0932764252575347,-0.0150990259605381));
#19551=CARTESIAN_POINT('',(0.0324413218341124,0.0932764252575347,-0.0149177729352432));
#19552=CARTESIAN_POINT('',(0.032707601728877,0.0932764252575347,-0.0143468843036201));
#19553=CARTESIAN_POINT('',(0.,-0.009,2.19862842301229E-18));
#19554=CARTESIAN_POINT('',(0.,-0.009,2.19862842301229E-18));
#19555=CARTESIAN_POINT('',(0.0339101577467215,-0.009,-0.0118053175313193));
#19556=CARTESIAN_POINT('',(0.,0.,2.19862842301229E-18));
#19557=CARTESIAN_POINT('',(0.0340108552630344,-0.009,-0.0115119956870969));
#19558=CARTESIAN_POINT('',(0.0337212765073613,0.0932764252575347,-0.011739561334518));
#19559=CARTESIAN_POINT('',(0.0336554875419533,0.0932764252575347,-0.0119284311627875));
#19560=CARTESIAN_POINT('',(0.0331394181721927,0.0932764252575347,-0.0132936358014415));
#19561=CARTESIAN_POINT('',(0.0332138469205258,0.0932764252575347,-0.0131080007793644));
#19562=CARTESIAN_POINT('',(0.0334482734975173,0.0932764252575347,-0.0125233102697165));
#19563=CARTESIAN_POINT('',(0.,-0.009,2.19862842301229E-18));
#19564=CARTESIAN_POINT('',(0.,-0.009,2.19862842301229E-18));
#19565=CARTESIAN_POINT('',(0.0345089942325296,-0.009,-0.00991935670706751));
#19566=CARTESIAN_POINT('',(0.,0.,2.19862842301229E-18));
#19567=CARTESIAN_POINT('',(0.0345933803978571,-0.009,-0.00962093306659821));
#19568=CARTESIAN_POINT('',(0.0343167774446162,0.0932764252575347,-0.00986410540442007));
#19569=CARTESIAN_POINT('',(0.0342614927945092,0.0932764252575347,-0.0100563126037195));
#19570=CARTESIAN_POINT('',(0.0338214131335768,0.0932764252575347,-0.011447873307333));
#19571=CARTESIAN_POINT('',(0.0338855026454687,0.0932764252575347,-0.0112584200559346));
#19572=CARTESIAN_POINT('',(0.0340873639588776,0.0932764252575347,-0.0106617033541228));
#19573=CARTESIAN_POINT('',(0.,-0.009,2.19862842301229E-18));
#19574=CARTESIAN_POINT('',(0.,-0.009,2.19862842301229E-18));
#19575=CARTESIAN_POINT('',(0.0350030280370481,-0.009,-0.00800327112251222));
#19576=CARTESIAN_POINT('',(0.,0.,2.19862842301229E-18));
#19577=CARTESIAN_POINT('',(0.0350708465733795,-0.009,-0.00770065198858397));
#19578=CARTESIAN_POINT('',(0.0348080594566487,0.0932764252575347,-0.00795869251040884));
#19579=CARTESIAN_POINT('',(0.0347634470195081,0.0932764252575347,-0.0081536533537912));
#19580=CARTESIAN_POINT('',(0.0344006935748701,0.0932764252575347,-0.00956734399824314));
#19581=CARTESIAN_POINT('',(0.0344542492125798,0.0932764252575347,-0.00937464788082117));
#19582=CARTESIAN_POINT('',(0.0346229322162317,0.0932764252575347,-0.00876771719585689));
#19583=CARTESIAN_POINT('',(0.,-0.009,2.19862842301229E-18));
#19584=CARTESIAN_POINT('',(0.,-0.009,2.19862842301229E-18));
#19585=CARTESIAN_POINT('',(0.0353907587958495,-0.009,-0.00606287986659843));
#19586=CARTESIAN_POINT('',(0.,0.,2.19862842301229E-18));
#19587=CARTESIAN_POINT('',(0.0354418037405192,-0.009,-0.0057569842835749));
#19588=CARTESIAN_POINT('',(0.0351936305361351,0.0932764252575347,-0.00602910932881891));
#19589=CARTESIAN_POINT('',(0.0351598257984662,0.0932764252575347,-0.00622623172661055));
#19590=CARTESIAN_POINT('',(0.0348755002404115,0.0932764252575347,-0.00765775897987699));
#19591=CARTESIAN_POINT('',(0.0349183593572273,0.0932764252575347,-0.00746240520820684));
#19592=CARTESIAN_POINT('',(0.0350533517663843,0.0932764252575347,-0.0068471037686325));
#19593=CARTESIAN_POINT('',(0.,-0.009,2.19862842301229E-18));
#19594=CARTESIAN_POINT('',(0.,-0.009,2.19862842301229E-18));
#19595=CARTESIAN_POINT('',(0.0356710089833632,-0.009,-0.00410407584379622));
#19596=CARTESIAN_POINT('',(0.,0.,2.19862842301229E-18));
#19597=CARTESIAN_POINT('',(0.0357051253145517,-0.009,-0.00379583280650929));
#19598=CARTESIAN_POINT('',(0.0354723197163792,0.0932764252575347,-0.00408121594035389));
#19599=CARTESIAN_POINT('',(0.0354494253420593,0.0932764252575347,-0.00427990123831145));
#19600=CARTESIAN_POINT('',(0.0352443911579629,0.0932764252575347,-0.00572491759917371));
#19601=CARTESIAN_POINT('',(0.0352764235921559,0.0932764252575347,-0.00552749945623931));
#19602=CARTESIAN_POINT('',(0.035377315439308,0.0932764252575347,-0.00490569591230403));
#19603=CARTESIAN_POINT('',(0.,-0.009,2.19862842301229E-18));
#19604=CARTESIAN_POINT('',(0.,-0.009,2.19862842301229E-18));
#19605=CARTESIAN_POINT('',(0.0358429274889802,-0.009,-0.00213280787754355));
#19606=CARTESIAN_POINT('',(0.,0.,2.19862842301229E-18));
#19607=CARTESIAN_POINT('',(0.035860011596511,-0.009,-0.00182315350996656));
#19608=CARTESIAN_POINT('',(0.0356432806275006,0.0932764252575347,-0.00212092803321383));
#19609=CARTESIAN_POINT('',(0.0356313661459919,0.0932764252575347,-0.00232057283061754));
#19610=CARTESIAN_POINT('',(0.0355062460179322,0.0932764252575347,-0.00377468983188049));
#19611=CARTESIAN_POINT('',(0.0355273544880523,0.0932764252575347,-0.00357580687009348));
#19612=CARTESIAN_POINT('',(0.0355938393679758,0.0932764252575347,-0.00294938961872358));
#19613=CARTESIAN_POINT('',(0.,-0.009,2.19862842301229E-18));
#19614=CARTESIAN_POINT('',(0.,-0.009,2.19862842301229E-18));
#19615=CARTESIAN_POINT('',(0.0359059922018497,-0.009,-0.000155062643865007));
#19616=CARTESIAN_POINT('',(0.,0.,2.19862842301229E-18));
#19617=CARTESIAN_POINT('',(0.0359059922018497,-0.009,0.000155062643865017));
#19618=CARTESIAN_POINT('',(0.0357059940668307,0.0932764252575347,-0.000154198937344664));
#19619=CARTESIAN_POINT('',(0.0357050956620221,0.0932764252575347,-0.000354196919506449));
#19620=CARTESIAN_POINT('',(0.0356602695757157,0.0932764252575347,-0.00181299845562921));
#19621=CARTESIAN_POINT('',(0.035670389976033,0.0932764252575347,-0.0016132546760079));
#19622=CARTESIAN_POINT('',(0.0357022659763327,0.0932764252575347,-0.000984126125807579));
#19623=CARTESIAN_POINT('',(0.,-0.009,2.19862842301229E-18));
#19624=CARTESIAN_POINT('',(0.,-0.009,2.19862842301229E-18));
#19625=CARTESIAN_POINT('',(0.035860011596511,-0.009,0.00182315350996657));
#19626=CARTESIAN_POINT('',(0.,0.,2.19862842301229E-18));
#19627=CARTESIAN_POINT('',(0.0358429274889802,-0.009,0.00213280787754357));
#19628=CARTESIAN_POINT('',(0.0356602695757157,0.0932764252575347,0.00181299845562922));
#19629=CARTESIAN_POINT('',(0.035670389976033,0.0932764252575347,0.00161325467600791));
#19630=CARTESIAN_POINT('',(0.0357059940668307,0.0932764252575347,0.000154198937344675));
#19631=CARTESIAN_POINT('',(0.0357050956620221,0.0932764252575347,0.00035419691950646));
#19632=CARTESIAN_POINT('',(0.0357022659763327,0.0932764252575347,0.000984126125807589));
#19633=CARTESIAN_POINT('',(0.,-0.009,2.19862842301229E-18));
#19634=CARTESIAN_POINT('',(0.,-0.009,2.19862842301229E-18));
#19635=CARTESIAN_POINT('',(0.0357051253145517,-0.009,0.0037958328065093));
#19636=CARTESIAN_POINT('',(0.,0.,2.19862842301229E-18));
#19637=CARTESIAN_POINT('',(0.0356710089833632,-0.009,0.00410407584379623));
#19638=CARTESIAN_POINT('',(0.0355062460179322,0.0932764252575347,0.0037746898318805));
#19639=CARTESIAN_POINT('',(0.0355273544880523,0.0932764252575347,0.00357580687009349));
#19640=CARTESIAN_POINT('',(0.0356432806275006,0.0932764252575347,0.00212092803321384));
#19641=CARTESIAN_POINT('',(0.0356313661459919,0.0932764252575347,0.00232057283061755));
#19642=CARTESIAN_POINT('',(0.0355938393679758,0.0932764252575347,0.00294938961872359));
#19643=CARTESIAN_POINT('',(0.,-0.009,2.19862842301229E-18));
#19644=CARTESIAN_POINT('',(0.,-0.009,2.19862842301229E-18));
#19645=CARTESIAN_POINT('',(0.0354418037405192,-0.009,0.00575698428357491));
#19646=CARTESIAN_POINT('',(0.,0.,2.19862842301229E-18));
#19647=CARTESIAN_POINT('',(0.0353907587958495,-0.009,0.00606287986659844));
#19648=CARTESIAN_POINT('',(0.0352443911579629,0.0932764252575347,0.00572491759917372));
#19649=CARTESIAN_POINT('',(0.0352764235921559,0.0932764252575347,0.00552749945623932));
#19650=CARTESIAN_POINT('',(0.0354723197163792,0.0932764252575347,0.00408121594035389));
#19651=CARTESIAN_POINT('',(0.0354494253420593,0.0932764252575347,0.00427990123831145));
#19652=CARTESIAN_POINT('',(0.035377315439308,0.0932764252575347,0.00490569591230403));
#19653=CARTESIAN_POINT('',(0.,-0.009,2.19862842301229E-18));
#19654=CARTESIAN_POINT('',(0.,-0.009,2.19862842301229E-18));
#19655=CARTESIAN_POINT('',(0.0350708465733795,-0.009,0.00770065198858398));
#19656=CARTESIAN_POINT('',(0.,0.,2.19862842301229E-18));
#19657=CARTESIAN_POINT('',(0.0350030280370481,-0.009,0.00800327112251223));
#19658=CARTESIAN_POINT('',(0.0348755002404115,0.0932764252575347,0.007657758979877));
#19659=CARTESIAN_POINT('',(0.0349183593572273,0.0932764252575347,0.00746240520820685));
#19660=CARTESIAN_POINT('',(0.0351936305361351,0.0932764252575347,0.00602910932881892));
#19661=CARTESIAN_POINT('',(0.0351598257984662,0.0932764252575347,0.00622623172661056));
#19662=CARTESIAN_POINT('',(0.0350533517663843,0.0932764252575347,0.00684710376863251));
#19663=CARTESIAN_POINT('',(0.,-0.009,2.19862842301229E-18));
#19664=CARTESIAN_POINT('',(0.,-0.009,2.19862842301229E-18));
#19665=CARTESIAN_POINT('',(0.0345933803978571,-0.009,0.00962093306659822));
#19666=CARTESIAN_POINT('',(0.,0.,2.19862842301229E-18));
#19667=CARTESIAN_POINT('',(0.0345089942325296,-0.009,0.00991935670706752));
#19668=CARTESIAN_POINT('',(0.0344006935748701,0.0932764252575347,0.00956734399824315));
#19669=CARTESIAN_POINT('',(0.0344542492125798,0.0932764252575347,0.00937464788082118));
#19670=CARTESIAN_POINT('',(0.0348080594566487,0.0932764252575347,0.00795869251040885));
#19671=CARTESIAN_POINT('',(0.0347634470195081,0.0932764252575347,0.00815365335379121));
#19672=CARTESIAN_POINT('',(0.0346229322162317,0.0932764252575347,0.0087677171958569));
#19673=CARTESIAN_POINT('',(0.,-0.009,2.19862842301229E-18));
#19674=CARTESIAN_POINT('',(0.,-0.009,2.19862842301229E-18));
#19675=CARTESIAN_POINT('',(0.0340108552630344,-0.009,0.0115119956870969));
#19676=CARTESIAN_POINT('',(0.,0.,2.19862842301229E-18));
#19677=CARTESIAN_POINT('',(0.0339101577467215,-0.009,0.0118053175313193));
#19678=CARTESIAN_POINT('',(0.0338214131335768,0.0932764252575347,0.011447873307333));
#19679=CARTESIAN_POINT('',(0.0338855026454687,0.0932764252575347,0.0112584200559346));
#19680=CARTESIAN_POINT('',(0.0343167774446162,0.0932764252575347,0.00986410540442008));
#19681=CARTESIAN_POINT('',(0.0342614927945092,0.0932764252575347,0.0100563126037195));
#19682=CARTESIAN_POINT('',(0.0340873639588776,0.0932764252575347,0.0106617033541228));
#19683=CARTESIAN_POINT('',(0.,-0.009,2.19862842301229E-18));
#19684=CARTESIAN_POINT('',(0.,-0.009,2.19862842301229E-18));
#19685=CARTESIAN_POINT('',(0.0333250402786001,-0.009,0.0133680967550543));
#19686=CARTESIAN_POINT('',(0.,0.,2.19862842301229E-18));
#19687=CARTESIAN_POINT('',(0.0332083372263492,-0.009,0.0136554259942295));
#19688=CARTESIAN_POINT('',(0.0331394181721927,0.0932764252575347,0.0132936358014415));
#19689=CARTESIAN_POINT('',(0.0332138469205258,0.0932764252575347,0.0131080007793644));
#19690=CARTESIAN_POINT('',(0.0337212765073613,0.0932764252575347,0.011739561334518));
#19691=CARTESIAN_POINT('',(0.0336554875419533,0.0932764252575347,0.0119284311627875));
#19692=CARTESIAN_POINT('',(0.0334482734975173,0.0932764252575347,0.0125233102697165));
#19693=CARTESIAN_POINT('',(0.,-0.009,2.19862842301229E-18));
#19694=CARTESIAN_POINT('',(0.,-0.009,2.19862842301229E-18));
#19695=CARTESIAN_POINT('',(0.0325380182421214,-0.009,0.0151835993525311));
#19696=CARTESIAN_POINT('',(0.,0.,2.19862842301229E-18));
#19697=CARTESIAN_POINT('',(0.0324056640772667,-0.009,0.0154640633772031));
#19698=CARTESIAN_POINT('',(0.0323567798870008,0.0932764252575347,0.0150990259605381));
#19699=CARTESIAN_POINT('',(0.0324413218341124,0.0932764252575347,0.0149177729352432));
#19700=CARTESIAN_POINT('',(0.0330233651616584,0.0932764252575347,0.0135793646026829));
#19701=CARTESIAN_POINT('',(0.0329472716798751,0.0932764252575347,0.0137643234684614));
#19702=CARTESIAN_POINT('',(0.032707601728877,0.0932764252575347,0.0143468843036202));
#19703=CARTESIAN_POINT('',(0.,-0.009,2.19862842301229E-18));
#19704=CARTESIAN_POINT('',(0.,-0.009,2.19862842301229E-18));
#19705=CARTESIAN_POINT('',(0.0316521793136566,-0.009,0.0169529898578079));
#19706=CARTESIAN_POINT('',(0.,0.,2.19862842301229E-18));
#19707=CARTESIAN_POINT('',(0.0315045759914466,-0.009,0.0172257369079518));
#19708=CARTESIAN_POINT('',(0.0314758751247505,0.0932764252575347,0.0168585608740467));
#19709=CARTESIAN_POINT('',(0.031570273519526,0.0932764252575347,0.0166822403050146));
#19710=CARTESIAN_POINT('',(0.0322251629413262,0.0932764252575347,0.0153779277868573));
#19711=CARTESIAN_POINT('',(0.0321389960365709,0.0932764252575347,0.0155584139761486));
#19712=CARTESIAN_POINT('',(0.0318675980487749,0.0932764252575347,0.0161268873214275));
#19713=CARTESIAN_POINT('',(0.,-0.009,2.19862842301229E-18));
#19714=CARTESIAN_POINT('',(0.,-0.009,2.19862842301229E-18));
#19715=CARTESIAN_POINT('',(0.0306702137569167,-0.009,0.0186708946900742));
#19716=CARTESIAN_POINT('',(0.,0.,2.19862842301229E-18));
#19717=CARTESIAN_POINT('',(0.0305078095437899,-0.009,0.018935096441863));
#19718=CARTESIAN_POINT('',(0.0304993791642524,0.0932764252575347,0.0185668968922649));
#19719=CARTESIAN_POINT('',(0.0306033473218692,0.0932764252575347,0.0183960442592687));
#19720=CARTESIAN_POINT('',(0.031329093960274,0.0932764252575347,0.0171297887097638));
#19721=CARTESIAN_POINT('',(0.0312331153186042,0.0932764252575347,0.0173052540919428));
#19722=CARTESIAN_POINT('',(0.0309308135207794,0.0932764252575347,0.0178579135124761));
#19723=CARTESIAN_POINT('',(0.,-0.009,2.19862842301229E-18));
#19724=CARTESIAN_POINT('',(0.,-0.009,2.19862842301229E-18));
#19725=CARTESIAN_POINT('',(0.0295951037690238,-0.009,0.0203320966288162));
#19726=CARTESIAN_POINT('',(0.,0.,2.19862842301229E-18));
#19727=CARTESIAN_POINT('',(0.0294183918812376,-0.009,0.0205869507102131));
#19728=CARTESIAN_POINT('',(0.0294302575916442,0.0932764252575347,0.0202188458548528));
#19729=CARTESIAN_POINT('',(0.029543479764225,0.0932764252575347,0.0200539800317235));
#19730=CARTESIAN_POINT('',(0.0303378795505461,0.0932764252575347,0.0188296270273573));
#19731=CARTESIAN_POINT('',(0.0302323806559423,0.0932764252575347,0.0189995387198253));
#19732=CARTESIAN_POINT('',(0.0299000931287128,0.0932764252575347,0.0195347058071168));
#19733=CARTESIAN_POINT('',(0.,-0.009,2.19862842301229E-18));
#19734=CARTESIAN_POINT('',(0.,-0.009,2.19862842301229E-18));
#19735=CARTESIAN_POINT('',(0.0284301144236757,-0.009,0.0219315506583441));
#19736=CARTESIAN_POINT('',(0.,0.,2.19862842301229E-18));
#19737=CARTESIAN_POINT('',(0.0282396315294254,-0.009,0.0221762830858801));
#19738=CARTESIAN_POINT('',(0.0282717572940037,0.0932764252575347,0.0218093908471047));
#19739=CARTESIAN_POINT('',(0.0283938896295314,0.0932764252575347,0.0216510125259287));
#19740=CARTESIAN_POINT('',(0.0292545299977272,0.0932764252575347,0.020472280386535));
#19741=CARTESIAN_POINT('',(0.0291398312468648,0.0932764252575347,0.0206361223730665));
#19742=CARTESIAN_POINT('',(0.0287785671365298,0.0932764252575347,0.0211521718422613));
#19743=CARTESIAN_POINT('',(0.,-0.009,2.19862842301229E-18));
#19744=CARTESIAN_POINT('',(0.,-0.009,2.19862842301229E-18));
#19745=CARTESIAN_POINT('',(0.0271787837552251,-0.009,0.0234643992893388));
#19746=CARTESIAN_POINT('',(0.,0.,2.19862842301229E-18));
#19747=CARTESIAN_POINT('',(0.0269751083448,-0.009,0.023698266818675));
#19748=CARTESIAN_POINT('',(0.0270273965986588,0.0932764252575347,0.0233337014361553));
#19749=CARTESIAN_POINT('',(0.0271580681852446,0.0932764252575347,0.0231822916066885));
#19750=CARTESIAN_POINT('',(0.028082335398803,0.0932764252575347,0.0220527601030338));
#19751=CARTESIAN_POINT('',(0.0279587851280187,0.0932764252575347,0.0222100348009007));
#19752=CARTESIAN_POINT('',(0.0275696415818077,0.0932764252575347,0.0227053994267215));
#19753=CARTESIAN_POINT('',(0.,-0.009,2.19862842301229E-18));
#19754=CARTESIAN_POINT('',(0.,-0.009,2.19862842301229E-18));
#19755=CARTESIAN_POINT('',(0.0258449120137849,-0.009,0.0249259873108876));
#19756=CARTESIAN_POINT('',(0.,0.,2.19862842301229E-18));
#19757=CARTESIAN_POINT('',(0.0256286626427124,-0.009,0.0251482796940238));
#19758=CARTESIAN_POINT('',(0.0257009545881433,0.0932764252575347,0.0247871483408444));
#19759=CARTESIAN_POINT('',(0.0258397685804733,0.0932764252575347,0.0246431668297628));
#19760=CARTESIAN_POINT('',(0.0268248556702445,0.0932764252575347,0.0235662663118997));
#19761=CARTESIAN_POINT('',(0.0266928290976499,0.0932764252575347,0.0237164960830135));
#19762=CARTESIAN_POINT('',(0.0262769879317229,0.0932764252575347,0.0241896714593727));
#19763=CARTESIAN_POINT('',(0.,-0.009,2.19862842301229E-18));
#19764=CARTESIAN_POINT('',(0.,-0.009,2.19862842301229E-18));
#19765=CARTESIAN_POINT('',(0.024432550123994,-0.009,0.0263118759282065));
#19766=CARTESIAN_POINT('',(0.,0.,2.19862842301229E-18));
#19767=CARTESIAN_POINT('',(0.0242043835345067,-0.009,0.0265219180704811));
#19768=CARTESIAN_POINT('',(0.0242964596232473,0.0932764252575347,0.0261653174906925));
#19769=CARTESIAN_POINT('',(0.0244429944477894,0.0932764252575347,0.0260292015651129));
#19770=CARTESIAN_POINT('',(0.0254859097366582,0.0932764252575347,0.0250082025445201));
#19771=CARTESIAN_POINT('',(0.025345807822615,0.0932764252575347,0.0251509311460035));
#19772=CARTESIAN_POINT('',(0.0249045319329256,0.0932764252575347,0.0256004802548349));
#19773=CARTESIAN_POINT('',(0.,-0.009,2.19862842301229E-18));
#19774=CARTESIAN_POINT('',(0.,-0.009,2.19862842301229E-18));
#19775=CARTESIAN_POINT('',(0.0229459873824923,-0.009,0.0276178562431141));
#19776=CARTESIAN_POINT('',(0.,0.,2.19862842301229E-18));
#19777=CARTESIAN_POINT('',(0.0227065965090232,-0.009,0.0278150102534445));
#19778=CARTESIAN_POINT('',(0.0228181771090184,0.0932764252575347,0.0274640234312872));
#19779=CARTESIAN_POINT('',(0.0229719877443265,0.0932764252575347,0.0273361864708019));
#19780=CARTESIAN_POINT('',(0.0240695639328376,0.0932764252575347,0.0263741896879481));
#19781=CARTESIAN_POINT('',(0.0239218121622541,0.0932764252575347,0.0265089836577295));
#19782=CARTESIAN_POINT('',(0.0234564416891761,0.0932764252575347,0.0269335412331647));
#19783=CARTESIAN_POINT('',(0.,-0.009,2.19862842301229E-18));
#19784=CARTESIAN_POINT('',(0.,-0.009,2.19862842301229E-18));
#19785=CARTESIAN_POINT('',(0.0213897384314672,-0.009,0.0288399620363173));
#19786=CARTESIAN_POINT('',(0.,0.,2.19862842301229E-18));
#19787=CARTESIAN_POINT('',(0.0211398502962313,-0.009,0.0290236291644539));
#19788=CARTESIAN_POINT('',(0.0212705965408661,0.0932764252575347,0.0286793220353711));
#19789=CARTESIAN_POINT('',(0.0214312158690958,0.0932764252575347,0.0285601522766275));
#19790=CARTESIAN_POINT('',(0.0225801196544386,0.0932764252575347,0.0276600792841247));
#19791=CARTESIAN_POINT('',(0.0224251667445858,0.0932764252575347,0.027786529257348));
#19792=CARTESIAN_POINT('',(0.0219371150029508,0.0932764252575347,0.0281848059319842));
#19793=CARTESIAN_POINT('',(0.,-0.009,2.19862842301229E-18));
#19794=CARTESIAN_POINT('',(0.,-0.009,2.19862842301229E-18));
#19795=CARTESIAN_POINT('',(0.0197685295478344,-0.009,0.0299744818126887));
#19796=CARTESIAN_POINT('',(0.,0.,2.19862842301229E-18));
#19797=CARTESIAN_POINT('',(0.0195089030528853,-0.009,0.0301441042675998));
#19798=CARTESIAN_POINT('',(0.019658417870112,0.0932764252575347,0.0298075224810263));
#19799=CARTESIAN_POINT('',(0.0198253580956427,0.0932764252575347,0.029697381838665));
#19800=CARTESIAN_POINT('',(0.0210221002947814,0.0932764252575347,0.0288619661286091));
#19801=CARTESIAN_POINT('',(0.020860416832554,0.0932764252575347,0.0289796880808617));
#19802=CARTESIAN_POINT('',(0.0203511660194607,0.0932764252575347,0.0293504743015279));
#19803=CARTESIAN_POINT('',(0.,-0.009,2.19862842301229E-18));
#19804=CARTESIAN_POINT('',(0.,-0.009,2.19862842301229E-18));
#19805=CARTESIAN_POINT('',(0.0180872842896899,-0.009,0.0310179700729552));
#19806=CARTESIAN_POINT('',(0.,0.,2.19862842301229E-18));
#19807=CARTESIAN_POINT('',(0.0178187079121598,-0.009,0.0311730327168202));
#19808=CARTESIAN_POINT('',(0.0179865372303924,0.0932764252575347,0.0308451984605795));
#19809=CARTESIAN_POINT('',(0.0181592913612458,0.0932764252575347,0.0307444214281115));
#19810=CARTESIAN_POINT('',(0.0194002375074547,0.0932764252575347,0.0299762001305565));
#19811=CARTESIAN_POINT('',(0.0192323145202134,0.0932764252575347,0.0300848365441384));
#19812=CARTESIAN_POINT('',(0.0187034112136437,0.0932764252575347,0.0304270062452691));
#19813=CARTESIAN_POINT('',(0.,-0.009,2.19862842301229E-18));
#19814=CARTESIAN_POINT('',(0.,-0.009,2.19862842301229E-18));
#19815=CARTESIAN_POINT('',(0.0163511085436257,-0.009,0.0319672577775664));
#19816=CARTESIAN_POINT('',(0.,0.,2.19862842301229E-18));
#19817=CARTESIAN_POINT('',(0.0160743979411458,-0.009,0.0321072896902323));
#19818=CARTESIAN_POINT('',(0.016260032068261,0.0932764252575347,0.0317891985861857));
#19819=CARTESIAN_POINT('',(0.0164380754558196,0.0932764252575347,0.0316980912201463));
#19820=CARTESIAN_POINT('',(0.0177194568364383,0.0932764252575347,0.0309993973979241));
#19821=CARTESIAN_POINT('',(0.0175458043007762,0.0932764252575347,0.0310986183476179));
#19822=CARTESIAN_POINT('',(0.0169988547626891,0.0932764252575347,0.0314111323710767));
#19823=CARTESIAN_POINT('',(0.,-0.009,2.19862842301229E-18));
#19824=CARTESIAN_POINT('',(0.,-0.009,2.19862842301229E-18));
#19825=CARTESIAN_POINT('',(0.0145652750183204,-0.009,0.0328194619709632));
#19826=CARTESIAN_POINT('',(0.,0.,2.19862842301229E-18));
#19827=CARTESIAN_POINT('',(0.014281270551896,-0.009,0.0329440378801135));
#19828=CARTESIAN_POINT('',(0.0144841457231508,0.0932764252575347,0.0326366559604896));
#19829=CARTESIAN_POINT('',(0.0146669376554983,0.0932764252575347,0.0325554949509551));
#19830=CARTESIAN_POINT('',(0.0159848627573885,0.0932764252575347,0.0319284505142401));
#19831=CARTESIAN_POINT('',(0.0158060080503492,0.0932764252575347,0.0320179546692826));
#19832=CARTESIAN_POINT('',(0.0152426733485152,0.0932764252575347,0.0322998639202515));
#19833=CARTESIAN_POINT('',(0.,-0.009,2.19862842301229E-18));
#19834=CARTESIAN_POINT('',(0.,-0.009,2.19862842301229E-18));
#19835=CARTESIAN_POINT('',(0.012735207231496,-0.009,0.0335719945370194));
#19836=CARTESIAN_POINT('',(0.,0.,2.19862842301229E-18));
#19837=CARTESIAN_POINT('',(0.0124447714133573,-0.009,0.0336807361097125));
#19838=CARTESIAN_POINT('',(0.0126642715035244,0.0932764252575347,0.0333849968832984));
#19839=CARTESIAN_POINT('',(0.01285125684757,0.0932764252575347,0.0333140287135874));
#19840=CARTESIAN_POINT('',(0.0142017231755132,0.0932764252575347,0.032760537975725));
#19841=CARTESIAN_POINT('',(0.0140182094729635,0.0932764252575347,0.032840053514939));
#19842=CARTESIAN_POINT('',(0.0134402004363573,0.0932764252575347,0.0330905018442882));
#19843=CARTESIAN_POINT('',(0.,-0.009,2.19862842301229E-18));
#19844=CARTESIAN_POINT('',(0.,-0.009,2.19862842301229E-18));
#19845=CARTESIAN_POINT('',(0.0108664630388729,-0.009,0.0342225700590651));
#19846=CARTESIAN_POINT('',(0.,0.,2.19862842301229E-18));
#19847=CARTESIAN_POINT('',(0.010570477913054,-0.009,0.0343151470507186));
#19848=CARTESIAN_POINT('',(0.0108059363075738,0.0932764252575347,0.0340319486678251));
#19849=CARTESIAN_POINT('',(0.0109965471949732,0.0932764252575347,0.0339713888659363));
#19850=CARTESIAN_POINT('',(0.0123754534271166,0.0932764252575347,0.0334931327601061));
#19851=CARTESIAN_POINT('',(0.0121878380541397,0.0932764252575347,0.0335624181974125));
#19852=CARTESIAN_POINT('',(0.0115969100772082,0.0932764252575347,0.0337806450017972));
#19853=CARTESIAN_POINT('',(0.,-0.009,2.19862842301229E-18));
#19854=CARTESIAN_POINT('',(0.,-0.009,2.19862842301229E-18));
#19855=CARTESIAN_POINT('',(0.00896471775514479,-0.009,0.034769212760622));
#19856=CARTESIAN_POINT('',(0.,0.,2.19862842301229E-18));
#19857=CARTESIAN_POINT('',(0.00866408221874479,-0.009,0.0348453440179551));
#19858=CARTESIAN_POINT('',(0.0089147838382119,0.0932764252575347,0.0345755465427632));
#19859=CARTESIAN_POINT('',(0.00910844138996477,0.0932764252575347,0.0345255790268246));
#19860=CARTESIAN_POINT('',(0.0105115998334013,0.0932764252575347,0.0341240100011014));
#19861=CARTESIAN_POINT('',(0.0103204525717187,0.0932764252575347,0.034182854918904));
#19862=CARTESIAN_POINT('',(0.00971840028330613,0.0932764252575347,0.0343681974506918));
#19863=CARTESIAN_POINT('',(0.,-0.009,2.19862842301229E-18));
#19864=CARTESIAN_POINT('',(0.,-0.009,2.19862842301229E-18));
#19865=CARTESIAN_POINT('',(0.0070357469182344,-0.009,0.0352102625057718));
#19866=CARTESIAN_POINT('',(0.,0.,2.19862842301229E-18));
#19867=CARTESIAN_POINT('',(0.00673137399149643,-0.009,0.0352697168206581));
#19868=CARTESIAN_POINT('',(0.00699655746333223,0.0932764252575347,0.0350141396192327));
#19869=CARTESIAN_POINT('',(0.0071926735478188,0.0932764252575347,0.034974916138948));
#19870=CARTESIAN_POINT('',(0.00861582285647293,0.0932764252575347,0.0346512537452645));
#19871=CARTESIAN_POINT('',(0.00842172421403587,0.0932764252575347,0.0346994794334822));
#19872=CARTESIAN_POINT('',(0.0078103760271547,0.0932764252575347,0.0348513748134955));
#19873=CARTESIAN_POINT('',(0.,-0.009,2.19862842301229E-18));
#19874=CARTESIAN_POINT('',(0.,-0.009,2.19862842301229E-18));
#19875=CARTESIAN_POINT('',(0.00508540874917464,-0.009,0.0355443798409344));
#19876=CARTESIAN_POINT('',(0.,0.,2.19862842301229E-18));
#19877=CARTESIAN_POINT('',(0.00477822280267349,-0.009,0.0355869766525736));
#19878=CARTESIAN_POINT('',(0.0050570827733897,0.0932764252575347,0.0353463959044754));
#19879=CARTESIAN_POINT('',(0.00525506179250706,0.0932764252575347,0.035318035580265));
#19880=CARTESIAN_POINT('',(0.0066938799087025,0.0932764252575347,0.0350732627706733));
#19881=CARTESIAN_POINT('',(0.00649741935670877,0.0932764252575347,0.035110722769476));
#19882=CARTESIAN_POINT('',(0.00587863191570956,0.0932764252575347,0.0352287096964379));
#19883=CARTESIAN_POINT('',(0.,-0.009,2.19862842301229E-18));
#19884=CARTESIAN_POINT('',(0.,-0.009,2.19862842301229E-18));
#19885=CARTESIAN_POINT('',(0.0031196263608839,-0.009,0.0357705500627441));
#19886=CARTESIAN_POINT('',(0.,0.,2.19862842301229E-18));
#19887=CARTESIAN_POINT('',(0.00281056030824292,-0.009,0.0357961600060194));
#19888=CARTESIAN_POINT('',(0.00310224988927366,0.0932764252575347,0.0355713063470732));
#19889=CARTESIAN_POINT('',(0.00330149058724766,0.0932764252575347,0.0355538953083097));
#19890=CARTESIAN_POINT('',(0.00475160786765464,0.0932764252575347,0.0353887554497876));
#19891=CARTESIAN_POINT('',(0.00455338205034363,0.0932764252575347,0.0354153359943901));
#19892=CARTESIAN_POINT('',(0.00392903459234724,0.0932764252575347,0.0354990561458814));
#19893=CARTESIAN_POINT('',(0.,-0.009,2.19862842301229E-18));
#19894=CARTESIAN_POINT('',(0.,-0.009,2.19862842301229E-18));
#19895=CARTESIAN_POINT('',(0.00114436976986676,-0.009,0.0358880862996709));
#19896=CARTESIAN_POINT('',(0.,0.,2.19862842301229E-18));
#19897=CARTESIAN_POINT('',(0.000834362234529872,-0.009,0.035896631598026));
#19898=CARTESIAN_POINT('',(0.00113799557420441,0.0932764252575347,0.035688187901404));
#19899=CARTESIAN_POINT('',(0.00133789286358366,0.0932764252575347,0.0356817790248399));
#19900=CARTESIAN_POINT('',(0.00279490534968205,0.0932764252575347,0.0355967736417101));
#19901=CARTESIAN_POINT('',(0.00259551627234593,0.0932764252575347,0.0356123940078721));
#19902=CARTESIAN_POINT('',(0.0019675049200621,0.0932764252575347,0.0356615931285442));
#19903=CARTESIAN_POINT('',(0.,-0.009,2.19862842301229E-18));
#19904=CARTESIAN_POINT('',(0.,-0.009,2.19862842301229E-18));
#19905=CARTESIAN_POINT('',(-0.000834362234529878,-0.009,0.035896631598026));
#19906=CARTESIAN_POINT('',(0.,0.,2.19862842301229E-18));
#19907=CARTESIAN_POINT('',(-3.03576608295941E-18,0.0932764252575347,0.0357158270249522));
#19908=CARTESIAN_POINT('',(0.000629767996734995,0.0932764252575347,0.0357012983512116));
#19909=CARTESIAN_POINT('',(-0.000629767996735001,0.0932764252575347,0.0357012983512116));
#19910=CARTESIAN_POINT('',(0.000829714796021611,0.0932764252575347,0.0356966856020288));
#19911=CARTESIAN_POINT('',(-0.000829714796021617,0.0932764252575347,0.0356966856020288));
#19912=CARTESIAN_POINT('',(0.,0.0015875,0.));
#19913=CARTESIAN_POINT('',(0.,0.0015875,0.0275));
#19914=CARTESIAN_POINT('',(0.,0.0015875,0.02935));
#19915=CARTESIAN_POINT('',(0.0275,0.0015875,-5.05166804648283E-18));
#19916=CARTESIAN_POINT('',(0.0275,0.0015875,0.00185));
#19917=CARTESIAN_POINT('',(-3.46597750500166E-18,0.0015875,-0.0275));
#19918=CARTESIAN_POINT('',(-3.46597750500166E-18,0.0015875,-0.02565));
#19919=CARTESIAN_POINT('',(-0.0275,0.0015875,0.));
#19920=CARTESIAN_POINT('',(-0.0275,0.0015875,0.00185));
#19921=CARTESIAN_POINT('',(-0.0275,0.0943941562772006,0.));
#19922=CARTESIAN_POINT('',(-0.0275,-0.0125875,0.));
#19923=CARTESIAN_POINT('',(-0.0275,-0.0125875,-0.00185));
#19924=CARTESIAN_POINT('',(-3.46597750500166E-18,0.0943941562772006,-0.0275));
#19925=CARTESIAN_POINT('',(-3.46597750500166E-18,-0.0125875,-0.0275));
#19926=CARTESIAN_POINT('',(-3.46597750500166E-18,-0.0125875,-0.02935));
#19927=CARTESIAN_POINT('',(0.0275,0.0943941562772006,-5.05166804648283E-18));
#19928=CARTESIAN_POINT('',(0.0275,-0.0125875,-5.05166804648283E-18));
#19929=CARTESIAN_POINT('',(0.0275,-0.0125875,-0.00185000000000001));
#19930=CARTESIAN_POINT('',(0.,0.0943941562772006,0.0275));
#19931=CARTESIAN_POINT('',(0.,-0.0125875,0.0275));
#19932=CARTESIAN_POINT('',(0.,-0.0125875,0.02565));
#19933=CARTESIAN_POINT('',(0.,0.,0.));
#19934=CARTESIAN_POINT('',(0.,-0.009,0.));
#19935=CARTESIAN_POINT('',(0.,-0.0125875,0.));
#19936=CARTESIAN_POINT('',(-3.46944695195361E-18,-0.0125875,-1.59175160466864E-18));
#19937=CARTESIAN_POINT('',(-3.46944695195361E-18,-0.0125875,-0.0165));
#19938=CARTESIAN_POINT('',(-3.46944695195361E-18,-0.0115875,-1.59175160466864E-18));
#19939=CARTESIAN_POINT('',(-3.46944695195361E-18,-0.0115875,-1.59175160466864E-18));
#19940=CARTESIAN_POINT('',(-3.46944695195361E-18,-0.0115875,-0.0165));
#19941=CARTESIAN_POINT('',(0.,-0.0115875,0.));
#19942=MECHANICAL_DESIGN_GEOMETRIC_PRESENTATION_REPRESENTATION('',(#10675),
#19943);
#19943=(
GEOMETRIC_REPRESENTATION_CONTEXT(3)
GLOBAL_UNCERTAINTY_ASSIGNED_CONTEXT((#19944))
GLOBAL_UNIT_ASSIGNED_CONTEXT((#19947,#19946,#19945))
REPRESENTATION_CONTEXT('114T GT2 Pulley 9mm Wide',
'TOP_LEVEL_ASSEMBLY_PART')
);
#19944=UNCERTAINTY_MEASURE_WITH_UNIT(LENGTH_MEASURE(5.E-6),#19947,
'DISTANCE_ACCURACY_VALUE','Maximum Tolerance applied to model');
#19945=(
NAMED_UNIT(*)
SI_UNIT($,.STERADIAN.)
SOLID_ANGLE_UNIT()
);
#19946=(
NAMED_UNIT(*)
PLANE_ANGLE_UNIT()
SI_UNIT($,.RADIAN.)
);
#19947=(
LENGTH_UNIT()
NAMED_UNIT(*)
SI_UNIT($,.METRE.)
);
#19948=PRODUCT_DEFINITION_SHAPE('','',#19949);
#19949=PRODUCT_DEFINITION('','',#19951,#19950);
#19950=PRODUCT_DEFINITION_CONTEXT('',#19957,'design');
#19951=PRODUCT_DEFINITION_FORMATION_WITH_SPECIFIED_SOURCE('','',#19953,
 .NOT_KNOWN.);
#19952=PRODUCT_RELATED_PRODUCT_CATEGORY('','',(#19953));
#19953=PRODUCT('114T GT2 Pulley 9mm Wide','114T GT2 Pulley 9mm Wide',
'114T GT2 Pulley 9mm Wide',(#19955));
#19954=PRODUCT_CATEGORY('','');
#19955=PRODUCT_CONTEXT('',#19957,'mechanical');
#19956=APPLICATION_PROTOCOL_DEFINITION('international standard',
'ap242_managed_model_based_3d_engineering',2011,#19957);
#19957=APPLICATION_CONTEXT('managed model based 3d engineering');
ENDSEC;
END-ISO-10303-21;
