ISO-10303-21;
HEADER;
/* Generated by software containing ST-Developer
 * from STEP Tools, Inc. (www.steptools.com) 
 */
/* OPTION: using custom renumber hook */

FILE_DESCRIPTION(
/* description */ ('STEP AP242',
'CAx-IF Rec.Pracs.---Representation and Presentation of Product Manufa
cturing Information (PMI)---4.0---2014-10-13',
'CAx-IF Rec.Pracs.---3D Tessellated Geometry---0.4---2014-09-14','2;1'),

/* implementation_level */ '2;1');

FILE_NAME(
/* name */ '66789d8db9c7367681b241ab',
/* time_stamp */ '2024-06-23T22:11:25Z',
/* author */ (''),
/* organization */ (''),
/* preprocessor_version */ 'ST-DEVELOPER v20',
/* originating_system */ '  ',
/* authorisation */ '  ');

FILE_SCHEMA (('AP242_MANAGED_MODEL_BASED_3D_ENGINEERING_MIM_LF { 1 0 10303 442 1 1 4 }'));
ENDSEC;

DATA;
#10=SHAPE_REPRESENTATION_RELATIONSHIP('','',#1786,#11);
#11=ADVANCED_BREP_SHAPE_REPRESENTATION('',(#1784),#2971);
#12=TOROIDAL_SURFACE('',#1892,0.014,0.004);
#13=TOROIDAL_SURFACE('',#1895,0.014,0.004);
#14=TOROIDAL_SURFACE('',#1896,0.014,0.004);
#15=TOROIDAL_SURFACE('',#1899,0.014,0.004);
#16=B_SPLINE_CURVE_WITH_KNOTS('',3,(#2517,#2518,#2519,#2520),
 .UNSPECIFIED.,.F.,.F.,(4,4),(0.,0.0030116850037901),.UNSPECIFIED.);
#17=B_SPLINE_CURVE_WITH_KNOTS('',3,(#2532,#2533,#2534,#2535),
 .UNSPECIFIED.,.F.,.F.,(4,4),(0.,0.00301158220139767),.UNSPECIFIED.);
#18=B_SPLINE_CURVE_WITH_KNOTS('',3,(#2545,#2546,#2547,#2548),
 .UNSPECIFIED.,.F.,.F.,(4,4),(0.,0.00301168500379046),.UNSPECIFIED.);
#19=B_SPLINE_CURVE_WITH_KNOTS('',3,(#2560,#2561,#2562,#2563),
 .UNSPECIFIED.,.F.,.F.,(4,4),(0.,0.00301158220139795),.UNSPECIFIED.);
#20=B_SPLINE_CURVE_WITH_KNOTS('',3,(#2584,#2585,#2586,#2587),
 .UNSPECIFIED.,.F.,.F.,(4,4),(0.,0.00301168500379016),.UNSPECIFIED.);
#21=B_SPLINE_CURVE_WITH_KNOTS('',3,(#2599,#2600,#2601,#2602),
 .UNSPECIFIED.,.F.,.F.,(4,4),(0.,0.00301158220139767),.UNSPECIFIED.);
#22=B_SPLINE_CURVE_WITH_KNOTS('',3,(#2612,#2613,#2614,#2615),
 .UNSPECIFIED.,.F.,.F.,(4,4),(0.,0.00301168500379043),.UNSPECIFIED.);
#23=B_SPLINE_CURVE_WITH_KNOTS('',3,(#2627,#2628,#2629,#2630),
 .UNSPECIFIED.,.F.,.F.,(4,4),(0.,0.003011582201398),.UNSPECIFIED.);
#24=B_SPLINE_CURVE_WITH_KNOTS('',3,(#2814,#2815,#2816,#2817,#2818),
 .UNSPECIFIED.,.F.,.F.,(4,1,4),(0.,0.0021127695756727,0.0042255391513454),
 .UNSPECIFIED.);
#25=B_SPLINE_CURVE_WITH_KNOTS('',3,(#2820,#2821,#2822,#2823,#2824),
 .UNSPECIFIED.,.F.,.F.,(4,1,4),(0.,0.0021127695756727,0.0042255391513454),
 .UNSPECIFIED.);
#26=B_SPLINE_CURVE_WITH_KNOTS('',3,(#2828,#2829,#2830,#2831,#2832),
 .UNSPECIFIED.,.F.,.F.,(4,1,4),(0.,0.00211276957567262,0.00422553915134524),
 .UNSPECIFIED.);
#27=B_SPLINE_CURVE_WITH_KNOTS('',3,(#2834,#2835,#2836,#2837),
 .UNSPECIFIED.,.F.,.F.,(4,4),(0.,0.00015811655866497),.UNSPECIFIED.);
#28=B_SPLINE_CURVE_WITH_KNOTS('',3,(#2838,#2839,#2840,#2841),
 .UNSPECIFIED.,.F.,.F.,(4,4),(2.40995487271915E-17,0.00015811655866523),
 .UNSPECIFIED.);
#29=B_SPLINE_CURVE_WITH_KNOTS('',3,(#2843,#2844,#2845,#2846,#2847),
 .UNSPECIFIED.,.F.,.F.,(4,1,4),(0.,0.00211276957567258,0.00422553915134515),
 .UNSPECIFIED.);
#30=B_SPLINE_CURVE_WITH_KNOTS('',3,(#2849,#2850,#2851,#2852,#2853),
 .UNSPECIFIED.,.F.,.F.,(4,1,4),(0.,0.00211276957567255,0.0042255391513451),
 .UNSPECIFIED.);
#31=B_SPLINE_CURVE_WITH_KNOTS('',3,(#2857,#2858,#2859,#2860,#2861),
 .UNSPECIFIED.,.F.,.F.,(4,1,4),(0.,0.00211276957567258,0.00422553915134517),
 .UNSPECIFIED.);
#32=B_SPLINE_CURVE_WITH_KNOTS('',3,(#2863,#2864,#2865,#2866),
 .UNSPECIFIED.,.F.,.F.,(4,4),(0.,0.000158116558665208),.UNSPECIFIED.);
#33=B_SPLINE_CURVE_WITH_KNOTS('',3,(#2868,#2869,#2870,#2871),
 .UNSPECIFIED.,.F.,.F.,(4,4),(4.2914688736146E-17,0.000158116558665012),
 .UNSPECIFIED.);
#34=B_SPLINE_CURVE_WITH_KNOTS('',3,(#2873,#2874,#2875,#2876,#2877),
 .UNSPECIFIED.,.F.,.F.,(4,1,4),(0.,0.0021127695756727,0.00422553915134539),
 .UNSPECIFIED.);
#35=B_SPLINE_CURVE_WITH_KNOTS('',3,(#2881,#2882,#2883,#2884,#2885),
 .UNSPECIFIED.,.F.,.F.,(4,1,4),(0.,0.00211276957567273,0.00422553915134546),
 .UNSPECIFIED.);
#36=LINE('',#2411,#214);
#37=LINE('',#2414,#215);
#38=LINE('',#2416,#216);
#39=LINE('',#2418,#217);
#40=LINE('',#2420,#218);
#41=LINE('',#2422,#219);
#42=LINE('',#2423,#220);
#43=LINE('',#2428,#221);
#44=LINE('',#2432,#222);
#45=LINE('',#2436,#223);
#46=LINE('',#2439,#224);
#47=LINE('',#2441,#225);
#48=LINE('',#2443,#226);
#49=LINE('',#2445,#227);
#50=LINE('',#2447,#228);
#51=LINE('',#2448,#229);
#52=LINE('',#2453,#230);
#53=LINE('',#2457,#231);
#54=LINE('',#2461,#232);
#55=LINE('',#2464,#233);
#56=LINE('',#2466,#234);
#57=LINE('',#2468,#235);
#58=LINE('',#2470,#236);
#59=LINE('',#2472,#237);
#60=LINE('',#2473,#238);
#61=LINE('',#2478,#239);
#62=LINE('',#2482,#240);
#63=LINE('',#2486,#241);
#64=LINE('',#2489,#242);
#65=LINE('',#2491,#243);
#66=LINE('',#2493,#244);
#67=LINE('',#2495,#245);
#68=LINE('',#2497,#246);
#69=LINE('',#2498,#247);
#70=LINE('',#2503,#248);
#71=LINE('',#2507,#249);
#72=LINE('',#2511,#250);
#73=LINE('',#2513,#251);
#74=LINE('',#2515,#252);
#75=LINE('',#2522,#253);
#76=LINE('',#2525,#254);
#77=LINE('',#2526,#255);
#78=LINE('',#2528,#256);
#79=LINE('',#2531,#257);
#80=LINE('',#2537,#258);
#81=LINE('',#2539,#259);
#82=LINE('',#2541,#260);
#83=LINE('',#2543,#261);
#84=LINE('',#2550,#262);
#85=LINE('',#2552,#263);
#86=LINE('',#2554,#264);
#87=LINE('',#2556,#265);
#88=LINE('',#2559,#266);
#89=LINE('',#2565,#267);
#90=LINE('',#2578,#268);
#91=LINE('',#2580,#269);
#92=LINE('',#2582,#270);
#93=LINE('',#2589,#271);
#94=LINE('',#2592,#272);
#95=LINE('',#2593,#273);
#96=LINE('',#2595,#274);
#97=LINE('',#2598,#275);
#98=LINE('',#2604,#276);
#99=LINE('',#2606,#277);
#100=LINE('',#2608,#278);
#101=LINE('',#2610,#279);
#102=LINE('',#2617,#280);
#103=LINE('',#2620,#281);
#104=LINE('',#2621,#282);
#105=LINE('',#2623,#283);
#106=LINE('',#2626,#284);
#107=LINE('',#2632,#285);
#108=LINE('',#2634,#286);
#109=LINE('',#2637,#287);
#110=LINE('',#2639,#288);
#111=LINE('',#2641,#289);
#112=LINE('',#2643,#290);
#113=LINE('',#2645,#291);
#114=LINE('',#2646,#292);
#115=LINE('',#2649,#293);
#116=LINE('',#2651,#294);
#117=LINE('',#2653,#295);
#118=LINE('',#2655,#296);
#119=LINE('',#2657,#297);
#120=LINE('',#2658,#298);
#121=LINE('',#2661,#299);
#122=LINE('',#2663,#300);
#123=LINE('',#2665,#301);
#124=LINE('',#2667,#302);
#125=LINE('',#2669,#303);
#126=LINE('',#2702,#304);
#127=LINE('',#2704,#305);
#128=LINE('',#2706,#306);
#129=LINE('',#2708,#307);
#130=LINE('',#2710,#308);
#131=LINE('',#2712,#309);
#132=LINE('',#2714,#310);
#133=LINE('',#2716,#311);
#134=LINE('',#2718,#312);
#135=LINE('',#2720,#313);
#136=LINE('',#2722,#314);
#137=LINE('',#2724,#315);
#138=LINE('',#2730,#316);
#139=LINE('',#2732,#317);
#140=LINE('',#2734,#318);
#141=LINE('',#2736,#319);
#142=LINE('',#2738,#320);
#143=LINE('',#2740,#321);
#144=LINE('',#2742,#322);
#145=LINE('',#2744,#323);
#146=LINE('',#2746,#324);
#147=LINE('',#2748,#325);
#148=LINE('',#2750,#326);
#149=LINE('',#2752,#327);
#150=LINE('',#2758,#328);
#151=LINE('',#2760,#329);
#152=LINE('',#2762,#330);
#153=LINE('',#2764,#331);
#154=LINE('',#2766,#332);
#155=LINE('',#2768,#333);
#156=LINE('',#2770,#334);
#157=LINE('',#2772,#335);
#158=LINE('',#2774,#336);
#159=LINE('',#2776,#337);
#160=LINE('',#2778,#338);
#161=LINE('',#2780,#339);
#162=LINE('',#2786,#340);
#163=LINE('',#2788,#341);
#164=LINE('',#2790,#342);
#165=LINE('',#2792,#343);
#166=LINE('',#2794,#344);
#167=LINE('',#2796,#345);
#168=LINE('',#2798,#346);
#169=LINE('',#2800,#347);
#170=LINE('',#2802,#348);
#171=LINE('',#2804,#349);
#172=LINE('',#2806,#350);
#173=LINE('',#2808,#351);
#174=LINE('',#2812,#352);
#175=LINE('',#2826,#353);
#176=LINE('',#2855,#354);
#177=LINE('',#2879,#355);
#178=LINE('',#2896,#356);
#179=LINE('',#2899,#357);
#180=LINE('',#2901,#358);
#181=LINE('',#2903,#359);
#182=LINE('',#2905,#360);
#183=LINE('',#2907,#361);
#184=LINE('',#2909,#362);
#185=LINE('',#2910,#363);
#186=LINE('',#2912,#364);
#187=LINE('',#2914,#365);
#188=LINE('',#2916,#366);
#189=LINE('',#2918,#367);
#190=LINE('',#2921,#368);
#191=LINE('',#2924,#369);
#192=LINE('',#2926,#370);
#193=LINE('',#2928,#371);
#194=LINE('',#2930,#372);
#195=LINE('',#2932,#373);
#196=LINE('',#2934,#374);
#197=LINE('',#2935,#375);
#198=LINE('',#2937,#376);
#199=LINE('',#2939,#377);
#200=LINE('',#2941,#378);
#201=LINE('',#2943,#379);
#202=LINE('',#2946,#380);
#203=LINE('',#2949,#381);
#204=LINE('',#2951,#382);
#205=LINE('',#2953,#383);
#206=LINE('',#2955,#384);
#207=LINE('',#2957,#385);
#208=LINE('',#2959,#386);
#209=LINE('',#2960,#387);
#210=LINE('',#2962,#388);
#211=LINE('',#2964,#389);
#212=LINE('',#2966,#390);
#213=LINE('',#2968,#391);
#214=VECTOR('',#1952,1.);
#215=VECTOR('',#1953,1.);
#216=VECTOR('',#1954,1.);
#217=VECTOR('',#1955,1.);
#218=VECTOR('',#1956,1.);
#219=VECTOR('',#1957,1.);
#220=VECTOR('',#1958,1.);
#221=VECTOR('',#1961,1.);
#222=VECTOR('',#1964,1.);
#223=VECTOR('',#1969,1.);
#224=VECTOR('',#1970,1.);
#225=VECTOR('',#1971,1.);
#226=VECTOR('',#1972,1.);
#227=VECTOR('',#1973,1.);
#228=VECTOR('',#1974,1.);
#229=VECTOR('',#1975,1.);
#230=VECTOR('',#1978,1.);
#231=VECTOR('',#1981,1.);
#232=VECTOR('',#1986,1.);
#233=VECTOR('',#1987,1.);
#234=VECTOR('',#1988,1.);
#235=VECTOR('',#1989,1.);
#236=VECTOR('',#1990,1.);
#237=VECTOR('',#1991,1.);
#238=VECTOR('',#1992,1.);
#239=VECTOR('',#1995,1.);
#240=VECTOR('',#1998,1.);
#241=VECTOR('',#2003,1.);
#242=VECTOR('',#2004,1.);
#243=VECTOR('',#2005,1.);
#244=VECTOR('',#2006,1.);
#245=VECTOR('',#2007,1.);
#246=VECTOR('',#2008,1.);
#247=VECTOR('',#2009,1.);
#248=VECTOR('',#2012,1.);
#249=VECTOR('',#2015,1.);
#250=VECTOR('',#2020,1.);
#251=VECTOR('',#2021,1.);
#252=VECTOR('',#2022,1.);
#253=VECTOR('',#2025,1.);
#254=VECTOR('',#2026,1.);
#255=VECTOR('',#2027,1.);
#256=VECTOR('',#2030,1.);
#257=VECTOR('',#2031,1.);
#258=VECTOR('',#2032,1.);
#259=VECTOR('',#2035,1.);
#260=VECTOR('',#2036,1.);
#261=VECTOR('',#2037,1.);
#262=VECTOR('',#2040,1.);
#263=VECTOR('',#2041,1.);
#264=VECTOR('',#2042,1.);
#265=VECTOR('',#2045,1.);
#266=VECTOR('',#2046,1.);
#267=VECTOR('',#2047,1.);
#268=VECTOR('',#2062,1.);
#269=VECTOR('',#2063,1.);
#270=VECTOR('',#2064,1.);
#271=VECTOR('',#2067,1.);
#272=VECTOR('',#2068,1.);
#273=VECTOR('',#2069,1.);
#274=VECTOR('',#2072,1.);
#275=VECTOR('',#2073,1.);
#276=VECTOR('',#2074,1.);
#277=VECTOR('',#2077,1.);
#278=VECTOR('',#2078,1.);
#279=VECTOR('',#2079,1.);
#280=VECTOR('',#2082,1.);
#281=VECTOR('',#2083,1.);
#282=VECTOR('',#2084,1.);
#283=VECTOR('',#2087,1.);
#284=VECTOR('',#2088,1.);
#285=VECTOR('',#2089,1.);
#286=VECTOR('',#2092,1.);
#287=VECTOR('',#2093,1.);
#288=VECTOR('',#2094,1.);
#289=VECTOR('',#2095,1.);
#290=VECTOR('',#2096,1.);
#291=VECTOR('',#2097,1.);
#292=VECTOR('',#2098,1.);
#293=VECTOR('',#2099,1.);
#294=VECTOR('',#2100,1.);
#295=VECTOR('',#2101,1.);
#296=VECTOR('',#2102,1.);
#297=VECTOR('',#2103,1.);
#298=VECTOR('',#2104,1.);
#299=VECTOR('',#2105,1.);
#300=VECTOR('',#2106,1.);
#301=VECTOR('',#2107,1.);
#302=VECTOR('',#2108,1.);
#303=VECTOR('',#2109,1.);
#304=VECTOR('',#2156,1.);
#305=VECTOR('',#2157,1.);
#306=VECTOR('',#2158,1.);
#307=VECTOR('',#2161,1.);
#308=VECTOR('',#2162,1.);
#309=VECTOR('',#2165,1.);
#310=VECTOR('',#2166,1.);
#311=VECTOR('',#2169,1.);
#312=VECTOR('',#2170,1.);
#313=VECTOR('',#2173,1.);
#314=VECTOR('',#2174,1.);
#315=VECTOR('',#2177,1.);
#316=VECTOR('',#2186,1.);
#317=VECTOR('',#2187,1.);
#318=VECTOR('',#2188,1.);
#319=VECTOR('',#2191,1.);
#320=VECTOR('',#2192,1.);
#321=VECTOR('',#2195,1.);
#322=VECTOR('',#2196,1.);
#323=VECTOR('',#2199,1.);
#324=VECTOR('',#2200,1.);
#325=VECTOR('',#2203,1.);
#326=VECTOR('',#2204,1.);
#327=VECTOR('',#2207,1.);
#328=VECTOR('',#2216,1.);
#329=VECTOR('',#2217,1.);
#330=VECTOR('',#2218,1.);
#331=VECTOR('',#2221,1.);
#332=VECTOR('',#2222,1.);
#333=VECTOR('',#2225,1.);
#334=VECTOR('',#2226,1.);
#335=VECTOR('',#2229,1.);
#336=VECTOR('',#2230,1.);
#337=VECTOR('',#2233,1.);
#338=VECTOR('',#2234,1.);
#339=VECTOR('',#2237,1.);
#340=VECTOR('',#2246,1.);
#341=VECTOR('',#2247,1.);
#342=VECTOR('',#2248,1.);
#343=VECTOR('',#2251,1.);
#344=VECTOR('',#2252,1.);
#345=VECTOR('',#2255,1.);
#346=VECTOR('',#2256,1.);
#347=VECTOR('',#2259,1.);
#348=VECTOR('',#2260,1.);
#349=VECTOR('',#2263,1.);
#350=VECTOR('',#2264,1.);
#351=VECTOR('',#2267,1.);
#352=VECTOR('',#2274,1.);
#353=VECTOR('',#2277,1.);
#354=VECTOR('',#2286,1.);
#355=VECTOR('',#2295,1.);
#356=VECTOR('',#2318,1.);
#357=VECTOR('',#2319,1.);
#358=VECTOR('',#2320,1.);
#359=VECTOR('',#2321,1.);
#360=VECTOR('',#2322,1.);
#361=VECTOR('',#2323,1.);
#362=VECTOR('',#2326,1.);
#363=VECTOR('',#2327,1.);
#364=VECTOR('',#2330,1.);
#365=VECTOR('',#2333,1.);
#366=VECTOR('',#2336,1.);
#367=VECTOR('',#2339,1.);
#368=VECTOR('',#2344,1.);
#369=VECTOR('',#2345,1.);
#370=VECTOR('',#2346,1.);
#371=VECTOR('',#2347,1.);
#372=VECTOR('',#2348,1.);
#373=VECTOR('',#2349,1.);
#374=VECTOR('',#2352,1.);
#375=VECTOR('',#2353,1.);
#376=VECTOR('',#2356,1.);
#377=VECTOR('',#2359,1.);
#378=VECTOR('',#2362,1.);
#379=VECTOR('',#2365,1.);
#380=VECTOR('',#2370,1.);
#381=VECTOR('',#2371,1.);
#382=VECTOR('',#2372,1.);
#383=VECTOR('',#2373,1.);
#384=VECTOR('',#2374,1.);
#385=VECTOR('',#2375,1.);
#386=VECTOR('',#2378,1.);
#387=VECTOR('',#2379,1.);
#388=VECTOR('',#2382,1.);
#389=VECTOR('',#2385,1.);
#390=VECTOR('',#2388,1.);
#391=VECTOR('',#2391,1.);
#392=PLANE('',#1797);
#393=PLANE('',#1801);
#394=PLANE('',#1805);
#395=PLANE('',#1809);
#396=PLANE('',#1813);
#397=PLANE('',#1814);
#398=PLANE('',#1815);
#399=PLANE('',#1816);
#400=PLANE('',#1817);
#401=PLANE('',#1818);
#402=PLANE('',#1825);
#403=PLANE('',#1826);
#404=PLANE('',#1827);
#405=PLANE('',#1828);
#406=PLANE('',#1829);
#407=PLANE('',#1830);
#408=PLANE('',#1831);
#409=PLANE('',#1854);
#410=PLANE('',#1855);
#411=PLANE('',#1856);
#412=PLANE('',#1857);
#413=PLANE('',#1858);
#414=PLANE('',#1859);
#415=PLANE('',#1860);
#416=PLANE('',#1863);
#417=PLANE('',#1864);
#418=PLANE('',#1865);
#419=PLANE('',#1866);
#420=PLANE('',#1867);
#421=PLANE('',#1868);
#422=PLANE('',#1869);
#423=PLANE('',#1872);
#424=PLANE('',#1873);
#425=PLANE('',#1874);
#426=PLANE('',#1875);
#427=PLANE('',#1876);
#428=PLANE('',#1877);
#429=PLANE('',#1878);
#430=PLANE('',#1881);
#431=PLANE('',#1882);
#432=PLANE('',#1883);
#433=PLANE('',#1884);
#434=PLANE('',#1885);
#435=PLANE('',#1886);
#436=PLANE('',#1887);
#437=PLANE('',#1888);
#438=PLANE('',#1909);
#439=PLANE('',#1910);
#440=PLANE('',#1911);
#441=PLANE('',#1912);
#442=PLANE('',#1913);
#443=PLANE('',#1914);
#444=PLANE('',#1915);
#445=PLANE('',#1916);
#446=PLANE('',#1917);
#447=PLANE('',#1918);
#448=PLANE('',#1919);
#449=PLANE('',#1920);
#450=PLANE('',#1921);
#451=PLANE('',#1922);
#452=PLANE('',#1923);
#453=PLANE('',#1924);
#454=PLANE('',#1925);
#455=PLANE('',#1926);
#456=PLANE('',#1927);
#457=PLANE('',#1928);
#458=PLANE('',#1929);
#459=ORIENTED_EDGE('',*,*,#949,.F.);
#460=ORIENTED_EDGE('',*,*,#950,.F.);
#461=ORIENTED_EDGE('',*,*,#951,.F.);
#462=ORIENTED_EDGE('',*,*,#952,.F.);
#463=ORIENTED_EDGE('',*,*,#953,.F.);
#464=ORIENTED_EDGE('',*,*,#954,.F.);
#465=ORIENTED_EDGE('',*,*,#955,.T.);
#466=ORIENTED_EDGE('',*,*,#956,.T.);
#467=ORIENTED_EDGE('',*,*,#957,.T.);
#468=ORIENTED_EDGE('',*,*,#958,.T.);
#469=ORIENTED_EDGE('',*,*,#959,.T.);
#470=ORIENTED_EDGE('',*,*,#960,.T.);
#471=ORIENTED_EDGE('',*,*,#961,.T.);
#472=ORIENTED_EDGE('',*,*,#962,.T.);
#473=ORIENTED_EDGE('',*,*,#963,.T.);
#474=ORIENTED_EDGE('',*,*,#964,.T.);
#475=ORIENTED_EDGE('',*,*,#965,.F.);
#476=ORIENTED_EDGE('',*,*,#966,.T.);
#477=ORIENTED_EDGE('',*,*,#967,.T.);
#478=ORIENTED_EDGE('',*,*,#968,.T.);
#479=ORIENTED_EDGE('',*,*,#969,.T.);
#480=ORIENTED_EDGE('',*,*,#970,.T.);
#481=ORIENTED_EDGE('',*,*,#971,.T.);
#482=ORIENTED_EDGE('',*,*,#972,.T.);
#483=ORIENTED_EDGE('',*,*,#973,.F.);
#484=ORIENTED_EDGE('',*,*,#974,.T.);
#485=ORIENTED_EDGE('',*,*,#975,.F.);
#486=ORIENTED_EDGE('',*,*,#976,.T.);
#487=ORIENTED_EDGE('',*,*,#977,.T.);
#488=ORIENTED_EDGE('',*,*,#978,.T.);
#489=ORIENTED_EDGE('',*,*,#979,.T.);
#490=ORIENTED_EDGE('',*,*,#980,.T.);
#491=ORIENTED_EDGE('',*,*,#981,.T.);
#492=ORIENTED_EDGE('',*,*,#982,.T.);
#493=ORIENTED_EDGE('',*,*,#983,.T.);
#494=ORIENTED_EDGE('',*,*,#984,.T.);
#495=ORIENTED_EDGE('',*,*,#985,.F.);
#496=ORIENTED_EDGE('',*,*,#986,.T.);
#497=ORIENTED_EDGE('',*,*,#987,.F.);
#498=ORIENTED_EDGE('',*,*,#988,.T.);
#499=ORIENTED_EDGE('',*,*,#989,.T.);
#500=ORIENTED_EDGE('',*,*,#990,.T.);
#501=ORIENTED_EDGE('',*,*,#991,.T.);
#502=ORIENTED_EDGE('',*,*,#992,.T.);
#503=ORIENTED_EDGE('',*,*,#993,.T.);
#504=ORIENTED_EDGE('',*,*,#994,.T.);
#505=ORIENTED_EDGE('',*,*,#995,.T.);
#506=ORIENTED_EDGE('',*,*,#996,.T.);
#507=ORIENTED_EDGE('',*,*,#997,.T.);
#508=ORIENTED_EDGE('',*,*,#998,.T.);
#509=ORIENTED_EDGE('',*,*,#999,.F.);
#510=ORIENTED_EDGE('',*,*,#1000,.T.);
#511=ORIENTED_EDGE('',*,*,#1001,.T.);
#512=ORIENTED_EDGE('',*,*,#1002,.T.);
#513=ORIENTED_EDGE('',*,*,#963,.F.);
#514=ORIENTED_EDGE('',*,*,#1003,.T.);
#515=ORIENTED_EDGE('',*,*,#1004,.T.);
#516=ORIENTED_EDGE('',*,*,#1005,.T.);
#517=ORIENTED_EDGE('',*,*,#1006,.T.);
#518=ORIENTED_EDGE('',*,*,#1007,.T.);
#519=ORIENTED_EDGE('',*,*,#1008,.T.);
#520=ORIENTED_EDGE('',*,*,#961,.F.);
#521=ORIENTED_EDGE('',*,*,#1009,.T.);
#522=ORIENTED_EDGE('',*,*,#1010,.F.);
#523=ORIENTED_EDGE('',*,*,#1011,.T.);
#524=ORIENTED_EDGE('',*,*,#965,.T.);
#525=ORIENTED_EDGE('',*,*,#1012,.T.);
#526=ORIENTED_EDGE('',*,*,#1013,.T.);
#527=ORIENTED_EDGE('',*,*,#977,.F.);
#528=ORIENTED_EDGE('',*,*,#1014,.T.);
#529=ORIENTED_EDGE('',*,*,#1015,.T.);
#530=ORIENTED_EDGE('',*,*,#1016,.T.);
#531=ORIENTED_EDGE('',*,*,#1017,.T.);
#532=ORIENTED_EDGE('',*,*,#975,.T.);
#533=ORIENTED_EDGE('',*,*,#1018,.T.);
#534=ORIENTED_EDGE('',*,*,#1019,.F.);
#535=ORIENTED_EDGE('',*,*,#1020,.T.);
#536=ORIENTED_EDGE('',*,*,#1021,.F.);
#537=ORIENTED_EDGE('',*,*,#1022,.T.);
#538=ORIENTED_EDGE('',*,*,#973,.T.);
#539=ORIENTED_EDGE('',*,*,#1023,.T.);
#540=ORIENTED_EDGE('',*,*,#1024,.T.);
#541=ORIENTED_EDGE('',*,*,#1025,.T.);
#542=ORIENTED_EDGE('',*,*,#1026,.T.);
#543=ORIENTED_EDGE('',*,*,#1027,.T.);
#544=ORIENTED_EDGE('',*,*,#1028,.T.);
#545=ORIENTED_EDGE('',*,*,#1029,.T.);
#546=ORIENTED_EDGE('',*,*,#987,.T.);
#547=ORIENTED_EDGE('',*,*,#1030,.T.);
#548=ORIENTED_EDGE('',*,*,#1031,.F.);
#549=ORIENTED_EDGE('',*,*,#1032,.T.);
#550=ORIENTED_EDGE('',*,*,#1033,.T.);
#551=ORIENTED_EDGE('',*,*,#1034,.F.);
#552=ORIENTED_EDGE('',*,*,#1035,.T.);
#553=ORIENTED_EDGE('',*,*,#985,.T.);
#554=ORIENTED_EDGE('',*,*,#1036,.T.);
#555=ORIENTED_EDGE('',*,*,#1037,.T.);
#556=ORIENTED_EDGE('',*,*,#1038,.T.);
#557=ORIENTED_EDGE('',*,*,#989,.F.);
#558=ORIENTED_EDGE('',*,*,#1039,.T.);
#559=ORIENTED_EDGE('',*,*,#1040,.T.);
#560=ORIENTED_EDGE('',*,*,#999,.T.);
#561=ORIENTED_EDGE('',*,*,#1041,.T.);
#562=ORIENTED_EDGE('',*,*,#1042,.F.);
#563=ORIENTED_EDGE('',*,*,#1043,.T.);
#564=ORIENTED_EDGE('',*,*,#1044,.T.);
#565=ORIENTED_EDGE('',*,*,#1045,.T.);
#566=ORIENTED_EDGE('',*,*,#1046,.T.);
#567=ORIENTED_EDGE('',*,*,#997,.F.);
#568=ORIENTED_EDGE('',*,*,#1047,.T.);
#569=ORIENTED_EDGE('',*,*,#1048,.T.);
#570=ORIENTED_EDGE('',*,*,#1049,.T.);
#571=ORIENTED_EDGE('',*,*,#1001,.F.);
#572=ORIENTED_EDGE('',*,*,#1050,.T.);
#573=ORIENTED_EDGE('',*,*,#1051,.T.);
#574=ORIENTED_EDGE('',*,*,#1052,.F.);
#575=ORIENTED_EDGE('',*,*,#1053,.F.);
#576=ORIENTED_EDGE('',*,*,#1054,.F.);
#577=ORIENTED_EDGE('',*,*,#1055,.F.);
#578=ORIENTED_EDGE('',*,*,#1056,.F.);
#579=ORIENTED_EDGE('',*,*,#1057,.F.);
#580=ORIENTED_EDGE('',*,*,#1058,.F.);
#581=ORIENTED_EDGE('',*,*,#1059,.F.);
#582=ORIENTED_EDGE('',*,*,#1060,.F.);
#583=ORIENTED_EDGE('',*,*,#1061,.F.);
#584=ORIENTED_EDGE('',*,*,#1062,.F.);
#585=ORIENTED_EDGE('',*,*,#1063,.F.);
#586=ORIENTED_EDGE('',*,*,#1064,.F.);
#587=ORIENTED_EDGE('',*,*,#1065,.F.);
#588=ORIENTED_EDGE('',*,*,#1066,.F.);
#589=ORIENTED_EDGE('',*,*,#1067,.F.);
#590=ORIENTED_EDGE('',*,*,#1068,.F.);
#591=ORIENTED_EDGE('',*,*,#1069,.F.);
#592=ORIENTED_EDGE('',*,*,#1070,.T.);
#593=ORIENTED_EDGE('',*,*,#1071,.T.);
#594=ORIENTED_EDGE('',*,*,#1072,.T.);
#595=ORIENTED_EDGE('',*,*,#1073,.T.);
#596=ORIENTED_EDGE('',*,*,#1019,.T.);
#597=ORIENTED_EDGE('',*,*,#1074,.T.);
#598=ORIENTED_EDGE('',*,*,#1021,.T.);
#599=ORIENTED_EDGE('',*,*,#1075,.T.);
#600=ORIENTED_EDGE('',*,*,#1076,.T.);
#601=ORIENTED_EDGE('',*,*,#1031,.T.);
#602=ORIENTED_EDGE('',*,*,#1077,.T.);
#603=ORIENTED_EDGE('',*,*,#1034,.T.);
#604=ORIENTED_EDGE('',*,*,#1078,.T.);
#605=ORIENTED_EDGE('',*,*,#1037,.F.);
#606=ORIENTED_EDGE('',*,*,#1079,.T.);
#607=ORIENTED_EDGE('',*,*,#1080,.T.);
#608=ORIENTED_EDGE('',*,*,#1042,.T.);
#609=ORIENTED_EDGE('',*,*,#1081,.T.);
#610=ORIENTED_EDGE('',*,*,#1045,.F.);
#611=ORIENTED_EDGE('',*,*,#1082,.T.);
#612=ORIENTED_EDGE('',*,*,#1048,.F.);
#613=ORIENTED_EDGE('',*,*,#1083,.T.);
#614=ORIENTED_EDGE('',*,*,#1084,.T.);
#615=ORIENTED_EDGE('',*,*,#1004,.F.);
#616=ORIENTED_EDGE('',*,*,#1085,.T.);
#617=ORIENTED_EDGE('',*,*,#1007,.F.);
#618=ORIENTED_EDGE('',*,*,#1086,.T.);
#619=ORIENTED_EDGE('',*,*,#1010,.T.);
#620=ORIENTED_EDGE('',*,*,#1087,.T.);
#621=ORIENTED_EDGE('',*,*,#1088,.T.);
#622=ORIENTED_EDGE('',*,*,#1015,.F.);
#623=ORIENTED_EDGE('',*,*,#1089,.T.);
#624=ORIENTED_EDGE('',*,*,#1090,.F.);
#625=ORIENTED_EDGE('',*,*,#1073,.F.);
#626=ORIENTED_EDGE('',*,*,#955,.F.);
#627=ORIENTED_EDGE('',*,*,#1091,.F.);
#628=ORIENTED_EDGE('',*,*,#1092,.T.);
#629=ORIENTED_EDGE('',*,*,#1093,.T.);
#630=ORIENTED_EDGE('',*,*,#956,.F.);
#631=ORIENTED_EDGE('',*,*,#1093,.F.);
#632=ORIENTED_EDGE('',*,*,#1094,.T.);
#633=ORIENTED_EDGE('',*,*,#1095,.T.);
#634=ORIENTED_EDGE('',*,*,#957,.F.);
#635=ORIENTED_EDGE('',*,*,#1095,.F.);
#636=ORIENTED_EDGE('',*,*,#1096,.T.);
#637=ORIENTED_EDGE('',*,*,#1097,.T.);
#638=ORIENTED_EDGE('',*,*,#958,.F.);
#639=ORIENTED_EDGE('',*,*,#1097,.F.);
#640=ORIENTED_EDGE('',*,*,#1098,.T.);
#641=ORIENTED_EDGE('',*,*,#1099,.T.);
#642=ORIENTED_EDGE('',*,*,#959,.F.);
#643=ORIENTED_EDGE('',*,*,#1099,.F.);
#644=ORIENTED_EDGE('',*,*,#1100,.T.);
#645=ORIENTED_EDGE('',*,*,#1101,.T.);
#646=ORIENTED_EDGE('',*,*,#960,.F.);
#647=ORIENTED_EDGE('',*,*,#1101,.F.);
#648=ORIENTED_EDGE('',*,*,#1102,.T.);
#649=ORIENTED_EDGE('',*,*,#1091,.T.);
#650=ORIENTED_EDGE('',*,*,#1090,.T.);
#651=ORIENTED_EDGE('',*,*,#1092,.F.);
#652=ORIENTED_EDGE('',*,*,#1102,.F.);
#653=ORIENTED_EDGE('',*,*,#1100,.F.);
#654=ORIENTED_EDGE('',*,*,#1098,.F.);
#655=ORIENTED_EDGE('',*,*,#1096,.F.);
#656=ORIENTED_EDGE('',*,*,#1094,.F.);
#657=ORIENTED_EDGE('',*,*,#1103,.F.);
#658=ORIENTED_EDGE('',*,*,#1072,.F.);
#659=ORIENTED_EDGE('',*,*,#967,.F.);
#660=ORIENTED_EDGE('',*,*,#1104,.F.);
#661=ORIENTED_EDGE('',*,*,#1105,.T.);
#662=ORIENTED_EDGE('',*,*,#1106,.T.);
#663=ORIENTED_EDGE('',*,*,#968,.F.);
#664=ORIENTED_EDGE('',*,*,#1106,.F.);
#665=ORIENTED_EDGE('',*,*,#1107,.T.);
#666=ORIENTED_EDGE('',*,*,#1108,.T.);
#667=ORIENTED_EDGE('',*,*,#969,.F.);
#668=ORIENTED_EDGE('',*,*,#1108,.F.);
#669=ORIENTED_EDGE('',*,*,#1109,.T.);
#670=ORIENTED_EDGE('',*,*,#1110,.T.);
#671=ORIENTED_EDGE('',*,*,#970,.F.);
#672=ORIENTED_EDGE('',*,*,#1110,.F.);
#673=ORIENTED_EDGE('',*,*,#1111,.T.);
#674=ORIENTED_EDGE('',*,*,#1112,.T.);
#675=ORIENTED_EDGE('',*,*,#971,.F.);
#676=ORIENTED_EDGE('',*,*,#1112,.F.);
#677=ORIENTED_EDGE('',*,*,#1113,.T.);
#678=ORIENTED_EDGE('',*,*,#1114,.T.);
#679=ORIENTED_EDGE('',*,*,#972,.F.);
#680=ORIENTED_EDGE('',*,*,#1114,.F.);
#681=ORIENTED_EDGE('',*,*,#1115,.T.);
#682=ORIENTED_EDGE('',*,*,#1104,.T.);
#683=ORIENTED_EDGE('',*,*,#1103,.T.);
#684=ORIENTED_EDGE('',*,*,#1105,.F.);
#685=ORIENTED_EDGE('',*,*,#1115,.F.);
#686=ORIENTED_EDGE('',*,*,#1113,.F.);
#687=ORIENTED_EDGE('',*,*,#1111,.F.);
#688=ORIENTED_EDGE('',*,*,#1109,.F.);
#689=ORIENTED_EDGE('',*,*,#1107,.F.);
#690=ORIENTED_EDGE('',*,*,#1116,.F.);
#691=ORIENTED_EDGE('',*,*,#1071,.F.);
#692=ORIENTED_EDGE('',*,*,#991,.F.);
#693=ORIENTED_EDGE('',*,*,#1117,.F.);
#694=ORIENTED_EDGE('',*,*,#1118,.T.);
#695=ORIENTED_EDGE('',*,*,#1119,.T.);
#696=ORIENTED_EDGE('',*,*,#992,.F.);
#697=ORIENTED_EDGE('',*,*,#1119,.F.);
#698=ORIENTED_EDGE('',*,*,#1120,.T.);
#699=ORIENTED_EDGE('',*,*,#1121,.T.);
#700=ORIENTED_EDGE('',*,*,#993,.F.);
#701=ORIENTED_EDGE('',*,*,#1121,.F.);
#702=ORIENTED_EDGE('',*,*,#1122,.T.);
#703=ORIENTED_EDGE('',*,*,#1123,.T.);
#704=ORIENTED_EDGE('',*,*,#994,.F.);
#705=ORIENTED_EDGE('',*,*,#1123,.F.);
#706=ORIENTED_EDGE('',*,*,#1124,.T.);
#707=ORIENTED_EDGE('',*,*,#1125,.T.);
#708=ORIENTED_EDGE('',*,*,#995,.F.);
#709=ORIENTED_EDGE('',*,*,#1125,.F.);
#710=ORIENTED_EDGE('',*,*,#1126,.T.);
#711=ORIENTED_EDGE('',*,*,#1127,.T.);
#712=ORIENTED_EDGE('',*,*,#996,.F.);
#713=ORIENTED_EDGE('',*,*,#1127,.F.);
#714=ORIENTED_EDGE('',*,*,#1128,.T.);
#715=ORIENTED_EDGE('',*,*,#1117,.T.);
#716=ORIENTED_EDGE('',*,*,#1116,.T.);
#717=ORIENTED_EDGE('',*,*,#1118,.F.);
#718=ORIENTED_EDGE('',*,*,#1128,.F.);
#719=ORIENTED_EDGE('',*,*,#1126,.F.);
#720=ORIENTED_EDGE('',*,*,#1124,.F.);
#721=ORIENTED_EDGE('',*,*,#1122,.F.);
#722=ORIENTED_EDGE('',*,*,#1120,.F.);
#723=ORIENTED_EDGE('',*,*,#1129,.F.);
#724=ORIENTED_EDGE('',*,*,#1070,.F.);
#725=ORIENTED_EDGE('',*,*,#979,.F.);
#726=ORIENTED_EDGE('',*,*,#1130,.F.);
#727=ORIENTED_EDGE('',*,*,#1131,.T.);
#728=ORIENTED_EDGE('',*,*,#1132,.T.);
#729=ORIENTED_EDGE('',*,*,#980,.F.);
#730=ORIENTED_EDGE('',*,*,#1132,.F.);
#731=ORIENTED_EDGE('',*,*,#1133,.T.);
#732=ORIENTED_EDGE('',*,*,#1134,.T.);
#733=ORIENTED_EDGE('',*,*,#981,.F.);
#734=ORIENTED_EDGE('',*,*,#1134,.F.);
#735=ORIENTED_EDGE('',*,*,#1135,.T.);
#736=ORIENTED_EDGE('',*,*,#1136,.T.);
#737=ORIENTED_EDGE('',*,*,#982,.F.);
#738=ORIENTED_EDGE('',*,*,#1136,.F.);
#739=ORIENTED_EDGE('',*,*,#1137,.T.);
#740=ORIENTED_EDGE('',*,*,#1138,.T.);
#741=ORIENTED_EDGE('',*,*,#983,.F.);
#742=ORIENTED_EDGE('',*,*,#1138,.F.);
#743=ORIENTED_EDGE('',*,*,#1139,.T.);
#744=ORIENTED_EDGE('',*,*,#1140,.T.);
#745=ORIENTED_EDGE('',*,*,#984,.F.);
#746=ORIENTED_EDGE('',*,*,#1140,.F.);
#747=ORIENTED_EDGE('',*,*,#1141,.T.);
#748=ORIENTED_EDGE('',*,*,#1130,.T.);
#749=ORIENTED_EDGE('',*,*,#1129,.T.);
#750=ORIENTED_EDGE('',*,*,#1131,.F.);
#751=ORIENTED_EDGE('',*,*,#1141,.F.);
#752=ORIENTED_EDGE('',*,*,#1139,.F.);
#753=ORIENTED_EDGE('',*,*,#1137,.F.);
#754=ORIENTED_EDGE('',*,*,#1135,.F.);
#755=ORIENTED_EDGE('',*,*,#1133,.F.);
#756=ORIENTED_EDGE('',*,*,#949,.T.);
#757=ORIENTED_EDGE('',*,*,#951,.T.);
#758=ORIENTED_EDGE('',*,*,#953,.T.);
#759=ORIENTED_EDGE('',*,*,#1029,.F.);
#760=ORIENTED_EDGE('',*,*,#1032,.F.);
#761=ORIENTED_EDGE('',*,*,#1076,.F.);
#762=ORIENTED_EDGE('',*,*,#1142,.F.);
#763=ORIENTED_EDGE('',*,*,#1143,.F.);
#764=ORIENTED_EDGE('',*,*,#1040,.F.);
#765=ORIENTED_EDGE('',*,*,#1144,.F.);
#766=ORIENTED_EDGE('',*,*,#1145,.F.);
#767=ORIENTED_EDGE('',*,*,#1079,.F.);
#768=ORIENTED_EDGE('',*,*,#1024,.F.);
#769=ORIENTED_EDGE('',*,*,#1146,.F.);
#770=ORIENTED_EDGE('',*,*,#1142,.T.);
#771=ORIENTED_EDGE('',*,*,#1075,.F.);
#772=ORIENTED_EDGE('',*,*,#1033,.F.);
#773=ORIENTED_EDGE('',*,*,#1143,.T.);
#774=ORIENTED_EDGE('',*,*,#1147,.F.);
#775=ORIENTED_EDGE('',*,*,#1027,.F.);
#776=ORIENTED_EDGE('',*,*,#1148,.F.);
#777=ORIENTED_EDGE('',*,*,#1144,.T.);
#778=ORIENTED_EDGE('',*,*,#1039,.F.);
#779=ORIENTED_EDGE('',*,*,#988,.F.);
#780=ORIENTED_EDGE('',*,*,#1080,.F.);
#781=ORIENTED_EDGE('',*,*,#1145,.T.);
#782=ORIENTED_EDGE('',*,*,#1149,.F.);
#783=ORIENTED_EDGE('',*,*,#1043,.F.);
#784=ORIENTED_EDGE('',*,*,#1051,.F.);
#785=ORIENTED_EDGE('',*,*,#1150,.F.);
#786=ORIENTED_EDGE('',*,*,#1151,.F.);
#787=ORIENTED_EDGE('',*,*,#1083,.F.);
#788=ORIENTED_EDGE('',*,*,#978,.F.);
#789=ORIENTED_EDGE('',*,*,#1017,.F.);
#790=ORIENTED_EDGE('',*,*,#1152,.F.);
#791=ORIENTED_EDGE('',*,*,#1153,.F.);
#792=ORIENTED_EDGE('',*,*,#1028,.F.);
#793=ORIENTED_EDGE('',*,*,#1147,.T.);
#794=ORIENTED_EDGE('',*,*,#1146,.T.);
#795=ORIENTED_EDGE('',*,*,#1023,.F.);
#796=ORIENTED_EDGE('',*,*,#1026,.F.);
#797=ORIENTED_EDGE('',*,*,#1154,.F.);
#798=ORIENTED_EDGE('',*,*,#1150,.T.);
#799=ORIENTED_EDGE('',*,*,#1050,.F.);
#800=ORIENTED_EDGE('',*,*,#1000,.F.);
#801=ORIENTED_EDGE('',*,*,#1044,.F.);
#802=ORIENTED_EDGE('',*,*,#1149,.T.);
#803=ORIENTED_EDGE('',*,*,#1148,.T.);
#804=ORIENTED_EDGE('',*,*,#1084,.F.);
#805=ORIENTED_EDGE('',*,*,#1151,.T.);
#806=ORIENTED_EDGE('',*,*,#1155,.F.);
#807=ORIENTED_EDGE('',*,*,#1005,.F.);
#808=ORIENTED_EDGE('',*,*,#1016,.F.);
#809=ORIENTED_EDGE('',*,*,#1088,.F.);
#810=ORIENTED_EDGE('',*,*,#1156,.F.);
#811=ORIENTED_EDGE('',*,*,#1152,.T.);
#812=ORIENTED_EDGE('',*,*,#1025,.F.);
#813=ORIENTED_EDGE('',*,*,#1153,.T.);
#814=ORIENTED_EDGE('',*,*,#1157,.F.);
#815=ORIENTED_EDGE('',*,*,#1012,.F.);
#816=ORIENTED_EDGE('',*,*,#964,.F.);
#817=ORIENTED_EDGE('',*,*,#1006,.F.);
#818=ORIENTED_EDGE('',*,*,#1155,.T.);
#819=ORIENTED_EDGE('',*,*,#1154,.T.);
#820=ORIENTED_EDGE('',*,*,#1013,.F.);
#821=ORIENTED_EDGE('',*,*,#1157,.T.);
#822=ORIENTED_EDGE('',*,*,#1156,.T.);
#823=ORIENTED_EDGE('',*,*,#1087,.F.);
#824=ORIENTED_EDGE('',*,*,#1074,.F.);
#825=ORIENTED_EDGE('',*,*,#1018,.F.);
#826=ORIENTED_EDGE('',*,*,#974,.F.);
#827=ORIENTED_EDGE('',*,*,#1022,.F.);
#828=ORIENTED_EDGE('',*,*,#1077,.F.);
#829=ORIENTED_EDGE('',*,*,#1030,.F.);
#830=ORIENTED_EDGE('',*,*,#986,.F.);
#831=ORIENTED_EDGE('',*,*,#1035,.F.);
#832=ORIENTED_EDGE('',*,*,#1078,.F.);
#833=ORIENTED_EDGE('',*,*,#1036,.F.);
#834=ORIENTED_EDGE('',*,*,#990,.F.);
#835=ORIENTED_EDGE('',*,*,#1038,.F.);
#836=ORIENTED_EDGE('',*,*,#1081,.F.);
#837=ORIENTED_EDGE('',*,*,#1041,.F.);
#838=ORIENTED_EDGE('',*,*,#998,.F.);
#839=ORIENTED_EDGE('',*,*,#1046,.F.);
#840=ORIENTED_EDGE('',*,*,#1082,.F.);
#841=ORIENTED_EDGE('',*,*,#1047,.F.);
#842=ORIENTED_EDGE('',*,*,#1002,.F.);
#843=ORIENTED_EDGE('',*,*,#1049,.F.);
#844=ORIENTED_EDGE('',*,*,#1085,.F.);
#845=ORIENTED_EDGE('',*,*,#1003,.F.);
#846=ORIENTED_EDGE('',*,*,#962,.F.);
#847=ORIENTED_EDGE('',*,*,#1008,.F.);
#848=ORIENTED_EDGE('',*,*,#1086,.F.);
#849=ORIENTED_EDGE('',*,*,#1009,.F.);
#850=ORIENTED_EDGE('',*,*,#966,.F.);
#851=ORIENTED_EDGE('',*,*,#1011,.F.);
#852=ORIENTED_EDGE('',*,*,#1089,.F.);
#853=ORIENTED_EDGE('',*,*,#1014,.F.);
#854=ORIENTED_EDGE('',*,*,#976,.F.);
#855=ORIENTED_EDGE('',*,*,#1020,.F.);
#856=ORIENTED_EDGE('',*,*,#1158,.T.);
#857=ORIENTED_EDGE('',*,*,#1159,.T.);
#858=ORIENTED_EDGE('',*,*,#1160,.T.);
#859=ORIENTED_EDGE('',*,*,#1161,.T.);
#860=ORIENTED_EDGE('',*,*,#1162,.T.);
#861=ORIENTED_EDGE('',*,*,#1163,.T.);
#862=ORIENTED_EDGE('',*,*,#954,.T.);
#863=ORIENTED_EDGE('',*,*,#1064,.T.);
#864=ORIENTED_EDGE('',*,*,#1164,.F.);
#865=ORIENTED_EDGE('',*,*,#1158,.F.);
#866=ORIENTED_EDGE('',*,*,#1165,.T.);
#867=ORIENTED_EDGE('',*,*,#1069,.T.);
#868=ORIENTED_EDGE('',*,*,#1166,.F.);
#869=ORIENTED_EDGE('',*,*,#1159,.F.);
#870=ORIENTED_EDGE('',*,*,#1164,.T.);
#871=ORIENTED_EDGE('',*,*,#1068,.T.);
#872=ORIENTED_EDGE('',*,*,#1167,.F.);
#873=ORIENTED_EDGE('',*,*,#1160,.F.);
#874=ORIENTED_EDGE('',*,*,#1166,.T.);
#875=ORIENTED_EDGE('',*,*,#1067,.T.);
#876=ORIENTED_EDGE('',*,*,#1168,.F.);
#877=ORIENTED_EDGE('',*,*,#1161,.F.);
#878=ORIENTED_EDGE('',*,*,#1167,.T.);
#879=ORIENTED_EDGE('',*,*,#1066,.T.);
#880=ORIENTED_EDGE('',*,*,#1169,.F.);
#881=ORIENTED_EDGE('',*,*,#1162,.F.);
#882=ORIENTED_EDGE('',*,*,#1168,.T.);
#883=ORIENTED_EDGE('',*,*,#1065,.T.);
#884=ORIENTED_EDGE('',*,*,#1165,.F.);
#885=ORIENTED_EDGE('',*,*,#1163,.F.);
#886=ORIENTED_EDGE('',*,*,#1169,.T.);
#887=ORIENTED_EDGE('',*,*,#1170,.T.);
#888=ORIENTED_EDGE('',*,*,#1171,.T.);
#889=ORIENTED_EDGE('',*,*,#1172,.T.);
#890=ORIENTED_EDGE('',*,*,#1173,.T.);
#891=ORIENTED_EDGE('',*,*,#1174,.T.);
#892=ORIENTED_EDGE('',*,*,#1175,.T.);
#893=ORIENTED_EDGE('',*,*,#952,.T.);
#894=ORIENTED_EDGE('',*,*,#1058,.T.);
#895=ORIENTED_EDGE('',*,*,#1176,.F.);
#896=ORIENTED_EDGE('',*,*,#1170,.F.);
#897=ORIENTED_EDGE('',*,*,#1177,.T.);
#898=ORIENTED_EDGE('',*,*,#1063,.T.);
#899=ORIENTED_EDGE('',*,*,#1178,.F.);
#900=ORIENTED_EDGE('',*,*,#1171,.F.);
#901=ORIENTED_EDGE('',*,*,#1176,.T.);
#902=ORIENTED_EDGE('',*,*,#1062,.T.);
#903=ORIENTED_EDGE('',*,*,#1179,.F.);
#904=ORIENTED_EDGE('',*,*,#1172,.F.);
#905=ORIENTED_EDGE('',*,*,#1178,.T.);
#906=ORIENTED_EDGE('',*,*,#1061,.T.);
#907=ORIENTED_EDGE('',*,*,#1180,.F.);
#908=ORIENTED_EDGE('',*,*,#1173,.F.);
#909=ORIENTED_EDGE('',*,*,#1179,.T.);
#910=ORIENTED_EDGE('',*,*,#1060,.T.);
#911=ORIENTED_EDGE('',*,*,#1181,.F.);
#912=ORIENTED_EDGE('',*,*,#1174,.F.);
#913=ORIENTED_EDGE('',*,*,#1180,.T.);
#914=ORIENTED_EDGE('',*,*,#1059,.T.);
#915=ORIENTED_EDGE('',*,*,#1177,.F.);
#916=ORIENTED_EDGE('',*,*,#1175,.F.);
#917=ORIENTED_EDGE('',*,*,#1181,.T.);
#918=ORIENTED_EDGE('',*,*,#1182,.T.);
#919=ORIENTED_EDGE('',*,*,#1183,.T.);
#920=ORIENTED_EDGE('',*,*,#1184,.T.);
#921=ORIENTED_EDGE('',*,*,#1185,.T.);
#922=ORIENTED_EDGE('',*,*,#1186,.T.);
#923=ORIENTED_EDGE('',*,*,#1187,.T.);
#924=ORIENTED_EDGE('',*,*,#950,.T.);
#925=ORIENTED_EDGE('',*,*,#1052,.T.);
#926=ORIENTED_EDGE('',*,*,#1188,.F.);
#927=ORIENTED_EDGE('',*,*,#1182,.F.);
#928=ORIENTED_EDGE('',*,*,#1189,.T.);
#929=ORIENTED_EDGE('',*,*,#1057,.T.);
#930=ORIENTED_EDGE('',*,*,#1190,.F.);
#931=ORIENTED_EDGE('',*,*,#1183,.F.);
#932=ORIENTED_EDGE('',*,*,#1188,.T.);
#933=ORIENTED_EDGE('',*,*,#1056,.T.);
#934=ORIENTED_EDGE('',*,*,#1191,.F.);
#935=ORIENTED_EDGE('',*,*,#1184,.F.);
#936=ORIENTED_EDGE('',*,*,#1190,.T.);
#937=ORIENTED_EDGE('',*,*,#1055,.T.);
#938=ORIENTED_EDGE('',*,*,#1192,.F.);
#939=ORIENTED_EDGE('',*,*,#1185,.F.);
#940=ORIENTED_EDGE('',*,*,#1191,.T.);
#941=ORIENTED_EDGE('',*,*,#1054,.T.);
#942=ORIENTED_EDGE('',*,*,#1193,.F.);
#943=ORIENTED_EDGE('',*,*,#1186,.F.);
#944=ORIENTED_EDGE('',*,*,#1192,.T.);
#945=ORIENTED_EDGE('',*,*,#1053,.T.);
#946=ORIENTED_EDGE('',*,*,#1189,.F.);
#947=ORIENTED_EDGE('',*,*,#1187,.F.);
#948=ORIENTED_EDGE('',*,*,#1193,.T.);
#949=EDGE_CURVE('',#1194,#1194,#1361,.T.);
#950=EDGE_CURVE('',#1195,#1195,#1362,.F.);
#951=EDGE_CURVE('',#1196,#1196,#1363,.T.);
#952=EDGE_CURVE('',#1197,#1197,#1364,.F.);
#953=EDGE_CURVE('',#1198,#1198,#1365,.T.);
#954=EDGE_CURVE('',#1199,#1199,#1366,.F.);
#955=EDGE_CURVE('',#1200,#1201,#36,.T.);
#956=EDGE_CURVE('',#1201,#1202,#37,.T.);
#957=EDGE_CURVE('',#1202,#1203,#38,.T.);
#958=EDGE_CURVE('',#1203,#1204,#39,.T.);
#959=EDGE_CURVE('',#1204,#1205,#40,.T.);
#960=EDGE_CURVE('',#1205,#1200,#41,.T.);
#961=EDGE_CURVE('',#1206,#1207,#42,.T.);
#962=EDGE_CURVE('',#1207,#1208,#1367,.F.);
#963=EDGE_CURVE('',#1208,#1209,#43,.T.);
#964=EDGE_CURVE('',#1209,#1210,#1368,.T.);
#965=EDGE_CURVE('',#1211,#1210,#44,.T.);
#966=EDGE_CURVE('',#1211,#1206,#1369,.F.);
#967=EDGE_CURVE('',#1212,#1213,#45,.T.);
#968=EDGE_CURVE('',#1213,#1214,#46,.T.);
#969=EDGE_CURVE('',#1214,#1215,#47,.T.);
#970=EDGE_CURVE('',#1215,#1216,#48,.T.);
#971=EDGE_CURVE('',#1216,#1217,#49,.T.);
#972=EDGE_CURVE('',#1217,#1212,#50,.T.);
#973=EDGE_CURVE('',#1218,#1219,#51,.T.);
#974=EDGE_CURVE('',#1218,#1220,#1370,.F.);
#975=EDGE_CURVE('',#1221,#1220,#52,.T.);
#976=EDGE_CURVE('',#1221,#1222,#1371,.F.);
#977=EDGE_CURVE('',#1222,#1223,#53,.T.);
#978=EDGE_CURVE('',#1223,#1219,#1372,.T.);
#979=EDGE_CURVE('',#1224,#1225,#54,.T.);
#980=EDGE_CURVE('',#1225,#1226,#55,.T.);
#981=EDGE_CURVE('',#1226,#1227,#56,.T.);
#982=EDGE_CURVE('',#1227,#1228,#57,.T.);
#983=EDGE_CURVE('',#1228,#1229,#58,.T.);
#984=EDGE_CURVE('',#1229,#1224,#59,.T.);
#985=EDGE_CURVE('',#1230,#1231,#60,.T.);
#986=EDGE_CURVE('',#1230,#1232,#1373,.F.);
#987=EDGE_CURVE('',#1233,#1232,#61,.T.);
#988=EDGE_CURVE('',#1233,#1234,#1374,.T.);
#989=EDGE_CURVE('',#1234,#1235,#62,.T.);
#990=EDGE_CURVE('',#1235,#1231,#1375,.F.);
#991=EDGE_CURVE('',#1236,#1237,#63,.T.);
#992=EDGE_CURVE('',#1237,#1238,#64,.T.);
#993=EDGE_CURVE('',#1238,#1239,#65,.T.);
#994=EDGE_CURVE('',#1239,#1240,#66,.T.);
#995=EDGE_CURVE('',#1240,#1241,#67,.T.);
#996=EDGE_CURVE('',#1241,#1236,#68,.T.);
#997=EDGE_CURVE('',#1242,#1243,#69,.T.);
#998=EDGE_CURVE('',#1243,#1244,#1376,.F.);
#999=EDGE_CURVE('',#1245,#1244,#70,.T.);
#1000=EDGE_CURVE('',#1245,#1246,#1377,.T.);
#1001=EDGE_CURVE('',#1246,#1247,#71,.T.);
#1002=EDGE_CURVE('',#1247,#1242,#1378,.F.);
#1003=EDGE_CURVE('',#1208,#1248,#72,.F.);
#1004=EDGE_CURVE('',#1248,#1249,#73,.T.);
#1005=EDGE_CURVE('',#1249,#1250,#74,.T.);
#1006=EDGE_CURVE('',#1250,#1209,#16,.T.);
#1007=EDGE_CURVE('',#1251,#1252,#75,.T.);
#1008=EDGE_CURVE('',#1252,#1207,#76,.T.);
#1009=EDGE_CURVE('',#1206,#1251,#77,.F.);
#1010=EDGE_CURVE('',#1253,#1254,#78,.T.);
#1011=EDGE_CURVE('',#1253,#1211,#79,.T.);
#1012=EDGE_CURVE('',#1210,#1255,#17,.T.);
#1013=EDGE_CURVE('',#1255,#1254,#80,.T.);
#1014=EDGE_CURVE('',#1222,#1256,#81,.F.);
#1015=EDGE_CURVE('',#1256,#1257,#82,.T.);
#1016=EDGE_CURVE('',#1257,#1258,#83,.T.);
#1017=EDGE_CURVE('',#1258,#1223,#18,.T.);
#1018=EDGE_CURVE('',#1220,#1259,#84,.F.);
#1019=EDGE_CURVE('',#1260,#1259,#85,.T.);
#1020=EDGE_CURVE('',#1260,#1221,#86,.T.);
#1021=EDGE_CURVE('',#1261,#1262,#87,.T.);
#1022=EDGE_CURVE('',#1261,#1218,#88,.T.);
#1023=EDGE_CURVE('',#1219,#1263,#19,.T.);
#1024=EDGE_CURVE('',#1263,#1262,#89,.T.);
#1025=EDGE_CURVE('',#1264,#1265,#1379,.F.);
#1026=EDGE_CURVE('',#1265,#1266,#1380,.F.);
#1027=EDGE_CURVE('',#1266,#1267,#1381,.F.);
#1028=EDGE_CURVE('',#1267,#1264,#1382,.F.);
#1029=EDGE_CURVE('',#1268,#1268,#1383,.T.);
#1030=EDGE_CURVE('',#1232,#1269,#90,.F.);
#1031=EDGE_CURVE('',#1270,#1269,#91,.T.);
#1032=EDGE_CURVE('',#1270,#1271,#92,.F.);
#1033=EDGE_CURVE('',#1271,#1233,#20,.T.);
#1034=EDGE_CURVE('',#1272,#1273,#93,.T.);
#1035=EDGE_CURVE('',#1272,#1230,#94,.T.);
#1036=EDGE_CURVE('',#1231,#1273,#95,.F.);
#1037=EDGE_CURVE('',#1274,#1275,#96,.T.);
#1038=EDGE_CURVE('',#1275,#1235,#97,.T.);
#1039=EDGE_CURVE('',#1234,#1276,#21,.T.);
#1040=EDGE_CURVE('',#1276,#1274,#98,.F.);
#1041=EDGE_CURVE('',#1244,#1277,#99,.F.);
#1042=EDGE_CURVE('',#1278,#1277,#100,.T.);
#1043=EDGE_CURVE('',#1278,#1279,#101,.F.);
#1044=EDGE_CURVE('',#1279,#1245,#22,.T.);
#1045=EDGE_CURVE('',#1280,#1281,#102,.T.);
#1046=EDGE_CURVE('',#1281,#1243,#103,.T.);
#1047=EDGE_CURVE('',#1242,#1280,#104,.F.);
#1048=EDGE_CURVE('',#1282,#1283,#105,.T.);
#1049=EDGE_CURVE('',#1283,#1247,#106,.T.);
#1050=EDGE_CURVE('',#1246,#1284,#23,.T.);
#1051=EDGE_CURVE('',#1284,#1282,#107,.F.);
#1052=EDGE_CURVE('',#1285,#1286,#108,.T.);
#1053=EDGE_CURVE('',#1287,#1285,#109,.T.);
#1054=EDGE_CURVE('',#1288,#1287,#110,.T.);
#1055=EDGE_CURVE('',#1289,#1288,#111,.T.);
#1056=EDGE_CURVE('',#1290,#1289,#112,.T.);
#1057=EDGE_CURVE('',#1286,#1290,#113,.T.);
#1058=EDGE_CURVE('',#1291,#1292,#114,.T.);
#1059=EDGE_CURVE('',#1293,#1291,#115,.T.);
#1060=EDGE_CURVE('',#1294,#1293,#116,.T.);
#1061=EDGE_CURVE('',#1295,#1294,#117,.T.);
#1062=EDGE_CURVE('',#1296,#1295,#118,.T.);
#1063=EDGE_CURVE('',#1292,#1296,#119,.T.);
#1064=EDGE_CURVE('',#1297,#1298,#120,.T.);
#1065=EDGE_CURVE('',#1299,#1297,#121,.T.);
#1066=EDGE_CURVE('',#1300,#1299,#122,.T.);
#1067=EDGE_CURVE('',#1301,#1300,#123,.T.);
#1068=EDGE_CURVE('',#1302,#1301,#124,.T.);
#1069=EDGE_CURVE('',#1298,#1302,#125,.T.);
#1070=EDGE_CURVE('',#1303,#1303,#1384,.F.);
#1071=EDGE_CURVE('',#1304,#1304,#1385,.F.);
#1072=EDGE_CURVE('',#1305,#1305,#1386,.F.);
#1073=EDGE_CURVE('',#1306,#1306,#1387,.F.);
#1074=EDGE_CURVE('',#1259,#1261,#1388,.T.);
#1075=EDGE_CURVE('',#1262,#1307,#1389,.F.);
#1076=EDGE_CURVE('',#1307,#1270,#1390,.F.);
#1077=EDGE_CURVE('',#1269,#1272,#1391,.T.);
#1078=EDGE_CURVE('',#1273,#1275,#1392,.T.);
#1079=EDGE_CURVE('',#1274,#1308,#1393,.F.);
#1080=EDGE_CURVE('',#1308,#1278,#1394,.F.);
#1081=EDGE_CURVE('',#1277,#1281,#1395,.T.);
#1082=EDGE_CURVE('',#1280,#1283,#1396,.T.);
#1083=EDGE_CURVE('',#1282,#1309,#1397,.F.);
#1084=EDGE_CURVE('',#1309,#1249,#1398,.F.);
#1085=EDGE_CURVE('',#1248,#1252,#1399,.T.);
#1086=EDGE_CURVE('',#1251,#1253,#1400,.T.);
#1087=EDGE_CURVE('',#1254,#1310,#1401,.F.);
#1088=EDGE_CURVE('',#1310,#1257,#1402,.F.);
#1089=EDGE_CURVE('',#1256,#1260,#1403,.T.);
#1090=EDGE_CURVE('',#1311,#1311,#1404,.T.);
#1091=EDGE_CURVE('',#1312,#1200,#126,.T.);
#1092=EDGE_CURVE('',#1312,#1313,#127,.T.);
#1093=EDGE_CURVE('',#1313,#1201,#128,.T.);
#1094=EDGE_CURVE('',#1313,#1314,#129,.T.);
#1095=EDGE_CURVE('',#1314,#1202,#130,.T.);
#1096=EDGE_CURVE('',#1314,#1315,#131,.T.);
#1097=EDGE_CURVE('',#1315,#1203,#132,.T.);
#1098=EDGE_CURVE('',#1315,#1316,#133,.T.);
#1099=EDGE_CURVE('',#1316,#1204,#134,.T.);
#1100=EDGE_CURVE('',#1316,#1317,#135,.T.);
#1101=EDGE_CURVE('',#1317,#1205,#136,.T.);
#1102=EDGE_CURVE('',#1317,#1312,#137,.T.);
#1103=EDGE_CURVE('',#1318,#1318,#1405,.T.);
#1104=EDGE_CURVE('',#1319,#1212,#138,.T.);
#1105=EDGE_CURVE('',#1319,#1320,#139,.T.);
#1106=EDGE_CURVE('',#1320,#1213,#140,.T.);
#1107=EDGE_CURVE('',#1320,#1321,#141,.T.);
#1108=EDGE_CURVE('',#1321,#1214,#142,.T.);
#1109=EDGE_CURVE('',#1321,#1322,#143,.T.);
#1110=EDGE_CURVE('',#1322,#1215,#144,.T.);
#1111=EDGE_CURVE('',#1322,#1323,#145,.T.);
#1112=EDGE_CURVE('',#1323,#1216,#146,.T.);
#1113=EDGE_CURVE('',#1323,#1324,#147,.T.);
#1114=EDGE_CURVE('',#1324,#1217,#148,.T.);
#1115=EDGE_CURVE('',#1324,#1319,#149,.T.);
#1116=EDGE_CURVE('',#1325,#1325,#1406,.T.);
#1117=EDGE_CURVE('',#1326,#1236,#150,.T.);
#1118=EDGE_CURVE('',#1326,#1327,#151,.T.);
#1119=EDGE_CURVE('',#1327,#1237,#152,.T.);
#1120=EDGE_CURVE('',#1327,#1328,#153,.T.);
#1121=EDGE_CURVE('',#1328,#1238,#154,.T.);
#1122=EDGE_CURVE('',#1328,#1329,#155,.T.);
#1123=EDGE_CURVE('',#1329,#1239,#156,.T.);
#1124=EDGE_CURVE('',#1329,#1330,#157,.T.);
#1125=EDGE_CURVE('',#1330,#1240,#158,.T.);
#1126=EDGE_CURVE('',#1330,#1331,#159,.T.);
#1127=EDGE_CURVE('',#1331,#1241,#160,.T.);
#1128=EDGE_CURVE('',#1331,#1326,#161,.T.);
#1129=EDGE_CURVE('',#1332,#1332,#1407,.T.);
#1130=EDGE_CURVE('',#1333,#1224,#162,.T.);
#1131=EDGE_CURVE('',#1333,#1334,#163,.T.);
#1132=EDGE_CURVE('',#1334,#1225,#164,.T.);
#1133=EDGE_CURVE('',#1334,#1335,#165,.T.);
#1134=EDGE_CURVE('',#1335,#1226,#166,.T.);
#1135=EDGE_CURVE('',#1335,#1336,#167,.T.);
#1136=EDGE_CURVE('',#1336,#1227,#168,.T.);
#1137=EDGE_CURVE('',#1336,#1337,#169,.T.);
#1138=EDGE_CURVE('',#1337,#1228,#170,.T.);
#1139=EDGE_CURVE('',#1337,#1338,#171,.T.);
#1140=EDGE_CURVE('',#1338,#1229,#172,.T.);
#1141=EDGE_CURVE('',#1338,#1333,#173,.T.);
#1142=EDGE_CURVE('',#1339,#1307,#174,.F.);
#1143=EDGE_CURVE('',#1271,#1339,#24,.T.);
#1144=EDGE_CURVE('',#1340,#1276,#25,.F.);
#1145=EDGE_CURVE('',#1308,#1340,#175,.T.);
#1146=EDGE_CURVE('',#1339,#1263,#26,.F.);
#1147=EDGE_CURVE('',#1267,#1339,#27,.F.);
#1148=EDGE_CURVE('',#1340,#1266,#28,.T.);
#1149=EDGE_CURVE('',#1279,#1340,#29,.T.);
#1150=EDGE_CURVE('',#1341,#1284,#30,.F.);
#1151=EDGE_CURVE('',#1309,#1341,#176,.T.);
#1152=EDGE_CURVE('',#1342,#1258,#31,.F.);
#1153=EDGE_CURVE('',#1264,#1342,#32,.F.);
#1154=EDGE_CURVE('',#1341,#1265,#33,.T.);
#1155=EDGE_CURVE('',#1250,#1341,#34,.T.);
#1156=EDGE_CURVE('',#1342,#1310,#177,.F.);
#1157=EDGE_CURVE('',#1255,#1342,#35,.T.);
#1158=EDGE_CURVE('',#1343,#1344,#178,.T.);
#1159=EDGE_CURVE('',#1344,#1345,#179,.T.);
#1160=EDGE_CURVE('',#1345,#1346,#180,.T.);
#1161=EDGE_CURVE('',#1346,#1347,#181,.T.);
#1162=EDGE_CURVE('',#1347,#1348,#182,.T.);
#1163=EDGE_CURVE('',#1348,#1343,#183,.T.);
#1164=EDGE_CURVE('',#1344,#1298,#184,.T.);
#1165=EDGE_CURVE('',#1343,#1297,#185,.T.);
#1166=EDGE_CURVE('',#1345,#1302,#186,.T.);
#1167=EDGE_CURVE('',#1346,#1301,#187,.T.);
#1168=EDGE_CURVE('',#1347,#1300,#188,.T.);
#1169=EDGE_CURVE('',#1348,#1299,#189,.T.);
#1170=EDGE_CURVE('',#1349,#1350,#190,.T.);
#1171=EDGE_CURVE('',#1350,#1351,#191,.T.);
#1172=EDGE_CURVE('',#1351,#1352,#192,.T.);
#1173=EDGE_CURVE('',#1352,#1353,#193,.T.);
#1174=EDGE_CURVE('',#1353,#1354,#194,.T.);
#1175=EDGE_CURVE('',#1354,#1349,#195,.T.);
#1176=EDGE_CURVE('',#1350,#1292,#196,.T.);
#1177=EDGE_CURVE('',#1349,#1291,#197,.T.);
#1178=EDGE_CURVE('',#1351,#1296,#198,.T.);
#1179=EDGE_CURVE('',#1352,#1295,#199,.T.);
#1180=EDGE_CURVE('',#1353,#1294,#200,.T.);
#1181=EDGE_CURVE('',#1354,#1293,#201,.T.);
#1182=EDGE_CURVE('',#1355,#1356,#202,.T.);
#1183=EDGE_CURVE('',#1356,#1357,#203,.T.);
#1184=EDGE_CURVE('',#1357,#1358,#204,.T.);
#1185=EDGE_CURVE('',#1358,#1359,#205,.T.);
#1186=EDGE_CURVE('',#1359,#1360,#206,.T.);
#1187=EDGE_CURVE('',#1360,#1355,#207,.T.);
#1188=EDGE_CURVE('',#1356,#1286,#208,.T.);
#1189=EDGE_CURVE('',#1355,#1285,#209,.T.);
#1190=EDGE_CURVE('',#1357,#1290,#210,.T.);
#1191=EDGE_CURVE('',#1358,#1289,#211,.T.);
#1192=EDGE_CURVE('',#1359,#1288,#212,.T.);
#1193=EDGE_CURVE('',#1360,#1287,#213,.T.);
#1194=VERTEX_POINT('',#2397);
#1195=VERTEX_POINT('',#2399);
#1196=VERTEX_POINT('',#2402);
#1197=VERTEX_POINT('',#2404);
#1198=VERTEX_POINT('',#2407);
#1199=VERTEX_POINT('',#2409);
#1200=VERTEX_POINT('',#2412);
#1201=VERTEX_POINT('',#2413);
#1202=VERTEX_POINT('',#2415);
#1203=VERTEX_POINT('',#2417);
#1204=VERTEX_POINT('',#2419);
#1205=VERTEX_POINT('',#2421);
#1206=VERTEX_POINT('',#2424);
#1207=VERTEX_POINT('',#2425);
#1208=VERTEX_POINT('',#2427);
#1209=VERTEX_POINT('',#2429);
#1210=VERTEX_POINT('',#2431);
#1211=VERTEX_POINT('',#2433);
#1212=VERTEX_POINT('',#2437);
#1213=VERTEX_POINT('',#2438);
#1214=VERTEX_POINT('',#2440);
#1215=VERTEX_POINT('',#2442);
#1216=VERTEX_POINT('',#2444);
#1217=VERTEX_POINT('',#2446);
#1218=VERTEX_POINT('',#2449);
#1219=VERTEX_POINT('',#2450);
#1220=VERTEX_POINT('',#2452);
#1221=VERTEX_POINT('',#2454);
#1222=VERTEX_POINT('',#2456);
#1223=VERTEX_POINT('',#2458);
#1224=VERTEX_POINT('',#2462);
#1225=VERTEX_POINT('',#2463);
#1226=VERTEX_POINT('',#2465);
#1227=VERTEX_POINT('',#2467);
#1228=VERTEX_POINT('',#2469);
#1229=VERTEX_POINT('',#2471);
#1230=VERTEX_POINT('',#2474);
#1231=VERTEX_POINT('',#2475);
#1232=VERTEX_POINT('',#2477);
#1233=VERTEX_POINT('',#2479);
#1234=VERTEX_POINT('',#2481);
#1235=VERTEX_POINT('',#2483);
#1236=VERTEX_POINT('',#2487);
#1237=VERTEX_POINT('',#2488);
#1238=VERTEX_POINT('',#2490);
#1239=VERTEX_POINT('',#2492);
#1240=VERTEX_POINT('',#2494);
#1241=VERTEX_POINT('',#2496);
#1242=VERTEX_POINT('',#2499);
#1243=VERTEX_POINT('',#2500);
#1244=VERTEX_POINT('',#2502);
#1245=VERTEX_POINT('',#2504);
#1246=VERTEX_POINT('',#2506);
#1247=VERTEX_POINT('',#2508);
#1248=VERTEX_POINT('',#2512);
#1249=VERTEX_POINT('',#2514);
#1250=VERTEX_POINT('',#2516);
#1251=VERTEX_POINT('',#2523);
#1252=VERTEX_POINT('',#2524);
#1253=VERTEX_POINT('',#2529);
#1254=VERTEX_POINT('',#2530);
#1255=VERTEX_POINT('',#2536);
#1256=VERTEX_POINT('',#2540);
#1257=VERTEX_POINT('',#2542);
#1258=VERTEX_POINT('',#2544);
#1259=VERTEX_POINT('',#2551);
#1260=VERTEX_POINT('',#2553);
#1261=VERTEX_POINT('',#2557);
#1262=VERTEX_POINT('',#2558);
#1263=VERTEX_POINT('',#2564);
#1264=VERTEX_POINT('',#2568);
#1265=VERTEX_POINT('',#2569);
#1266=VERTEX_POINT('',#2571);
#1267=VERTEX_POINT('',#2573);
#1268=VERTEX_POINT('',#2576);
#1269=VERTEX_POINT('',#2579);
#1270=VERTEX_POINT('',#2581);
#1271=VERTEX_POINT('',#2583);
#1272=VERTEX_POINT('',#2590);
#1273=VERTEX_POINT('',#2591);
#1274=VERTEX_POINT('',#2596);
#1275=VERTEX_POINT('',#2597);
#1276=VERTEX_POINT('',#2603);
#1277=VERTEX_POINT('',#2607);
#1278=VERTEX_POINT('',#2609);
#1279=VERTEX_POINT('',#2611);
#1280=VERTEX_POINT('',#2618);
#1281=VERTEX_POINT('',#2619);
#1282=VERTEX_POINT('',#2624);
#1283=VERTEX_POINT('',#2625);
#1284=VERTEX_POINT('',#2631);
#1285=VERTEX_POINT('',#2635);
#1286=VERTEX_POINT('',#2636);
#1287=VERTEX_POINT('',#2638);
#1288=VERTEX_POINT('',#2640);
#1289=VERTEX_POINT('',#2642);
#1290=VERTEX_POINT('',#2644);
#1291=VERTEX_POINT('',#2647);
#1292=VERTEX_POINT('',#2648);
#1293=VERTEX_POINT('',#2650);
#1294=VERTEX_POINT('',#2652);
#1295=VERTEX_POINT('',#2654);
#1296=VERTEX_POINT('',#2656);
#1297=VERTEX_POINT('',#2659);
#1298=VERTEX_POINT('',#2660);
#1299=VERTEX_POINT('',#2662);
#1300=VERTEX_POINT('',#2664);
#1301=VERTEX_POINT('',#2666);
#1302=VERTEX_POINT('',#2668);
#1303=VERTEX_POINT('',#2671);
#1304=VERTEX_POINT('',#2673);
#1305=VERTEX_POINT('',#2675);
#1306=VERTEX_POINT('',#2677);
#1307=VERTEX_POINT('',#2680);
#1308=VERTEX_POINT('',#2685);
#1309=VERTEX_POINT('',#2690);
#1310=VERTEX_POINT('',#2695);
#1311=VERTEX_POINT('',#2700);
#1312=VERTEX_POINT('',#2703);
#1313=VERTEX_POINT('',#2705);
#1314=VERTEX_POINT('',#2709);
#1315=VERTEX_POINT('',#2713);
#1316=VERTEX_POINT('',#2717);
#1317=VERTEX_POINT('',#2721);
#1318=VERTEX_POINT('',#2728);
#1319=VERTEX_POINT('',#2731);
#1320=VERTEX_POINT('',#2733);
#1321=VERTEX_POINT('',#2737);
#1322=VERTEX_POINT('',#2741);
#1323=VERTEX_POINT('',#2745);
#1324=VERTEX_POINT('',#2749);
#1325=VERTEX_POINT('',#2756);
#1326=VERTEX_POINT('',#2759);
#1327=VERTEX_POINT('',#2761);
#1328=VERTEX_POINT('',#2765);
#1329=VERTEX_POINT('',#2769);
#1330=VERTEX_POINT('',#2773);
#1331=VERTEX_POINT('',#2777);
#1332=VERTEX_POINT('',#2784);
#1333=VERTEX_POINT('',#2787);
#1334=VERTEX_POINT('',#2789);
#1335=VERTEX_POINT('',#2793);
#1336=VERTEX_POINT('',#2797);
#1337=VERTEX_POINT('',#2801);
#1338=VERTEX_POINT('',#2805);
#1339=VERTEX_POINT('',#2813);
#1340=VERTEX_POINT('',#2825);
#1341=VERTEX_POINT('',#2854);
#1342=VERTEX_POINT('',#2862);
#1343=VERTEX_POINT('',#2897);
#1344=VERTEX_POINT('',#2898);
#1345=VERTEX_POINT('',#2900);
#1346=VERTEX_POINT('',#2902);
#1347=VERTEX_POINT('',#2904);
#1348=VERTEX_POINT('',#2906);
#1349=VERTEX_POINT('',#2922);
#1350=VERTEX_POINT('',#2923);
#1351=VERTEX_POINT('',#2925);
#1352=VERTEX_POINT('',#2927);
#1353=VERTEX_POINT('',#2929);
#1354=VERTEX_POINT('',#2931);
#1355=VERTEX_POINT('',#2947);
#1356=VERTEX_POINT('',#2948);
#1357=VERTEX_POINT('',#2950);
#1358=VERTEX_POINT('',#2952);
#1359=VERTEX_POINT('',#2954);
#1360=VERTEX_POINT('',#2956);
#1361=CIRCLE('',#1789,0.00275);
#1362=CIRCLE('',#1790,0.00275);
#1363=CIRCLE('',#1792,0.00275);
#1364=CIRCLE('',#1793,0.00275);
#1365=CIRCLE('',#1795,0.00275);
#1366=CIRCLE('',#1796,0.00275);
#1367=CIRCLE('',#1798,0.002);
#1368=CIRCLE('',#1799,0.014);
#1369=CIRCLE('',#1800,0.002);
#1370=CIRCLE('',#1802,0.002);
#1371=CIRCLE('',#1803,0.002);
#1372=CIRCLE('',#1804,0.014);
#1373=CIRCLE('',#1806,0.002);
#1374=CIRCLE('',#1807,0.014);
#1375=CIRCLE('',#1808,0.002);
#1376=CIRCLE('',#1810,0.002);
#1377=CIRCLE('',#1811,0.014);
#1378=CIRCLE('',#1812,0.002);
#1379=CIRCLE('',#1820,0.01);
#1380=CIRCLE('',#1821,0.01);
#1381=CIRCLE('',#1822,0.01);
#1382=CIRCLE('',#1823,0.01);
#1383=CIRCLE('',#1824,0.01);
#1384=CIRCLE('',#1832,0.0022);
#1385=CIRCLE('',#1833,0.0022);
#1386=CIRCLE('',#1834,0.0022);
#1387=CIRCLE('',#1835,0.0022);
#1388=CIRCLE('',#1836,0.002);
#1389=CIRCLE('',#1837,0.004);
#1390=CIRCLE('',#1838,0.004);
#1391=CIRCLE('',#1839,0.002);
#1392=CIRCLE('',#1840,0.002);
#1393=CIRCLE('',#1841,0.004);
#1394=CIRCLE('',#1842,0.004);
#1395=CIRCLE('',#1843,0.002);
#1396=CIRCLE('',#1844,0.002);
#1397=CIRCLE('',#1845,0.004);
#1398=CIRCLE('',#1846,0.004);
#1399=CIRCLE('',#1847,0.002);
#1400=CIRCLE('',#1848,0.002);
#1401=CIRCLE('',#1849,0.004);
#1402=CIRCLE('',#1850,0.004);
#1403=CIRCLE('',#1851,0.002);
#1404=CIRCLE('',#1853,0.0022);
#1405=CIRCLE('',#1862,0.0022);
#1406=CIRCLE('',#1871,0.0022);
#1407=CIRCLE('',#1880,0.0022);
#1408=EDGE_LOOP('',(#459));
#1409=EDGE_LOOP('',(#460));
#1410=EDGE_LOOP('',(#461));
#1411=EDGE_LOOP('',(#462));
#1412=EDGE_LOOP('',(#463));
#1413=EDGE_LOOP('',(#464));
#1414=EDGE_LOOP('',(#465,#466,#467,#468,#469,#470));
#1415=EDGE_LOOP('',(#471,#472,#473,#474,#475,#476));
#1416=EDGE_LOOP('',(#477,#478,#479,#480,#481,#482));
#1417=EDGE_LOOP('',(#483,#484,#485,#486,#487,#488));
#1418=EDGE_LOOP('',(#489,#490,#491,#492,#493,#494));
#1419=EDGE_LOOP('',(#495,#496,#497,#498,#499,#500));
#1420=EDGE_LOOP('',(#501,#502,#503,#504,#505,#506));
#1421=EDGE_LOOP('',(#507,#508,#509,#510,#511,#512));
#1422=EDGE_LOOP('',(#513,#514,#515,#516,#517));
#1423=EDGE_LOOP('',(#518,#519,#520,#521));
#1424=EDGE_LOOP('',(#522,#523,#524,#525,#526));
#1425=EDGE_LOOP('',(#527,#528,#529,#530,#531));
#1426=EDGE_LOOP('',(#532,#533,#534,#535));
#1427=EDGE_LOOP('',(#536,#537,#538,#539,#540));
#1428=EDGE_LOOP('',(#541,#542,#543,#544));
#1429=EDGE_LOOP('',(#545));
#1430=EDGE_LOOP('',(#546,#547,#548,#549,#550));
#1431=EDGE_LOOP('',(#551,#552,#553,#554));
#1432=EDGE_LOOP('',(#555,#556,#557,#558,#559));
#1433=EDGE_LOOP('',(#560,#561,#562,#563,#564));
#1434=EDGE_LOOP('',(#565,#566,#567,#568));
#1435=EDGE_LOOP('',(#569,#570,#571,#572,#573));
#1436=EDGE_LOOP('',(#574,#575,#576,#577,#578,#579));
#1437=EDGE_LOOP('',(#580,#581,#582,#583,#584,#585));
#1438=EDGE_LOOP('',(#586,#587,#588,#589,#590,#591));
#1439=EDGE_LOOP('',(#592));
#1440=EDGE_LOOP('',(#593));
#1441=EDGE_LOOP('',(#594));
#1442=EDGE_LOOP('',(#595));
#1443=EDGE_LOOP('',(#596,#597,#598,#599,#600,#601,#602,#603,#604,#605,#606,
#607,#608,#609,#610,#611,#612,#613,#614,#615,#616,#617,#618,#619,#620,#621,
#622,#623));
#1444=EDGE_LOOP('',(#624));
#1445=EDGE_LOOP('',(#625));
#1446=EDGE_LOOP('',(#626,#627,#628,#629));
#1447=EDGE_LOOP('',(#630,#631,#632,#633));
#1448=EDGE_LOOP('',(#634,#635,#636,#637));
#1449=EDGE_LOOP('',(#638,#639,#640,#641));
#1450=EDGE_LOOP('',(#642,#643,#644,#645));
#1451=EDGE_LOOP('',(#646,#647,#648,#649));
#1452=EDGE_LOOP('',(#650));
#1453=EDGE_LOOP('',(#651,#652,#653,#654,#655,#656));
#1454=EDGE_LOOP('',(#657));
#1455=EDGE_LOOP('',(#658));
#1456=EDGE_LOOP('',(#659,#660,#661,#662));
#1457=EDGE_LOOP('',(#663,#664,#665,#666));
#1458=EDGE_LOOP('',(#667,#668,#669,#670));
#1459=EDGE_LOOP('',(#671,#672,#673,#674));
#1460=EDGE_LOOP('',(#675,#676,#677,#678));
#1461=EDGE_LOOP('',(#679,#680,#681,#682));
#1462=EDGE_LOOP('',(#683));
#1463=EDGE_LOOP('',(#684,#685,#686,#687,#688,#689));
#1464=EDGE_LOOP('',(#690));
#1465=EDGE_LOOP('',(#691));
#1466=EDGE_LOOP('',(#692,#693,#694,#695));
#1467=EDGE_LOOP('',(#696,#697,#698,#699));
#1468=EDGE_LOOP('',(#700,#701,#702,#703));
#1469=EDGE_LOOP('',(#704,#705,#706,#707));
#1470=EDGE_LOOP('',(#708,#709,#710,#711));
#1471=EDGE_LOOP('',(#712,#713,#714,#715));
#1472=EDGE_LOOP('',(#716));
#1473=EDGE_LOOP('',(#717,#718,#719,#720,#721,#722));
#1474=EDGE_LOOP('',(#723));
#1475=EDGE_LOOP('',(#724));
#1476=EDGE_LOOP('',(#725,#726,#727,#728));
#1477=EDGE_LOOP('',(#729,#730,#731,#732));
#1478=EDGE_LOOP('',(#733,#734,#735,#736));
#1479=EDGE_LOOP('',(#737,#738,#739,#740));
#1480=EDGE_LOOP('',(#741,#742,#743,#744));
#1481=EDGE_LOOP('',(#745,#746,#747,#748));
#1482=EDGE_LOOP('',(#749));
#1483=EDGE_LOOP('',(#750,#751,#752,#753,#754,#755));
#1484=EDGE_LOOP('',(#756));
#1485=EDGE_LOOP('',(#757));
#1486=EDGE_LOOP('',(#758));
#1487=EDGE_LOOP('',(#759));
#1488=EDGE_LOOP('',(#760,#761,#762,#763));
#1489=EDGE_LOOP('',(#764,#765,#766,#767));
#1490=EDGE_LOOP('',(#768,#769,#770,#771));
#1491=EDGE_LOOP('',(#772,#773,#774,#775,#776,#777,#778,#779));
#1492=EDGE_LOOP('',(#780,#781,#782,#783));
#1493=EDGE_LOOP('',(#784,#785,#786,#787));
#1494=EDGE_LOOP('',(#788,#789,#790,#791,#792,#793,#794,#795));
#1495=EDGE_LOOP('',(#796,#797,#798,#799,#800,#801,#802,#803));
#1496=EDGE_LOOP('',(#804,#805,#806,#807));
#1497=EDGE_LOOP('',(#808,#809,#810,#811));
#1498=EDGE_LOOP('',(#812,#813,#814,#815,#816,#817,#818,#819));
#1499=EDGE_LOOP('',(#820,#821,#822,#823));
#1500=EDGE_LOOP('',(#824,#825,#826,#827));
#1501=EDGE_LOOP('',(#828,#829,#830,#831));
#1502=EDGE_LOOP('',(#832,#833,#834,#835));
#1503=EDGE_LOOP('',(#836,#837,#838,#839));
#1504=EDGE_LOOP('',(#840,#841,#842,#843));
#1505=EDGE_LOOP('',(#844,#845,#846,#847));
#1506=EDGE_LOOP('',(#848,#849,#850,#851));
#1507=EDGE_LOOP('',(#852,#853,#854,#855));
#1508=EDGE_LOOP('',(#856,#857,#858,#859,#860,#861));
#1509=EDGE_LOOP('',(#862));
#1510=EDGE_LOOP('',(#863,#864,#865,#866));
#1511=EDGE_LOOP('',(#867,#868,#869,#870));
#1512=EDGE_LOOP('',(#871,#872,#873,#874));
#1513=EDGE_LOOP('',(#875,#876,#877,#878));
#1514=EDGE_LOOP('',(#879,#880,#881,#882));
#1515=EDGE_LOOP('',(#883,#884,#885,#886));
#1516=EDGE_LOOP('',(#887,#888,#889,#890,#891,#892));
#1517=EDGE_LOOP('',(#893));
#1518=EDGE_LOOP('',(#894,#895,#896,#897));
#1519=EDGE_LOOP('',(#898,#899,#900,#901));
#1520=EDGE_LOOP('',(#902,#903,#904,#905));
#1521=EDGE_LOOP('',(#906,#907,#908,#909));
#1522=EDGE_LOOP('',(#910,#911,#912,#913));
#1523=EDGE_LOOP('',(#914,#915,#916,#917));
#1524=EDGE_LOOP('',(#918,#919,#920,#921,#922,#923));
#1525=EDGE_LOOP('',(#924));
#1526=EDGE_LOOP('',(#925,#926,#927,#928));
#1527=EDGE_LOOP('',(#929,#930,#931,#932));
#1528=EDGE_LOOP('',(#933,#934,#935,#936));
#1529=EDGE_LOOP('',(#937,#938,#939,#940));
#1530=EDGE_LOOP('',(#941,#942,#943,#944));
#1531=EDGE_LOOP('',(#945,#946,#947,#948));
#1532=FACE_BOUND('',#1408,.T.);
#1533=FACE_BOUND('',#1409,.T.);
#1534=FACE_BOUND('',#1410,.T.);
#1535=FACE_BOUND('',#1411,.T.);
#1536=FACE_BOUND('',#1412,.T.);
#1537=FACE_BOUND('',#1413,.T.);
#1538=FACE_BOUND('',#1414,.T.);
#1539=FACE_BOUND('',#1415,.T.);
#1540=FACE_BOUND('',#1416,.T.);
#1541=FACE_BOUND('',#1417,.T.);
#1542=FACE_BOUND('',#1418,.T.);
#1543=FACE_BOUND('',#1419,.T.);
#1544=FACE_BOUND('',#1420,.T.);
#1545=FACE_BOUND('',#1421,.T.);
#1546=FACE_BOUND('',#1422,.T.);
#1547=FACE_BOUND('',#1423,.T.);
#1548=FACE_BOUND('',#1424,.T.);
#1549=FACE_BOUND('',#1425,.T.);
#1550=FACE_BOUND('',#1426,.T.);
#1551=FACE_BOUND('',#1427,.T.);
#1552=FACE_BOUND('',#1428,.T.);
#1553=FACE_BOUND('',#1429,.T.);
#1554=FACE_BOUND('',#1430,.T.);
#1555=FACE_BOUND('',#1431,.T.);
#1556=FACE_BOUND('',#1432,.T.);
#1557=FACE_BOUND('',#1433,.T.);
#1558=FACE_BOUND('',#1434,.T.);
#1559=FACE_BOUND('',#1435,.T.);
#1560=FACE_BOUND('',#1436,.T.);
#1561=FACE_BOUND('',#1437,.T.);
#1562=FACE_BOUND('',#1438,.T.);
#1563=FACE_BOUND('',#1439,.T.);
#1564=FACE_BOUND('',#1440,.T.);
#1565=FACE_BOUND('',#1441,.T.);
#1566=FACE_BOUND('',#1442,.T.);
#1567=FACE_BOUND('',#1443,.T.);
#1568=FACE_BOUND('',#1444,.T.);
#1569=FACE_BOUND('',#1445,.T.);
#1570=FACE_BOUND('',#1446,.T.);
#1571=FACE_BOUND('',#1447,.T.);
#1572=FACE_BOUND('',#1448,.T.);
#1573=FACE_BOUND('',#1449,.T.);
#1574=FACE_BOUND('',#1450,.T.);
#1575=FACE_BOUND('',#1451,.T.);
#1576=FACE_BOUND('',#1452,.T.);
#1577=FACE_BOUND('',#1453,.T.);
#1578=FACE_BOUND('',#1454,.T.);
#1579=FACE_BOUND('',#1455,.T.);
#1580=FACE_BOUND('',#1456,.T.);
#1581=FACE_BOUND('',#1457,.T.);
#1582=FACE_BOUND('',#1458,.T.);
#1583=FACE_BOUND('',#1459,.T.);
#1584=FACE_BOUND('',#1460,.T.);
#1585=FACE_BOUND('',#1461,.T.);
#1586=FACE_BOUND('',#1462,.T.);
#1587=FACE_BOUND('',#1463,.T.);
#1588=FACE_BOUND('',#1464,.T.);
#1589=FACE_BOUND('',#1465,.T.);
#1590=FACE_BOUND('',#1466,.T.);
#1591=FACE_BOUND('',#1467,.T.);
#1592=FACE_BOUND('',#1468,.T.);
#1593=FACE_BOUND('',#1469,.T.);
#1594=FACE_BOUND('',#1470,.T.);
#1595=FACE_BOUND('',#1471,.T.);
#1596=FACE_BOUND('',#1472,.T.);
#1597=FACE_BOUND('',#1473,.T.);
#1598=FACE_BOUND('',#1474,.T.);
#1599=FACE_BOUND('',#1475,.T.);
#1600=FACE_BOUND('',#1476,.T.);
#1601=FACE_BOUND('',#1477,.T.);
#1602=FACE_BOUND('',#1478,.T.);
#1603=FACE_BOUND('',#1479,.T.);
#1604=FACE_BOUND('',#1480,.T.);
#1605=FACE_BOUND('',#1481,.T.);
#1606=FACE_BOUND('',#1482,.T.);
#1607=FACE_BOUND('',#1483,.T.);
#1608=FACE_BOUND('',#1484,.T.);
#1609=FACE_BOUND('',#1485,.T.);
#1610=FACE_BOUND('',#1486,.T.);
#1611=FACE_BOUND('',#1487,.T.);
#1612=FACE_BOUND('',#1488,.T.);
#1613=FACE_BOUND('',#1489,.T.);
#1614=FACE_BOUND('',#1490,.T.);
#1615=FACE_BOUND('',#1491,.T.);
#1616=FACE_BOUND('',#1492,.T.);
#1617=FACE_BOUND('',#1493,.T.);
#1618=FACE_BOUND('',#1494,.T.);
#1619=FACE_BOUND('',#1495,.T.);
#1620=FACE_BOUND('',#1496,.T.);
#1621=FACE_BOUND('',#1497,.T.);
#1622=FACE_BOUND('',#1498,.T.);
#1623=FACE_BOUND('',#1499,.T.);
#1624=FACE_BOUND('',#1500,.T.);
#1625=FACE_BOUND('',#1501,.T.);
#1626=FACE_BOUND('',#1502,.T.);
#1627=FACE_BOUND('',#1503,.T.);
#1628=FACE_BOUND('',#1504,.T.);
#1629=FACE_BOUND('',#1505,.T.);
#1630=FACE_BOUND('',#1506,.T.);
#1631=FACE_BOUND('',#1507,.T.);
#1632=FACE_BOUND('',#1508,.T.);
#1633=FACE_BOUND('',#1509,.T.);
#1634=FACE_BOUND('',#1510,.T.);
#1635=FACE_BOUND('',#1511,.T.);
#1636=FACE_BOUND('',#1512,.T.);
#1637=FACE_BOUND('',#1513,.T.);
#1638=FACE_BOUND('',#1514,.T.);
#1639=FACE_BOUND('',#1515,.T.);
#1640=FACE_BOUND('',#1516,.T.);
#1641=FACE_BOUND('',#1517,.T.);
#1642=FACE_BOUND('',#1518,.T.);
#1643=FACE_BOUND('',#1519,.T.);
#1644=FACE_BOUND('',#1520,.T.);
#1645=FACE_BOUND('',#1521,.T.);
#1646=FACE_BOUND('',#1522,.T.);
#1647=FACE_BOUND('',#1523,.T.);
#1648=FACE_BOUND('',#1524,.T.);
#1649=FACE_BOUND('',#1525,.T.);
#1650=FACE_BOUND('',#1526,.T.);
#1651=FACE_BOUND('',#1527,.T.);
#1652=FACE_BOUND('',#1528,.T.);
#1653=FACE_BOUND('',#1529,.T.);
#1654=FACE_BOUND('',#1530,.T.);
#1655=FACE_BOUND('',#1531,.T.);
#1656=CYLINDRICAL_SURFACE('',#1788,0.00275);
#1657=CYLINDRICAL_SURFACE('',#1791,0.00275);
#1658=CYLINDRICAL_SURFACE('',#1794,0.00275);
#1659=CYLINDRICAL_SURFACE('',#1819,0.01);
#1660=CYLINDRICAL_SURFACE('',#1852,0.0022);
#1661=CYLINDRICAL_SURFACE('',#1861,0.0022);
#1662=CYLINDRICAL_SURFACE('',#1870,0.0022);
#1663=CYLINDRICAL_SURFACE('',#1879,0.0022);
#1664=CYLINDRICAL_SURFACE('',#1889,0.004);
#1665=CYLINDRICAL_SURFACE('',#1890,0.004);
#1666=CYLINDRICAL_SURFACE('',#1891,0.004);
#1667=CYLINDRICAL_SURFACE('',#1893,0.004);
#1668=CYLINDRICAL_SURFACE('',#1894,0.004);
#1669=CYLINDRICAL_SURFACE('',#1897,0.004);
#1670=CYLINDRICAL_SURFACE('',#1898,0.004);
#1671=CYLINDRICAL_SURFACE('',#1900,0.004);
#1672=CYLINDRICAL_SURFACE('',#1901,0.002);
#1673=CYLINDRICAL_SURFACE('',#1902,0.002);
#1674=CYLINDRICAL_SURFACE('',#1903,0.002);
#1675=CYLINDRICAL_SURFACE('',#1904,0.002);
#1676=CYLINDRICAL_SURFACE('',#1905,0.002);
#1677=CYLINDRICAL_SURFACE('',#1906,0.002);
#1678=CYLINDRICAL_SURFACE('',#1907,0.002);
#1679=CYLINDRICAL_SURFACE('',#1908,0.002);
#1680=ADVANCED_FACE('',(#1532,#1533),#1656,.F.);
#1681=ADVANCED_FACE('',(#1534,#1535),#1657,.F.);
#1682=ADVANCED_FACE('',(#1536,#1537),#1658,.F.);
#1683=ADVANCED_FACE('',(#1538,#1539),#392,.F.);
#1684=ADVANCED_FACE('',(#1540,#1541),#393,.F.);
#1685=ADVANCED_FACE('',(#1542,#1543),#394,.F.);
#1686=ADVANCED_FACE('',(#1544,#1545),#395,.F.);
#1687=ADVANCED_FACE('',(#1546),#396,.T.);
#1688=ADVANCED_FACE('',(#1547),#397,.T.);
#1689=ADVANCED_FACE('',(#1548),#398,.F.);
#1690=ADVANCED_FACE('',(#1549),#399,.T.);
#1691=ADVANCED_FACE('',(#1550),#400,.F.);
#1692=ADVANCED_FACE('',(#1551),#401,.F.);
#1693=ADVANCED_FACE('',(#1552,#1553),#1659,.T.);
#1694=ADVANCED_FACE('',(#1554),#402,.F.);
#1695=ADVANCED_FACE('',(#1555),#403,.F.);
#1696=ADVANCED_FACE('',(#1556),#404,.T.);
#1697=ADVANCED_FACE('',(#1557),#405,.F.);
#1698=ADVANCED_FACE('',(#1558),#406,.T.);
#1699=ADVANCED_FACE('',(#1559),#407,.T.);
#1700=ADVANCED_FACE('',(#1560,#1561,#1562,#1563,#1564,#1565,#1566,#1567),
#408,.T.);
#1701=ADVANCED_FACE('',(#1568,#1569),#1660,.F.);
#1702=ADVANCED_FACE('',(#1570),#409,.T.);
#1703=ADVANCED_FACE('',(#1571),#410,.T.);
#1704=ADVANCED_FACE('',(#1572),#411,.T.);
#1705=ADVANCED_FACE('',(#1573),#412,.T.);
#1706=ADVANCED_FACE('',(#1574),#413,.T.);
#1707=ADVANCED_FACE('',(#1575),#414,.T.);
#1708=ADVANCED_FACE('',(#1576,#1577),#415,.F.);
#1709=ADVANCED_FACE('',(#1578,#1579),#1661,.F.);
#1710=ADVANCED_FACE('',(#1580),#416,.T.);
#1711=ADVANCED_FACE('',(#1581),#417,.T.);
#1712=ADVANCED_FACE('',(#1582),#418,.T.);
#1713=ADVANCED_FACE('',(#1583),#419,.T.);
#1714=ADVANCED_FACE('',(#1584),#420,.T.);
#1715=ADVANCED_FACE('',(#1585),#421,.T.);
#1716=ADVANCED_FACE('',(#1586,#1587),#422,.F.);
#1717=ADVANCED_FACE('',(#1588,#1589),#1662,.F.);
#1718=ADVANCED_FACE('',(#1590),#423,.T.);
#1719=ADVANCED_FACE('',(#1591),#424,.T.);
#1720=ADVANCED_FACE('',(#1592),#425,.T.);
#1721=ADVANCED_FACE('',(#1593),#426,.T.);
#1722=ADVANCED_FACE('',(#1594),#427,.T.);
#1723=ADVANCED_FACE('',(#1595),#428,.T.);
#1724=ADVANCED_FACE('',(#1596,#1597),#429,.F.);
#1725=ADVANCED_FACE('',(#1598,#1599),#1663,.F.);
#1726=ADVANCED_FACE('',(#1600),#430,.T.);
#1727=ADVANCED_FACE('',(#1601),#431,.T.);
#1728=ADVANCED_FACE('',(#1602),#432,.T.);
#1729=ADVANCED_FACE('',(#1603),#433,.T.);
#1730=ADVANCED_FACE('',(#1604),#434,.T.);
#1731=ADVANCED_FACE('',(#1605),#435,.T.);
#1732=ADVANCED_FACE('',(#1606,#1607),#436,.F.);
#1733=ADVANCED_FACE('',(#1608,#1609,#1610,#1611),#437,.F.);
#1734=ADVANCED_FACE('',(#1612),#1664,.F.);
#1735=ADVANCED_FACE('',(#1613),#1665,.F.);
#1736=ADVANCED_FACE('',(#1614),#1666,.F.);
#1737=ADVANCED_FACE('',(#1615),#12,.F.);
#1738=ADVANCED_FACE('',(#1616),#1667,.F.);
#1739=ADVANCED_FACE('',(#1617),#1668,.F.);
#1740=ADVANCED_FACE('',(#1618),#13,.F.);
#1741=ADVANCED_FACE('',(#1619),#14,.F.);
#1742=ADVANCED_FACE('',(#1620),#1669,.F.);
#1743=ADVANCED_FACE('',(#1621),#1670,.F.);
#1744=ADVANCED_FACE('',(#1622),#15,.F.);
#1745=ADVANCED_FACE('',(#1623),#1671,.F.);
#1746=ADVANCED_FACE('',(#1624),#1672,.T.);
#1747=ADVANCED_FACE('',(#1625),#1673,.T.);
#1748=ADVANCED_FACE('',(#1626),#1674,.T.);
#1749=ADVANCED_FACE('',(#1627),#1675,.T.);
#1750=ADVANCED_FACE('',(#1628),#1676,.T.);
#1751=ADVANCED_FACE('',(#1629),#1677,.T.);
#1752=ADVANCED_FACE('',(#1630),#1678,.T.);
#1753=ADVANCED_FACE('',(#1631),#1679,.T.);
#1754=ADVANCED_FACE('',(#1632,#1633),#438,.T.);
#1755=ADVANCED_FACE('',(#1634),#439,.F.);
#1756=ADVANCED_FACE('',(#1635),#440,.F.);
#1757=ADVANCED_FACE('',(#1636),#441,.F.);
#1758=ADVANCED_FACE('',(#1637),#442,.F.);
#1759=ADVANCED_FACE('',(#1638),#443,.F.);
#1760=ADVANCED_FACE('',(#1639),#444,.F.);
#1761=ADVANCED_FACE('',(#1640,#1641),#445,.T.);
#1762=ADVANCED_FACE('',(#1642),#446,.F.);
#1763=ADVANCED_FACE('',(#1643),#447,.F.);
#1764=ADVANCED_FACE('',(#1644),#448,.F.);
#1765=ADVANCED_FACE('',(#1645),#449,.F.);
#1766=ADVANCED_FACE('',(#1646),#450,.F.);
#1767=ADVANCED_FACE('',(#1647),#451,.F.);
#1768=ADVANCED_FACE('',(#1648,#1649),#452,.T.);
#1769=ADVANCED_FACE('',(#1650),#453,.F.);
#1770=ADVANCED_FACE('',(#1651),#454,.F.);
#1771=ADVANCED_FACE('',(#1652),#455,.F.);
#1772=ADVANCED_FACE('',(#1653),#456,.F.);
#1773=ADVANCED_FACE('',(#1654),#457,.F.);
#1774=ADVANCED_FACE('',(#1655),#458,.F.);
#1775=CLOSED_SHELL('',(#1680,#1681,#1682,#1683,#1684,#1685,#1686,#1687,
#1688,#1689,#1690,#1691,#1692,#1693,#1694,#1695,#1696,#1697,#1698,#1699,
#1700,#1701,#1702,#1703,#1704,#1705,#1706,#1707,#1708,#1709,#1710,#1711,
#1712,#1713,#1714,#1715,#1716,#1717,#1718,#1719,#1720,#1721,#1722,#1723,
#1724,#1725,#1726,#1727,#1728,#1729,#1730,#1731,#1732,#1733,#1734,#1735,
#1736,#1737,#1738,#1739,#1740,#1741,#1742,#1743,#1744,#1745,#1746,#1747,
#1748,#1749,#1750,#1751,#1752,#1753,#1754,#1755,#1756,#1757,#1758,#1759,
#1760,#1761,#1762,#1763,#1764,#1765,#1766,#1767,#1768,#1769,#1770,#1771,
#1772,#1773,#1774));
#1776=STYLED_ITEM('',(#1777),#1784);
#1777=PRESENTATION_STYLE_ASSIGNMENT((#1778));
#1778=SURFACE_STYLE_USAGE(.BOTH.,#1779);
#1779=SURFACE_SIDE_STYLE('',(#1780));
#1780=SURFACE_STYLE_FILL_AREA(#1781);
#1781=FILL_AREA_STYLE('',(#1782));
#1782=FILL_AREA_STYLE_COLOUR('',#1783);
#1783=COLOUR_RGB('',0.917647058823529,0.917647058823529,0.917647058823529);
#1784=MANIFOLD_SOLID_BREP('tilt pulley mount',#1775);
#1785=SHAPE_DEFINITION_REPRESENTATION(#2976,#1786);
#1786=SHAPE_REPRESENTATION('tilt pulley mount',(#1787),#2971);
#1787=AXIS2_PLACEMENT_3D('',#2394,#1930,#1931);
#1788=AXIS2_PLACEMENT_3D('',#2395,#1932,#1933);
#1789=AXIS2_PLACEMENT_3D('',#2396,#1934,#1935);
#1790=AXIS2_PLACEMENT_3D('',#2398,#1936,#1937);
#1791=AXIS2_PLACEMENT_3D('',#2400,#1938,#1939);
#1792=AXIS2_PLACEMENT_3D('',#2401,#1940,#1941);
#1793=AXIS2_PLACEMENT_3D('',#2403,#1942,#1943);
#1794=AXIS2_PLACEMENT_3D('',#2405,#1944,#1945);
#1795=AXIS2_PLACEMENT_3D('',#2406,#1946,#1947);
#1796=AXIS2_PLACEMENT_3D('',#2408,#1948,#1949);
#1797=AXIS2_PLACEMENT_3D('',#2410,#1950,#1951);
#1798=AXIS2_PLACEMENT_3D('',#2426,#1959,#1960);
#1799=AXIS2_PLACEMENT_3D('',#2430,#1962,#1963);
#1800=AXIS2_PLACEMENT_3D('',#2434,#1965,#1966);
#1801=AXIS2_PLACEMENT_3D('',#2435,#1967,#1968);
#1802=AXIS2_PLACEMENT_3D('',#2451,#1976,#1977);
#1803=AXIS2_PLACEMENT_3D('',#2455,#1979,#1980);
#1804=AXIS2_PLACEMENT_3D('',#2459,#1982,#1983);
#1805=AXIS2_PLACEMENT_3D('',#2460,#1984,#1985);
#1806=AXIS2_PLACEMENT_3D('',#2476,#1993,#1994);
#1807=AXIS2_PLACEMENT_3D('',#2480,#1996,#1997);
#1808=AXIS2_PLACEMENT_3D('',#2484,#1999,#2000);
#1809=AXIS2_PLACEMENT_3D('',#2485,#2001,#2002);
#1810=AXIS2_PLACEMENT_3D('',#2501,#2010,#2011);
#1811=AXIS2_PLACEMENT_3D('',#2505,#2013,#2014);
#1812=AXIS2_PLACEMENT_3D('',#2509,#2016,#2017);
#1813=AXIS2_PLACEMENT_3D('',#2510,#2018,#2019);
#1814=AXIS2_PLACEMENT_3D('',#2521,#2023,#2024);
#1815=AXIS2_PLACEMENT_3D('',#2527,#2028,#2029);
#1816=AXIS2_PLACEMENT_3D('',#2538,#2033,#2034);
#1817=AXIS2_PLACEMENT_3D('',#2549,#2038,#2039);
#1818=AXIS2_PLACEMENT_3D('',#2555,#2043,#2044);
#1819=AXIS2_PLACEMENT_3D('',#2566,#2048,#2049);
#1820=AXIS2_PLACEMENT_3D('',#2567,#2050,#2051);
#1821=AXIS2_PLACEMENT_3D('',#2570,#2052,#2053);
#1822=AXIS2_PLACEMENT_3D('',#2572,#2054,#2055);
#1823=AXIS2_PLACEMENT_3D('',#2574,#2056,#2057);
#1824=AXIS2_PLACEMENT_3D('',#2575,#2058,#2059);
#1825=AXIS2_PLACEMENT_3D('',#2577,#2060,#2061);
#1826=AXIS2_PLACEMENT_3D('',#2588,#2065,#2066);
#1827=AXIS2_PLACEMENT_3D('',#2594,#2070,#2071);
#1828=AXIS2_PLACEMENT_3D('',#2605,#2075,#2076);
#1829=AXIS2_PLACEMENT_3D('',#2616,#2080,#2081);
#1830=AXIS2_PLACEMENT_3D('',#2622,#2085,#2086);
#1831=AXIS2_PLACEMENT_3D('',#2633,#2090,#2091);
#1832=AXIS2_PLACEMENT_3D('',#2670,#2110,#2111);
#1833=AXIS2_PLACEMENT_3D('',#2672,#2112,#2113);
#1834=AXIS2_PLACEMENT_3D('',#2674,#2114,#2115);
#1835=AXIS2_PLACEMENT_3D('',#2676,#2116,#2117);
#1836=AXIS2_PLACEMENT_3D('',#2678,#2118,#2119);
#1837=AXIS2_PLACEMENT_3D('',#2679,#2120,#2121);
#1838=AXIS2_PLACEMENT_3D('',#2681,#2122,#2123);
#1839=AXIS2_PLACEMENT_3D('',#2682,#2124,#2125);
#1840=AXIS2_PLACEMENT_3D('',#2683,#2126,#2127);
#1841=AXIS2_PLACEMENT_3D('',#2684,#2128,#2129);
#1842=AXIS2_PLACEMENT_3D('',#2686,#2130,#2131);
#1843=AXIS2_PLACEMENT_3D('',#2687,#2132,#2133);
#1844=AXIS2_PLACEMENT_3D('',#2688,#2134,#2135);
#1845=AXIS2_PLACEMENT_3D('',#2689,#2136,#2137);
#1846=AXIS2_PLACEMENT_3D('',#2691,#2138,#2139);
#1847=AXIS2_PLACEMENT_3D('',#2692,#2140,#2141);
#1848=AXIS2_PLACEMENT_3D('',#2693,#2142,#2143);
#1849=AXIS2_PLACEMENT_3D('',#2694,#2144,#2145);
#1850=AXIS2_PLACEMENT_3D('',#2696,#2146,#2147);
#1851=AXIS2_PLACEMENT_3D('',#2697,#2148,#2149);
#1852=AXIS2_PLACEMENT_3D('',#2698,#2150,#2151);
#1853=AXIS2_PLACEMENT_3D('',#2699,#2152,#2153);
#1854=AXIS2_PLACEMENT_3D('',#2701,#2154,#2155);
#1855=AXIS2_PLACEMENT_3D('',#2707,#2159,#2160);
#1856=AXIS2_PLACEMENT_3D('',#2711,#2163,#2164);
#1857=AXIS2_PLACEMENT_3D('',#2715,#2167,#2168);
#1858=AXIS2_PLACEMENT_3D('',#2719,#2171,#2172);
#1859=AXIS2_PLACEMENT_3D('',#2723,#2175,#2176);
#1860=AXIS2_PLACEMENT_3D('',#2725,#2178,#2179);
#1861=AXIS2_PLACEMENT_3D('',#2726,#2180,#2181);
#1862=AXIS2_PLACEMENT_3D('',#2727,#2182,#2183);
#1863=AXIS2_PLACEMENT_3D('',#2729,#2184,#2185);
#1864=AXIS2_PLACEMENT_3D('',#2735,#2189,#2190);
#1865=AXIS2_PLACEMENT_3D('',#2739,#2193,#2194);
#1866=AXIS2_PLACEMENT_3D('',#2743,#2197,#2198);
#1867=AXIS2_PLACEMENT_3D('',#2747,#2201,#2202);
#1868=AXIS2_PLACEMENT_3D('',#2751,#2205,#2206);
#1869=AXIS2_PLACEMENT_3D('',#2753,#2208,#2209);
#1870=AXIS2_PLACEMENT_3D('',#2754,#2210,#2211);
#1871=AXIS2_PLACEMENT_3D('',#2755,#2212,#2213);
#1872=AXIS2_PLACEMENT_3D('',#2757,#2214,#2215);
#1873=AXIS2_PLACEMENT_3D('',#2763,#2219,#2220);
#1874=AXIS2_PLACEMENT_3D('',#2767,#2223,#2224);
#1875=AXIS2_PLACEMENT_3D('',#2771,#2227,#2228);
#1876=AXIS2_PLACEMENT_3D('',#2775,#2231,#2232);
#1877=AXIS2_PLACEMENT_3D('',#2779,#2235,#2236);
#1878=AXIS2_PLACEMENT_3D('',#2781,#2238,#2239);
#1879=AXIS2_PLACEMENT_3D('',#2782,#2240,#2241);
#1880=AXIS2_PLACEMENT_3D('',#2783,#2242,#2243);
#1881=AXIS2_PLACEMENT_3D('',#2785,#2244,#2245);
#1882=AXIS2_PLACEMENT_3D('',#2791,#2249,#2250);
#1883=AXIS2_PLACEMENT_3D('',#2795,#2253,#2254);
#1884=AXIS2_PLACEMENT_3D('',#2799,#2257,#2258);
#1885=AXIS2_PLACEMENT_3D('',#2803,#2261,#2262);
#1886=AXIS2_PLACEMENT_3D('',#2807,#2265,#2266);
#1887=AXIS2_PLACEMENT_3D('',#2809,#2268,#2269);
#1888=AXIS2_PLACEMENT_3D('',#2810,#2270,#2271);
#1889=AXIS2_PLACEMENT_3D('',#2811,#2272,#2273);
#1890=AXIS2_PLACEMENT_3D('',#2819,#2275,#2276);
#1891=AXIS2_PLACEMENT_3D('',#2827,#2278,#2279);
#1892=AXIS2_PLACEMENT_3D('',#2833,#2280,#2281);
#1893=AXIS2_PLACEMENT_3D('',#2842,#2282,#2283);
#1894=AXIS2_PLACEMENT_3D('',#2848,#2284,#2285);
#1895=AXIS2_PLACEMENT_3D('',#2856,#2287,#2288);
#1896=AXIS2_PLACEMENT_3D('',#2867,#2289,#2290);
#1897=AXIS2_PLACEMENT_3D('',#2872,#2291,#2292);
#1898=AXIS2_PLACEMENT_3D('',#2878,#2293,#2294);
#1899=AXIS2_PLACEMENT_3D('',#2880,#2296,#2297);
#1900=AXIS2_PLACEMENT_3D('',#2886,#2298,#2299);
#1901=AXIS2_PLACEMENT_3D('',#2887,#2300,#2301);
#1902=AXIS2_PLACEMENT_3D('',#2888,#2302,#2303);
#1903=AXIS2_PLACEMENT_3D('',#2889,#2304,#2305);
#1904=AXIS2_PLACEMENT_3D('',#2890,#2306,#2307);
#1905=AXIS2_PLACEMENT_3D('',#2891,#2308,#2309);
#1906=AXIS2_PLACEMENT_3D('',#2892,#2310,#2311);
#1907=AXIS2_PLACEMENT_3D('',#2893,#2312,#2313);
#1908=AXIS2_PLACEMENT_3D('',#2894,#2314,#2315);
#1909=AXIS2_PLACEMENT_3D('',#2895,#2316,#2317);
#1910=AXIS2_PLACEMENT_3D('',#2908,#2324,#2325);
#1911=AXIS2_PLACEMENT_3D('',#2911,#2328,#2329);
#1912=AXIS2_PLACEMENT_3D('',#2913,#2331,#2332);
#1913=AXIS2_PLACEMENT_3D('',#2915,#2334,#2335);
#1914=AXIS2_PLACEMENT_3D('',#2917,#2337,#2338);
#1915=AXIS2_PLACEMENT_3D('',#2919,#2340,#2341);
#1916=AXIS2_PLACEMENT_3D('',#2920,#2342,#2343);
#1917=AXIS2_PLACEMENT_3D('',#2933,#2350,#2351);
#1918=AXIS2_PLACEMENT_3D('',#2936,#2354,#2355);
#1919=AXIS2_PLACEMENT_3D('',#2938,#2357,#2358);
#1920=AXIS2_PLACEMENT_3D('',#2940,#2360,#2361);
#1921=AXIS2_PLACEMENT_3D('',#2942,#2363,#2364);
#1922=AXIS2_PLACEMENT_3D('',#2944,#2366,#2367);
#1923=AXIS2_PLACEMENT_3D('',#2945,#2368,#2369);
#1924=AXIS2_PLACEMENT_3D('',#2958,#2376,#2377);
#1925=AXIS2_PLACEMENT_3D('',#2961,#2380,#2381);
#1926=AXIS2_PLACEMENT_3D('',#2963,#2383,#2384);
#1927=AXIS2_PLACEMENT_3D('',#2965,#2386,#2387);
#1928=AXIS2_PLACEMENT_3D('',#2967,#2389,#2390);
#1929=AXIS2_PLACEMENT_3D('',#2969,#2392,#2393);
#1930=DIRECTION('',(0.,0.,1.));
#1931=DIRECTION('',(1.,0.,0.));
#1932=DIRECTION('',(0.,1.,0.));
#1933=DIRECTION('',(1.,0.,0.));
#1934=DIRECTION('',(0.,1.,0.));
#1935=DIRECTION('',(1.,0.,0.));
#1936=DIRECTION('',(0.,1.,0.));
#1937=DIRECTION('',(1.,0.,0.));
#1938=DIRECTION('',(0.,1.,0.));
#1939=DIRECTION('',(1.,0.,0.));
#1940=DIRECTION('',(0.,1.,0.));
#1941=DIRECTION('',(1.,0.,0.));
#1942=DIRECTION('',(0.,1.,0.));
#1943=DIRECTION('',(1.,0.,0.));
#1944=DIRECTION('',(0.,1.,0.));
#1945=DIRECTION('',(1.,0.,0.));
#1946=DIRECTION('',(0.,1.,0.));
#1947=DIRECTION('',(1.,0.,0.));
#1948=DIRECTION('',(0.,1.,0.));
#1949=DIRECTION('',(1.,0.,0.));
#1950=DIRECTION('',(0.,1.,0.));
#1951=DIRECTION('',(1.,0.,0.));
#1952=DIRECTION('',(0.5,0.,-0.866025403784438));
#1953=DIRECTION('',(-0.5,0.,-0.866025403784439));
#1954=DIRECTION('',(-1.,0.,0.));
#1955=DIRECTION('',(-0.5,0.,0.866025403784439));
#1956=DIRECTION('',(0.5,0.,0.866025403784439));
#1957=DIRECTION('',(1.,0.,0.));
#1958=DIRECTION('',(1.,0.,0.));
#1959=DIRECTION('',(0.,1.,0.));
#1960=DIRECTION('',(1.,0.,0.));
#1961=DIRECTION('',(-1.77920356510441E-16,0.,1.));
#1962=DIRECTION('',(0.,1.,0.));
#1963=DIRECTION('',(1.,0.,0.));
#1964=DIRECTION('',(-1.77920356510442E-16,0.,1.));
#1965=DIRECTION('',(0.,1.,0.));
#1966=DIRECTION('',(1.,0.,0.));
#1967=DIRECTION('',(0.,1.,0.));
#1968=DIRECTION('',(1.,0.,0.));
#1969=DIRECTION('',(0.5,0.,-0.866025403784439));
#1970=DIRECTION('',(-0.5,0.,-0.866025403784439));
#1971=DIRECTION('',(-1.,0.,-1.07308185624083E-16));
#1972=DIRECTION('',(-0.5,0.,0.866025403784439));
#1973=DIRECTION('',(0.5,0.,0.866025403784439));
#1974=DIRECTION('',(1.,0.,6.43849113744497E-16));
#1975=DIRECTION('',(1.,0.,0.));
#1976=DIRECTION('',(0.,1.,0.));
#1977=DIRECTION('',(1.,0.,0.));
#1978=DIRECTION('',(0.,0.,1.));
#1979=DIRECTION('',(0.,1.,0.));
#1980=DIRECTION('',(1.,0.,0.));
#1981=DIRECTION('',(1.,0.,0.));
#1982=DIRECTION('',(0.,1.,0.));
#1983=DIRECTION('',(1.,0.,0.));
#1984=DIRECTION('',(0.,1.,0.));
#1985=DIRECTION('',(1.,0.,0.));
#1986=DIRECTION('',(0.5,0.,-0.866025403784438));
#1987=DIRECTION('',(-0.5,0.,-0.866025403784439));
#1988=DIRECTION('',(-1.,0.,0.));
#1989=DIRECTION('',(-0.5,0.,0.866025403784439));
#1990=DIRECTION('',(0.5,0.,0.866025403784439));
#1991=DIRECTION('',(1.,0.,0.));
#1992=DIRECTION('',(1.,0.,0.));
#1993=DIRECTION('',(0.,1.,0.));
#1994=DIRECTION('',(1.,0.,0.));
#1995=DIRECTION('',(-1.77920356510442E-16,0.,1.));
#1996=DIRECTION('',(0.,1.,0.));
#1997=DIRECTION('',(1.,0.,0.));
#1998=DIRECTION('',(-1.77920356510442E-16,0.,1.));
#1999=DIRECTION('',(0.,1.,0.));
#2000=DIRECTION('',(1.,0.,0.));
#2001=DIRECTION('',(0.,1.,0.));
#2002=DIRECTION('',(1.,0.,0.));
#2003=DIRECTION('',(0.5,0.,-0.866025403784439));
#2004=DIRECTION('',(-0.5,0.,-0.866025403784439));
#2005=DIRECTION('',(-1.,0.,-1.07308185624083E-16));
#2006=DIRECTION('',(-0.5,0.,0.866025403784439));
#2007=DIRECTION('',(0.5,0.,0.866025403784439));
#2008=DIRECTION('',(1.,0.,6.43849113744497E-16));
#2009=DIRECTION('',(0.,0.,1.));
#2010=DIRECTION('',(0.,1.,0.));
#2011=DIRECTION('',(1.,0.,0.));
#2012=DIRECTION('',(1.,0.,0.));
#2013=DIRECTION('',(0.,1.,0.));
#2014=DIRECTION('',(1.,0.,0.));
#2015=DIRECTION('',(1.,0.,0.));
#2016=DIRECTION('',(0.,1.,0.));
#2017=DIRECTION('',(1.,0.,0.));
#2018=DIRECTION('',(1.,0.,1.77920356510441E-16));
#2019=DIRECTION('',(1.77920356510441E-16,0.,-1.));
#2020=DIRECTION('',(0.,-1.,0.));
#2021=DIRECTION('',(-1.77920356510441E-16,0.,1.));
#2022=DIRECTION('',(0.,-1.,0.));
#2023=DIRECTION('',(0.,0.,-1.));
#2024=DIRECTION('',(0.,1.,0.));
#2025=DIRECTION('',(1.,0.,0.));
#2026=DIRECTION('',(0.,-1.,0.));
#2027=DIRECTION('',(0.,-1.,0.));
#2028=DIRECTION('',(1.,0.,1.77920356510442E-16));
#2029=DIRECTION('',(1.77920356510442E-16,0.,-1.));
#2030=DIRECTION('',(-1.77920356510442E-16,0.,1.));
#2031=DIRECTION('',(0.,-1.,0.));
#2032=DIRECTION('',(0.,1.,0.));
#2033=DIRECTION('',(0.,0.,-1.));
#2034=DIRECTION('',(0.,1.,0.));
#2035=DIRECTION('',(0.,-1.,0.));
#2036=DIRECTION('',(1.,0.,0.));
#2037=DIRECTION('',(0.,-1.,0.));
#2038=DIRECTION('',(1.,0.,0.));
#2039=DIRECTION('',(0.,-1.,0.));
#2040=DIRECTION('',(0.,-1.,0.));
#2041=DIRECTION('',(0.,0.,1.));
#2042=DIRECTION('',(0.,-1.,0.));
#2043=DIRECTION('',(0.,0.,-1.));
#2044=DIRECTION('',(0.,1.,0.));
#2045=DIRECTION('',(1.,0.,0.));
#2046=DIRECTION('',(0.,-1.,0.));
#2047=DIRECTION('',(0.,1.,0.));
#2048=DIRECTION('',(0.,-1.,0.));
#2049=DIRECTION('',(-1.,0.,0.));
#2050=DIRECTION('',(0.,1.,0.));
#2051=DIRECTION('',(1.,0.,0.));
#2052=DIRECTION('',(0.,1.,0.));
#2053=DIRECTION('',(1.,0.,0.));
#2054=DIRECTION('',(0.,1.,0.));
#2055=DIRECTION('',(1.,0.,0.));
#2056=DIRECTION('',(0.,1.,0.));
#2057=DIRECTION('',(1.,0.,0.));
#2058=DIRECTION('',(0.,1.,0.));
#2059=DIRECTION('',(1.,0.,0.));
#2060=DIRECTION('',(1.,0.,1.77920356510442E-16));
#2061=DIRECTION('',(1.77920356510442E-16,0.,-1.));
#2062=DIRECTION('',(0.,-1.,0.));
#2063=DIRECTION('',(-1.77920356510442E-16,0.,1.));
#2064=DIRECTION('',(0.,1.,0.));
#2065=DIRECTION('',(0.,0.,-1.));
#2066=DIRECTION('',(0.,1.,0.));
#2067=DIRECTION('',(1.,0.,0.));
#2068=DIRECTION('',(0.,-1.,0.));
#2069=DIRECTION('',(0.,-1.,0.));
#2070=DIRECTION('',(1.,0.,1.77920356510442E-16));
#2071=DIRECTION('',(1.77920356510442E-16,0.,-1.));
#2072=DIRECTION('',(-1.77920356510442E-16,0.,1.));
#2073=DIRECTION('',(0.,-1.,0.));
#2074=DIRECTION('',(0.,-1.,0.));
#2075=DIRECTION('',(0.,0.,-1.));
#2076=DIRECTION('',(0.,1.,0.));
#2077=DIRECTION('',(0.,-1.,0.));
#2078=DIRECTION('',(1.,0.,0.));
#2079=DIRECTION('',(0.,1.,0.));
#2080=DIRECTION('',(1.,0.,0.));
#2081=DIRECTION('',(0.,-1.,0.));
#2082=DIRECTION('',(0.,0.,1.));
#2083=DIRECTION('',(0.,-1.,0.));
#2084=DIRECTION('',(0.,-1.,0.));
#2085=DIRECTION('',(0.,0.,-1.));
#2086=DIRECTION('',(0.,1.,0.));
#2087=DIRECTION('',(1.,0.,0.));
#2088=DIRECTION('',(0.,-1.,0.));
#2089=DIRECTION('',(0.,-1.,0.));
#2090=DIRECTION('',(0.,1.,0.));
#2091=DIRECTION('',(1.,0.,0.));
#2092=DIRECTION('',(0.5,0.,-0.866025403784439));
#2093=DIRECTION('',(1.,0.,5.63367974526435E-16));
#2094=DIRECTION('',(0.5,0.,0.866025403784439));
#2095=DIRECTION('',(-0.5,0.,0.866025403784439));
#2096=DIRECTION('',(-1.,0.,0.));
#2097=DIRECTION('',(-0.5,0.,-0.866025403784439));
#2098=DIRECTION('',(0.5,0.,-0.866025403784439));
#2099=DIRECTION('',(1.,0.,5.63367974526435E-16));
#2100=DIRECTION('',(0.5,0.,0.866025403784439));
#2101=DIRECTION('',(-0.5,0.,0.866025403784439));
#2102=DIRECTION('',(-1.,0.,0.));
#2103=DIRECTION('',(-0.5,0.,-0.866025403784439));
#2104=DIRECTION('',(0.5,0.,-0.866025403784439));
#2105=DIRECTION('',(1.,0.,7.5115729936858E-16));
#2106=DIRECTION('',(0.5,0.,0.866025403784439));
#2107=DIRECTION('',(-0.5,0.,0.866025403784439));
#2108=DIRECTION('',(-1.,0.,0.));
#2109=DIRECTION('',(-0.5,0.,-0.866025403784439));
#2110=DIRECTION('',(0.,1.,0.));
#2111=DIRECTION('',(1.,0.,0.));
#2112=DIRECTION('',(0.,1.,0.));
#2113=DIRECTION('',(1.,0.,0.));
#2114=DIRECTION('',(0.,1.,0.));
#2115=DIRECTION('',(1.,0.,0.));
#2116=DIRECTION('',(0.,1.,0.));
#2117=DIRECTION('',(1.,0.,0.));
#2118=DIRECTION('',(0.,1.,0.));
#2119=DIRECTION('',(1.,0.,0.));
#2120=DIRECTION('',(0.,1.,0.));
#2121=DIRECTION('',(1.,0.,0.));
#2122=DIRECTION('',(0.,1.,0.));
#2123=DIRECTION('',(1.,0.,0.));
#2124=DIRECTION('',(0.,1.,0.));
#2125=DIRECTION('',(1.,0.,0.));
#2126=DIRECTION('',(0.,1.,0.));
#2127=DIRECTION('',(1.,0.,0.));
#2128=DIRECTION('',(0.,1.,0.));
#2129=DIRECTION('',(1.,0.,0.));
#2130=DIRECTION('',(0.,1.,0.));
#2131=DIRECTION('',(1.,0.,0.));
#2132=DIRECTION('',(0.,1.,0.));
#2133=DIRECTION('',(1.,0.,0.));
#2134=DIRECTION('',(0.,1.,0.));
#2135=DIRECTION('',(1.,0.,0.));
#2136=DIRECTION('',(0.,1.,0.));
#2137=DIRECTION('',(1.,0.,0.));
#2138=DIRECTION('',(0.,1.,0.));
#2139=DIRECTION('',(1.,0.,0.));
#2140=DIRECTION('',(0.,1.,0.));
#2141=DIRECTION('',(1.,0.,0.));
#2142=DIRECTION('',(0.,1.,0.));
#2143=DIRECTION('',(1.,0.,0.));
#2144=DIRECTION('',(0.,1.,0.));
#2145=DIRECTION('',(1.,0.,0.));
#2146=DIRECTION('',(0.,1.,0.));
#2147=DIRECTION('',(1.,0.,0.));
#2148=DIRECTION('',(0.,1.,0.));
#2149=DIRECTION('',(1.,0.,0.));
#2150=DIRECTION('',(0.,-1.,0.));
#2151=DIRECTION('',(-1.,0.,0.));
#2152=DIRECTION('',(0.,1.,0.));
#2153=DIRECTION('',(1.,0.,0.));
#2154=DIRECTION('',(-0.866025403784438,0.,-0.5));
#2155=DIRECTION('',(-0.5,0.,0.866025403784438));
#2156=DIRECTION('',(0.,-1.,0.));
#2157=DIRECTION('',(0.5,0.,-0.866025403784438));
#2158=DIRECTION('',(0.,-1.,0.));
#2159=DIRECTION('',(-0.866025403784439,0.,0.5));
#2160=DIRECTION('',(0.5,0.,0.866025403784439));
#2161=DIRECTION('',(-0.5,0.,-0.866025403784439));
#2162=DIRECTION('',(0.,-1.,0.));
#2163=DIRECTION('',(0.,0.,1.));
#2164=DIRECTION('',(0.,-1.,0.));
#2165=DIRECTION('',(-1.,0.,0.));
#2166=DIRECTION('',(0.,-1.,0.));
#2167=DIRECTION('',(0.866025403784439,0.,0.5));
#2168=DIRECTION('',(0.5,0.,-0.866025403784439));
#2169=DIRECTION('',(-0.5,0.,0.866025403784439));
#2170=DIRECTION('',(0.,-1.,0.));
#2171=DIRECTION('',(0.866025403784439,0.,-0.5));
#2172=DIRECTION('',(-0.5,0.,-0.866025403784439));
#2173=DIRECTION('',(0.5,0.,0.866025403784439));
#2174=DIRECTION('',(0.,-1.,0.));
#2175=DIRECTION('',(0.,0.,-1.));
#2176=DIRECTION('',(0.,1.,0.));
#2177=DIRECTION('',(1.,0.,0.));
#2178=DIRECTION('',(0.,1.,0.));
#2179=DIRECTION('',(1.,0.,0.));
#2180=DIRECTION('',(0.,-1.,0.));
#2181=DIRECTION('',(-1.,0.,0.));
#2182=DIRECTION('',(0.,1.,0.));
#2183=DIRECTION('',(1.,0.,0.));
#2184=DIRECTION('',(-0.866025403784439,0.,-0.5));
#2185=DIRECTION('',(-0.5,0.,0.866025403784439));
#2186=DIRECTION('',(0.,-1.,0.));
#2187=DIRECTION('',(0.5,0.,-0.866025403784439));
#2188=DIRECTION('',(0.,-1.,0.));
#2189=DIRECTION('',(-0.866025403784439,0.,0.5));
#2190=DIRECTION('',(0.5,0.,0.866025403784439));
#2191=DIRECTION('',(-0.5,0.,-0.866025403784439));
#2192=DIRECTION('',(0.,-1.,0.));
#2193=DIRECTION('',(-1.07308185624083E-16,0.,1.));
#2194=DIRECTION('',(1.,0.,1.07308185624083E-16));
#2195=DIRECTION('',(-1.,0.,-1.07308185624083E-16));
#2196=DIRECTION('',(0.,-1.,0.));
#2197=DIRECTION('',(0.866025403784438,0.,0.5));
#2198=DIRECTION('',(0.5,0.,-0.866025403784438));
#2199=DIRECTION('',(-0.5,0.,0.866025403784439));
#2200=DIRECTION('',(0.,-1.,0.));
#2201=DIRECTION('',(0.866025403784439,0.,-0.5));
#2202=DIRECTION('',(-0.5,0.,-0.866025403784439));
#2203=DIRECTION('',(0.5,0.,0.866025403784439));
#2204=DIRECTION('',(0.,-1.,0.));
#2205=DIRECTION('',(6.43849113744497E-16,0.,-1.));
#2206=DIRECTION('',(-1.,0.,-6.43849113744497E-16));
#2207=DIRECTION('',(1.,0.,6.43849113744497E-16));
#2208=DIRECTION('',(0.,1.,0.));
#2209=DIRECTION('',(1.,0.,0.));
#2210=DIRECTION('',(0.,-1.,0.));
#2211=DIRECTION('',(-1.,0.,0.));
#2212=DIRECTION('',(0.,1.,0.));
#2213=DIRECTION('',(1.,0.,0.));
#2214=DIRECTION('',(-0.866025403784439,0.,-0.5));
#2215=DIRECTION('',(-0.5,0.,0.866025403784439));
#2216=DIRECTION('',(0.,-1.,0.));
#2217=DIRECTION('',(0.5,0.,-0.866025403784439));
#2218=DIRECTION('',(0.,-1.,0.));
#2219=DIRECTION('',(-0.866025403784439,0.,0.5));
#2220=DIRECTION('',(0.5,0.,0.866025403784439));
#2221=DIRECTION('',(-0.5,0.,-0.866025403784439));
#2222=DIRECTION('',(0.,-1.,0.));
#2223=DIRECTION('',(-1.07308185624083E-16,0.,1.));
#2224=DIRECTION('',(1.,0.,1.07308185624083E-16));
#2225=DIRECTION('',(-1.,0.,-1.07308185624083E-16));
#2226=DIRECTION('',(0.,-1.,0.));
#2227=DIRECTION('',(0.866025403784438,0.,0.5));
#2228=DIRECTION('',(0.5,0.,-0.866025403784438));
#2229=DIRECTION('',(-0.5,0.,0.866025403784439));
#2230=DIRECTION('',(0.,-1.,0.));
#2231=DIRECTION('',(0.866025403784439,0.,-0.5));
#2232=DIRECTION('',(-0.5,0.,-0.866025403784439));
#2233=DIRECTION('',(0.5,0.,0.866025403784439));
#2234=DIRECTION('',(0.,-1.,0.));
#2235=DIRECTION('',(6.43849113744497E-16,0.,-1.));
#2236=DIRECTION('',(-1.,0.,-6.43849113744497E-16));
#2237=DIRECTION('',(1.,0.,6.43849113744497E-16));
#2238=DIRECTION('',(0.,1.,0.));
#2239=DIRECTION('',(1.,0.,0.));
#2240=DIRECTION('',(0.,-1.,0.));
#2241=DIRECTION('',(-1.,0.,0.));
#2242=DIRECTION('',(0.,1.,0.));
#2243=DIRECTION('',(1.,0.,0.));
#2244=DIRECTION('',(-0.866025403784438,0.,-0.5));
#2245=DIRECTION('',(-0.5,0.,0.866025403784438));
#2246=DIRECTION('',(0.,-1.,0.));
#2247=DIRECTION('',(0.5,0.,-0.866025403784438));
#2248=DIRECTION('',(0.,-1.,0.));
#2249=DIRECTION('',(-0.866025403784439,0.,0.5));
#2250=DIRECTION('',(0.5,0.,0.866025403784439));
#2251=DIRECTION('',(-0.5,0.,-0.866025403784439));
#2252=DIRECTION('',(0.,-1.,0.));
#2253=DIRECTION('',(0.,0.,1.));
#2254=DIRECTION('',(0.,-1.,0.));
#2255=DIRECTION('',(-1.,0.,0.));
#2256=DIRECTION('',(0.,-1.,0.));
#2257=DIRECTION('',(0.866025403784439,0.,0.5));
#2258=DIRECTION('',(0.5,0.,-0.866025403784439));
#2259=DIRECTION('',(-0.5,0.,0.866025403784439));
#2260=DIRECTION('',(0.,-1.,0.));
#2261=DIRECTION('',(0.866025403784439,0.,-0.5));
#2262=DIRECTION('',(-0.5,0.,-0.866025403784439));
#2263=DIRECTION('',(0.5,0.,0.866025403784439));
#2264=DIRECTION('',(0.,-1.,0.));
#2265=DIRECTION('',(0.,0.,-1.));
#2266=DIRECTION('',(0.,1.,0.));
#2267=DIRECTION('',(1.,0.,0.));
#2268=DIRECTION('',(0.,1.,0.));
#2269=DIRECTION('',(1.,0.,0.));
#2270=DIRECTION('',(0.,1.,0.));
#2271=DIRECTION('',(1.,0.,0.));
#2272=DIRECTION('',(0.,-1.,0.));
#2273=DIRECTION('',(-1.,0.,0.));
#2274=DIRECTION('',(0.,-1.,0.));
#2275=DIRECTION('',(0.,-1.,0.));
#2276=DIRECTION('',(-1.,0.,0.));
#2277=DIRECTION('',(0.,-1.,0.));
#2278=DIRECTION('',(0.,-1.,0.));
#2279=DIRECTION('',(-1.,0.,0.));
#2280=DIRECTION('',(0.,1.,0.));
#2281=DIRECTION('',(1.,0.,0.));
#2282=DIRECTION('',(0.,-1.,0.));
#2283=DIRECTION('',(-1.,0.,0.));
#2284=DIRECTION('',(0.,-1.,0.));
#2285=DIRECTION('',(-1.,0.,0.));
#2286=DIRECTION('',(0.,-1.,0.));
#2287=DIRECTION('',(0.,1.,0.));
#2288=DIRECTION('',(1.,0.,0.));
#2289=DIRECTION('',(0.,1.,0.));
#2290=DIRECTION('',(1.,0.,0.));
#2291=DIRECTION('',(0.,-1.,0.));
#2292=DIRECTION('',(-1.,0.,0.));
#2293=DIRECTION('',(0.,-1.,0.));
#2294=DIRECTION('',(-1.,0.,0.));
#2295=DIRECTION('',(0.,-1.,0.));
#2296=DIRECTION('',(0.,1.,0.));
#2297=DIRECTION('',(1.,0.,0.));
#2298=DIRECTION('',(0.,-1.,0.));
#2299=DIRECTION('',(-1.,0.,0.));
#2300=DIRECTION('',(0.,-1.,0.));
#2301=DIRECTION('',(-1.,0.,0.));
#2302=DIRECTION('',(0.,-1.,0.));
#2303=DIRECTION('',(-1.,0.,0.));
#2304=DIRECTION('',(0.,1.,0.));
#2305=DIRECTION('',(1.,0.,0.));
#2306=DIRECTION('',(0.,1.,0.));
#2307=DIRECTION('',(1.,0.,0.));
#2308=DIRECTION('',(0.,-1.,0.));
#2309=DIRECTION('',(-1.,0.,0.));
#2310=DIRECTION('',(0.,-1.,0.));
#2311=DIRECTION('',(-1.,0.,0.));
#2312=DIRECTION('',(0.,1.,0.));
#2313=DIRECTION('',(1.,0.,0.));
#2314=DIRECTION('',(0.,1.,0.));
#2315=DIRECTION('',(1.,0.,0.));
#2316=DIRECTION('',(0.,1.,0.));
#2317=DIRECTION('',(1.,0.,0.));
#2318=DIRECTION('',(0.5,0.,-0.866025403784439));
#2319=DIRECTION('',(-0.5,0.,-0.866025403784439));
#2320=DIRECTION('',(-1.,0.,0.));
#2321=DIRECTION('',(-0.5,0.,0.866025403784439));
#2322=DIRECTION('',(0.5,0.,0.866025403784439));
#2323=DIRECTION('',(1.,0.,7.5115729936858E-16));
#2324=DIRECTION('',(0.866025403784439,0.,0.5));
#2325=DIRECTION('',(0.5,0.,-0.866025403784439));
#2326=DIRECTION('',(0.,1.,0.));
#2327=DIRECTION('',(0.,1.,0.));
#2328=DIRECTION('',(0.866025403784439,0.,-0.5));
#2329=DIRECTION('',(-0.5,0.,-0.866025403784439));
#2330=DIRECTION('',(0.,1.,0.));
#2331=DIRECTION('',(0.,0.,-1.));
#2332=DIRECTION('',(0.,1.,0.));
#2333=DIRECTION('',(0.,1.,0.));
#2334=DIRECTION('',(-0.866025403784439,0.,-0.5));
#2335=DIRECTION('',(-0.5,0.,0.866025403784439));
#2336=DIRECTION('',(0.,1.,0.));
#2337=DIRECTION('',(-0.866025403784439,0.,0.5));
#2338=DIRECTION('',(0.5,0.,0.866025403784439));
#2339=DIRECTION('',(0.,1.,0.));
#2340=DIRECTION('',(-7.5115729936858E-16,0.,1.));
#2341=DIRECTION('',(1.,0.,7.5115729936858E-16));
#2342=DIRECTION('',(0.,1.,0.));
#2343=DIRECTION('',(1.,0.,0.));
#2344=DIRECTION('',(0.5,0.,-0.866025403784439));
#2345=DIRECTION('',(-0.5,0.,-0.866025403784439));
#2346=DIRECTION('',(-1.,0.,0.));
#2347=DIRECTION('',(-0.5,0.,0.866025403784439));
#2348=DIRECTION('',(0.5,0.,0.866025403784439));
#2349=DIRECTION('',(1.,0.,5.63367974526435E-16));
#2350=DIRECTION('',(0.866025403784439,0.,0.5));
#2351=DIRECTION('',(0.5,0.,-0.866025403784439));
#2352=DIRECTION('',(0.,1.,0.));
#2353=DIRECTION('',(0.,1.,0.));
#2354=DIRECTION('',(0.866025403784439,0.,-0.5));
#2355=DIRECTION('',(-0.5,0.,-0.866025403784439));
#2356=DIRECTION('',(0.,1.,0.));
#2357=DIRECTION('',(0.,0.,-1.));
#2358=DIRECTION('',(0.,1.,0.));
#2359=DIRECTION('',(0.,1.,0.));
#2360=DIRECTION('',(-0.866025403784439,0.,-0.5));
#2361=DIRECTION('',(-0.5,0.,0.866025403784439));
#2362=DIRECTION('',(0.,1.,0.));
#2363=DIRECTION('',(-0.866025403784439,0.,0.5));
#2364=DIRECTION('',(0.5,0.,0.866025403784439));
#2365=DIRECTION('',(0.,1.,0.));
#2366=DIRECTION('',(-5.63367974526435E-16,0.,1.));
#2367=DIRECTION('',(1.,0.,5.63367974526435E-16));
#2368=DIRECTION('',(0.,1.,0.));
#2369=DIRECTION('',(1.,0.,0.));
#2370=DIRECTION('',(0.5,0.,-0.866025403784439));
#2371=DIRECTION('',(-0.5,0.,-0.866025403784439));
#2372=DIRECTION('',(-1.,0.,0.));
#2373=DIRECTION('',(-0.5,0.,0.866025403784439));
#2374=DIRECTION('',(0.5,0.,0.866025403784439));
#2375=DIRECTION('',(1.,0.,5.63367974526435E-16));
#2376=DIRECTION('',(0.866025403784439,0.,0.5));
#2377=DIRECTION('',(0.5,0.,-0.866025403784439));
#2378=DIRECTION('',(0.,1.,0.));
#2379=DIRECTION('',(0.,1.,0.));
#2380=DIRECTION('',(0.866025403784439,0.,-0.5));
#2381=DIRECTION('',(-0.5,0.,-0.866025403784439));
#2382=DIRECTION('',(0.,1.,0.));
#2383=DIRECTION('',(0.,0.,-1.));
#2384=DIRECTION('',(0.,1.,0.));
#2385=DIRECTION('',(0.,1.,0.));
#2386=DIRECTION('',(-0.866025403784439,0.,-0.5));
#2387=DIRECTION('',(-0.5,0.,0.866025403784439));
#2388=DIRECTION('',(0.,1.,0.));
#2389=DIRECTION('',(-0.866025403784439,0.,0.5));
#2390=DIRECTION('',(0.5,0.,0.866025403784439));
#2391=DIRECTION('',(0.,1.,0.));
#2392=DIRECTION('',(-5.63367974526435E-16,0.,1.));
#2393=DIRECTION('',(1.,0.,5.63367974526435E-16));
#2394=CARTESIAN_POINT('',(0.,0.,0.));
#2395=CARTESIAN_POINT('',(-0.0145472189602431,-0.111783359253582,0.21525064391121));
#2396=CARTESIAN_POINT('',(-0.0145472189602431,-0.0536623242460077,0.21525064391121));
#2397=CARTESIAN_POINT('',(-0.0117972189602431,-0.0536623242460077,0.21525064391121));
#2398=CARTESIAN_POINT('',(-0.0145472189602431,-0.0346623242460076,0.21525064391121));
#2399=CARTESIAN_POINT('',(-0.0117972189602431,-0.0346623242460076,0.21525064391121));
#2400=CARTESIAN_POINT('',(-0.022797218960243,-0.111783359253582,0.220013783632024));
#2401=CARTESIAN_POINT('',(-0.022797218960243,-0.0536623242460077,0.220013783632024));
#2402=CARTESIAN_POINT('',(-0.0200472189602431,-0.0536623242460077,0.220013783632024));
#2403=CARTESIAN_POINT('',(-0.022797218960243,-0.0346623242460076,0.220013783632024));
#2404=CARTESIAN_POINT('',(-0.0200472189602431,-0.0346623242460076,0.220013783632024));
#2405=CARTESIAN_POINT('',(-0.0145472189602431,-0.111783359253582,0.224776923352838));
#2406=CARTESIAN_POINT('',(-0.0145472189602431,-0.0536623242460077,0.224776923352838));
#2407=CARTESIAN_POINT('',(-0.0117972189602431,-0.0536623242460077,0.224776923352838));
#2408=CARTESIAN_POINT('',(-0.0145472189602431,-0.0346623242460076,0.224776923352838));
#2409=CARTESIAN_POINT('',(-0.0117972189602431,-0.0346623242460076,0.224776923352838));
#2410=CARTESIAN_POINT('',(-0.017297218960243,-0.0356623242460076,0.220013783632024));
#2411=CARTESIAN_POINT('',(-0.0142661300469975,-0.0356623242460076,0.201763783632024));
#2412=CARTESIAN_POINT('',(-0.0152764930180793,-0.0356623242460076,0.203513783632024));
#2413=CARTESIAN_POINT('',(-0.0132557670759157,-0.0356623242460076,0.200013783632024));
#2414=CARTESIAN_POINT('',(-0.0142661300469975,-0.0356623242460076,0.198263783632024));
#2415=CARTESIAN_POINT('',(-0.0152764930180793,-0.0356623242460076,0.196513783632024));
#2416=CARTESIAN_POINT('',(-0.017297218960243,-0.0356623242460076,0.196513783632024));
#2417=CARTESIAN_POINT('',(-0.0193179449024068,-0.0356623242460076,0.196513783632024));
#2418=CARTESIAN_POINT('',(-0.0203283078734886,-0.0356623242460076,0.198263783632024));
#2419=CARTESIAN_POINT('',(-0.0213386708445705,-0.0356623242460076,0.200013783632024));
#2420=CARTESIAN_POINT('',(-0.0203283078734886,-0.0356623242460076,0.201763783632024));
#2421=CARTESIAN_POINT('',(-0.0193179449024068,-0.0356623242460076,0.203513783632024));
#2422=CARTESIAN_POINT('',(-0.017297218960243,-0.0356623242460076,0.203513783632024));
#2423=CARTESIAN_POINT('',(-0.017297218960243,-0.0356623242460076,0.192513783632024));
#2424=CARTESIAN_POINT('',(-0.021297218960243,-0.0356623242460076,0.192513783632024));
#2425=CARTESIAN_POINT('',(-0.0132972189602431,-0.0356623242460076,0.192513783632024));
#2426=CARTESIAN_POINT('',(-0.0132972189602431,-0.0356623242460076,0.194513783632024));
#2427=CARTESIAN_POINT('',(-0.0112972189602431,-0.0356623242460076,0.194513783632024));
#2428=CARTESIAN_POINT('',(-0.0112972189602431,-0.0356623242460076,0.202263783632024));
#2429=CARTESIAN_POINT('',(-0.0112972189602431,-0.0356623242460076,0.207364672991351));
#2430=CARTESIAN_POINT('',(-0.0172972189602431,-0.0356623242460076,0.220013783632024));
#2431=CARTESIAN_POINT('',(-0.023297218960243,-0.0356623242460076,0.207364672991351));
#2432=CARTESIAN_POINT('',(-0.023297218960243,-0.0356623242460076,0.202263783632024));
#2433=CARTESIAN_POINT('',(-0.023297218960243,-0.0356623242460076,0.194513783632024));
#2434=CARTESIAN_POINT('',(-0.021297218960243,-0.0356623242460076,0.194513783632024));
#2435=CARTESIAN_POINT('',(-0.017297218960243,-0.0356623242460076,0.220013783632024));
#2436=CARTESIAN_POINT('',(-0.0342661300469976,-0.0356623242460076,0.221763783632024));
#2437=CARTESIAN_POINT('',(-0.0352764930180794,-0.0356623242460076,0.223513783632024));
#2438=CARTESIAN_POINT('',(-0.0332557670759157,-0.0356623242460076,0.220013783632024));
#2439=CARTESIAN_POINT('',(-0.0342661300469976,-0.0356623242460076,0.218263783632024));
#2440=CARTESIAN_POINT('',(-0.0352764930180793,-0.0356623242460076,0.216513783632024));
#2441=CARTESIAN_POINT('',(-0.037297218960243,-0.0356623242460076,0.216513783632024));
#2442=CARTESIAN_POINT('',(-0.0393179449024067,-0.0356623242460076,0.216513783632024));
#2443=CARTESIAN_POINT('',(-0.0403283078734886,-0.0356623242460076,0.218263783632024));
#2444=CARTESIAN_POINT('',(-0.0413386708445704,-0.0356623242460076,0.220013783632024));
#2445=CARTESIAN_POINT('',(-0.0403283078734886,-0.0356623242460076,0.221763783632024));
#2446=CARTESIAN_POINT('',(-0.0393179449024067,-0.0356623242460076,0.223513783632024));
#2447=CARTESIAN_POINT('',(-0.037297218960243,-0.0356623242460076,0.223513783632024));
#2448=CARTESIAN_POINT('',(-0.035047218960243,-0.0356623242460076,0.226013783632024));
#2449=CARTESIAN_POINT('',(-0.042797218960243,-0.0356623242460076,0.226013783632024));
#2450=CARTESIAN_POINT('',(-0.0299463296009166,-0.0356623242460076,0.226013783632024));
#2451=CARTESIAN_POINT('',(-0.042797218960243,-0.0356623242460076,0.224013783632024));
#2452=CARTESIAN_POINT('',(-0.044797218960243,-0.0356623242460076,0.224013783632024));
#2453=CARTESIAN_POINT('',(-0.044797218960243,-0.0356623242460076,0.220013783632024));
#2454=CARTESIAN_POINT('',(-0.044797218960243,-0.0356623242460076,0.216013783632024));
#2455=CARTESIAN_POINT('',(-0.042797218960243,-0.0356623242460076,0.216013783632024));
#2456=CARTESIAN_POINT('',(-0.042797218960243,-0.0356623242460076,0.214013783632024));
#2457=CARTESIAN_POINT('',(-0.035047218960243,-0.0356623242460076,0.214013783632024));
#2458=CARTESIAN_POINT('',(-0.0299463296009165,-0.0356623242460076,0.214013783632024));
#2459=CARTESIAN_POINT('',(-0.0172972189602431,-0.0356623242460076,0.220013783632024));
#2460=CARTESIAN_POINT('',(-0.017297218960243,-0.0356623242460076,0.220013783632024));
#2461=CARTESIAN_POINT('',(-0.0142661300469975,-0.0356623242460076,0.241763783632024));
#2462=CARTESIAN_POINT('',(-0.0152764930180794,-0.0356623242460076,0.243513783632024));
#2463=CARTESIAN_POINT('',(-0.0132557670759157,-0.0356623242460076,0.240013783632024));
#2464=CARTESIAN_POINT('',(-0.0142661300469975,-0.0356623242460076,0.238263783632024));
#2465=CARTESIAN_POINT('',(-0.0152764930180793,-0.0356623242460076,0.236513783632024));
#2466=CARTESIAN_POINT('',(-0.017297218960243,-0.0356623242460076,0.236513783632024));
#2467=CARTESIAN_POINT('',(-0.0193179449024068,-0.0356623242460076,0.236513783632024));
#2468=CARTESIAN_POINT('',(-0.0203283078734886,-0.0356623242460076,0.238263783632024));
#2469=CARTESIAN_POINT('',(-0.0213386708445705,-0.0356623242460076,0.240013783632024));
#2470=CARTESIAN_POINT('',(-0.0203283078734886,-0.0356623242460076,0.241763783632024));
#2471=CARTESIAN_POINT('',(-0.0193179449024068,-0.0356623242460076,0.243513783632024));
#2472=CARTESIAN_POINT('',(-0.017297218960243,-0.0356623242460076,0.243513783632024));
#2473=CARTESIAN_POINT('',(-0.017297218960243,-0.0356623242460076,0.247513783632024));
#2474=CARTESIAN_POINT('',(-0.021297218960243,-0.0356623242460076,0.247513783632024));
#2475=CARTESIAN_POINT('',(-0.0132972189602431,-0.0356623242460076,0.247513783632024));
#2476=CARTESIAN_POINT('',(-0.021297218960243,-0.0356623242460076,0.245513783632024));
#2477=CARTESIAN_POINT('',(-0.023297218960243,-0.0356623242460076,0.245513783632024));
#2478=CARTESIAN_POINT('',(-0.023297218960243,-0.0356623242460076,0.237763783632024));
#2479=CARTESIAN_POINT('',(-0.023297218960243,-0.0356623242460076,0.232662894272698));
#2480=CARTESIAN_POINT('',(-0.0172972189602431,-0.0356623242460076,0.220013783632024));
#2481=CARTESIAN_POINT('',(-0.0112972189602431,-0.0356623242460076,0.232662894272698));
#2482=CARTESIAN_POINT('',(-0.0112972189602431,-0.0356623242460076,0.237763783632024));
#2483=CARTESIAN_POINT('',(-0.0112972189602431,-0.0356623242460076,0.245513783632024));
#2484=CARTESIAN_POINT('',(-0.0132972189602431,-0.0356623242460076,0.245513783632024));
#2485=CARTESIAN_POINT('',(-0.017297218960243,-0.0356623242460076,0.220013783632024));
#2486=CARTESIAN_POINT('',(0.00573386995300247,-0.0356623242460076,0.221763783632024));
#2487=CARTESIAN_POINT('',(0.00472350698192063,-0.0356623242460076,0.223513783632024));
#2488=CARTESIAN_POINT('',(0.00674423292408432,-0.0356623242460076,0.220013783632024));
#2489=CARTESIAN_POINT('',(0.00573386995300248,-0.0356623242460076,0.218263783632024));
#2490=CARTESIAN_POINT('',(0.00472350698192063,-0.0356623242460076,0.216513783632024));
#2491=CARTESIAN_POINT('',(0.00270278103975694,-0.0356623242460076,0.216513783632024));
#2492=CARTESIAN_POINT('',(0.00068205509759325,-0.0356623242460076,0.216513783632024));
#2493=CARTESIAN_POINT('',(-0.000328307873488594,-0.0356623242460076,0.218263783632024));
#2494=CARTESIAN_POINT('',(-0.00133867084457044,-0.0356623242460076,0.220013783632024));
#2495=CARTESIAN_POINT('',(-0.000328307873488597,-0.0356623242460076,0.221763783632024));
#2496=CARTESIAN_POINT('',(0.000682055097593247,-0.0356623242460076,0.223513783632024));
#2497=CARTESIAN_POINT('',(0.00270278103975693,-0.0356623242460076,0.223513783632024));
#2498=CARTESIAN_POINT('',(0.0102027810397569,-0.0356623242460076,0.220013783632024));
#2499=CARTESIAN_POINT('',(0.0102027810397569,-0.0356623242460076,0.216013783632024));
#2500=CARTESIAN_POINT('',(0.0102027810397569,-0.0356623242460076,0.224013783632024));
#2501=CARTESIAN_POINT('',(0.00820278103975695,-0.0356623242460076,0.224013783632024));
#2502=CARTESIAN_POINT('',(0.00820278103975695,-0.0356623242460076,0.226013783632024));
#2503=CARTESIAN_POINT('',(0.00045278103975694,-0.0356623242460076,0.226013783632024));
#2504=CARTESIAN_POINT('',(-0.00464810831956964,-0.0356623242460076,0.226013783632024));
#2505=CARTESIAN_POINT('',(-0.0172972189602431,-0.0356623242460076,0.220013783632024));
#2506=CARTESIAN_POINT('',(-0.00464810831956968,-0.0356623242460076,0.214013783632024));
#2507=CARTESIAN_POINT('',(0.00045278103975694,-0.0356623242460076,0.214013783632024));
#2508=CARTESIAN_POINT('',(0.00820278103975695,-0.0356623242460076,0.214013783632024));
#2509=CARTESIAN_POINT('',(0.00820278103975695,-0.0356623242460076,0.216013783632024));
#2510=CARTESIAN_POINT('',(-0.0112972189602431,-0.0306623242460076,0.202263783632024));
#2511=CARTESIAN_POINT('',(-0.0112972189602431,-0.0306623242460076,0.194513783632024));
#2512=CARTESIAN_POINT('',(-0.0112972189602431,-0.0306623242460076,0.194513783632024));
#2513=CARTESIAN_POINT('',(-0.0112972189602431,-0.0306623242460076,0.202263783632024));
#2514=CARTESIAN_POINT('',(-0.0112972189602431,-0.0306623242460076,0.210215824660891));
#2515=CARTESIAN_POINT('',(-0.0112972189602431,-0.0306623242460076,0.210215824660891));
#2516=CARTESIAN_POINT('',(-0.0112972189602431,-0.0365485631430761,0.210215824660891));
#2517=CARTESIAN_POINT('',(-0.0112972189602431,-0.0365485631430761,0.210215824660891));
#2518=CARTESIAN_POINT('',(-0.0112972189602431,-0.0359713957107682,0.20937653202294));
#2519=CARTESIAN_POINT('',(-0.0112972189602431,-0.0356623242460077,0.208383092313415));
#2520=CARTESIAN_POINT('',(-0.0112972189602431,-0.0356623242460076,0.207364672991351));
#2521=CARTESIAN_POINT('',(-0.017297218960243,-0.0306623242460076,0.192513783632024));
#2522=CARTESIAN_POINT('',(-0.017297218960243,-0.0306623242460076,0.192513783632024));
#2523=CARTESIAN_POINT('',(-0.021297218960243,-0.0306623242460076,0.192513783632024));
#2524=CARTESIAN_POINT('',(-0.0132972189602431,-0.0306623242460076,0.192513783632024));
#2525=CARTESIAN_POINT('',(-0.0132972189602431,-0.0306623242460076,0.192513783632024));
#2526=CARTESIAN_POINT('',(-0.021297218960243,-0.0306623242460076,0.192513783632024));
#2527=CARTESIAN_POINT('',(-0.023297218960243,-0.0306623242460076,0.202263783632024));
#2528=CARTESIAN_POINT('',(-0.023297218960243,-0.0306623242460076,0.202263783632024));
#2529=CARTESIAN_POINT('',(-0.023297218960243,-0.0306623242460076,0.194513783632024));
#2530=CARTESIAN_POINT('',(-0.023297218960243,-0.0306623242460076,0.210215824660891));
#2531=CARTESIAN_POINT('',(-0.023297218960243,-0.0356623242460076,0.194513783632024));
#2532=CARTESIAN_POINT('',(-0.023297218960243,-0.0356623242460076,0.207364672991351));
#2533=CARTESIAN_POINT('',(-0.023297218960243,-0.0356623242460077,0.208383260191777));
#2534=CARTESIAN_POINT('',(-0.023297218960243,-0.035971483879024,0.209376660233514));
#2535=CARTESIAN_POINT('',(-0.023297218960243,-0.0365485631430761,0.210215824660891));
#2536=CARTESIAN_POINT('',(-0.023297218960243,-0.0365485631430761,0.210215824660891));
#2537=CARTESIAN_POINT('',(-0.023297218960243,-0.0306623242460076,0.210215824660891));
#2538=CARTESIAN_POINT('',(-0.035047218960243,-0.0306623242460076,0.214013783632024));
#2539=CARTESIAN_POINT('',(-0.042797218960243,-0.0306623242460076,0.214013783632024));
#2540=CARTESIAN_POINT('',(-0.042797218960243,-0.0306623242460076,0.214013783632024));
#2541=CARTESIAN_POINT('',(-0.035047218960243,-0.0306623242460076,0.214013783632024));
#2542=CARTESIAN_POINT('',(-0.0270951779313757,-0.0306623242460076,0.214013783632024));
#2543=CARTESIAN_POINT('',(-0.0270951779313757,-0.0306623242460076,0.214013783632024));
#2544=CARTESIAN_POINT('',(-0.0270951779313757,-0.0365485631430761,0.214013783632024));
#2545=CARTESIAN_POINT('',(-0.0270951779313757,-0.0365485631430761,0.214013783632024));
#2546=CARTESIAN_POINT('',(-0.0279344705693273,-0.0359713957107681,0.214013783632024));
#2547=CARTESIAN_POINT('',(-0.0289279102788519,-0.0356623242460076,0.214013783632024));
#2548=CARTESIAN_POINT('',(-0.0299463296009164,-0.0356623242460076,0.214013783632024));
#2549=CARTESIAN_POINT('',(-0.044797218960243,-0.0306623242460076,0.220013783632024));
#2550=CARTESIAN_POINT('',(-0.044797218960243,-0.0306623242460076,0.224013783632024));
#2551=CARTESIAN_POINT('',(-0.044797218960243,-0.0306623242460076,0.224013783632024));
#2552=CARTESIAN_POINT('',(-0.044797218960243,-0.0306623242460076,0.220013783632024));
#2553=CARTESIAN_POINT('',(-0.044797218960243,-0.0306623242460076,0.216013783632024));
#2554=CARTESIAN_POINT('',(-0.044797218960243,-0.0356623242460076,0.216013783632024));
#2555=CARTESIAN_POINT('',(-0.035047218960243,-0.0306623242460076,0.226013783632024));
#2556=CARTESIAN_POINT('',(-0.035047218960243,-0.0306623242460076,0.226013783632024));
#2557=CARTESIAN_POINT('',(-0.042797218960243,-0.0306623242460076,0.226013783632024));
#2558=CARTESIAN_POINT('',(-0.0270951779313758,-0.0306623242460076,0.226013783632024));
#2559=CARTESIAN_POINT('',(-0.042797218960243,-0.0306623242460076,0.226013783632024));
#2560=CARTESIAN_POINT('',(-0.0299463296009166,-0.0356623242460076,0.226013783632024));
#2561=CARTESIAN_POINT('',(-0.02892774240049,-0.0356623242460076,0.226013783632024));
#2562=CARTESIAN_POINT('',(-0.027934342358753,-0.0359714838790239,0.226013783632024));
#2563=CARTESIAN_POINT('',(-0.0270951779313758,-0.0365485631430761,0.226013783632024));
#2564=CARTESIAN_POINT('',(-0.0270951779313758,-0.0365485631430761,0.226013783632024));
#2565=CARTESIAN_POINT('',(-0.0270951779313758,-0.0306623242460076,0.226013783632024));
#2566=CARTESIAN_POINT('',(-0.0172972189602431,-0.0306623242460076,0.220013783632024));
#2567=CARTESIAN_POINT('',(-0.0172972189602431,-0.0396623242460077,0.220013783632024));
#2568=CARTESIAN_POINT('',(-0.0242957610824806,-0.0396623242460077,0.212870926489167));
#2569=CARTESIAN_POINT('',(-0.0101543618173859,-0.0396623242460077,0.213015241509787));
#2570=CARTESIAN_POINT('',(-0.0172972189602431,-0.0396623242460077,0.220013783632024));
#2571=CARTESIAN_POINT('',(-0.0102986768380055,-0.0396623242460077,0.227156640774881));
#2572=CARTESIAN_POINT('',(-0.0172972189602431,-0.0396623242460077,0.220013783632024));
#2573=CARTESIAN_POINT('',(-0.0244400761031002,-0.0396623242460077,0.227012325754262));
#2574=CARTESIAN_POINT('',(-0.0172972189602431,-0.0396623242460077,0.220013783632024));
#2575=CARTESIAN_POINT('',(-0.017297218960243,-0.0536623242460077,0.220013783632024));
#2576=CARTESIAN_POINT('',(-0.00729721896024305,-0.0536623242460077,0.220013783632024));
#2577=CARTESIAN_POINT('',(-0.023297218960243,-0.0306623242460076,0.237763783632024));
#2578=CARTESIAN_POINT('',(-0.023297218960243,-0.0306623242460076,0.245513783632024));
#2579=CARTESIAN_POINT('',(-0.023297218960243,-0.0306623242460076,0.245513783632024));
#2580=CARTESIAN_POINT('',(-0.023297218960243,-0.0306623242460076,0.237763783632024));
#2581=CARTESIAN_POINT('',(-0.023297218960243,-0.0306623242460076,0.229811742603157));
#2582=CARTESIAN_POINT('',(-0.023297218960243,-0.0356623242460076,0.229811742603157));
#2583=CARTESIAN_POINT('',(-0.023297218960243,-0.0365485631430761,0.229811742603157));
#2584=CARTESIAN_POINT('',(-0.023297218960243,-0.0365485631430761,0.229811742603157));
#2585=CARTESIAN_POINT('',(-0.023297218960243,-0.0359713957107681,0.230651035241108));
#2586=CARTESIAN_POINT('',(-0.023297218960243,-0.0356623242460078,0.231644474950633));
#2587=CARTESIAN_POINT('',(-0.023297218960243,-0.0356623242460076,0.232662894272698));
#2588=CARTESIAN_POINT('',(-0.017297218960243,-0.0306623242460076,0.247513783632024));
#2589=CARTESIAN_POINT('',(-0.017297218960243,-0.0306623242460076,0.247513783632024));
#2590=CARTESIAN_POINT('',(-0.021297218960243,-0.0306623242460076,0.247513783632024));
#2591=CARTESIAN_POINT('',(-0.0132972189602431,-0.0306623242460076,0.247513783632024));
#2592=CARTESIAN_POINT('',(-0.021297218960243,-0.0306623242460076,0.247513783632024));
#2593=CARTESIAN_POINT('',(-0.0132972189602431,-0.0306623242460076,0.247513783632024));
#2594=CARTESIAN_POINT('',(-0.0112972189602431,-0.0306623242460076,0.237763783632024));
#2595=CARTESIAN_POINT('',(-0.0112972189602431,-0.0306623242460076,0.237763783632024));
#2596=CARTESIAN_POINT('',(-0.0112972189602431,-0.0306623242460076,0.229811742603157));
#2597=CARTESIAN_POINT('',(-0.0112972189602431,-0.0306623242460076,0.245513783632024));
#2598=CARTESIAN_POINT('',(-0.0112972189602431,-0.0356623242460076,0.245513783632024));
#2599=CARTESIAN_POINT('',(-0.0112972189602431,-0.0356623242460076,0.232662894272698));
#2600=CARTESIAN_POINT('',(-0.0112972189602431,-0.0356623242460077,0.231644307072271));
#2601=CARTESIAN_POINT('',(-0.0112972189602431,-0.0359714838790239,0.230650907030534));
#2602=CARTESIAN_POINT('',(-0.0112972189602431,-0.0365485631430761,0.229811742603157));
#2603=CARTESIAN_POINT('',(-0.0112972189602431,-0.0365485631430761,0.229811742603157));
#2604=CARTESIAN_POINT('',(-0.0112972189602431,-0.0306623242460076,0.229811742603157));
#2605=CARTESIAN_POINT('',(0.00045278103975694,-0.0306623242460076,0.226013783632024));
#2606=CARTESIAN_POINT('',(0.00820278103975695,-0.0306623242460076,0.226013783632024));
#2607=CARTESIAN_POINT('',(0.00820278103975695,-0.0306623242460076,0.226013783632024));
#2608=CARTESIAN_POINT('',(0.00045278103975694,-0.0306623242460076,0.226013783632024));
#2609=CARTESIAN_POINT('',(-0.00749925998911044,-0.0306623242460076,0.226013783632024));
#2610=CARTESIAN_POINT('',(-0.00749925998911044,-0.0356623242460076,0.226013783632024));
#2611=CARTESIAN_POINT('',(-0.00749925998911044,-0.0365485631430761,0.226013783632024));
#2612=CARTESIAN_POINT('',(-0.00749925998911044,-0.0365485631430761,0.226013783632024));
#2613=CARTESIAN_POINT('',(-0.00665996735115884,-0.035971395710768,0.226013783632024));
#2614=CARTESIAN_POINT('',(-0.00566652764163409,-0.0356623242460077,0.226013783632024));
#2615=CARTESIAN_POINT('',(-0.00464810831956964,-0.0356623242460076,0.226013783632024));
#2616=CARTESIAN_POINT('',(0.0102027810397569,-0.0306623242460076,0.220013783632024));
#2617=CARTESIAN_POINT('',(0.0102027810397569,-0.0306623242460076,0.220013783632024));
#2618=CARTESIAN_POINT('',(0.0102027810397569,-0.0306623242460076,0.216013783632024));
#2619=CARTESIAN_POINT('',(0.0102027810397569,-0.0306623242460076,0.224013783632024));
#2620=CARTESIAN_POINT('',(0.0102027810397569,-0.0356623242460076,0.224013783632024));
#2621=CARTESIAN_POINT('',(0.0102027810397569,-0.0306623242460076,0.216013783632024));
#2622=CARTESIAN_POINT('',(0.00045278103975694,-0.0306623242460076,0.214013783632024));
#2623=CARTESIAN_POINT('',(0.00045278103975694,-0.0306623242460076,0.214013783632024));
#2624=CARTESIAN_POINT('',(-0.00749925998911052,-0.0306623242460076,0.214013783632024));
#2625=CARTESIAN_POINT('',(0.00820278103975695,-0.0306623242460076,0.214013783632024));
#2626=CARTESIAN_POINT('',(0.00820278103975695,-0.0306623242460076,0.214013783632024));
#2627=CARTESIAN_POINT('',(-0.00464810831956968,-0.0356623242460076,0.214013783632024));
#2628=CARTESIAN_POINT('',(-0.00566669551999625,-0.0356623242460076,0.214013783632024));
#2629=CARTESIAN_POINT('',(-0.00666009556173327,-0.0359714838790239,0.214013783632024));
#2630=CARTESIAN_POINT('',(-0.00749925998911053,-0.0365485631430761,0.214013783632024));
#2631=CARTESIAN_POINT('',(-0.00749925998911052,-0.0365485631430761,0.214013783632024));
#2632=CARTESIAN_POINT('',(-0.00749925998911052,-0.0306623242460076,0.214013783632024));
#2633=CARTESIAN_POINT('',(-0.017297218960243,-0.0306623242460076,0.220013783632024));
#2634=CARTESIAN_POINT('',(-0.0110831173451053,-0.0306623242460076,0.21725064391121));
#2635=CARTESIAN_POINT('',(-0.0122378178834846,-0.0306623242460076,0.21925064391121));
#2636=CARTESIAN_POINT('',(-0.00992841680672606,-0.0306623242460076,0.21525064391121));
#2637=CARTESIAN_POINT('',(-0.0145472189602431,-0.0306623242460076,0.21925064391121));
#2638=CARTESIAN_POINT('',(-0.0168566200370016,-0.0306623242460076,0.21925064391121));
#2639=CARTESIAN_POINT('',(-0.0180113205753808,-0.0306623242460076,0.21725064391121));
#2640=CARTESIAN_POINT('',(-0.0191660211137601,-0.0306623242460076,0.21525064391121));
#2641=CARTESIAN_POINT('',(-0.0180113205753808,-0.0306623242460076,0.21325064391121));
#2642=CARTESIAN_POINT('',(-0.0168566200370016,-0.0306623242460076,0.21125064391121));
#2643=CARTESIAN_POINT('',(-0.0145472189602431,-0.0306623242460076,0.21125064391121));
#2644=CARTESIAN_POINT('',(-0.0122378178834846,-0.0306623242460076,0.21125064391121));
#2645=CARTESIAN_POINT('',(-0.0110831173451053,-0.0306623242460076,0.21325064391121));
#2646=CARTESIAN_POINT('',(-0.0193331173451053,-0.0306623242460076,0.222013783632024));
#2647=CARTESIAN_POINT('',(-0.0204878178834845,-0.0306623242460076,0.224013783632024));
#2648=CARTESIAN_POINT('',(-0.018178416806726,-0.0306623242460076,0.220013783632024));
#2649=CARTESIAN_POINT('',(-0.022797218960243,-0.0306623242460076,0.224013783632024));
#2650=CARTESIAN_POINT('',(-0.0251066200370016,-0.0306623242460076,0.224013783632024));
#2651=CARTESIAN_POINT('',(-0.0262613205753808,-0.0306623242460076,0.222013783632024));
#2652=CARTESIAN_POINT('',(-0.02741602111376,-0.0306623242460076,0.220013783632024));
#2653=CARTESIAN_POINT('',(-0.0262613205753808,-0.0306623242460076,0.218013783632024));
#2654=CARTESIAN_POINT('',(-0.0251066200370016,-0.0306623242460076,0.216013783632024));
#2655=CARTESIAN_POINT('',(-0.022797218960243,-0.0306623242460076,0.216013783632024));
#2656=CARTESIAN_POINT('',(-0.0204878178834845,-0.0306623242460076,0.216013783632024));
#2657=CARTESIAN_POINT('',(-0.0193331173451053,-0.0306623242460076,0.218013783632024));
#2658=CARTESIAN_POINT('',(-0.0110831173451053,-0.0306623242460076,0.226776923352838));
#2659=CARTESIAN_POINT('',(-0.0122378178834846,-0.0306623242460076,0.228776923352839));
#2660=CARTESIAN_POINT('',(-0.00992841680672606,-0.0306623242460076,0.224776923352838));
#2661=CARTESIAN_POINT('',(-0.0145472189602431,-0.0306623242460076,0.228776923352839));
#2662=CARTESIAN_POINT('',(-0.0168566200370016,-0.0306623242460076,0.228776923352839));
#2663=CARTESIAN_POINT('',(-0.0180113205753808,-0.0306623242460076,0.226776923352838));
#2664=CARTESIAN_POINT('',(-0.0191660211137601,-0.0306623242460076,0.224776923352838));
#2665=CARTESIAN_POINT('',(-0.0180113205753808,-0.0306623242460076,0.222776923352838));
#2666=CARTESIAN_POINT('',(-0.0168566200370016,-0.0306623242460076,0.220776923352839));
#2667=CARTESIAN_POINT('',(-0.0145472189602431,-0.0306623242460076,0.220776923352839));
#2668=CARTESIAN_POINT('',(-0.0122378178834846,-0.0306623242460076,0.220776923352839));
#2669=CARTESIAN_POINT('',(-0.0110831173451053,-0.0306623242460076,0.222776923352838));
#2670=CARTESIAN_POINT('',(-0.017297218960243,-0.0306623242460076,0.240013783632024));
#2671=CARTESIAN_POINT('',(-0.015097218960243,-0.0306623242460076,0.240013783632024));
#2672=CARTESIAN_POINT('',(0.00270278103975694,-0.0306623242460076,0.220013783632024));
#2673=CARTESIAN_POINT('',(0.00490278103975694,-0.0306623242460076,0.220013783632024));
#2674=CARTESIAN_POINT('',(-0.037297218960243,-0.0306623242460076,0.220013783632024));
#2675=CARTESIAN_POINT('',(-0.035097218960243,-0.0306623242460076,0.220013783632024));
#2676=CARTESIAN_POINT('',(-0.017297218960243,-0.0306623242460076,0.200013783632024));
#2677=CARTESIAN_POINT('',(-0.015097218960243,-0.0306623242460076,0.200013783632024));
#2678=CARTESIAN_POINT('',(-0.042797218960243,-0.0306623242460076,0.224013783632024));
#2679=CARTESIAN_POINT('',(-0.0270951779313758,-0.0306623242460076,0.230013783632024));
#2680=CARTESIAN_POINT('',(-0.0243695759284464,-0.0306623242460076,0.227086140600227));
#2681=CARTESIAN_POINT('',(-0.027297218960243,-0.0306623242460076,0.229811742603157));
#2682=CARTESIAN_POINT('',(-0.021297218960243,-0.0306623242460076,0.245513783632024));
#2683=CARTESIAN_POINT('',(-0.0132972189602431,-0.0306623242460076,0.245513783632024));
#2684=CARTESIAN_POINT('',(-0.00729721896024306,-0.0306623242460076,0.229811742603157));
#2685=CARTESIAN_POINT('',(-0.0102248619920397,-0.0306623242460076,0.227086140600227));
#2686=CARTESIAN_POINT('',(-0.00749925998911044,-0.0306623242460076,0.230013783632024));
#2687=CARTESIAN_POINT('',(0.00820278103975695,-0.0306623242460076,0.224013783632024));
#2688=CARTESIAN_POINT('',(0.00820278103975695,-0.0306623242460076,0.216013783632024));
#2689=CARTESIAN_POINT('',(-0.00749925998911052,-0.0306623242460076,0.210013783632024));
#2690=CARTESIAN_POINT('',(-0.0102248619920398,-0.0306623242460076,0.212941426663821));
#2691=CARTESIAN_POINT('',(-0.00729721896024306,-0.0306623242460076,0.210215824660891));
#2692=CARTESIAN_POINT('',(-0.0132972189602431,-0.0306623242460076,0.194513783632024));
#2693=CARTESIAN_POINT('',(-0.021297218960243,-0.0306623242460076,0.194513783632024));
#2694=CARTESIAN_POINT('',(-0.027297218960243,-0.0306623242460076,0.210215824660891));
#2695=CARTESIAN_POINT('',(-0.0243695759284464,-0.0306623242460076,0.212941426663821));
#2696=CARTESIAN_POINT('',(-0.0270951779313757,-0.0306623242460076,0.210013783632024));
#2697=CARTESIAN_POINT('',(-0.042797218960243,-0.0306623242460076,0.216013783632024));
#2698=CARTESIAN_POINT('',(-0.017297218960243,0.0422899620945918,0.200013783632024));
#2699=CARTESIAN_POINT('',(-0.017297218960243,-0.0324623242460077,0.200013783632024));
#2700=CARTESIAN_POINT('',(-0.015097218960243,-0.0324623242460077,0.200013783632024));
#2701=CARTESIAN_POINT('',(-0.0142661300469975,-0.0324623242460077,0.201763783632024));
#2702=CARTESIAN_POINT('',(-0.0152764930180793,-0.0324623242460077,0.203513783632024));
#2703=CARTESIAN_POINT('',(-0.0152764930180793,-0.0324623242460077,0.203513783632024));
#2704=CARTESIAN_POINT('',(-0.0142661300469975,-0.0324623242460077,0.201763783632024));
#2705=CARTESIAN_POINT('',(-0.0132557670759157,-0.0324623242460077,0.200013783632024));
#2706=CARTESIAN_POINT('',(-0.0132557670759157,-0.0324623242460077,0.200013783632024));
#2707=CARTESIAN_POINT('',(-0.0142661300469975,-0.0324623242460077,0.198263783632024));
#2708=CARTESIAN_POINT('',(-0.0142661300469975,-0.0324623242460077,0.198263783632024));
#2709=CARTESIAN_POINT('',(-0.0152764930180793,-0.0324623242460077,0.196513783632024));
#2710=CARTESIAN_POINT('',(-0.0152764930180793,-0.0324623242460077,0.196513783632024));
#2711=CARTESIAN_POINT('',(-0.017297218960243,-0.0324623242460077,0.196513783632024));
#2712=CARTESIAN_POINT('',(-0.017297218960243,-0.0324623242460077,0.196513783632024));
#2713=CARTESIAN_POINT('',(-0.0193179449024068,-0.0324623242460077,0.196513783632024));
#2714=CARTESIAN_POINT('',(-0.0193179449024068,-0.0324623242460077,0.196513783632024));
#2715=CARTESIAN_POINT('',(-0.0203283078734886,-0.0324623242460077,0.198263783632024));
#2716=CARTESIAN_POINT('',(-0.0203283078734886,-0.0324623242460077,0.198263783632024));
#2717=CARTESIAN_POINT('',(-0.0213386708445705,-0.0324623242460077,0.200013783632024));
#2718=CARTESIAN_POINT('',(-0.0213386708445705,-0.0324623242460077,0.200013783632024));
#2719=CARTESIAN_POINT('',(-0.0203283078734886,-0.0324623242460077,0.201763783632024));
#2720=CARTESIAN_POINT('',(-0.0203283078734886,-0.0324623242460077,0.201763783632024));
#2721=CARTESIAN_POINT('',(-0.0193179449024068,-0.0324623242460077,0.203513783632024));
#2722=CARTESIAN_POINT('',(-0.0193179449024068,-0.0324623242460077,0.203513783632024));
#2723=CARTESIAN_POINT('',(-0.017297218960243,-0.0324623242460077,0.203513783632024));
#2724=CARTESIAN_POINT('',(-0.017297218960243,-0.0324623242460077,0.203513783632024));
#2725=CARTESIAN_POINT('',(-0.017297218960243,-0.0324623242460077,0.200013783632024));
#2726=CARTESIAN_POINT('',(-0.037297218960243,0.0422899620945918,0.220013783632024));
#2727=CARTESIAN_POINT('',(-0.037297218960243,-0.0324623242460077,0.220013783632024));
#2728=CARTESIAN_POINT('',(-0.035097218960243,-0.0324623242460077,0.220013783632024));
#2729=CARTESIAN_POINT('',(-0.0342661300469976,-0.0324623242460077,0.221763783632024));
#2730=CARTESIAN_POINT('',(-0.0352764930180794,-0.0324623242460077,0.223513783632024));
#2731=CARTESIAN_POINT('',(-0.0352764930180794,-0.0324623242460077,0.223513783632024));
#2732=CARTESIAN_POINT('',(-0.0342661300469976,-0.0324623242460077,0.221763783632024));
#2733=CARTESIAN_POINT('',(-0.0332557670759157,-0.0324623242460077,0.220013783632024));
#2734=CARTESIAN_POINT('',(-0.0332557670759157,-0.0324623242460077,0.220013783632024));
#2735=CARTESIAN_POINT('',(-0.0342661300469976,-0.0324623242460077,0.218263783632024));
#2736=CARTESIAN_POINT('',(-0.0342661300469976,-0.0324623242460077,0.218263783632024));
#2737=CARTESIAN_POINT('',(-0.0352764930180793,-0.0324623242460077,0.216513783632024));
#2738=CARTESIAN_POINT('',(-0.0352764930180793,-0.0324623242460077,0.216513783632024));
#2739=CARTESIAN_POINT('',(-0.037297218960243,-0.0324623242460077,0.216513783632024));
#2740=CARTESIAN_POINT('',(-0.037297218960243,-0.0324623242460077,0.216513783632024));
#2741=CARTESIAN_POINT('',(-0.0393179449024067,-0.0324623242460077,0.216513783632024));
#2742=CARTESIAN_POINT('',(-0.0393179449024067,-0.0324623242460077,0.216513783632024));
#2743=CARTESIAN_POINT('',(-0.0403283078734886,-0.0324623242460077,0.218263783632024));
#2744=CARTESIAN_POINT('',(-0.0403283078734886,-0.0324623242460077,0.218263783632024));
#2745=CARTESIAN_POINT('',(-0.0413386708445704,-0.0324623242460077,0.220013783632024));
#2746=CARTESIAN_POINT('',(-0.0413386708445704,-0.0324623242460077,0.220013783632024));
#2747=CARTESIAN_POINT('',(-0.0403283078734886,-0.0324623242460077,0.221763783632024));
#2748=CARTESIAN_POINT('',(-0.0403283078734886,-0.0324623242460077,0.221763783632024));
#2749=CARTESIAN_POINT('',(-0.0393179449024067,-0.0324623242460077,0.223513783632024));
#2750=CARTESIAN_POINT('',(-0.0393179449024067,-0.0324623242460077,0.223513783632024));
#2751=CARTESIAN_POINT('',(-0.037297218960243,-0.0324623242460077,0.223513783632024));
#2752=CARTESIAN_POINT('',(-0.037297218960243,-0.0324623242460077,0.223513783632024));
#2753=CARTESIAN_POINT('',(-0.037297218960243,-0.0324623242460077,0.220013783632024));
#2754=CARTESIAN_POINT('',(0.00270278103975694,0.0422899620945918,0.220013783632024));
#2755=CARTESIAN_POINT('',(0.00270278103975694,-0.0324623242460077,0.220013783632024));
#2756=CARTESIAN_POINT('',(0.00490278103975694,-0.0324623242460077,0.220013783632024));
#2757=CARTESIAN_POINT('',(0.00573386995300247,-0.0324623242460077,0.221763783632024));
#2758=CARTESIAN_POINT('',(0.00472350698192063,-0.0324623242460077,0.223513783632024));
#2759=CARTESIAN_POINT('',(0.00472350698192063,-0.0324623242460077,0.223513783632024));
#2760=CARTESIAN_POINT('',(0.00573386995300247,-0.0324623242460077,0.221763783632024));
#2761=CARTESIAN_POINT('',(0.00674423292408432,-0.0324623242460077,0.220013783632024));
#2762=CARTESIAN_POINT('',(0.00674423292408432,-0.0324623242460077,0.220013783632024));
#2763=CARTESIAN_POINT('',(0.00573386995300248,-0.0324623242460077,0.218263783632024));
#2764=CARTESIAN_POINT('',(0.00573386995300248,-0.0324623242460077,0.218263783632024));
#2765=CARTESIAN_POINT('',(0.00472350698192063,-0.0324623242460077,0.216513783632024));
#2766=CARTESIAN_POINT('',(0.00472350698192063,-0.0324623242460077,0.216513783632024));
#2767=CARTESIAN_POINT('',(0.00270278103975694,-0.0324623242460077,0.216513783632024));
#2768=CARTESIAN_POINT('',(0.00270278103975694,-0.0324623242460077,0.216513783632024));
#2769=CARTESIAN_POINT('',(0.00068205509759325,-0.0324623242460077,0.216513783632024));
#2770=CARTESIAN_POINT('',(0.00068205509759325,-0.0324623242460077,0.216513783632024));
#2771=CARTESIAN_POINT('',(-0.000328307873488594,-0.0324623242460077,0.218263783632024));
#2772=CARTESIAN_POINT('',(-0.000328307873488594,-0.0324623242460077,0.218263783632024));
#2773=CARTESIAN_POINT('',(-0.00133867084457044,-0.0324623242460077,0.220013783632024));
#2774=CARTESIAN_POINT('',(-0.00133867084457044,-0.0324623242460077,0.220013783632024));
#2775=CARTESIAN_POINT('',(-0.000328307873488597,-0.0324623242460077,0.221763783632024));
#2776=CARTESIAN_POINT('',(-0.000328307873488597,-0.0324623242460077,0.221763783632024));
#2777=CARTESIAN_POINT('',(0.000682055097593247,-0.0324623242460077,0.223513783632024));
#2778=CARTESIAN_POINT('',(0.000682055097593247,-0.0324623242460077,0.223513783632024));
#2779=CARTESIAN_POINT('',(0.00270278103975693,-0.0324623242460077,0.223513783632024));
#2780=CARTESIAN_POINT('',(0.00270278103975693,-0.0324623242460077,0.223513783632024));
#2781=CARTESIAN_POINT('',(0.00270278103975694,-0.0324623242460077,0.220013783632024));
#2782=CARTESIAN_POINT('',(-0.017297218960243,0.0422899620945918,0.240013783632024));
#2783=CARTESIAN_POINT('',(-0.017297218960243,-0.0324623242460077,0.240013783632024));
#2784=CARTESIAN_POINT('',(-0.015097218960243,-0.0324623242460077,0.240013783632024));
#2785=CARTESIAN_POINT('',(-0.0142661300469975,-0.0324623242460077,0.241763783632024));
#2786=CARTESIAN_POINT('',(-0.0152764930180794,-0.0324623242460077,0.243513783632024));
#2787=CARTESIAN_POINT('',(-0.0152764930180794,-0.0324623242460077,0.243513783632024));
#2788=CARTESIAN_POINT('',(-0.0142661300469975,-0.0324623242460077,0.241763783632024));
#2789=CARTESIAN_POINT('',(-0.0132557670759157,-0.0324623242460077,0.240013783632024));
#2790=CARTESIAN_POINT('',(-0.0132557670759157,-0.0324623242460077,0.240013783632024));
#2791=CARTESIAN_POINT('',(-0.0142661300469975,-0.0324623242460077,0.238263783632024));
#2792=CARTESIAN_POINT('',(-0.0142661300469975,-0.0324623242460077,0.238263783632024));
#2793=CARTESIAN_POINT('',(-0.0152764930180793,-0.0324623242460077,0.236513783632024));
#2794=CARTESIAN_POINT('',(-0.0152764930180793,-0.0324623242460077,0.236513783632024));
#2795=CARTESIAN_POINT('',(-0.017297218960243,-0.0324623242460077,0.236513783632024));
#2796=CARTESIAN_POINT('',(-0.017297218960243,-0.0324623242460077,0.236513783632024));
#2797=CARTESIAN_POINT('',(-0.0193179449024068,-0.0324623242460077,0.236513783632024));
#2798=CARTESIAN_POINT('',(-0.0193179449024068,-0.0324623242460077,0.236513783632024));
#2799=CARTESIAN_POINT('',(-0.0203283078734886,-0.0324623242460077,0.238263783632024));
#2800=CARTESIAN_POINT('',(-0.0203283078734886,-0.0324623242460077,0.238263783632024));
#2801=CARTESIAN_POINT('',(-0.0213386708445705,-0.0324623242460077,0.240013783632024));
#2802=CARTESIAN_POINT('',(-0.0213386708445705,-0.0324623242460077,0.240013783632024));
#2803=CARTESIAN_POINT('',(-0.0203283078734886,-0.0324623242460077,0.241763783632024));
#2804=CARTESIAN_POINT('',(-0.0203283078734886,-0.0324623242460077,0.241763783632024));
#2805=CARTESIAN_POINT('',(-0.0193179449024068,-0.0324623242460077,0.243513783632024));
#2806=CARTESIAN_POINT('',(-0.0193179449024068,-0.0324623242460077,0.243513783632024));
#2807=CARTESIAN_POINT('',(-0.017297218960243,-0.0324623242460077,0.243513783632024));
#2808=CARTESIAN_POINT('',(-0.017297218960243,-0.0324623242460077,0.243513783632024));
#2809=CARTESIAN_POINT('',(-0.017297218960243,-0.0324623242460077,0.240013783632024));
#2810=CARTESIAN_POINT('',(-0.017297218960243,-0.0536623242460077,0.220013783632024));
#2811=CARTESIAN_POINT('',(-0.027297218960243,-0.0306623242460076,0.229811742603157));
#2812=CARTESIAN_POINT('',(-0.0243695759284464,-0.039541569059087,0.227086140600227));
#2813=CARTESIAN_POINT('',(-0.0243695759284464,-0.039541569059087,0.227086140600227));
#2814=CARTESIAN_POINT('',(-0.023297218960243,-0.0365485631430761,0.229811742603157));
#2815=CARTESIAN_POINT('',(-0.023297218960243,-0.0369551169198989,0.22922054917692));
#2816=CARTESIAN_POINT('',(-0.0235434524077219,-0.0379200245504631,0.228199906079677));
#2817=CARTESIAN_POINT('',(-0.0240566764053994,-0.0389985397861974,0.227422234464012));
#2818=CARTESIAN_POINT('',(-0.0243695759284446,-0.0395415690590894,0.22708614060023));
#2819=CARTESIAN_POINT('',(-0.00729721896024306,-0.0306623242460076,0.229811742603157));
#2820=CARTESIAN_POINT('',(-0.0112972189602431,-0.0365485631430761,0.229811742603157));
#2821=CARTESIAN_POINT('',(-0.0112972189602431,-0.0369551169198989,0.22922054917692));
#2822=CARTESIAN_POINT('',(-0.0110509855127629,-0.0379200245504613,0.228199906079676));
#2823=CARTESIAN_POINT('',(-0.0105377615150894,-0.0389985397862005,0.227422234464014));
#2824=CARTESIAN_POINT('',(-0.0102248619920408,-0.0395415690590884,0.227086140600229));
#2825=CARTESIAN_POINT('',(-0.0102248619920397,-0.0395415690590869,0.227086140600227));
#2826=CARTESIAN_POINT('',(-0.0102248619920398,-0.0395415690590869,0.227086140600227));
#2827=CARTESIAN_POINT('',(-0.0270951779313758,-0.0306623242460076,0.230013783632024));
#2828=CARTESIAN_POINT('',(-0.0270951779313758,-0.0365485631430761,0.226013783632024));
#2829=CARTESIAN_POINT('',(-0.0265039845051385,-0.0369551169198989,0.226013783632024));
#2830=CARTESIAN_POINT('',(-0.0254833414078924,-0.0379200245504587,0.226260017079507));
#2831=CARTESIAN_POINT('',(-0.0247056697922371,-0.0389985397862051,0.226773241077174));
#2832=CARTESIAN_POINT('',(-0.0243695759284465,-0.039541569059087,0.227086140600228));
#2833=CARTESIAN_POINT('',(-0.0172972189602431,-0.0396623242460077,0.220013783632024));
#2834=CARTESIAN_POINT('',(-0.0243695759284464,-0.039541569059087,0.227086140600227));
#2835=CARTESIAN_POINT('',(-0.0243927662760204,-0.03958181532555,0.227061231218958));
#2836=CARTESIAN_POINT('',(-0.0244162661642646,-0.0396220697401763,0.227036626671326));
#2837=CARTESIAN_POINT('',(-0.0244400761031002,-0.0396623242460077,0.227012325754262));
#2838=CARTESIAN_POINT('',(-0.0102248619920398,-0.0395415690590869,0.227086140600227));
#2839=CARTESIAN_POINT('',(-0.0102497713733093,-0.03958181532555,0.227109330947802));
#2840=CARTESIAN_POINT('',(-0.0102743759209432,-0.039622069740174,0.227132830836048));
#2841=CARTESIAN_POINT('',(-0.0102986768380055,-0.0396623242460077,0.227156640774881));
#2842=CARTESIAN_POINT('',(-0.00749925998911044,-0.0306623242460076,0.230013783632024));
#2843=CARTESIAN_POINT('',(-0.00749925998911044,-0.0365485631430761,0.226013783632024));
#2844=CARTESIAN_POINT('',(-0.00809045341534775,-0.0369551169198989,0.226013783632024));
#2845=CARTESIAN_POINT('',(-0.00911109651259308,-0.0379200245504595,0.226260017079506));
#2846=CARTESIAN_POINT('',(-0.0098887681282503,-0.0389985397862035,0.226773241077176));
#2847=CARTESIAN_POINT('',(-0.0102248619920393,-0.0395415690590873,0.227086140600227));
#2848=CARTESIAN_POINT('',(-0.00749925998911052,-0.0306623242460076,0.210013783632024));
#2849=CARTESIAN_POINT('',(-0.00749925998911052,-0.0365485631430761,0.214013783632024));
#2850=CARTESIAN_POINT('',(-0.00809045341534784,-0.0369551169198989,0.214013783632024));
#2851=CARTESIAN_POINT('',(-0.00911109651259934,-0.0379200245504521,0.213767550184537));
#2852=CARTESIAN_POINT('',(-0.00988876812823887,-0.0389985397862174,0.213254326186884));
#2853=CARTESIAN_POINT('',(-0.0102248619920427,-0.0395415690590833,0.212941426663818));
#2854=CARTESIAN_POINT('',(-0.0102248619920398,-0.0395415690590869,0.212941426663821));
#2855=CARTESIAN_POINT('',(-0.0102248619920398,-0.0395415690590869,0.212941426663821));
#2856=CARTESIAN_POINT('',(-0.0172972189602431,-0.0396623242460077,0.220013783632024));
#2857=CARTESIAN_POINT('',(-0.0270951779313757,-0.0365485631430761,0.214013783632024));
#2858=CARTESIAN_POINT('',(-0.0265039845051384,-0.0369551169198989,0.214013783632024));
#2859=CARTESIAN_POINT('',(-0.0254833414078865,-0.0379200245504518,0.213767550184536));
#2860=CARTESIAN_POINT('',(-0.0247056697922479,-0.0389985397862181,0.213254326186885));
#2861=CARTESIAN_POINT('',(-0.0243695759284433,-0.0395415690590832,0.212941426663818));
#2862=CARTESIAN_POINT('',(-0.0243695759284464,-0.0395415690590869,0.212941426663821));
#2863=CARTESIAN_POINT('',(-0.0243695759284464,-0.0395415690590869,0.212941426663821));
#2864=CARTESIAN_POINT('',(-0.0243446665471769,-0.03958181532555,0.212918236316247));
#2865=CARTESIAN_POINT('',(-0.0243200619995439,-0.0396220697401751,0.212894736428002));
#2866=CARTESIAN_POINT('',(-0.0242957610824806,-0.0396623242460077,0.212870926489167));
#2867=CARTESIAN_POINT('',(-0.0172972189602431,-0.0396623242460077,0.220013783632024));
#2868=CARTESIAN_POINT('',(-0.0102248619920398,-0.0395415690590869,0.212941426663821));
#2869=CARTESIAN_POINT('',(-0.0102016716444658,-0.0395818153255499,0.21296633604509));
#2870=CARTESIAN_POINT('',(-0.0101781717562198,-0.0396220697401742,0.212990940592724));
#2871=CARTESIAN_POINT('',(-0.0101543618173859,-0.0396623242460077,0.213015241509787));
#2872=CARTESIAN_POINT('',(-0.00729721896024306,-0.0306623242460076,0.210215824660891));
#2873=CARTESIAN_POINT('',(-0.0112972189602431,-0.0365485631430761,0.210215824660891));
#2874=CARTESIAN_POINT('',(-0.0112972189602431,-0.0369551169198989,0.210807018087129));
#2875=CARTESIAN_POINT('',(-0.011050985512756,-0.0379200245504525,0.21182766118438));
#2876=CARTESIAN_POINT('',(-0.0105377615151026,-0.0389985397862166,0.212605332800021));
#2877=CARTESIAN_POINT('',(-0.0102248619920371,-0.0395415690590837,0.212941426663824));
#2878=CARTESIAN_POINT('',(-0.0270951779313757,-0.0306623242460076,0.210013783632024));
#2879=CARTESIAN_POINT('',(-0.0243695759284464,-0.0395415690590869,0.212941426663821));
#2880=CARTESIAN_POINT('',(-0.0172972189602431,-0.0396623242460077,0.220013783632024));
#2881=CARTESIAN_POINT('',(-0.023297218960243,-0.0365485631430761,0.210215824660891));
#2882=CARTESIAN_POINT('',(-0.023297218960243,-0.0369551169198989,0.210807018087129));
#2883=CARTESIAN_POINT('',(-0.0235434524077288,-0.0379200245504543,0.211827661184379));
#2884=CARTESIAN_POINT('',(-0.0240566764053862,-0.0389985397862134,0.212605332800023));
#2885=CARTESIAN_POINT('',(-0.0243695759284483,-0.0395415690590847,0.212941426663823));
#2886=CARTESIAN_POINT('',(-0.027297218960243,-0.0306623242460076,0.210215824660891));
#2887=CARTESIAN_POINT('',(-0.042797218960243,-0.0306623242460076,0.224013783632024));
#2888=CARTESIAN_POINT('',(-0.021297218960243,-0.0306623242460076,0.245513783632024));
#2889=CARTESIAN_POINT('',(-0.0132972189602431,-0.0306623242460076,0.245513783632024));
#2890=CARTESIAN_POINT('',(0.00820278103975695,-0.0306623242460076,0.224013783632024));
#2891=CARTESIAN_POINT('',(0.00820278103975695,-0.0306623242460076,0.216013783632024));
#2892=CARTESIAN_POINT('',(-0.0132972189602431,-0.0306623242460076,0.194513783632024));
#2893=CARTESIAN_POINT('',(-0.021297218960243,-0.0306623242460076,0.194513783632024));
#2894=CARTESIAN_POINT('',(-0.042797218960243,-0.0306623242460076,0.216013783632024));
#2895=CARTESIAN_POINT('',(-0.0145472189602431,-0.0346623242460076,0.224776923352838));
#2896=CARTESIAN_POINT('',(-0.0110831173451053,-0.0346623242460076,0.226776923352838));
#2897=CARTESIAN_POINT('',(-0.0122378178834846,-0.0346623242460076,0.228776923352839));
#2898=CARTESIAN_POINT('',(-0.00992841680672606,-0.0346623242460076,0.224776923352838));
#2899=CARTESIAN_POINT('',(-0.0110831173451053,-0.0346623242460076,0.222776923352838));
#2900=CARTESIAN_POINT('',(-0.0122378178834846,-0.0346623242460076,0.220776923352839));
#2901=CARTESIAN_POINT('',(-0.0145472189602431,-0.0346623242460076,0.220776923352839));
#2902=CARTESIAN_POINT('',(-0.0168566200370016,-0.0346623242460076,0.220776923352839));
#2903=CARTESIAN_POINT('',(-0.0180113205753808,-0.0346623242460076,0.222776923352838));
#2904=CARTESIAN_POINT('',(-0.0191660211137601,-0.0346623242460076,0.224776923352838));
#2905=CARTESIAN_POINT('',(-0.0180113205753808,-0.0346623242460076,0.226776923352838));
#2906=CARTESIAN_POINT('',(-0.0168566200370016,-0.0346623242460076,0.228776923352839));
#2907=CARTESIAN_POINT('',(-0.0145472189602431,-0.0346623242460076,0.228776923352839));
#2908=CARTESIAN_POINT('',(-0.0110831173451053,-0.0346623242460076,0.226776923352838));
#2909=CARTESIAN_POINT('',(-0.00992841680672606,-0.0346623242460076,0.224776923352838));
#2910=CARTESIAN_POINT('',(-0.0122378178834846,-0.0346623242460076,0.228776923352839));
#2911=CARTESIAN_POINT('',(-0.0110831173451053,-0.0346623242460076,0.222776923352838));
#2912=CARTESIAN_POINT('',(-0.0122378178834846,-0.0346623242460076,0.220776923352839));
#2913=CARTESIAN_POINT('',(-0.0145472189602431,-0.0346623242460076,0.220776923352839));
#2914=CARTESIAN_POINT('',(-0.0168566200370016,-0.0346623242460076,0.220776923352839));
#2915=CARTESIAN_POINT('',(-0.0180113205753808,-0.0346623242460076,0.222776923352838));
#2916=CARTESIAN_POINT('',(-0.0191660211137601,-0.0346623242460076,0.224776923352838));
#2917=CARTESIAN_POINT('',(-0.0180113205753808,-0.0346623242460076,0.226776923352838));
#2918=CARTESIAN_POINT('',(-0.0168566200370016,-0.0346623242460076,0.228776923352839));
#2919=CARTESIAN_POINT('',(-0.0145472189602431,-0.0346623242460076,0.228776923352839));
#2920=CARTESIAN_POINT('',(-0.022797218960243,-0.0346623242460076,0.220013783632024));
#2921=CARTESIAN_POINT('',(-0.0193331173451053,-0.0346623242460076,0.222013783632024));
#2922=CARTESIAN_POINT('',(-0.0204878178834845,-0.0346623242460076,0.224013783632024));
#2923=CARTESIAN_POINT('',(-0.018178416806726,-0.0346623242460076,0.220013783632024));
#2924=CARTESIAN_POINT('',(-0.0193331173451053,-0.0346623242460076,0.218013783632024));
#2925=CARTESIAN_POINT('',(-0.0204878178834845,-0.0346623242460076,0.216013783632024));
#2926=CARTESIAN_POINT('',(-0.022797218960243,-0.0346623242460076,0.216013783632024));
#2927=CARTESIAN_POINT('',(-0.0251066200370016,-0.0346623242460076,0.216013783632024));
#2928=CARTESIAN_POINT('',(-0.0262613205753808,-0.0346623242460076,0.218013783632024));
#2929=CARTESIAN_POINT('',(-0.02741602111376,-0.0346623242460076,0.220013783632024));
#2930=CARTESIAN_POINT('',(-0.0262613205753808,-0.0346623242460076,0.222013783632024));
#2931=CARTESIAN_POINT('',(-0.0251066200370016,-0.0346623242460076,0.224013783632024));
#2932=CARTESIAN_POINT('',(-0.022797218960243,-0.0346623242460076,0.224013783632024));
#2933=CARTESIAN_POINT('',(-0.0193331173451053,-0.0346623242460076,0.222013783632024));
#2934=CARTESIAN_POINT('',(-0.018178416806726,-0.0346623242460076,0.220013783632024));
#2935=CARTESIAN_POINT('',(-0.0204878178834845,-0.0346623242460076,0.224013783632024));
#2936=CARTESIAN_POINT('',(-0.0193331173451053,-0.0346623242460076,0.218013783632024));
#2937=CARTESIAN_POINT('',(-0.0204878178834845,-0.0346623242460076,0.216013783632024));
#2938=CARTESIAN_POINT('',(-0.022797218960243,-0.0346623242460076,0.216013783632024));
#2939=CARTESIAN_POINT('',(-0.0251066200370016,-0.0346623242460076,0.216013783632024));
#2940=CARTESIAN_POINT('',(-0.0262613205753808,-0.0346623242460076,0.218013783632024));
#2941=CARTESIAN_POINT('',(-0.02741602111376,-0.0346623242460076,0.220013783632024));
#2942=CARTESIAN_POINT('',(-0.0262613205753808,-0.0346623242460076,0.222013783632024));
#2943=CARTESIAN_POINT('',(-0.0251066200370016,-0.0346623242460076,0.224013783632024));
#2944=CARTESIAN_POINT('',(-0.022797218960243,-0.0346623242460076,0.224013783632024));
#2945=CARTESIAN_POINT('',(-0.0145472189602431,-0.0346623242460076,0.21525064391121));
#2946=CARTESIAN_POINT('',(-0.0110831173451053,-0.0346623242460076,0.21725064391121));
#2947=CARTESIAN_POINT('',(-0.0122378178834846,-0.0346623242460076,0.21925064391121));
#2948=CARTESIAN_POINT('',(-0.00992841680672606,-0.0346623242460076,0.21525064391121));
#2949=CARTESIAN_POINT('',(-0.0110831173451053,-0.0346623242460076,0.21325064391121));
#2950=CARTESIAN_POINT('',(-0.0122378178834846,-0.0346623242460076,0.21125064391121));
#2951=CARTESIAN_POINT('',(-0.0145472189602431,-0.0346623242460076,0.21125064391121));
#2952=CARTESIAN_POINT('',(-0.0168566200370016,-0.0346623242460076,0.21125064391121));
#2953=CARTESIAN_POINT('',(-0.0180113205753808,-0.0346623242460076,0.21325064391121));
#2954=CARTESIAN_POINT('',(-0.0191660211137601,-0.0346623242460076,0.21525064391121));
#2955=CARTESIAN_POINT('',(-0.0180113205753808,-0.0346623242460076,0.21725064391121));
#2956=CARTESIAN_POINT('',(-0.0168566200370016,-0.0346623242460076,0.21925064391121));
#2957=CARTESIAN_POINT('',(-0.0145472189602431,-0.0346623242460076,0.21925064391121));
#2958=CARTESIAN_POINT('',(-0.0110831173451053,-0.0346623242460076,0.21725064391121));
#2959=CARTESIAN_POINT('',(-0.00992841680672606,-0.0346623242460076,0.21525064391121));
#2960=CARTESIAN_POINT('',(-0.0122378178834846,-0.0346623242460076,0.21925064391121));
#2961=CARTESIAN_POINT('',(-0.0110831173451053,-0.0346623242460076,0.21325064391121));
#2962=CARTESIAN_POINT('',(-0.0122378178834846,-0.0346623242460076,0.21125064391121));
#2963=CARTESIAN_POINT('',(-0.0145472189602431,-0.0346623242460076,0.21125064391121));
#2964=CARTESIAN_POINT('',(-0.0168566200370016,-0.0346623242460076,0.21125064391121));
#2965=CARTESIAN_POINT('',(-0.0180113205753808,-0.0346623242460076,0.21325064391121));
#2966=CARTESIAN_POINT('',(-0.0191660211137601,-0.0346623242460076,0.21525064391121));
#2967=CARTESIAN_POINT('',(-0.0180113205753808,-0.0346623242460076,0.21725064391121));
#2968=CARTESIAN_POINT('',(-0.0168566200370016,-0.0346623242460076,0.21925064391121));
#2969=CARTESIAN_POINT('',(-0.0145472189602431,-0.0346623242460076,0.21925064391121));
#2970=MECHANICAL_DESIGN_GEOMETRIC_PRESENTATION_REPRESENTATION('',(#1776),
#2971);
#2971=(
GEOMETRIC_REPRESENTATION_CONTEXT(3)
GLOBAL_UNCERTAINTY_ASSIGNED_CONTEXT((#2972))
GLOBAL_UNIT_ASSIGNED_CONTEXT((#2975,#2974,#2973))
REPRESENTATION_CONTEXT('tilt pulley mount','TOP_LEVEL_ASSEMBLY_PART')
);
#2972=UNCERTAINTY_MEASURE_WITH_UNIT(LENGTH_MEASURE(5.E-6),#2975,
'DISTANCE_ACCURACY_VALUE','Maximum Tolerance applied to model');
#2973=(
NAMED_UNIT(*)
SI_UNIT($,.STERADIAN.)
SOLID_ANGLE_UNIT()
);
#2974=(
NAMED_UNIT(*)
PLANE_ANGLE_UNIT()
SI_UNIT($,.RADIAN.)
);
#2975=(
LENGTH_UNIT()
NAMED_UNIT(*)
SI_UNIT($,.METRE.)
);
#2976=PRODUCT_DEFINITION_SHAPE('','',#2977);
#2977=PRODUCT_DEFINITION('','',#2979,#2978);
#2978=PRODUCT_DEFINITION_CONTEXT('',#2985,'design');
#2979=PRODUCT_DEFINITION_FORMATION_WITH_SPECIFIED_SOURCE('','',#2981,
 .NOT_KNOWN.);
#2980=PRODUCT_RELATED_PRODUCT_CATEGORY('','',(#2981));
#2981=PRODUCT('tilt pulley mount','tilt pulley mount',
'tilt pulley mount',(#2983));
#2982=PRODUCT_CATEGORY('','');
#2983=PRODUCT_CONTEXT('',#2985,'mechanical');
#2984=APPLICATION_PROTOCOL_DEFINITION('international standard',
'ap242_managed_model_based_3d_engineering',2011,#2985);
#2985=APPLICATION_CONTEXT('managed model based 3d engineering');
ENDSEC;
END-ISO-10303-21;
