ISO-10303-21;
HEADER;
/* Generated by software containing ST-Developer
 * from STEP Tools, Inc. (www.steptools.com) 
 */
/* OPTION: using custom renumber hook */

FILE_DESCRIPTION(
/* description */ ('STEP AP242',
'CAx-IF Rec.Pracs.---Representation and Presentation of Product Manufa
cturing Information (PMI)---4.0---2014-10-13',
'CAx-IF Rec.Pracs.---3D Tessellated Geometry---0.4---2014-09-14','2;1'),

/* implementation_level */ '2;1');

FILE_NAME(
/* name */ '66789e72b9c7367681b242df',
/* time_stamp */ '2024-06-23T22:15:14Z',
/* author */ (''),
/* organization */ (''),
/* preprocessor_version */ 'ST-DEVELOPER v20',
/* originating_system */ '  ',
/* authorisation */ '  ');

FILE_SCHEMA (('AP242_MANAGED_MODEL_BASED_3D_ENGINEERING_MIM_LF { 1 0 10303 442 1 1 4 }'));
ENDSEC;

DATA;
#10=SHAPE_REPRESENTATION_RELATIONSHIP('','',#9191,#11);
#11=ADVANCED_BREP_SHAPE_REPRESENTATION('',(#9189),#17151);
#12=CONICAL_SURFACE('',#10784,0.0308133688460115,0.785398163397449);
#13=CONICAL_SURFACE('',#10785,0.0308133688460115,0.785398163397449);
#14=LINE('',#16143,#406);
#15=LINE('',#16145,#407);
#16=LINE('',#16147,#408);
#17=LINE('',#16149,#409);
#18=LINE('',#16150,#410);
#19=LINE('',#16154,#411);
#20=LINE('',#16156,#412);
#21=LINE('',#16158,#413);
#22=LINE('',#16160,#414);
#23=LINE('',#16164,#415);
#24=LINE('',#16166,#416);
#25=LINE('',#16168,#417);
#26=LINE('',#16170,#418);
#27=LINE('',#16174,#419);
#28=LINE('',#16176,#420);
#29=LINE('',#16178,#421);
#30=LINE('',#16180,#422);
#31=LINE('',#16184,#423);
#32=LINE('',#16186,#424);
#33=LINE('',#16188,#425);
#34=LINE('',#16190,#426);
#35=LINE('',#16194,#427);
#36=LINE('',#16196,#428);
#37=LINE('',#16198,#429);
#38=LINE('',#16200,#430);
#39=LINE('',#16204,#431);
#40=LINE('',#16206,#432);
#41=LINE('',#16208,#433);
#42=LINE('',#16210,#434);
#43=LINE('',#16214,#435);
#44=LINE('',#16216,#436);
#45=LINE('',#16218,#437);
#46=LINE('',#16220,#438);
#47=LINE('',#16224,#439);
#48=LINE('',#16226,#440);
#49=LINE('',#16228,#441);
#50=LINE('',#16230,#442);
#51=LINE('',#16234,#443);
#52=LINE('',#16236,#444);
#53=LINE('',#16238,#445);
#54=LINE('',#16240,#446);
#55=LINE('',#16244,#447);
#56=LINE('',#16246,#448);
#57=LINE('',#16248,#449);
#58=LINE('',#16250,#450);
#59=LINE('',#16254,#451);
#60=LINE('',#16256,#452);
#61=LINE('',#16258,#453);
#62=LINE('',#16260,#454);
#63=LINE('',#16264,#455);
#64=LINE('',#16266,#456);
#65=LINE('',#16268,#457);
#66=LINE('',#16270,#458);
#67=LINE('',#16274,#459);
#68=LINE('',#16276,#460);
#69=LINE('',#16278,#461);
#70=LINE('',#16280,#462);
#71=LINE('',#16284,#463);
#72=LINE('',#16286,#464);
#73=LINE('',#16288,#465);
#74=LINE('',#16290,#466);
#75=LINE('',#16294,#467);
#76=LINE('',#16296,#468);
#77=LINE('',#16298,#469);
#78=LINE('',#16300,#470);
#79=LINE('',#16304,#471);
#80=LINE('',#16306,#472);
#81=LINE('',#16308,#473);
#82=LINE('',#16310,#474);
#83=LINE('',#16314,#475);
#84=LINE('',#16316,#476);
#85=LINE('',#16318,#477);
#86=LINE('',#16320,#478);
#87=LINE('',#16324,#479);
#88=LINE('',#16326,#480);
#89=LINE('',#16328,#481);
#90=LINE('',#16330,#482);
#91=LINE('',#16334,#483);
#92=LINE('',#16336,#484);
#93=LINE('',#16338,#485);
#94=LINE('',#16340,#486);
#95=LINE('',#16344,#487);
#96=LINE('',#16346,#488);
#97=LINE('',#16348,#489);
#98=LINE('',#16350,#490);
#99=LINE('',#16354,#491);
#100=LINE('',#16356,#492);
#101=LINE('',#16358,#493);
#102=LINE('',#16360,#494);
#103=LINE('',#16364,#495);
#104=LINE('',#16366,#496);
#105=LINE('',#16368,#497);
#106=LINE('',#16370,#498);
#107=LINE('',#16374,#499);
#108=LINE('',#16376,#500);
#109=LINE('',#16378,#501);
#110=LINE('',#16380,#502);
#111=LINE('',#16384,#503);
#112=LINE('',#16386,#504);
#113=LINE('',#16388,#505);
#114=LINE('',#16390,#506);
#115=LINE('',#16394,#507);
#116=LINE('',#16396,#508);
#117=LINE('',#16398,#509);
#118=LINE('',#16400,#510);
#119=LINE('',#16404,#511);
#120=LINE('',#16406,#512);
#121=LINE('',#16408,#513);
#122=LINE('',#16410,#514);
#123=LINE('',#16414,#515);
#124=LINE('',#16416,#516);
#125=LINE('',#16418,#517);
#126=LINE('',#16420,#518);
#127=LINE('',#16424,#519);
#128=LINE('',#16426,#520);
#129=LINE('',#16428,#521);
#130=LINE('',#16430,#522);
#131=LINE('',#16434,#523);
#132=LINE('',#16436,#524);
#133=LINE('',#16438,#525);
#134=LINE('',#16440,#526);
#135=LINE('',#16444,#527);
#136=LINE('',#16446,#528);
#137=LINE('',#16448,#529);
#138=LINE('',#16450,#530);
#139=LINE('',#16454,#531);
#140=LINE('',#16456,#532);
#141=LINE('',#16458,#533);
#142=LINE('',#16460,#534);
#143=LINE('',#16464,#535);
#144=LINE('',#16466,#536);
#145=LINE('',#16468,#537);
#146=LINE('',#16470,#538);
#147=LINE('',#16474,#539);
#148=LINE('',#16476,#540);
#149=LINE('',#16478,#541);
#150=LINE('',#16480,#542);
#151=LINE('',#16484,#543);
#152=LINE('',#16486,#544);
#153=LINE('',#16488,#545);
#154=LINE('',#16490,#546);
#155=LINE('',#16494,#547);
#156=LINE('',#16496,#548);
#157=LINE('',#16498,#549);
#158=LINE('',#16500,#550);
#159=LINE('',#16504,#551);
#160=LINE('',#16506,#552);
#161=LINE('',#16508,#553);
#162=LINE('',#16510,#554);
#163=LINE('',#16514,#555);
#164=LINE('',#16516,#556);
#165=LINE('',#16518,#557);
#166=LINE('',#16520,#558);
#167=LINE('',#16524,#559);
#168=LINE('',#16526,#560);
#169=LINE('',#16528,#561);
#170=LINE('',#16530,#562);
#171=LINE('',#16534,#563);
#172=LINE('',#16536,#564);
#173=LINE('',#16538,#565);
#174=LINE('',#16540,#566);
#175=LINE('',#16544,#567);
#176=LINE('',#16546,#568);
#177=LINE('',#16548,#569);
#178=LINE('',#16550,#570);
#179=LINE('',#16554,#571);
#180=LINE('',#16556,#572);
#181=LINE('',#16558,#573);
#182=LINE('',#16560,#574);
#183=LINE('',#16564,#575);
#184=LINE('',#16566,#576);
#185=LINE('',#16568,#577);
#186=LINE('',#16570,#578);
#187=LINE('',#16574,#579);
#188=LINE('',#16576,#580);
#189=LINE('',#16578,#581);
#190=LINE('',#16580,#582);
#191=LINE('',#16584,#583);
#192=LINE('',#16586,#584);
#193=LINE('',#16588,#585);
#194=LINE('',#16590,#586);
#195=LINE('',#16594,#587);
#196=LINE('',#16596,#588);
#197=LINE('',#16598,#589);
#198=LINE('',#16600,#590);
#199=LINE('',#16604,#591);
#200=LINE('',#16606,#592);
#201=LINE('',#16608,#593);
#202=LINE('',#16610,#594);
#203=LINE('',#16614,#595);
#204=LINE('',#16616,#596);
#205=LINE('',#16618,#597);
#206=LINE('',#16620,#598);
#207=LINE('',#16624,#599);
#208=LINE('',#16626,#600);
#209=LINE('',#16628,#601);
#210=LINE('',#16630,#602);
#211=LINE('',#16634,#603);
#212=LINE('',#16636,#604);
#213=LINE('',#16638,#605);
#214=LINE('',#16640,#606);
#215=LINE('',#16644,#607);
#216=LINE('',#16646,#608);
#217=LINE('',#16648,#609);
#218=LINE('',#16650,#610);
#219=LINE('',#16654,#611);
#220=LINE('',#16656,#612);
#221=LINE('',#16658,#613);
#222=LINE('',#16660,#614);
#223=LINE('',#16664,#615);
#224=LINE('',#16666,#616);
#225=LINE('',#16668,#617);
#226=LINE('',#16670,#618);
#227=LINE('',#16674,#619);
#228=LINE('',#16676,#620);
#229=LINE('',#16678,#621);
#230=LINE('',#16680,#622);
#231=LINE('',#16684,#623);
#232=LINE('',#16686,#624);
#233=LINE('',#16688,#625);
#234=LINE('',#16690,#626);
#235=LINE('',#16694,#627);
#236=LINE('',#16696,#628);
#237=LINE('',#16698,#629);
#238=LINE('',#16700,#630);
#239=LINE('',#16704,#631);
#240=LINE('',#16706,#632);
#241=LINE('',#16708,#633);
#242=LINE('',#16710,#634);
#243=LINE('',#16714,#635);
#244=LINE('',#16716,#636);
#245=LINE('',#16718,#637);
#246=LINE('',#16720,#638);
#247=LINE('',#16724,#639);
#248=LINE('',#16726,#640);
#249=LINE('',#16728,#641);
#250=LINE('',#16730,#642);
#251=LINE('',#16734,#643);
#252=LINE('',#16736,#644);
#253=LINE('',#16738,#645);
#254=LINE('',#16740,#646);
#255=LINE('',#16744,#647);
#256=LINE('',#16746,#648);
#257=LINE('',#16748,#649);
#258=LINE('',#16750,#650);
#259=LINE('',#16754,#651);
#260=LINE('',#16756,#652);
#261=LINE('',#16758,#653);
#262=LINE('',#16760,#654);
#263=LINE('',#16764,#655);
#264=LINE('',#16766,#656);
#265=LINE('',#16768,#657);
#266=LINE('',#16770,#658);
#267=LINE('',#16774,#659);
#268=LINE('',#16776,#660);
#269=LINE('',#16778,#661);
#270=LINE('',#16780,#662);
#271=LINE('',#16784,#663);
#272=LINE('',#16786,#664);
#273=LINE('',#16788,#665);
#274=LINE('',#16790,#666);
#275=LINE('',#16794,#667);
#276=LINE('',#16796,#668);
#277=LINE('',#16798,#669);
#278=LINE('',#16800,#670);
#279=LINE('',#16804,#671);
#280=LINE('',#16806,#672);
#281=LINE('',#16808,#673);
#282=LINE('',#16810,#674);
#283=LINE('',#16814,#675);
#284=LINE('',#16816,#676);
#285=LINE('',#16818,#677);
#286=LINE('',#16820,#678);
#287=LINE('',#16824,#679);
#288=LINE('',#16826,#680);
#289=LINE('',#16828,#681);
#290=LINE('',#16830,#682);
#291=LINE('',#16834,#683);
#292=LINE('',#16836,#684);
#293=LINE('',#16838,#685);
#294=LINE('',#16840,#686);
#295=LINE('',#16844,#687);
#296=LINE('',#16846,#688);
#297=LINE('',#16848,#689);
#298=LINE('',#16850,#690);
#299=LINE('',#16854,#691);
#300=LINE('',#16856,#692);
#301=LINE('',#16858,#693);
#302=LINE('',#16860,#694);
#303=LINE('',#16864,#695);
#304=LINE('',#16866,#696);
#305=LINE('',#16868,#697);
#306=LINE('',#16870,#698);
#307=LINE('',#16874,#699);
#308=LINE('',#16876,#700);
#309=LINE('',#16878,#701);
#310=LINE('',#16880,#702);
#311=LINE('',#16884,#703);
#312=LINE('',#16886,#704);
#313=LINE('',#16888,#705);
#314=LINE('',#16890,#706);
#315=LINE('',#16894,#707);
#316=LINE('',#16896,#708);
#317=LINE('',#16898,#709);
#318=LINE('',#16900,#710);
#319=LINE('',#16904,#711);
#320=LINE('',#16906,#712);
#321=LINE('',#16908,#713);
#322=LINE('',#16910,#714);
#323=LINE('',#16914,#715);
#324=LINE('',#16916,#716);
#325=LINE('',#16918,#717);
#326=LINE('',#16920,#718);
#327=LINE('',#16924,#719);
#328=LINE('',#16926,#720);
#329=LINE('',#16928,#721);
#330=LINE('',#16930,#722);
#331=LINE('',#16934,#723);
#332=LINE('',#16936,#724);
#333=LINE('',#16938,#725);
#334=LINE('',#16940,#726);
#335=LINE('',#16944,#727);
#336=LINE('',#16946,#728);
#337=LINE('',#16948,#729);
#338=LINE('',#16950,#730);
#339=LINE('',#16954,#731);
#340=LINE('',#16956,#732);
#341=LINE('',#16958,#733);
#342=LINE('',#16960,#734);
#343=LINE('',#16964,#735);
#344=LINE('',#16966,#736);
#345=LINE('',#16968,#737);
#346=LINE('',#16970,#738);
#347=LINE('',#16974,#739);
#348=LINE('',#16976,#740);
#349=LINE('',#16978,#741);
#350=LINE('',#16980,#742);
#351=LINE('',#16984,#743);
#352=LINE('',#16986,#744);
#353=LINE('',#16988,#745);
#354=LINE('',#16990,#746);
#355=LINE('',#16994,#747);
#356=LINE('',#16996,#748);
#357=LINE('',#16998,#749);
#358=LINE('',#17000,#750);
#359=LINE('',#17004,#751);
#360=LINE('',#17006,#752);
#361=LINE('',#17008,#753);
#362=LINE('',#17010,#754);
#363=LINE('',#17014,#755);
#364=LINE('',#17016,#756);
#365=LINE('',#17018,#757);
#366=LINE('',#17020,#758);
#367=LINE('',#17024,#759);
#368=LINE('',#17026,#760);
#369=LINE('',#17028,#761);
#370=LINE('',#17030,#762);
#371=LINE('',#17034,#763);
#372=LINE('',#17036,#764);
#373=LINE('',#17038,#765);
#374=LINE('',#17040,#766);
#375=LINE('',#17044,#767);
#376=LINE('',#17046,#768);
#377=LINE('',#17048,#769);
#378=LINE('',#17050,#770);
#379=LINE('',#17054,#771);
#380=LINE('',#17056,#772);
#381=LINE('',#17058,#773);
#382=LINE('',#17060,#774);
#383=LINE('',#17064,#775);
#384=LINE('',#17066,#776);
#385=LINE('',#17068,#777);
#386=LINE('',#17070,#778);
#387=LINE('',#17074,#779);
#388=LINE('',#17076,#780);
#389=LINE('',#17078,#781);
#390=LINE('',#17080,#782);
#391=LINE('',#17084,#783);
#392=LINE('',#17086,#784);
#393=LINE('',#17088,#785);
#394=LINE('',#17090,#786);
#395=LINE('',#17094,#787);
#396=LINE('',#17096,#788);
#397=LINE('',#17098,#789);
#398=LINE('',#17100,#790);
#399=LINE('',#17104,#791);
#400=LINE('',#17106,#792);
#401=LINE('',#17108,#793);
#402=LINE('',#17110,#794);
#403=LINE('',#17114,#795);
#404=LINE('',#17117,#796);
#405=LINE('',#17118,#797);
#406=VECTOR('',#12764,1.);
#407=VECTOR('',#12767,1.);
#408=VECTOR('',#12770,1.);
#409=VECTOR('',#12773,1.);
#410=VECTOR('',#12774,1.);
#411=VECTOR('',#12781,1.);
#412=VECTOR('',#12784,1.);
#413=VECTOR('',#12787,1.);
#414=VECTOR('',#12790,1.);
#415=VECTOR('',#12797,1.);
#416=VECTOR('',#12800,1.);
#417=VECTOR('',#12803,1.);
#418=VECTOR('',#12806,1.);
#419=VECTOR('',#12813,1.);
#420=VECTOR('',#12816,1.);
#421=VECTOR('',#12819,1.);
#422=VECTOR('',#12822,1.);
#423=VECTOR('',#12829,1.);
#424=VECTOR('',#12832,1.);
#425=VECTOR('',#12835,1.);
#426=VECTOR('',#12838,1.);
#427=VECTOR('',#12845,1.);
#428=VECTOR('',#12848,1.);
#429=VECTOR('',#12851,1.);
#430=VECTOR('',#12854,1.);
#431=VECTOR('',#12861,1.);
#432=VECTOR('',#12864,1.);
#433=VECTOR('',#12867,1.);
#434=VECTOR('',#12870,1.);
#435=VECTOR('',#12877,1.);
#436=VECTOR('',#12880,1.);
#437=VECTOR('',#12883,1.);
#438=VECTOR('',#12886,1.);
#439=VECTOR('',#12893,1.);
#440=VECTOR('',#12896,1.);
#441=VECTOR('',#12899,1.);
#442=VECTOR('',#12902,1.);
#443=VECTOR('',#12909,1.);
#444=VECTOR('',#12912,1.);
#445=VECTOR('',#12915,1.);
#446=VECTOR('',#12918,1.);
#447=VECTOR('',#12925,1.);
#448=VECTOR('',#12928,1.);
#449=VECTOR('',#12931,1.);
#450=VECTOR('',#12934,1.);
#451=VECTOR('',#12941,1.);
#452=VECTOR('',#12944,1.);
#453=VECTOR('',#12947,1.);
#454=VECTOR('',#12950,1.);
#455=VECTOR('',#12957,1.);
#456=VECTOR('',#12960,1.);
#457=VECTOR('',#12963,1.);
#458=VECTOR('',#12966,1.);
#459=VECTOR('',#12973,1.);
#460=VECTOR('',#12976,1.);
#461=VECTOR('',#12979,1.);
#462=VECTOR('',#12982,1.);
#463=VECTOR('',#12989,1.);
#464=VECTOR('',#12992,1.);
#465=VECTOR('',#12995,1.);
#466=VECTOR('',#12998,1.);
#467=VECTOR('',#13005,1.);
#468=VECTOR('',#13008,1.);
#469=VECTOR('',#13011,1.);
#470=VECTOR('',#13014,1.);
#471=VECTOR('',#13021,1.);
#472=VECTOR('',#13024,1.);
#473=VECTOR('',#13027,1.);
#474=VECTOR('',#13030,1.);
#475=VECTOR('',#13037,1.);
#476=VECTOR('',#13040,1.);
#477=VECTOR('',#13043,1.);
#478=VECTOR('',#13046,1.);
#479=VECTOR('',#13053,1.);
#480=VECTOR('',#13056,1.);
#481=VECTOR('',#13059,1.);
#482=VECTOR('',#13062,1.);
#483=VECTOR('',#13069,1.);
#484=VECTOR('',#13072,1.);
#485=VECTOR('',#13075,1.);
#486=VECTOR('',#13078,1.);
#487=VECTOR('',#13085,1.);
#488=VECTOR('',#13088,1.);
#489=VECTOR('',#13091,1.);
#490=VECTOR('',#13094,1.);
#491=VECTOR('',#13101,1.);
#492=VECTOR('',#13104,1.);
#493=VECTOR('',#13107,1.);
#494=VECTOR('',#13110,1.);
#495=VECTOR('',#13117,1.);
#496=VECTOR('',#13120,1.);
#497=VECTOR('',#13123,1.);
#498=VECTOR('',#13126,1.);
#499=VECTOR('',#13133,1.);
#500=VECTOR('',#13136,1.);
#501=VECTOR('',#13139,1.);
#502=VECTOR('',#13142,1.);
#503=VECTOR('',#13149,1.);
#504=VECTOR('',#13152,1.);
#505=VECTOR('',#13155,1.);
#506=VECTOR('',#13158,1.);
#507=VECTOR('',#13165,1.);
#508=VECTOR('',#13168,1.);
#509=VECTOR('',#13171,1.);
#510=VECTOR('',#13174,1.);
#511=VECTOR('',#13181,1.);
#512=VECTOR('',#13184,1.);
#513=VECTOR('',#13187,1.);
#514=VECTOR('',#13190,1.);
#515=VECTOR('',#13197,1.);
#516=VECTOR('',#13200,1.);
#517=VECTOR('',#13203,1.);
#518=VECTOR('',#13206,1.);
#519=VECTOR('',#13213,1.);
#520=VECTOR('',#13216,1.);
#521=VECTOR('',#13219,1.);
#522=VECTOR('',#13222,1.);
#523=VECTOR('',#13229,1.);
#524=VECTOR('',#13232,1.);
#525=VECTOR('',#13235,1.);
#526=VECTOR('',#13238,1.);
#527=VECTOR('',#13245,1.);
#528=VECTOR('',#13248,1.);
#529=VECTOR('',#13251,1.);
#530=VECTOR('',#13254,1.);
#531=VECTOR('',#13261,1.);
#532=VECTOR('',#13264,1.);
#533=VECTOR('',#13267,1.);
#534=VECTOR('',#13270,1.);
#535=VECTOR('',#13277,1.);
#536=VECTOR('',#13280,1.);
#537=VECTOR('',#13283,1.);
#538=VECTOR('',#13286,1.);
#539=VECTOR('',#13293,1.);
#540=VECTOR('',#13296,1.);
#541=VECTOR('',#13299,1.);
#542=VECTOR('',#13302,1.);
#543=VECTOR('',#13309,1.);
#544=VECTOR('',#13312,1.);
#545=VECTOR('',#13315,1.);
#546=VECTOR('',#13318,1.);
#547=VECTOR('',#13325,1.);
#548=VECTOR('',#13328,1.);
#549=VECTOR('',#13331,1.);
#550=VECTOR('',#13334,1.);
#551=VECTOR('',#13341,1.);
#552=VECTOR('',#13344,1.);
#553=VECTOR('',#13347,1.);
#554=VECTOR('',#13350,1.);
#555=VECTOR('',#13357,1.);
#556=VECTOR('',#13360,1.);
#557=VECTOR('',#13363,1.);
#558=VECTOR('',#13366,1.);
#559=VECTOR('',#13373,1.);
#560=VECTOR('',#13376,1.);
#561=VECTOR('',#13379,1.);
#562=VECTOR('',#13382,1.);
#563=VECTOR('',#13389,1.);
#564=VECTOR('',#13392,1.);
#565=VECTOR('',#13395,1.);
#566=VECTOR('',#13398,1.);
#567=VECTOR('',#13405,1.);
#568=VECTOR('',#13408,1.);
#569=VECTOR('',#13411,1.);
#570=VECTOR('',#13414,1.);
#571=VECTOR('',#13421,1.);
#572=VECTOR('',#13424,1.);
#573=VECTOR('',#13427,1.);
#574=VECTOR('',#13430,1.);
#575=VECTOR('',#13437,1.);
#576=VECTOR('',#13440,1.);
#577=VECTOR('',#13443,1.);
#578=VECTOR('',#13446,1.);
#579=VECTOR('',#13453,1.);
#580=VECTOR('',#13456,1.);
#581=VECTOR('',#13459,1.);
#582=VECTOR('',#13462,1.);
#583=VECTOR('',#13469,1.);
#584=VECTOR('',#13472,1.);
#585=VECTOR('',#13475,1.);
#586=VECTOR('',#13478,1.);
#587=VECTOR('',#13485,1.);
#588=VECTOR('',#13488,1.);
#589=VECTOR('',#13491,1.);
#590=VECTOR('',#13494,1.);
#591=VECTOR('',#13501,1.);
#592=VECTOR('',#13504,1.);
#593=VECTOR('',#13507,1.);
#594=VECTOR('',#13510,1.);
#595=VECTOR('',#13517,1.);
#596=VECTOR('',#13520,1.);
#597=VECTOR('',#13523,1.);
#598=VECTOR('',#13526,1.);
#599=VECTOR('',#13533,1.);
#600=VECTOR('',#13536,1.);
#601=VECTOR('',#13539,1.);
#602=VECTOR('',#13542,1.);
#603=VECTOR('',#13549,1.);
#604=VECTOR('',#13552,1.);
#605=VECTOR('',#13555,1.);
#606=VECTOR('',#13558,1.);
#607=VECTOR('',#13565,1.);
#608=VECTOR('',#13568,1.);
#609=VECTOR('',#13571,1.);
#610=VECTOR('',#13574,1.);
#611=VECTOR('',#13581,1.);
#612=VECTOR('',#13584,1.);
#613=VECTOR('',#13587,1.);
#614=VECTOR('',#13590,1.);
#615=VECTOR('',#13597,1.);
#616=VECTOR('',#13600,1.);
#617=VECTOR('',#13603,1.);
#618=VECTOR('',#13606,1.);
#619=VECTOR('',#13613,1.);
#620=VECTOR('',#13616,1.);
#621=VECTOR('',#13619,1.);
#622=VECTOR('',#13622,1.);
#623=VECTOR('',#13629,1.);
#624=VECTOR('',#13632,1.);
#625=VECTOR('',#13635,1.);
#626=VECTOR('',#13638,1.);
#627=VECTOR('',#13645,1.);
#628=VECTOR('',#13648,1.);
#629=VECTOR('',#13651,1.);
#630=VECTOR('',#13654,1.);
#631=VECTOR('',#13661,1.);
#632=VECTOR('',#13664,1.);
#633=VECTOR('',#13667,1.);
#634=VECTOR('',#13670,1.);
#635=VECTOR('',#13677,1.);
#636=VECTOR('',#13680,1.);
#637=VECTOR('',#13683,1.);
#638=VECTOR('',#13686,1.);
#639=VECTOR('',#13693,1.);
#640=VECTOR('',#13696,1.);
#641=VECTOR('',#13699,1.);
#642=VECTOR('',#13702,1.);
#643=VECTOR('',#13709,1.);
#644=VECTOR('',#13712,1.);
#645=VECTOR('',#13715,1.);
#646=VECTOR('',#13718,1.);
#647=VECTOR('',#13725,1.);
#648=VECTOR('',#13728,1.);
#649=VECTOR('',#13731,1.);
#650=VECTOR('',#13734,1.);
#651=VECTOR('',#13741,1.);
#652=VECTOR('',#13744,1.);
#653=VECTOR('',#13747,1.);
#654=VECTOR('',#13750,1.);
#655=VECTOR('',#13757,1.);
#656=VECTOR('',#13760,1.);
#657=VECTOR('',#13763,1.);
#658=VECTOR('',#13766,1.);
#659=VECTOR('',#13773,1.);
#660=VECTOR('',#13776,1.);
#661=VECTOR('',#13779,1.);
#662=VECTOR('',#13782,1.);
#663=VECTOR('',#13789,1.);
#664=VECTOR('',#13792,1.);
#665=VECTOR('',#13795,1.);
#666=VECTOR('',#13798,1.);
#667=VECTOR('',#13805,1.);
#668=VECTOR('',#13808,1.);
#669=VECTOR('',#13811,1.);
#670=VECTOR('',#13814,1.);
#671=VECTOR('',#13821,1.);
#672=VECTOR('',#13824,1.);
#673=VECTOR('',#13827,1.);
#674=VECTOR('',#13830,1.);
#675=VECTOR('',#13837,1.);
#676=VECTOR('',#13840,1.);
#677=VECTOR('',#13843,1.);
#678=VECTOR('',#13846,1.);
#679=VECTOR('',#13853,1.);
#680=VECTOR('',#13856,1.);
#681=VECTOR('',#13859,1.);
#682=VECTOR('',#13862,1.);
#683=VECTOR('',#13869,1.);
#684=VECTOR('',#13872,1.);
#685=VECTOR('',#13875,1.);
#686=VECTOR('',#13878,1.);
#687=VECTOR('',#13885,1.);
#688=VECTOR('',#13888,1.);
#689=VECTOR('',#13891,1.);
#690=VECTOR('',#13894,1.);
#691=VECTOR('',#13901,1.);
#692=VECTOR('',#13904,1.);
#693=VECTOR('',#13907,1.);
#694=VECTOR('',#13910,1.);
#695=VECTOR('',#13917,1.);
#696=VECTOR('',#13920,1.);
#697=VECTOR('',#13923,1.);
#698=VECTOR('',#13926,1.);
#699=VECTOR('',#13933,1.);
#700=VECTOR('',#13936,1.);
#701=VECTOR('',#13939,1.);
#702=VECTOR('',#13942,1.);
#703=VECTOR('',#13949,1.);
#704=VECTOR('',#13952,1.);
#705=VECTOR('',#13955,1.);
#706=VECTOR('',#13958,1.);
#707=VECTOR('',#13965,1.);
#708=VECTOR('',#13968,1.);
#709=VECTOR('',#13971,1.);
#710=VECTOR('',#13974,1.);
#711=VECTOR('',#13981,1.);
#712=VECTOR('',#13984,1.);
#713=VECTOR('',#13987,1.);
#714=VECTOR('',#13990,1.);
#715=VECTOR('',#13997,1.);
#716=VECTOR('',#14000,1.);
#717=VECTOR('',#14003,1.);
#718=VECTOR('',#14006,1.);
#719=VECTOR('',#14013,1.);
#720=VECTOR('',#14016,1.);
#721=VECTOR('',#14019,1.);
#722=VECTOR('',#14022,1.);
#723=VECTOR('',#14029,1.);
#724=VECTOR('',#14032,1.);
#725=VECTOR('',#14035,1.);
#726=VECTOR('',#14038,1.);
#727=VECTOR('',#14045,1.);
#728=VECTOR('',#14048,1.);
#729=VECTOR('',#14051,1.);
#730=VECTOR('',#14054,1.);
#731=VECTOR('',#14061,1.);
#732=VECTOR('',#14064,1.);
#733=VECTOR('',#14067,1.);
#734=VECTOR('',#14070,1.);
#735=VECTOR('',#14077,1.);
#736=VECTOR('',#14080,1.);
#737=VECTOR('',#14083,1.);
#738=VECTOR('',#14086,1.);
#739=VECTOR('',#14093,1.);
#740=VECTOR('',#14096,1.);
#741=VECTOR('',#14099,1.);
#742=VECTOR('',#14102,1.);
#743=VECTOR('',#14109,1.);
#744=VECTOR('',#14112,1.);
#745=VECTOR('',#14115,1.);
#746=VECTOR('',#14118,1.);
#747=VECTOR('',#14125,1.);
#748=VECTOR('',#14128,1.);
#749=VECTOR('',#14131,1.);
#750=VECTOR('',#14134,1.);
#751=VECTOR('',#14141,1.);
#752=VECTOR('',#14144,1.);
#753=VECTOR('',#14147,1.);
#754=VECTOR('',#14150,1.);
#755=VECTOR('',#14157,1.);
#756=VECTOR('',#14160,1.);
#757=VECTOR('',#14163,1.);
#758=VECTOR('',#14166,1.);
#759=VECTOR('',#14173,1.);
#760=VECTOR('',#14176,1.);
#761=VECTOR('',#14179,1.);
#762=VECTOR('',#14182,1.);
#763=VECTOR('',#14189,1.);
#764=VECTOR('',#14192,1.);
#765=VECTOR('',#14195,1.);
#766=VECTOR('',#14198,1.);
#767=VECTOR('',#14205,1.);
#768=VECTOR('',#14208,1.);
#769=VECTOR('',#14211,1.);
#770=VECTOR('',#14214,1.);
#771=VECTOR('',#14221,1.);
#772=VECTOR('',#14224,1.);
#773=VECTOR('',#14227,1.);
#774=VECTOR('',#14230,1.);
#775=VECTOR('',#14237,1.);
#776=VECTOR('',#14240,1.);
#777=VECTOR('',#14243,1.);
#778=VECTOR('',#14246,1.);
#779=VECTOR('',#14253,1.);
#780=VECTOR('',#14256,1.);
#781=VECTOR('',#14259,1.);
#782=VECTOR('',#14262,1.);
#783=VECTOR('',#14269,1.);
#784=VECTOR('',#14272,1.);
#785=VECTOR('',#14275,1.);
#786=VECTOR('',#14278,1.);
#787=VECTOR('',#14285,1.);
#788=VECTOR('',#14288,1.);
#789=VECTOR('',#14291,1.);
#790=VECTOR('',#14294,1.);
#791=VECTOR('',#14301,1.);
#792=VECTOR('',#14304,1.);
#793=VECTOR('',#14307,1.);
#794=VECTOR('',#14310,1.);
#795=VECTOR('',#14317,1.);
#796=VECTOR('',#14322,1.);
#797=VECTOR('',#14323,1.);
#798=CYLINDRICAL_SURFACE('',#9683,0.0315753688460115);
#799=CYLINDRICAL_SURFACE('',#10176,0.0315753688460115);
#800=CYLINDRICAL_SURFACE('',#10179,0.0308133688460115);
#801=CYLINDRICAL_SURFACE('',#10182,0.0002);
#802=CYLINDRICAL_SURFACE('',#10183,0.0002);
#803=CYLINDRICAL_SURFACE('',#10184,0.0006288442621635);
#804=CYLINDRICAL_SURFACE('',#10185,0.0308133688460115);
#805=CYLINDRICAL_SURFACE('',#10188,0.0002);
#806=CYLINDRICAL_SURFACE('',#10189,0.0002);
#807=CYLINDRICAL_SURFACE('',#10190,0.0006288442621635);
#808=CYLINDRICAL_SURFACE('',#10191,0.0308133688460115);
#809=CYLINDRICAL_SURFACE('',#10194,0.0002);
#810=CYLINDRICAL_SURFACE('',#10195,0.0002);
#811=CYLINDRICAL_SURFACE('',#10196,0.0006288442621635);
#812=CYLINDRICAL_SURFACE('',#10197,0.0308133688460115);
#813=CYLINDRICAL_SURFACE('',#10200,0.0002);
#814=CYLINDRICAL_SURFACE('',#10201,0.0002);
#815=CYLINDRICAL_SURFACE('',#10202,0.0006288442621635);
#816=CYLINDRICAL_SURFACE('',#10203,0.0308133688460115);
#817=CYLINDRICAL_SURFACE('',#10206,0.0002);
#818=CYLINDRICAL_SURFACE('',#10207,0.0002);
#819=CYLINDRICAL_SURFACE('',#10208,0.0006288442621635);
#820=CYLINDRICAL_SURFACE('',#10209,0.0308133688460115);
#821=CYLINDRICAL_SURFACE('',#10212,0.0002);
#822=CYLINDRICAL_SURFACE('',#10213,0.0002);
#823=CYLINDRICAL_SURFACE('',#10214,0.0006288442621635);
#824=CYLINDRICAL_SURFACE('',#10215,0.0308133688460115);
#825=CYLINDRICAL_SURFACE('',#10218,0.0002);
#826=CYLINDRICAL_SURFACE('',#10219,0.0002);
#827=CYLINDRICAL_SURFACE('',#10220,0.0006288442621635);
#828=CYLINDRICAL_SURFACE('',#10221,0.0308133688460115);
#829=CYLINDRICAL_SURFACE('',#10224,0.0002);
#830=CYLINDRICAL_SURFACE('',#10225,0.0002);
#831=CYLINDRICAL_SURFACE('',#10226,0.0006288442621635);
#832=CYLINDRICAL_SURFACE('',#10227,0.0308133688460115);
#833=CYLINDRICAL_SURFACE('',#10230,0.0002);
#834=CYLINDRICAL_SURFACE('',#10231,0.0002);
#835=CYLINDRICAL_SURFACE('',#10232,0.0006288442621635);
#836=CYLINDRICAL_SURFACE('',#10233,0.0308133688460115);
#837=CYLINDRICAL_SURFACE('',#10236,0.0002);
#838=CYLINDRICAL_SURFACE('',#10237,0.0002);
#839=CYLINDRICAL_SURFACE('',#10238,0.0006288442621635);
#840=CYLINDRICAL_SURFACE('',#10239,0.0308133688460115);
#841=CYLINDRICAL_SURFACE('',#10242,0.0002);
#842=CYLINDRICAL_SURFACE('',#10243,0.0002);
#843=CYLINDRICAL_SURFACE('',#10244,0.0006288442621635);
#844=CYLINDRICAL_SURFACE('',#10245,0.0308133688460115);
#845=CYLINDRICAL_SURFACE('',#10248,0.0002);
#846=CYLINDRICAL_SURFACE('',#10249,0.0002);
#847=CYLINDRICAL_SURFACE('',#10250,0.0006288442621635);
#848=CYLINDRICAL_SURFACE('',#10251,0.0308133688460115);
#849=CYLINDRICAL_SURFACE('',#10254,0.0002);
#850=CYLINDRICAL_SURFACE('',#10255,0.0002);
#851=CYLINDRICAL_SURFACE('',#10256,0.0006288442621635);
#852=CYLINDRICAL_SURFACE('',#10257,0.0308133688460115);
#853=CYLINDRICAL_SURFACE('',#10260,0.0002);
#854=CYLINDRICAL_SURFACE('',#10261,0.0002);
#855=CYLINDRICAL_SURFACE('',#10262,0.0006288442621635);
#856=CYLINDRICAL_SURFACE('',#10263,0.0308133688460115);
#857=CYLINDRICAL_SURFACE('',#10266,0.0002);
#858=CYLINDRICAL_SURFACE('',#10267,0.0002);
#859=CYLINDRICAL_SURFACE('',#10268,0.0006288442621635);
#860=CYLINDRICAL_SURFACE('',#10269,0.0308133688460115);
#861=CYLINDRICAL_SURFACE('',#10272,0.0002);
#862=CYLINDRICAL_SURFACE('',#10273,0.0002);
#863=CYLINDRICAL_SURFACE('',#10274,0.0006288442621635);
#864=CYLINDRICAL_SURFACE('',#10275,0.0308133688460115);
#865=CYLINDRICAL_SURFACE('',#10278,0.0002);
#866=CYLINDRICAL_SURFACE('',#10279,0.0002);
#867=CYLINDRICAL_SURFACE('',#10280,0.0006288442621635);
#868=CYLINDRICAL_SURFACE('',#10281,0.0308133688460115);
#869=CYLINDRICAL_SURFACE('',#10284,0.0002);
#870=CYLINDRICAL_SURFACE('',#10285,0.0002);
#871=CYLINDRICAL_SURFACE('',#10286,0.0006288442621635);
#872=CYLINDRICAL_SURFACE('',#10287,0.0308133688460115);
#873=CYLINDRICAL_SURFACE('',#10290,0.0002);
#874=CYLINDRICAL_SURFACE('',#10291,0.0002);
#875=CYLINDRICAL_SURFACE('',#10292,0.0006288442621635);
#876=CYLINDRICAL_SURFACE('',#10293,0.0308133688460115);
#877=CYLINDRICAL_SURFACE('',#10296,0.0002);
#878=CYLINDRICAL_SURFACE('',#10297,0.0002);
#879=CYLINDRICAL_SURFACE('',#10298,0.0006288442621635);
#880=CYLINDRICAL_SURFACE('',#10299,0.0308133688460115);
#881=CYLINDRICAL_SURFACE('',#10302,0.0002);
#882=CYLINDRICAL_SURFACE('',#10303,0.0002);
#883=CYLINDRICAL_SURFACE('',#10304,0.0006288442621635);
#884=CYLINDRICAL_SURFACE('',#10305,0.0308133688460115);
#885=CYLINDRICAL_SURFACE('',#10308,0.0002);
#886=CYLINDRICAL_SURFACE('',#10309,0.0002);
#887=CYLINDRICAL_SURFACE('',#10310,0.0006288442621635);
#888=CYLINDRICAL_SURFACE('',#10311,0.0308133688460115);
#889=CYLINDRICAL_SURFACE('',#10314,0.0002);
#890=CYLINDRICAL_SURFACE('',#10315,0.0002);
#891=CYLINDRICAL_SURFACE('',#10316,0.0006288442621635);
#892=CYLINDRICAL_SURFACE('',#10317,0.0308133688460115);
#893=CYLINDRICAL_SURFACE('',#10320,0.0002);
#894=CYLINDRICAL_SURFACE('',#10321,0.0002);
#895=CYLINDRICAL_SURFACE('',#10322,0.0006288442621635);
#896=CYLINDRICAL_SURFACE('',#10323,0.0308133688460115);
#897=CYLINDRICAL_SURFACE('',#10326,0.0002);
#898=CYLINDRICAL_SURFACE('',#10327,0.0002);
#899=CYLINDRICAL_SURFACE('',#10328,0.0006288442621635);
#900=CYLINDRICAL_SURFACE('',#10329,0.0308133688460115);
#901=CYLINDRICAL_SURFACE('',#10332,0.0002);
#902=CYLINDRICAL_SURFACE('',#10333,0.0002);
#903=CYLINDRICAL_SURFACE('',#10334,0.0006288442621635);
#904=CYLINDRICAL_SURFACE('',#10335,0.0308133688460115);
#905=CYLINDRICAL_SURFACE('',#10338,0.0002);
#906=CYLINDRICAL_SURFACE('',#10339,0.0002);
#907=CYLINDRICAL_SURFACE('',#10340,0.0006288442621635);
#908=CYLINDRICAL_SURFACE('',#10341,0.0308133688460115);
#909=CYLINDRICAL_SURFACE('',#10344,0.0002);
#910=CYLINDRICAL_SURFACE('',#10345,0.0002);
#911=CYLINDRICAL_SURFACE('',#10346,0.0006288442621635);
#912=CYLINDRICAL_SURFACE('',#10347,0.0308133688460115);
#913=CYLINDRICAL_SURFACE('',#10350,0.0002);
#914=CYLINDRICAL_SURFACE('',#10351,0.0002);
#915=CYLINDRICAL_SURFACE('',#10352,0.0006288442621635);
#916=CYLINDRICAL_SURFACE('',#10353,0.0308133688460115);
#917=CYLINDRICAL_SURFACE('',#10356,0.0002);
#918=CYLINDRICAL_SURFACE('',#10357,0.0002);
#919=CYLINDRICAL_SURFACE('',#10358,0.0006288442621635);
#920=CYLINDRICAL_SURFACE('',#10359,0.0308133688460115);
#921=CYLINDRICAL_SURFACE('',#10362,0.0002);
#922=CYLINDRICAL_SURFACE('',#10363,0.0002);
#923=CYLINDRICAL_SURFACE('',#10364,0.0006288442621635);
#924=CYLINDRICAL_SURFACE('',#10365,0.0308133688460115);
#925=CYLINDRICAL_SURFACE('',#10368,0.0002);
#926=CYLINDRICAL_SURFACE('',#10369,0.0002);
#927=CYLINDRICAL_SURFACE('',#10370,0.0006288442621635);
#928=CYLINDRICAL_SURFACE('',#10371,0.0308133688460115);
#929=CYLINDRICAL_SURFACE('',#10374,0.0002);
#930=CYLINDRICAL_SURFACE('',#10375,0.0002);
#931=CYLINDRICAL_SURFACE('',#10376,0.0006288442621635);
#932=CYLINDRICAL_SURFACE('',#10377,0.0308133688460115);
#933=CYLINDRICAL_SURFACE('',#10380,0.0002);
#934=CYLINDRICAL_SURFACE('',#10381,0.0002);
#935=CYLINDRICAL_SURFACE('',#10382,0.0006288442621635);
#936=CYLINDRICAL_SURFACE('',#10383,0.0308133688460115);
#937=CYLINDRICAL_SURFACE('',#10386,0.0002);
#938=CYLINDRICAL_SURFACE('',#10387,0.0002);
#939=CYLINDRICAL_SURFACE('',#10388,0.0006288442621635);
#940=CYLINDRICAL_SURFACE('',#10389,0.0308133688460115);
#941=CYLINDRICAL_SURFACE('',#10392,0.0002);
#942=CYLINDRICAL_SURFACE('',#10393,0.0002);
#943=CYLINDRICAL_SURFACE('',#10394,0.0006288442621635);
#944=CYLINDRICAL_SURFACE('',#10395,0.0308133688460115);
#945=CYLINDRICAL_SURFACE('',#10398,0.0002);
#946=CYLINDRICAL_SURFACE('',#10399,0.0002);
#947=CYLINDRICAL_SURFACE('',#10400,0.0006288442621635);
#948=CYLINDRICAL_SURFACE('',#10401,0.0308133688460115);
#949=CYLINDRICAL_SURFACE('',#10404,0.0002);
#950=CYLINDRICAL_SURFACE('',#10405,0.0002);
#951=CYLINDRICAL_SURFACE('',#10406,0.0006288442621635);
#952=CYLINDRICAL_SURFACE('',#10407,0.0308133688460115);
#953=CYLINDRICAL_SURFACE('',#10410,0.0002);
#954=CYLINDRICAL_SURFACE('',#10411,0.0002);
#955=CYLINDRICAL_SURFACE('',#10412,0.0006288442621635);
#956=CYLINDRICAL_SURFACE('',#10413,0.0308133688460115);
#957=CYLINDRICAL_SURFACE('',#10416,0.0002);
#958=CYLINDRICAL_SURFACE('',#10417,0.0002);
#959=CYLINDRICAL_SURFACE('',#10418,0.0006288442621635);
#960=CYLINDRICAL_SURFACE('',#10419,0.0308133688460115);
#961=CYLINDRICAL_SURFACE('',#10422,0.0002);
#962=CYLINDRICAL_SURFACE('',#10423,0.0002);
#963=CYLINDRICAL_SURFACE('',#10424,0.0006288442621635);
#964=CYLINDRICAL_SURFACE('',#10425,0.0308133688460115);
#965=CYLINDRICAL_SURFACE('',#10428,0.0002);
#966=CYLINDRICAL_SURFACE('',#10429,0.0002);
#967=CYLINDRICAL_SURFACE('',#10430,0.0006288442621635);
#968=CYLINDRICAL_SURFACE('',#10431,0.0308133688460115);
#969=CYLINDRICAL_SURFACE('',#10434,0.0002);
#970=CYLINDRICAL_SURFACE('',#10435,0.0002);
#971=CYLINDRICAL_SURFACE('',#10436,0.0006288442621635);
#972=CYLINDRICAL_SURFACE('',#10437,0.0308133688460115);
#973=CYLINDRICAL_SURFACE('',#10440,0.0002);
#974=CYLINDRICAL_SURFACE('',#10441,0.0002);
#975=CYLINDRICAL_SURFACE('',#10442,0.0006288442621635);
#976=CYLINDRICAL_SURFACE('',#10443,0.0308133688460115);
#977=CYLINDRICAL_SURFACE('',#10446,0.0002);
#978=CYLINDRICAL_SURFACE('',#10447,0.0002);
#979=CYLINDRICAL_SURFACE('',#10448,0.0006288442621635);
#980=CYLINDRICAL_SURFACE('',#10449,0.0308133688460115);
#981=CYLINDRICAL_SURFACE('',#10452,0.0002);
#982=CYLINDRICAL_SURFACE('',#10453,0.0002);
#983=CYLINDRICAL_SURFACE('',#10454,0.0006288442621635);
#984=CYLINDRICAL_SURFACE('',#10455,0.0308133688460115);
#985=CYLINDRICAL_SURFACE('',#10458,0.0002);
#986=CYLINDRICAL_SURFACE('',#10459,0.0002);
#987=CYLINDRICAL_SURFACE('',#10460,0.0006288442621635);
#988=CYLINDRICAL_SURFACE('',#10461,0.0308133688460115);
#989=CYLINDRICAL_SURFACE('',#10464,0.0002);
#990=CYLINDRICAL_SURFACE('',#10465,0.0002);
#991=CYLINDRICAL_SURFACE('',#10466,0.0006288442621635);
#992=CYLINDRICAL_SURFACE('',#10467,0.0308133688460115);
#993=CYLINDRICAL_SURFACE('',#10470,0.0002);
#994=CYLINDRICAL_SURFACE('',#10471,0.0002);
#995=CYLINDRICAL_SURFACE('',#10472,0.0006288442621635);
#996=CYLINDRICAL_SURFACE('',#10473,0.0308133688460115);
#997=CYLINDRICAL_SURFACE('',#10476,0.0002);
#998=CYLINDRICAL_SURFACE('',#10477,0.0002);
#999=CYLINDRICAL_SURFACE('',#10478,0.0006288442621635);
#1000=CYLINDRICAL_SURFACE('',#10479,0.0308133688460115);
#1001=CYLINDRICAL_SURFACE('',#10482,0.0002);
#1002=CYLINDRICAL_SURFACE('',#10483,0.0002);
#1003=CYLINDRICAL_SURFACE('',#10484,0.0006288442621635);
#1004=CYLINDRICAL_SURFACE('',#10485,0.0308133688460115);
#1005=CYLINDRICAL_SURFACE('',#10488,0.0002);
#1006=CYLINDRICAL_SURFACE('',#10489,0.0002);
#1007=CYLINDRICAL_SURFACE('',#10490,0.0006288442621635);
#1008=CYLINDRICAL_SURFACE('',#10491,0.0308133688460115);
#1009=CYLINDRICAL_SURFACE('',#10494,0.0002);
#1010=CYLINDRICAL_SURFACE('',#10495,0.0002);
#1011=CYLINDRICAL_SURFACE('',#10496,0.0006288442621635);
#1012=CYLINDRICAL_SURFACE('',#10497,0.0308133688460115);
#1013=CYLINDRICAL_SURFACE('',#10500,0.0002);
#1014=CYLINDRICAL_SURFACE('',#10501,0.0002);
#1015=CYLINDRICAL_SURFACE('',#10502,0.0006288442621635);
#1016=CYLINDRICAL_SURFACE('',#10503,0.0308133688460115);
#1017=CYLINDRICAL_SURFACE('',#10506,0.0002);
#1018=CYLINDRICAL_SURFACE('',#10507,0.0002);
#1019=CYLINDRICAL_SURFACE('',#10508,0.0006288442621635);
#1020=CYLINDRICAL_SURFACE('',#10509,0.0308133688460115);
#1021=CYLINDRICAL_SURFACE('',#10512,0.0002);
#1022=CYLINDRICAL_SURFACE('',#10513,0.0002);
#1023=CYLINDRICAL_SURFACE('',#10514,0.0006288442621635);
#1024=CYLINDRICAL_SURFACE('',#10515,0.0308133688460115);
#1025=CYLINDRICAL_SURFACE('',#10518,0.0002);
#1026=CYLINDRICAL_SURFACE('',#10519,0.0002);
#1027=CYLINDRICAL_SURFACE('',#10520,0.0006288442621635);
#1028=CYLINDRICAL_SURFACE('',#10521,0.0308133688460115);
#1029=CYLINDRICAL_SURFACE('',#10524,0.0002);
#1030=CYLINDRICAL_SURFACE('',#10525,0.0002);
#1031=CYLINDRICAL_SURFACE('',#10526,0.0006288442621635);
#1032=CYLINDRICAL_SURFACE('',#10527,0.0308133688460115);
#1033=CYLINDRICAL_SURFACE('',#10530,0.0002);
#1034=CYLINDRICAL_SURFACE('',#10531,0.0002);
#1035=CYLINDRICAL_SURFACE('',#10532,0.0006288442621635);
#1036=CYLINDRICAL_SURFACE('',#10533,0.0308133688460115);
#1037=CYLINDRICAL_SURFACE('',#10536,0.0002);
#1038=CYLINDRICAL_SURFACE('',#10537,0.0002);
#1039=CYLINDRICAL_SURFACE('',#10538,0.0006288442621635);
#1040=CYLINDRICAL_SURFACE('',#10539,0.0308133688460115);
#1041=CYLINDRICAL_SURFACE('',#10542,0.0002);
#1042=CYLINDRICAL_SURFACE('',#10543,0.0002);
#1043=CYLINDRICAL_SURFACE('',#10544,0.0006288442621635);
#1044=CYLINDRICAL_SURFACE('',#10545,0.0308133688460115);
#1045=CYLINDRICAL_SURFACE('',#10548,0.0002);
#1046=CYLINDRICAL_SURFACE('',#10549,0.0002);
#1047=CYLINDRICAL_SURFACE('',#10550,0.0006288442621635);
#1048=CYLINDRICAL_SURFACE('',#10551,0.0308133688460115);
#1049=CYLINDRICAL_SURFACE('',#10554,0.0002);
#1050=CYLINDRICAL_SURFACE('',#10555,0.0002);
#1051=CYLINDRICAL_SURFACE('',#10556,0.0006288442621635);
#1052=CYLINDRICAL_SURFACE('',#10557,0.0308133688460115);
#1053=CYLINDRICAL_SURFACE('',#10560,0.0002);
#1054=CYLINDRICAL_SURFACE('',#10561,0.0002);
#1055=CYLINDRICAL_SURFACE('',#10562,0.0006288442621635);
#1056=CYLINDRICAL_SURFACE('',#10563,0.0308133688460115);
#1057=CYLINDRICAL_SURFACE('',#10566,0.0002);
#1058=CYLINDRICAL_SURFACE('',#10567,0.0002);
#1059=CYLINDRICAL_SURFACE('',#10568,0.0006288442621635);
#1060=CYLINDRICAL_SURFACE('',#10569,0.0308133688460115);
#1061=CYLINDRICAL_SURFACE('',#10572,0.0002);
#1062=CYLINDRICAL_SURFACE('',#10573,0.0002);
#1063=CYLINDRICAL_SURFACE('',#10574,0.0006288442621635);
#1064=CYLINDRICAL_SURFACE('',#10575,0.0308133688460115);
#1065=CYLINDRICAL_SURFACE('',#10578,0.0002);
#1066=CYLINDRICAL_SURFACE('',#10579,0.0002);
#1067=CYLINDRICAL_SURFACE('',#10580,0.0006288442621635);
#1068=CYLINDRICAL_SURFACE('',#10581,0.0308133688460115);
#1069=CYLINDRICAL_SURFACE('',#10584,0.0002);
#1070=CYLINDRICAL_SURFACE('',#10585,0.0002);
#1071=CYLINDRICAL_SURFACE('',#10586,0.0006288442621635);
#1072=CYLINDRICAL_SURFACE('',#10587,0.0308133688460115);
#1073=CYLINDRICAL_SURFACE('',#10590,0.0002);
#1074=CYLINDRICAL_SURFACE('',#10591,0.0002);
#1075=CYLINDRICAL_SURFACE('',#10592,0.0006288442621635);
#1076=CYLINDRICAL_SURFACE('',#10593,0.0308133688460115);
#1077=CYLINDRICAL_SURFACE('',#10596,0.0002);
#1078=CYLINDRICAL_SURFACE('',#10597,0.0002);
#1079=CYLINDRICAL_SURFACE('',#10598,0.0006288442621635);
#1080=CYLINDRICAL_SURFACE('',#10599,0.0308133688460115);
#1081=CYLINDRICAL_SURFACE('',#10602,0.0002);
#1082=CYLINDRICAL_SURFACE('',#10603,0.0002);
#1083=CYLINDRICAL_SURFACE('',#10604,0.0006288442621635);
#1084=CYLINDRICAL_SURFACE('',#10605,0.0308133688460115);
#1085=CYLINDRICAL_SURFACE('',#10608,0.0002);
#1086=CYLINDRICAL_SURFACE('',#10609,0.0002);
#1087=CYLINDRICAL_SURFACE('',#10610,0.0006288442621635);
#1088=CYLINDRICAL_SURFACE('',#10611,0.0308133688460115);
#1089=CYLINDRICAL_SURFACE('',#10614,0.0002);
#1090=CYLINDRICAL_SURFACE('',#10615,0.0002);
#1091=CYLINDRICAL_SURFACE('',#10616,0.0006288442621635);
#1092=CYLINDRICAL_SURFACE('',#10617,0.0308133688460115);
#1093=CYLINDRICAL_SURFACE('',#10620,0.0002);
#1094=CYLINDRICAL_SURFACE('',#10621,0.0002);
#1095=CYLINDRICAL_SURFACE('',#10622,0.0006288442621635);
#1096=CYLINDRICAL_SURFACE('',#10623,0.0308133688460115);
#1097=CYLINDRICAL_SURFACE('',#10626,0.0002);
#1098=CYLINDRICAL_SURFACE('',#10627,0.0002);
#1099=CYLINDRICAL_SURFACE('',#10628,0.0006288442621635);
#1100=CYLINDRICAL_SURFACE('',#10629,0.0308133688460115);
#1101=CYLINDRICAL_SURFACE('',#10632,0.0002);
#1102=CYLINDRICAL_SURFACE('',#10633,0.0002);
#1103=CYLINDRICAL_SURFACE('',#10634,0.0006288442621635);
#1104=CYLINDRICAL_SURFACE('',#10635,0.0308133688460115);
#1105=CYLINDRICAL_SURFACE('',#10638,0.0002);
#1106=CYLINDRICAL_SURFACE('',#10639,0.0002);
#1107=CYLINDRICAL_SURFACE('',#10640,0.0006288442621635);
#1108=CYLINDRICAL_SURFACE('',#10641,0.0308133688460115);
#1109=CYLINDRICAL_SURFACE('',#10644,0.0002);
#1110=CYLINDRICAL_SURFACE('',#10645,0.0002);
#1111=CYLINDRICAL_SURFACE('',#10646,0.0006288442621635);
#1112=CYLINDRICAL_SURFACE('',#10647,0.0308133688460115);
#1113=CYLINDRICAL_SURFACE('',#10650,0.0002);
#1114=CYLINDRICAL_SURFACE('',#10651,0.0002);
#1115=CYLINDRICAL_SURFACE('',#10652,0.0006288442621635);
#1116=CYLINDRICAL_SURFACE('',#10653,0.0308133688460115);
#1117=CYLINDRICAL_SURFACE('',#10656,0.0002);
#1118=CYLINDRICAL_SURFACE('',#10657,0.0002);
#1119=CYLINDRICAL_SURFACE('',#10658,0.0006288442621635);
#1120=CYLINDRICAL_SURFACE('',#10659,0.0308133688460115);
#1121=CYLINDRICAL_SURFACE('',#10662,0.0002);
#1122=CYLINDRICAL_SURFACE('',#10663,0.0002);
#1123=CYLINDRICAL_SURFACE('',#10664,0.0006288442621635);
#1124=CYLINDRICAL_SURFACE('',#10665,0.0308133688460115);
#1125=CYLINDRICAL_SURFACE('',#10668,0.0002);
#1126=CYLINDRICAL_SURFACE('',#10669,0.0002);
#1127=CYLINDRICAL_SURFACE('',#10670,0.0006288442621635);
#1128=CYLINDRICAL_SURFACE('',#10671,0.0308133688460115);
#1129=CYLINDRICAL_SURFACE('',#10674,0.0002);
#1130=CYLINDRICAL_SURFACE('',#10675,0.0002);
#1131=CYLINDRICAL_SURFACE('',#10676,0.0006288442621635);
#1132=CYLINDRICAL_SURFACE('',#10677,0.0308133688460115);
#1133=CYLINDRICAL_SURFACE('',#10680,0.0002);
#1134=CYLINDRICAL_SURFACE('',#10681,0.0002);
#1135=CYLINDRICAL_SURFACE('',#10682,0.0006288442621635);
#1136=CYLINDRICAL_SURFACE('',#10683,0.0308133688460115);
#1137=CYLINDRICAL_SURFACE('',#10686,0.0002);
#1138=CYLINDRICAL_SURFACE('',#10687,0.0002);
#1139=CYLINDRICAL_SURFACE('',#10688,0.0006288442621635);
#1140=CYLINDRICAL_SURFACE('',#10689,0.0308133688460115);
#1141=CYLINDRICAL_SURFACE('',#10692,0.0002);
#1142=CYLINDRICAL_SURFACE('',#10693,0.0002);
#1143=CYLINDRICAL_SURFACE('',#10694,0.0006288442621635);
#1144=CYLINDRICAL_SURFACE('',#10695,0.0308133688460115);
#1145=CYLINDRICAL_SURFACE('',#10698,0.0002);
#1146=CYLINDRICAL_SURFACE('',#10699,0.0002);
#1147=CYLINDRICAL_SURFACE('',#10700,0.0006288442621635);
#1148=CYLINDRICAL_SURFACE('',#10701,0.0308133688460115);
#1149=CYLINDRICAL_SURFACE('',#10704,0.0002);
#1150=CYLINDRICAL_SURFACE('',#10705,0.0002);
#1151=CYLINDRICAL_SURFACE('',#10706,0.0006288442621635);
#1152=CYLINDRICAL_SURFACE('',#10707,0.0308133688460115);
#1153=CYLINDRICAL_SURFACE('',#10710,0.0002);
#1154=CYLINDRICAL_SURFACE('',#10711,0.0002);
#1155=CYLINDRICAL_SURFACE('',#10712,0.0006288442621635);
#1156=CYLINDRICAL_SURFACE('',#10713,0.0308133688460115);
#1157=CYLINDRICAL_SURFACE('',#10716,0.0002);
#1158=CYLINDRICAL_SURFACE('',#10717,0.0002);
#1159=CYLINDRICAL_SURFACE('',#10718,0.0006288442621635);
#1160=CYLINDRICAL_SURFACE('',#10719,0.0308133688460115);
#1161=CYLINDRICAL_SURFACE('',#10722,0.0002);
#1162=CYLINDRICAL_SURFACE('',#10723,0.0002);
#1163=CYLINDRICAL_SURFACE('',#10724,0.0006288442621635);
#1164=CYLINDRICAL_SURFACE('',#10725,0.0308133688460115);
#1165=CYLINDRICAL_SURFACE('',#10728,0.0002);
#1166=CYLINDRICAL_SURFACE('',#10729,0.0002);
#1167=CYLINDRICAL_SURFACE('',#10730,0.0006288442621635);
#1168=CYLINDRICAL_SURFACE('',#10731,0.0308133688460115);
#1169=CYLINDRICAL_SURFACE('',#10734,0.0002);
#1170=CYLINDRICAL_SURFACE('',#10735,0.0002);
#1171=CYLINDRICAL_SURFACE('',#10736,0.0006288442621635);
#1172=CYLINDRICAL_SURFACE('',#10737,0.0308133688460115);
#1173=CYLINDRICAL_SURFACE('',#10740,0.0002);
#1174=CYLINDRICAL_SURFACE('',#10741,0.0002);
#1175=CYLINDRICAL_SURFACE('',#10742,0.0006288442621635);
#1176=CYLINDRICAL_SURFACE('',#10743,0.0308133688460115);
#1177=CYLINDRICAL_SURFACE('',#10746,0.0002);
#1178=CYLINDRICAL_SURFACE('',#10747,0.0002);
#1179=CYLINDRICAL_SURFACE('',#10748,0.0006288442621635);
#1180=CYLINDRICAL_SURFACE('',#10749,0.0308133688460115);
#1181=CYLINDRICAL_SURFACE('',#10752,0.0002);
#1182=CYLINDRICAL_SURFACE('',#10753,0.0002);
#1183=CYLINDRICAL_SURFACE('',#10754,0.0006288442621635);
#1184=CYLINDRICAL_SURFACE('',#10755,0.0308133688460115);
#1185=CYLINDRICAL_SURFACE('',#10758,0.0002);
#1186=CYLINDRICAL_SURFACE('',#10759,0.0002);
#1187=CYLINDRICAL_SURFACE('',#10760,0.0006288442621635);
#1188=CYLINDRICAL_SURFACE('',#10761,0.0308133688460115);
#1189=CYLINDRICAL_SURFACE('',#10764,0.0006288442621635);
#1190=CYLINDRICAL_SURFACE('',#10765,0.0002);
#1191=CYLINDRICAL_SURFACE('',#10766,0.0002);
#1192=CYLINDRICAL_SURFACE('',#10779,0.00225);
#1193=CYLINDRICAL_SURFACE('',#10780,0.00225);
#1194=CYLINDRICAL_SURFACE('',#10781,0.00225);
#1195=CYLINDRICAL_SURFACE('',#10782,0.00225);
#1196=CYLINDRICAL_SURFACE('',#10783,0.01);
#1197=ORIENTED_EDGE('',*,*,#3969,.F.);
#1198=ORIENTED_EDGE('',*,*,#3970,.T.);
#1199=ORIENTED_EDGE('',*,*,#3971,.F.);
#1200=ORIENTED_EDGE('',*,*,#3972,.T.);
#1201=ORIENTED_EDGE('',*,*,#3973,.F.);
#1202=ORIENTED_EDGE('',*,*,#3974,.T.);
#1203=ORIENTED_EDGE('',*,*,#3975,.F.);
#1204=ORIENTED_EDGE('',*,*,#3976,.T.);
#1205=ORIENTED_EDGE('',*,*,#3977,.F.);
#1206=ORIENTED_EDGE('',*,*,#3978,.T.);
#1207=ORIENTED_EDGE('',*,*,#3979,.F.);
#1208=ORIENTED_EDGE('',*,*,#3980,.T.);
#1209=ORIENTED_EDGE('',*,*,#3981,.F.);
#1210=ORIENTED_EDGE('',*,*,#3982,.T.);
#1211=ORIENTED_EDGE('',*,*,#3983,.F.);
#1212=ORIENTED_EDGE('',*,*,#3984,.T.);
#1213=ORIENTED_EDGE('',*,*,#3985,.F.);
#1214=ORIENTED_EDGE('',*,*,#3986,.T.);
#1215=ORIENTED_EDGE('',*,*,#3987,.F.);
#1216=ORIENTED_EDGE('',*,*,#3988,.T.);
#1217=ORIENTED_EDGE('',*,*,#3989,.F.);
#1218=ORIENTED_EDGE('',*,*,#3990,.T.);
#1219=ORIENTED_EDGE('',*,*,#3991,.F.);
#1220=ORIENTED_EDGE('',*,*,#3992,.T.);
#1221=ORIENTED_EDGE('',*,*,#3993,.F.);
#1222=ORIENTED_EDGE('',*,*,#3994,.T.);
#1223=ORIENTED_EDGE('',*,*,#3995,.F.);
#1224=ORIENTED_EDGE('',*,*,#3996,.T.);
#1225=ORIENTED_EDGE('',*,*,#3997,.F.);
#1226=ORIENTED_EDGE('',*,*,#3998,.T.);
#1227=ORIENTED_EDGE('',*,*,#3999,.F.);
#1228=ORIENTED_EDGE('',*,*,#4000,.T.);
#1229=ORIENTED_EDGE('',*,*,#4001,.F.);
#1230=ORIENTED_EDGE('',*,*,#4002,.T.);
#1231=ORIENTED_EDGE('',*,*,#4003,.F.);
#1232=ORIENTED_EDGE('',*,*,#4004,.T.);
#1233=ORIENTED_EDGE('',*,*,#4005,.F.);
#1234=ORIENTED_EDGE('',*,*,#4006,.T.);
#1235=ORIENTED_EDGE('',*,*,#4007,.F.);
#1236=ORIENTED_EDGE('',*,*,#4008,.T.);
#1237=ORIENTED_EDGE('',*,*,#4009,.F.);
#1238=ORIENTED_EDGE('',*,*,#4010,.T.);
#1239=ORIENTED_EDGE('',*,*,#4011,.F.);
#1240=ORIENTED_EDGE('',*,*,#4012,.T.);
#1241=ORIENTED_EDGE('',*,*,#4013,.F.);
#1242=ORIENTED_EDGE('',*,*,#4014,.T.);
#1243=ORIENTED_EDGE('',*,*,#4015,.F.);
#1244=ORIENTED_EDGE('',*,*,#4016,.T.);
#1245=ORIENTED_EDGE('',*,*,#4017,.F.);
#1246=ORIENTED_EDGE('',*,*,#4018,.T.);
#1247=ORIENTED_EDGE('',*,*,#4019,.F.);
#1248=ORIENTED_EDGE('',*,*,#4020,.T.);
#1249=ORIENTED_EDGE('',*,*,#4021,.F.);
#1250=ORIENTED_EDGE('',*,*,#4022,.T.);
#1251=ORIENTED_EDGE('',*,*,#4023,.F.);
#1252=ORIENTED_EDGE('',*,*,#4024,.T.);
#1253=ORIENTED_EDGE('',*,*,#4025,.F.);
#1254=ORIENTED_EDGE('',*,*,#4026,.T.);
#1255=ORIENTED_EDGE('',*,*,#4027,.F.);
#1256=ORIENTED_EDGE('',*,*,#4028,.T.);
#1257=ORIENTED_EDGE('',*,*,#4029,.F.);
#1258=ORIENTED_EDGE('',*,*,#4030,.T.);
#1259=ORIENTED_EDGE('',*,*,#4031,.F.);
#1260=ORIENTED_EDGE('',*,*,#4032,.T.);
#1261=ORIENTED_EDGE('',*,*,#4033,.F.);
#1262=ORIENTED_EDGE('',*,*,#4034,.T.);
#1263=ORIENTED_EDGE('',*,*,#4035,.F.);
#1264=ORIENTED_EDGE('',*,*,#4036,.T.);
#1265=ORIENTED_EDGE('',*,*,#4037,.F.);
#1266=ORIENTED_EDGE('',*,*,#4038,.T.);
#1267=ORIENTED_EDGE('',*,*,#4039,.F.);
#1268=ORIENTED_EDGE('',*,*,#4040,.T.);
#1269=ORIENTED_EDGE('',*,*,#4041,.F.);
#1270=ORIENTED_EDGE('',*,*,#4042,.T.);
#1271=ORIENTED_EDGE('',*,*,#4043,.F.);
#1272=ORIENTED_EDGE('',*,*,#4044,.T.);
#1273=ORIENTED_EDGE('',*,*,#4045,.F.);
#1274=ORIENTED_EDGE('',*,*,#4046,.T.);
#1275=ORIENTED_EDGE('',*,*,#4047,.F.);
#1276=ORIENTED_EDGE('',*,*,#4048,.T.);
#1277=ORIENTED_EDGE('',*,*,#4049,.F.);
#1278=ORIENTED_EDGE('',*,*,#4050,.T.);
#1279=ORIENTED_EDGE('',*,*,#4051,.F.);
#1280=ORIENTED_EDGE('',*,*,#4052,.T.);
#1281=ORIENTED_EDGE('',*,*,#4053,.F.);
#1282=ORIENTED_EDGE('',*,*,#4054,.T.);
#1283=ORIENTED_EDGE('',*,*,#4055,.F.);
#1284=ORIENTED_EDGE('',*,*,#4056,.T.);
#1285=ORIENTED_EDGE('',*,*,#4057,.F.);
#1286=ORIENTED_EDGE('',*,*,#4058,.T.);
#1287=ORIENTED_EDGE('',*,*,#4059,.F.);
#1288=ORIENTED_EDGE('',*,*,#4060,.T.);
#1289=ORIENTED_EDGE('',*,*,#4061,.F.);
#1290=ORIENTED_EDGE('',*,*,#4062,.T.);
#1291=ORIENTED_EDGE('',*,*,#4063,.F.);
#1292=ORIENTED_EDGE('',*,*,#4064,.T.);
#1293=ORIENTED_EDGE('',*,*,#4065,.F.);
#1294=ORIENTED_EDGE('',*,*,#4066,.T.);
#1295=ORIENTED_EDGE('',*,*,#4067,.F.);
#1296=ORIENTED_EDGE('',*,*,#4068,.T.);
#1297=ORIENTED_EDGE('',*,*,#4069,.F.);
#1298=ORIENTED_EDGE('',*,*,#4070,.T.);
#1299=ORIENTED_EDGE('',*,*,#4071,.F.);
#1300=ORIENTED_EDGE('',*,*,#4072,.T.);
#1301=ORIENTED_EDGE('',*,*,#4073,.F.);
#1302=ORIENTED_EDGE('',*,*,#4074,.T.);
#1303=ORIENTED_EDGE('',*,*,#4075,.F.);
#1304=ORIENTED_EDGE('',*,*,#4076,.T.);
#1305=ORIENTED_EDGE('',*,*,#4077,.F.);
#1306=ORIENTED_EDGE('',*,*,#4078,.T.);
#1307=ORIENTED_EDGE('',*,*,#4079,.F.);
#1308=ORIENTED_EDGE('',*,*,#4080,.T.);
#1309=ORIENTED_EDGE('',*,*,#4081,.F.);
#1310=ORIENTED_EDGE('',*,*,#4082,.T.);
#1311=ORIENTED_EDGE('',*,*,#4083,.F.);
#1312=ORIENTED_EDGE('',*,*,#4084,.T.);
#1313=ORIENTED_EDGE('',*,*,#4085,.F.);
#1314=ORIENTED_EDGE('',*,*,#4086,.T.);
#1315=ORIENTED_EDGE('',*,*,#4087,.F.);
#1316=ORIENTED_EDGE('',*,*,#4088,.T.);
#1317=ORIENTED_EDGE('',*,*,#4089,.F.);
#1318=ORIENTED_EDGE('',*,*,#4090,.T.);
#1319=ORIENTED_EDGE('',*,*,#4091,.F.);
#1320=ORIENTED_EDGE('',*,*,#4092,.T.);
#1321=ORIENTED_EDGE('',*,*,#4093,.F.);
#1322=ORIENTED_EDGE('',*,*,#4094,.T.);
#1323=ORIENTED_EDGE('',*,*,#4095,.F.);
#1324=ORIENTED_EDGE('',*,*,#4096,.T.);
#1325=ORIENTED_EDGE('',*,*,#4097,.F.);
#1326=ORIENTED_EDGE('',*,*,#4098,.T.);
#1327=ORIENTED_EDGE('',*,*,#4099,.F.);
#1328=ORIENTED_EDGE('',*,*,#4100,.T.);
#1329=ORIENTED_EDGE('',*,*,#4101,.F.);
#1330=ORIENTED_EDGE('',*,*,#4102,.T.);
#1331=ORIENTED_EDGE('',*,*,#4103,.F.);
#1332=ORIENTED_EDGE('',*,*,#4104,.T.);
#1333=ORIENTED_EDGE('',*,*,#4105,.F.);
#1334=ORIENTED_EDGE('',*,*,#4106,.T.);
#1335=ORIENTED_EDGE('',*,*,#4107,.F.);
#1336=ORIENTED_EDGE('',*,*,#4108,.T.);
#1337=ORIENTED_EDGE('',*,*,#4109,.F.);
#1338=ORIENTED_EDGE('',*,*,#4110,.T.);
#1339=ORIENTED_EDGE('',*,*,#4111,.F.);
#1340=ORIENTED_EDGE('',*,*,#4112,.T.);
#1341=ORIENTED_EDGE('',*,*,#4113,.F.);
#1342=ORIENTED_EDGE('',*,*,#4114,.T.);
#1343=ORIENTED_EDGE('',*,*,#4115,.F.);
#1344=ORIENTED_EDGE('',*,*,#4116,.T.);
#1345=ORIENTED_EDGE('',*,*,#4117,.F.);
#1346=ORIENTED_EDGE('',*,*,#4118,.T.);
#1347=ORIENTED_EDGE('',*,*,#4119,.F.);
#1348=ORIENTED_EDGE('',*,*,#4120,.T.);
#1349=ORIENTED_EDGE('',*,*,#4121,.F.);
#1350=ORIENTED_EDGE('',*,*,#4122,.T.);
#1351=ORIENTED_EDGE('',*,*,#4123,.F.);
#1352=ORIENTED_EDGE('',*,*,#4124,.T.);
#1353=ORIENTED_EDGE('',*,*,#4125,.F.);
#1354=ORIENTED_EDGE('',*,*,#4126,.T.);
#1355=ORIENTED_EDGE('',*,*,#4127,.F.);
#1356=ORIENTED_EDGE('',*,*,#4128,.T.);
#1357=ORIENTED_EDGE('',*,*,#4129,.F.);
#1358=ORIENTED_EDGE('',*,*,#4130,.T.);
#1359=ORIENTED_EDGE('',*,*,#4131,.F.);
#1360=ORIENTED_EDGE('',*,*,#4132,.T.);
#1361=ORIENTED_EDGE('',*,*,#4133,.F.);
#1362=ORIENTED_EDGE('',*,*,#4134,.T.);
#1363=ORIENTED_EDGE('',*,*,#4135,.F.);
#1364=ORIENTED_EDGE('',*,*,#4136,.T.);
#1365=ORIENTED_EDGE('',*,*,#4137,.F.);
#1366=ORIENTED_EDGE('',*,*,#4138,.T.);
#1367=ORIENTED_EDGE('',*,*,#4139,.F.);
#1368=ORIENTED_EDGE('',*,*,#4140,.T.);
#1369=ORIENTED_EDGE('',*,*,#4141,.F.);
#1370=ORIENTED_EDGE('',*,*,#4142,.T.);
#1371=ORIENTED_EDGE('',*,*,#4143,.F.);
#1372=ORIENTED_EDGE('',*,*,#4144,.T.);
#1373=ORIENTED_EDGE('',*,*,#4145,.F.);
#1374=ORIENTED_EDGE('',*,*,#4146,.T.);
#1375=ORIENTED_EDGE('',*,*,#4147,.F.);
#1376=ORIENTED_EDGE('',*,*,#4148,.T.);
#1377=ORIENTED_EDGE('',*,*,#4149,.F.);
#1378=ORIENTED_EDGE('',*,*,#4150,.T.);
#1379=ORIENTED_EDGE('',*,*,#4151,.F.);
#1380=ORIENTED_EDGE('',*,*,#4152,.T.);
#1381=ORIENTED_EDGE('',*,*,#4153,.F.);
#1382=ORIENTED_EDGE('',*,*,#4154,.T.);
#1383=ORIENTED_EDGE('',*,*,#4155,.F.);
#1384=ORIENTED_EDGE('',*,*,#4156,.T.);
#1385=ORIENTED_EDGE('',*,*,#4157,.F.);
#1386=ORIENTED_EDGE('',*,*,#4158,.T.);
#1387=ORIENTED_EDGE('',*,*,#4159,.F.);
#1388=ORIENTED_EDGE('',*,*,#4160,.T.);
#1389=ORIENTED_EDGE('',*,*,#4161,.F.);
#1390=ORIENTED_EDGE('',*,*,#4162,.T.);
#1391=ORIENTED_EDGE('',*,*,#4163,.F.);
#1392=ORIENTED_EDGE('',*,*,#4164,.T.);
#1393=ORIENTED_EDGE('',*,*,#4165,.F.);
#1394=ORIENTED_EDGE('',*,*,#4166,.T.);
#1395=ORIENTED_EDGE('',*,*,#4167,.F.);
#1396=ORIENTED_EDGE('',*,*,#4168,.T.);
#1397=ORIENTED_EDGE('',*,*,#4169,.F.);
#1398=ORIENTED_EDGE('',*,*,#4170,.T.);
#1399=ORIENTED_EDGE('',*,*,#4171,.F.);
#1400=ORIENTED_EDGE('',*,*,#4172,.T.);
#1401=ORIENTED_EDGE('',*,*,#4173,.F.);
#1402=ORIENTED_EDGE('',*,*,#4174,.T.);
#1403=ORIENTED_EDGE('',*,*,#4175,.F.);
#1404=ORIENTED_EDGE('',*,*,#4176,.T.);
#1405=ORIENTED_EDGE('',*,*,#4177,.F.);
#1406=ORIENTED_EDGE('',*,*,#4178,.T.);
#1407=ORIENTED_EDGE('',*,*,#4179,.F.);
#1408=ORIENTED_EDGE('',*,*,#4180,.T.);
#1409=ORIENTED_EDGE('',*,*,#4181,.F.);
#1410=ORIENTED_EDGE('',*,*,#4182,.T.);
#1411=ORIENTED_EDGE('',*,*,#4183,.F.);
#1412=ORIENTED_EDGE('',*,*,#4184,.T.);
#1413=ORIENTED_EDGE('',*,*,#4185,.F.);
#1414=ORIENTED_EDGE('',*,*,#4186,.T.);
#1415=ORIENTED_EDGE('',*,*,#4187,.F.);
#1416=ORIENTED_EDGE('',*,*,#4188,.T.);
#1417=ORIENTED_EDGE('',*,*,#4189,.F.);
#1418=ORIENTED_EDGE('',*,*,#4190,.T.);
#1419=ORIENTED_EDGE('',*,*,#4191,.F.);
#1420=ORIENTED_EDGE('',*,*,#4192,.T.);
#1421=ORIENTED_EDGE('',*,*,#4193,.F.);
#1422=ORIENTED_EDGE('',*,*,#4194,.T.);
#1423=ORIENTED_EDGE('',*,*,#4195,.F.);
#1424=ORIENTED_EDGE('',*,*,#4196,.T.);
#1425=ORIENTED_EDGE('',*,*,#4197,.F.);
#1426=ORIENTED_EDGE('',*,*,#4198,.T.);
#1427=ORIENTED_EDGE('',*,*,#4199,.F.);
#1428=ORIENTED_EDGE('',*,*,#4200,.T.);
#1429=ORIENTED_EDGE('',*,*,#4201,.F.);
#1430=ORIENTED_EDGE('',*,*,#4202,.T.);
#1431=ORIENTED_EDGE('',*,*,#4203,.F.);
#1432=ORIENTED_EDGE('',*,*,#4204,.T.);
#1433=ORIENTED_EDGE('',*,*,#4205,.F.);
#1434=ORIENTED_EDGE('',*,*,#4206,.T.);
#1435=ORIENTED_EDGE('',*,*,#4207,.F.);
#1436=ORIENTED_EDGE('',*,*,#4208,.T.);
#1437=ORIENTED_EDGE('',*,*,#4209,.F.);
#1438=ORIENTED_EDGE('',*,*,#4210,.T.);
#1439=ORIENTED_EDGE('',*,*,#4211,.F.);
#1440=ORIENTED_EDGE('',*,*,#4212,.T.);
#1441=ORIENTED_EDGE('',*,*,#4213,.F.);
#1442=ORIENTED_EDGE('',*,*,#4214,.T.);
#1443=ORIENTED_EDGE('',*,*,#4215,.F.);
#1444=ORIENTED_EDGE('',*,*,#4216,.T.);
#1445=ORIENTED_EDGE('',*,*,#4217,.F.);
#1446=ORIENTED_EDGE('',*,*,#4218,.T.);
#1447=ORIENTED_EDGE('',*,*,#4219,.F.);
#1448=ORIENTED_EDGE('',*,*,#4220,.T.);
#1449=ORIENTED_EDGE('',*,*,#4221,.F.);
#1450=ORIENTED_EDGE('',*,*,#4222,.T.);
#1451=ORIENTED_EDGE('',*,*,#4223,.F.);
#1452=ORIENTED_EDGE('',*,*,#4224,.T.);
#1453=ORIENTED_EDGE('',*,*,#4225,.F.);
#1454=ORIENTED_EDGE('',*,*,#4226,.T.);
#1455=ORIENTED_EDGE('',*,*,#4227,.F.);
#1456=ORIENTED_EDGE('',*,*,#4228,.T.);
#1457=ORIENTED_EDGE('',*,*,#4229,.F.);
#1458=ORIENTED_EDGE('',*,*,#4230,.T.);
#1459=ORIENTED_EDGE('',*,*,#4231,.F.);
#1460=ORIENTED_EDGE('',*,*,#4232,.T.);
#1461=ORIENTED_EDGE('',*,*,#4233,.F.);
#1462=ORIENTED_EDGE('',*,*,#4234,.T.);
#1463=ORIENTED_EDGE('',*,*,#4235,.F.);
#1464=ORIENTED_EDGE('',*,*,#4236,.T.);
#1465=ORIENTED_EDGE('',*,*,#4237,.F.);
#1466=ORIENTED_EDGE('',*,*,#4238,.T.);
#1467=ORIENTED_EDGE('',*,*,#4239,.F.);
#1468=ORIENTED_EDGE('',*,*,#4240,.T.);
#1469=ORIENTED_EDGE('',*,*,#4241,.F.);
#1470=ORIENTED_EDGE('',*,*,#4242,.T.);
#1471=ORIENTED_EDGE('',*,*,#4243,.F.);
#1472=ORIENTED_EDGE('',*,*,#4244,.T.);
#1473=ORIENTED_EDGE('',*,*,#4245,.F.);
#1474=ORIENTED_EDGE('',*,*,#4246,.T.);
#1475=ORIENTED_EDGE('',*,*,#4247,.F.);
#1476=ORIENTED_EDGE('',*,*,#4248,.T.);
#1477=ORIENTED_EDGE('',*,*,#4249,.F.);
#1478=ORIENTED_EDGE('',*,*,#4250,.T.);
#1479=ORIENTED_EDGE('',*,*,#4251,.F.);
#1480=ORIENTED_EDGE('',*,*,#4252,.T.);
#1481=ORIENTED_EDGE('',*,*,#4253,.F.);
#1482=ORIENTED_EDGE('',*,*,#4254,.T.);
#1483=ORIENTED_EDGE('',*,*,#4255,.F.);
#1484=ORIENTED_EDGE('',*,*,#4256,.T.);
#1485=ORIENTED_EDGE('',*,*,#4257,.F.);
#1486=ORIENTED_EDGE('',*,*,#4258,.T.);
#1487=ORIENTED_EDGE('',*,*,#4259,.F.);
#1488=ORIENTED_EDGE('',*,*,#4260,.T.);
#1489=ORIENTED_EDGE('',*,*,#4261,.F.);
#1490=ORIENTED_EDGE('',*,*,#4262,.T.);
#1491=ORIENTED_EDGE('',*,*,#4263,.F.);
#1492=ORIENTED_EDGE('',*,*,#4264,.T.);
#1493=ORIENTED_EDGE('',*,*,#4265,.F.);
#1494=ORIENTED_EDGE('',*,*,#4266,.T.);
#1495=ORIENTED_EDGE('',*,*,#4267,.F.);
#1496=ORIENTED_EDGE('',*,*,#4268,.T.);
#1497=ORIENTED_EDGE('',*,*,#4269,.F.);
#1498=ORIENTED_EDGE('',*,*,#4270,.T.);
#1499=ORIENTED_EDGE('',*,*,#4271,.F.);
#1500=ORIENTED_EDGE('',*,*,#4272,.T.);
#1501=ORIENTED_EDGE('',*,*,#4273,.F.);
#1502=ORIENTED_EDGE('',*,*,#4274,.T.);
#1503=ORIENTED_EDGE('',*,*,#4275,.F.);
#1504=ORIENTED_EDGE('',*,*,#4276,.T.);
#1505=ORIENTED_EDGE('',*,*,#4277,.F.);
#1506=ORIENTED_EDGE('',*,*,#4278,.T.);
#1507=ORIENTED_EDGE('',*,*,#4279,.F.);
#1508=ORIENTED_EDGE('',*,*,#4280,.T.);
#1509=ORIENTED_EDGE('',*,*,#4281,.F.);
#1510=ORIENTED_EDGE('',*,*,#4282,.T.);
#1511=ORIENTED_EDGE('',*,*,#4283,.F.);
#1512=ORIENTED_EDGE('',*,*,#4284,.T.);
#1513=ORIENTED_EDGE('',*,*,#4285,.F.);
#1514=ORIENTED_EDGE('',*,*,#4286,.T.);
#1515=ORIENTED_EDGE('',*,*,#4287,.F.);
#1516=ORIENTED_EDGE('',*,*,#4288,.T.);
#1517=ORIENTED_EDGE('',*,*,#4289,.F.);
#1518=ORIENTED_EDGE('',*,*,#4290,.T.);
#1519=ORIENTED_EDGE('',*,*,#4291,.F.);
#1520=ORIENTED_EDGE('',*,*,#4292,.T.);
#1521=ORIENTED_EDGE('',*,*,#4293,.F.);
#1522=ORIENTED_EDGE('',*,*,#4294,.T.);
#1523=ORIENTED_EDGE('',*,*,#4295,.F.);
#1524=ORIENTED_EDGE('',*,*,#4296,.T.);
#1525=ORIENTED_EDGE('',*,*,#4297,.F.);
#1526=ORIENTED_EDGE('',*,*,#4298,.T.);
#1527=ORIENTED_EDGE('',*,*,#4299,.F.);
#1528=ORIENTED_EDGE('',*,*,#4300,.T.);
#1529=ORIENTED_EDGE('',*,*,#4301,.F.);
#1530=ORIENTED_EDGE('',*,*,#4302,.T.);
#1531=ORIENTED_EDGE('',*,*,#4303,.F.);
#1532=ORIENTED_EDGE('',*,*,#4304,.T.);
#1533=ORIENTED_EDGE('',*,*,#4305,.F.);
#1534=ORIENTED_EDGE('',*,*,#4306,.T.);
#1535=ORIENTED_EDGE('',*,*,#4307,.F.);
#1536=ORIENTED_EDGE('',*,*,#4308,.T.);
#1537=ORIENTED_EDGE('',*,*,#4309,.F.);
#1538=ORIENTED_EDGE('',*,*,#4310,.T.);
#1539=ORIENTED_EDGE('',*,*,#4311,.F.);
#1540=ORIENTED_EDGE('',*,*,#4312,.T.);
#1541=ORIENTED_EDGE('',*,*,#4313,.F.);
#1542=ORIENTED_EDGE('',*,*,#4314,.T.);
#1543=ORIENTED_EDGE('',*,*,#4315,.F.);
#1544=ORIENTED_EDGE('',*,*,#4316,.T.);
#1545=ORIENTED_EDGE('',*,*,#4317,.F.);
#1546=ORIENTED_EDGE('',*,*,#4318,.T.);
#1547=ORIENTED_EDGE('',*,*,#4319,.F.);
#1548=ORIENTED_EDGE('',*,*,#4320,.T.);
#1549=ORIENTED_EDGE('',*,*,#4321,.F.);
#1550=ORIENTED_EDGE('',*,*,#4322,.T.);
#1551=ORIENTED_EDGE('',*,*,#4323,.F.);
#1552=ORIENTED_EDGE('',*,*,#4324,.T.);
#1553=ORIENTED_EDGE('',*,*,#4325,.F.);
#1554=ORIENTED_EDGE('',*,*,#4326,.T.);
#1555=ORIENTED_EDGE('',*,*,#4327,.F.);
#1556=ORIENTED_EDGE('',*,*,#4328,.T.);
#1557=ORIENTED_EDGE('',*,*,#4329,.F.);
#1558=ORIENTED_EDGE('',*,*,#4330,.T.);
#1559=ORIENTED_EDGE('',*,*,#4331,.F.);
#1560=ORIENTED_EDGE('',*,*,#4332,.T.);
#1561=ORIENTED_EDGE('',*,*,#4333,.F.);
#1562=ORIENTED_EDGE('',*,*,#4334,.T.);
#1563=ORIENTED_EDGE('',*,*,#4335,.F.);
#1564=ORIENTED_EDGE('',*,*,#4336,.T.);
#1565=ORIENTED_EDGE('',*,*,#4337,.F.);
#1566=ORIENTED_EDGE('',*,*,#4338,.T.);
#1567=ORIENTED_EDGE('',*,*,#4339,.F.);
#1568=ORIENTED_EDGE('',*,*,#4340,.T.);
#1569=ORIENTED_EDGE('',*,*,#4341,.F.);
#1570=ORIENTED_EDGE('',*,*,#4342,.T.);
#1571=ORIENTED_EDGE('',*,*,#4343,.F.);
#1572=ORIENTED_EDGE('',*,*,#4344,.T.);
#1573=ORIENTED_EDGE('',*,*,#4345,.F.);
#1574=ORIENTED_EDGE('',*,*,#4346,.T.);
#1575=ORIENTED_EDGE('',*,*,#4347,.F.);
#1576=ORIENTED_EDGE('',*,*,#4348,.T.);
#1577=ORIENTED_EDGE('',*,*,#4349,.F.);
#1578=ORIENTED_EDGE('',*,*,#4350,.T.);
#1579=ORIENTED_EDGE('',*,*,#4351,.F.);
#1580=ORIENTED_EDGE('',*,*,#4352,.T.);
#1581=ORIENTED_EDGE('',*,*,#4353,.F.);
#1582=ORIENTED_EDGE('',*,*,#4354,.T.);
#1583=ORIENTED_EDGE('',*,*,#4355,.F.);
#1584=ORIENTED_EDGE('',*,*,#4356,.T.);
#1585=ORIENTED_EDGE('',*,*,#4357,.F.);
#1586=ORIENTED_EDGE('',*,*,#4358,.T.);
#1587=ORIENTED_EDGE('',*,*,#4359,.F.);
#1588=ORIENTED_EDGE('',*,*,#4360,.T.);
#1589=ORIENTED_EDGE('',*,*,#4361,.F.);
#1590=ORIENTED_EDGE('',*,*,#4362,.T.);
#1591=ORIENTED_EDGE('',*,*,#4363,.T.);
#1592=ORIENTED_EDGE('',*,*,#4364,.T.);
#1593=ORIENTED_EDGE('',*,*,#4365,.T.);
#1594=ORIENTED_EDGE('',*,*,#4366,.T.);
#1595=ORIENTED_EDGE('',*,*,#4367,.T.);
#1596=ORIENTED_EDGE('',*,*,#4368,.T.);
#1597=ORIENTED_EDGE('',*,*,#4369,.T.);
#1598=ORIENTED_EDGE('',*,*,#4370,.T.);
#1599=ORIENTED_EDGE('',*,*,#4371,.T.);
#1600=ORIENTED_EDGE('',*,*,#4372,.T.);
#1601=ORIENTED_EDGE('',*,*,#4373,.T.);
#1602=ORIENTED_EDGE('',*,*,#4374,.T.);
#1603=ORIENTED_EDGE('',*,*,#4375,.T.);
#1604=ORIENTED_EDGE('',*,*,#4376,.T.);
#1605=ORIENTED_EDGE('',*,*,#4377,.T.);
#1606=ORIENTED_EDGE('',*,*,#4378,.T.);
#1607=ORIENTED_EDGE('',*,*,#4379,.T.);
#1608=ORIENTED_EDGE('',*,*,#4380,.T.);
#1609=ORIENTED_EDGE('',*,*,#4381,.T.);
#1610=ORIENTED_EDGE('',*,*,#4382,.T.);
#1611=ORIENTED_EDGE('',*,*,#4383,.T.);
#1612=ORIENTED_EDGE('',*,*,#4384,.T.);
#1613=ORIENTED_EDGE('',*,*,#4385,.T.);
#1614=ORIENTED_EDGE('',*,*,#4386,.T.);
#1615=ORIENTED_EDGE('',*,*,#4387,.T.);
#1616=ORIENTED_EDGE('',*,*,#4388,.T.);
#1617=ORIENTED_EDGE('',*,*,#4389,.T.);
#1618=ORIENTED_EDGE('',*,*,#4390,.T.);
#1619=ORIENTED_EDGE('',*,*,#4391,.T.);
#1620=ORIENTED_EDGE('',*,*,#4392,.T.);
#1621=ORIENTED_EDGE('',*,*,#4393,.T.);
#1622=ORIENTED_EDGE('',*,*,#4394,.T.);
#1623=ORIENTED_EDGE('',*,*,#4395,.T.);
#1624=ORIENTED_EDGE('',*,*,#4396,.T.);
#1625=ORIENTED_EDGE('',*,*,#4397,.T.);
#1626=ORIENTED_EDGE('',*,*,#4398,.T.);
#1627=ORIENTED_EDGE('',*,*,#4399,.T.);
#1628=ORIENTED_EDGE('',*,*,#4400,.T.);
#1629=ORIENTED_EDGE('',*,*,#4401,.T.);
#1630=ORIENTED_EDGE('',*,*,#4402,.T.);
#1631=ORIENTED_EDGE('',*,*,#4403,.T.);
#1632=ORIENTED_EDGE('',*,*,#4404,.T.);
#1633=ORIENTED_EDGE('',*,*,#4405,.T.);
#1634=ORIENTED_EDGE('',*,*,#4406,.T.);
#1635=ORIENTED_EDGE('',*,*,#4407,.T.);
#1636=ORIENTED_EDGE('',*,*,#4408,.T.);
#1637=ORIENTED_EDGE('',*,*,#4409,.T.);
#1638=ORIENTED_EDGE('',*,*,#4410,.T.);
#1639=ORIENTED_EDGE('',*,*,#4411,.T.);
#1640=ORIENTED_EDGE('',*,*,#4412,.T.);
#1641=ORIENTED_EDGE('',*,*,#4413,.T.);
#1642=ORIENTED_EDGE('',*,*,#4414,.T.);
#1643=ORIENTED_EDGE('',*,*,#4415,.T.);
#1644=ORIENTED_EDGE('',*,*,#4416,.T.);
#1645=ORIENTED_EDGE('',*,*,#4417,.T.);
#1646=ORIENTED_EDGE('',*,*,#4418,.T.);
#1647=ORIENTED_EDGE('',*,*,#4419,.T.);
#1648=ORIENTED_EDGE('',*,*,#4420,.T.);
#1649=ORIENTED_EDGE('',*,*,#4421,.T.);
#1650=ORIENTED_EDGE('',*,*,#4422,.T.);
#1651=ORIENTED_EDGE('',*,*,#4423,.T.);
#1652=ORIENTED_EDGE('',*,*,#4424,.T.);
#1653=ORIENTED_EDGE('',*,*,#4425,.T.);
#1654=ORIENTED_EDGE('',*,*,#4426,.T.);
#1655=ORIENTED_EDGE('',*,*,#4427,.T.);
#1656=ORIENTED_EDGE('',*,*,#4428,.T.);
#1657=ORIENTED_EDGE('',*,*,#4429,.T.);
#1658=ORIENTED_EDGE('',*,*,#4430,.T.);
#1659=ORIENTED_EDGE('',*,*,#4431,.T.);
#1660=ORIENTED_EDGE('',*,*,#4432,.T.);
#1661=ORIENTED_EDGE('',*,*,#4433,.T.);
#1662=ORIENTED_EDGE('',*,*,#4434,.T.);
#1663=ORIENTED_EDGE('',*,*,#4435,.T.);
#1664=ORIENTED_EDGE('',*,*,#4436,.T.);
#1665=ORIENTED_EDGE('',*,*,#4437,.T.);
#1666=ORIENTED_EDGE('',*,*,#4438,.T.);
#1667=ORIENTED_EDGE('',*,*,#4439,.T.);
#1668=ORIENTED_EDGE('',*,*,#4440,.T.);
#1669=ORIENTED_EDGE('',*,*,#4441,.T.);
#1670=ORIENTED_EDGE('',*,*,#4442,.T.);
#1671=ORIENTED_EDGE('',*,*,#4443,.T.);
#1672=ORIENTED_EDGE('',*,*,#4444,.T.);
#1673=ORIENTED_EDGE('',*,*,#4445,.T.);
#1674=ORIENTED_EDGE('',*,*,#4446,.T.);
#1675=ORIENTED_EDGE('',*,*,#4447,.T.);
#1676=ORIENTED_EDGE('',*,*,#4448,.T.);
#1677=ORIENTED_EDGE('',*,*,#4449,.T.);
#1678=ORIENTED_EDGE('',*,*,#4450,.T.);
#1679=ORIENTED_EDGE('',*,*,#4451,.T.);
#1680=ORIENTED_EDGE('',*,*,#4452,.T.);
#1681=ORIENTED_EDGE('',*,*,#4453,.T.);
#1682=ORIENTED_EDGE('',*,*,#4454,.T.);
#1683=ORIENTED_EDGE('',*,*,#4455,.T.);
#1684=ORIENTED_EDGE('',*,*,#4456,.T.);
#1685=ORIENTED_EDGE('',*,*,#4457,.T.);
#1686=ORIENTED_EDGE('',*,*,#4458,.T.);
#1687=ORIENTED_EDGE('',*,*,#4459,.T.);
#1688=ORIENTED_EDGE('',*,*,#4460,.T.);
#1689=ORIENTED_EDGE('',*,*,#4461,.T.);
#1690=ORIENTED_EDGE('',*,*,#4462,.T.);
#1691=ORIENTED_EDGE('',*,*,#4463,.T.);
#1692=ORIENTED_EDGE('',*,*,#4464,.T.);
#1693=ORIENTED_EDGE('',*,*,#4465,.T.);
#1694=ORIENTED_EDGE('',*,*,#4466,.T.);
#1695=ORIENTED_EDGE('',*,*,#4467,.T.);
#1696=ORIENTED_EDGE('',*,*,#4468,.T.);
#1697=ORIENTED_EDGE('',*,*,#4469,.T.);
#1698=ORIENTED_EDGE('',*,*,#4470,.T.);
#1699=ORIENTED_EDGE('',*,*,#4471,.T.);
#1700=ORIENTED_EDGE('',*,*,#4472,.T.);
#1701=ORIENTED_EDGE('',*,*,#4473,.T.);
#1702=ORIENTED_EDGE('',*,*,#4474,.T.);
#1703=ORIENTED_EDGE('',*,*,#4475,.T.);
#1704=ORIENTED_EDGE('',*,*,#4476,.T.);
#1705=ORIENTED_EDGE('',*,*,#4477,.T.);
#1706=ORIENTED_EDGE('',*,*,#4478,.T.);
#1707=ORIENTED_EDGE('',*,*,#4479,.T.);
#1708=ORIENTED_EDGE('',*,*,#4480,.T.);
#1709=ORIENTED_EDGE('',*,*,#4481,.T.);
#1710=ORIENTED_EDGE('',*,*,#4482,.T.);
#1711=ORIENTED_EDGE('',*,*,#4483,.T.);
#1712=ORIENTED_EDGE('',*,*,#4484,.T.);
#1713=ORIENTED_EDGE('',*,*,#4485,.T.);
#1714=ORIENTED_EDGE('',*,*,#4486,.T.);
#1715=ORIENTED_EDGE('',*,*,#4487,.T.);
#1716=ORIENTED_EDGE('',*,*,#4488,.T.);
#1717=ORIENTED_EDGE('',*,*,#4489,.T.);
#1718=ORIENTED_EDGE('',*,*,#4490,.T.);
#1719=ORIENTED_EDGE('',*,*,#4491,.T.);
#1720=ORIENTED_EDGE('',*,*,#4492,.T.);
#1721=ORIENTED_EDGE('',*,*,#4493,.T.);
#1722=ORIENTED_EDGE('',*,*,#4494,.T.);
#1723=ORIENTED_EDGE('',*,*,#4495,.T.);
#1724=ORIENTED_EDGE('',*,*,#4496,.T.);
#1725=ORIENTED_EDGE('',*,*,#4497,.T.);
#1726=ORIENTED_EDGE('',*,*,#4498,.T.);
#1727=ORIENTED_EDGE('',*,*,#4499,.T.);
#1728=ORIENTED_EDGE('',*,*,#4500,.T.);
#1729=ORIENTED_EDGE('',*,*,#4501,.T.);
#1730=ORIENTED_EDGE('',*,*,#4502,.T.);
#1731=ORIENTED_EDGE('',*,*,#4503,.T.);
#1732=ORIENTED_EDGE('',*,*,#4504,.T.);
#1733=ORIENTED_EDGE('',*,*,#4505,.T.);
#1734=ORIENTED_EDGE('',*,*,#4506,.T.);
#1735=ORIENTED_EDGE('',*,*,#4507,.T.);
#1736=ORIENTED_EDGE('',*,*,#4508,.T.);
#1737=ORIENTED_EDGE('',*,*,#4509,.T.);
#1738=ORIENTED_EDGE('',*,*,#4510,.T.);
#1739=ORIENTED_EDGE('',*,*,#4511,.T.);
#1740=ORIENTED_EDGE('',*,*,#4512,.T.);
#1741=ORIENTED_EDGE('',*,*,#4513,.T.);
#1742=ORIENTED_EDGE('',*,*,#4514,.T.);
#1743=ORIENTED_EDGE('',*,*,#4515,.T.);
#1744=ORIENTED_EDGE('',*,*,#4516,.T.);
#1745=ORIENTED_EDGE('',*,*,#4517,.T.);
#1746=ORIENTED_EDGE('',*,*,#4518,.T.);
#1747=ORIENTED_EDGE('',*,*,#4519,.T.);
#1748=ORIENTED_EDGE('',*,*,#4520,.T.);
#1749=ORIENTED_EDGE('',*,*,#4521,.T.);
#1750=ORIENTED_EDGE('',*,*,#4522,.T.);
#1751=ORIENTED_EDGE('',*,*,#4523,.T.);
#1752=ORIENTED_EDGE('',*,*,#4524,.T.);
#1753=ORIENTED_EDGE('',*,*,#4525,.T.);
#1754=ORIENTED_EDGE('',*,*,#4526,.T.);
#1755=ORIENTED_EDGE('',*,*,#4527,.T.);
#1756=ORIENTED_EDGE('',*,*,#4528,.T.);
#1757=ORIENTED_EDGE('',*,*,#4529,.T.);
#1758=ORIENTED_EDGE('',*,*,#4530,.T.);
#1759=ORIENTED_EDGE('',*,*,#4531,.T.);
#1760=ORIENTED_EDGE('',*,*,#4532,.T.);
#1761=ORIENTED_EDGE('',*,*,#4533,.T.);
#1762=ORIENTED_EDGE('',*,*,#4534,.T.);
#1763=ORIENTED_EDGE('',*,*,#4535,.T.);
#1764=ORIENTED_EDGE('',*,*,#4536,.T.);
#1765=ORIENTED_EDGE('',*,*,#4537,.T.);
#1766=ORIENTED_EDGE('',*,*,#4538,.T.);
#1767=ORIENTED_EDGE('',*,*,#4539,.T.);
#1768=ORIENTED_EDGE('',*,*,#4540,.T.);
#1769=ORIENTED_EDGE('',*,*,#4541,.T.);
#1770=ORIENTED_EDGE('',*,*,#4542,.T.);
#1771=ORIENTED_EDGE('',*,*,#4543,.T.);
#1772=ORIENTED_EDGE('',*,*,#4544,.T.);
#1773=ORIENTED_EDGE('',*,*,#4545,.T.);
#1774=ORIENTED_EDGE('',*,*,#4546,.T.);
#1775=ORIENTED_EDGE('',*,*,#4547,.T.);
#1776=ORIENTED_EDGE('',*,*,#4548,.T.);
#1777=ORIENTED_EDGE('',*,*,#4549,.T.);
#1778=ORIENTED_EDGE('',*,*,#4550,.T.);
#1779=ORIENTED_EDGE('',*,*,#4551,.T.);
#1780=ORIENTED_EDGE('',*,*,#4552,.T.);
#1781=ORIENTED_EDGE('',*,*,#4553,.T.);
#1782=ORIENTED_EDGE('',*,*,#4554,.T.);
#1783=ORIENTED_EDGE('',*,*,#4555,.T.);
#1784=ORIENTED_EDGE('',*,*,#4556,.T.);
#1785=ORIENTED_EDGE('',*,*,#4557,.T.);
#1786=ORIENTED_EDGE('',*,*,#4558,.T.);
#1787=ORIENTED_EDGE('',*,*,#4559,.T.);
#1788=ORIENTED_EDGE('',*,*,#4560,.T.);
#1789=ORIENTED_EDGE('',*,*,#4561,.T.);
#1790=ORIENTED_EDGE('',*,*,#4562,.T.);
#1791=ORIENTED_EDGE('',*,*,#4563,.T.);
#1792=ORIENTED_EDGE('',*,*,#4564,.T.);
#1793=ORIENTED_EDGE('',*,*,#4565,.T.);
#1794=ORIENTED_EDGE('',*,*,#4566,.T.);
#1795=ORIENTED_EDGE('',*,*,#4567,.T.);
#1796=ORIENTED_EDGE('',*,*,#4568,.T.);
#1797=ORIENTED_EDGE('',*,*,#4569,.T.);
#1798=ORIENTED_EDGE('',*,*,#4570,.T.);
#1799=ORIENTED_EDGE('',*,*,#4571,.T.);
#1800=ORIENTED_EDGE('',*,*,#4572,.T.);
#1801=ORIENTED_EDGE('',*,*,#4573,.T.);
#1802=ORIENTED_EDGE('',*,*,#4574,.T.);
#1803=ORIENTED_EDGE('',*,*,#4575,.T.);
#1804=ORIENTED_EDGE('',*,*,#4576,.T.);
#1805=ORIENTED_EDGE('',*,*,#4577,.T.);
#1806=ORIENTED_EDGE('',*,*,#4578,.T.);
#1807=ORIENTED_EDGE('',*,*,#4579,.T.);
#1808=ORIENTED_EDGE('',*,*,#4580,.T.);
#1809=ORIENTED_EDGE('',*,*,#4581,.T.);
#1810=ORIENTED_EDGE('',*,*,#4582,.T.);
#1811=ORIENTED_EDGE('',*,*,#4583,.T.);
#1812=ORIENTED_EDGE('',*,*,#4584,.T.);
#1813=ORIENTED_EDGE('',*,*,#4585,.T.);
#1814=ORIENTED_EDGE('',*,*,#4586,.T.);
#1815=ORIENTED_EDGE('',*,*,#4587,.T.);
#1816=ORIENTED_EDGE('',*,*,#4588,.T.);
#1817=ORIENTED_EDGE('',*,*,#4589,.T.);
#1818=ORIENTED_EDGE('',*,*,#4590,.T.);
#1819=ORIENTED_EDGE('',*,*,#4591,.T.);
#1820=ORIENTED_EDGE('',*,*,#4592,.T.);
#1821=ORIENTED_EDGE('',*,*,#4593,.T.);
#1822=ORIENTED_EDGE('',*,*,#4594,.T.);
#1823=ORIENTED_EDGE('',*,*,#4595,.T.);
#1824=ORIENTED_EDGE('',*,*,#4596,.T.);
#1825=ORIENTED_EDGE('',*,*,#4597,.T.);
#1826=ORIENTED_EDGE('',*,*,#4598,.T.);
#1827=ORIENTED_EDGE('',*,*,#4599,.T.);
#1828=ORIENTED_EDGE('',*,*,#4600,.T.);
#1829=ORIENTED_EDGE('',*,*,#4601,.T.);
#1830=ORIENTED_EDGE('',*,*,#4602,.T.);
#1831=ORIENTED_EDGE('',*,*,#4603,.T.);
#1832=ORIENTED_EDGE('',*,*,#4604,.T.);
#1833=ORIENTED_EDGE('',*,*,#4605,.T.);
#1834=ORIENTED_EDGE('',*,*,#4606,.T.);
#1835=ORIENTED_EDGE('',*,*,#4607,.T.);
#1836=ORIENTED_EDGE('',*,*,#4608,.T.);
#1837=ORIENTED_EDGE('',*,*,#4609,.T.);
#1838=ORIENTED_EDGE('',*,*,#4610,.T.);
#1839=ORIENTED_EDGE('',*,*,#4611,.T.);
#1840=ORIENTED_EDGE('',*,*,#4612,.T.);
#1841=ORIENTED_EDGE('',*,*,#4613,.T.);
#1842=ORIENTED_EDGE('',*,*,#4614,.T.);
#1843=ORIENTED_EDGE('',*,*,#4615,.T.);
#1844=ORIENTED_EDGE('',*,*,#4616,.T.);
#1845=ORIENTED_EDGE('',*,*,#4617,.T.);
#1846=ORIENTED_EDGE('',*,*,#4618,.T.);
#1847=ORIENTED_EDGE('',*,*,#4619,.T.);
#1848=ORIENTED_EDGE('',*,*,#4620,.T.);
#1849=ORIENTED_EDGE('',*,*,#4621,.T.);
#1850=ORIENTED_EDGE('',*,*,#4622,.T.);
#1851=ORIENTED_EDGE('',*,*,#4623,.T.);
#1852=ORIENTED_EDGE('',*,*,#4624,.T.);
#1853=ORIENTED_EDGE('',*,*,#4625,.T.);
#1854=ORIENTED_EDGE('',*,*,#4626,.T.);
#1855=ORIENTED_EDGE('',*,*,#4627,.T.);
#1856=ORIENTED_EDGE('',*,*,#4628,.T.);
#1857=ORIENTED_EDGE('',*,*,#4629,.T.);
#1858=ORIENTED_EDGE('',*,*,#4630,.T.);
#1859=ORIENTED_EDGE('',*,*,#4631,.T.);
#1860=ORIENTED_EDGE('',*,*,#4632,.T.);
#1861=ORIENTED_EDGE('',*,*,#4633,.T.);
#1862=ORIENTED_EDGE('',*,*,#4634,.T.);
#1863=ORIENTED_EDGE('',*,*,#4635,.T.);
#1864=ORIENTED_EDGE('',*,*,#4636,.T.);
#1865=ORIENTED_EDGE('',*,*,#4637,.T.);
#1866=ORIENTED_EDGE('',*,*,#4638,.T.);
#1867=ORIENTED_EDGE('',*,*,#4639,.T.);
#1868=ORIENTED_EDGE('',*,*,#4640,.T.);
#1869=ORIENTED_EDGE('',*,*,#4641,.T.);
#1870=ORIENTED_EDGE('',*,*,#4642,.T.);
#1871=ORIENTED_EDGE('',*,*,#4643,.T.);
#1872=ORIENTED_EDGE('',*,*,#4644,.T.);
#1873=ORIENTED_EDGE('',*,*,#4645,.T.);
#1874=ORIENTED_EDGE('',*,*,#4646,.T.);
#1875=ORIENTED_EDGE('',*,*,#4647,.T.);
#1876=ORIENTED_EDGE('',*,*,#4648,.T.);
#1877=ORIENTED_EDGE('',*,*,#4649,.T.);
#1878=ORIENTED_EDGE('',*,*,#4650,.T.);
#1879=ORIENTED_EDGE('',*,*,#4651,.T.);
#1880=ORIENTED_EDGE('',*,*,#4652,.T.);
#1881=ORIENTED_EDGE('',*,*,#4653,.T.);
#1882=ORIENTED_EDGE('',*,*,#4654,.T.);
#1883=ORIENTED_EDGE('',*,*,#4655,.T.);
#1884=ORIENTED_EDGE('',*,*,#4656,.T.);
#1885=ORIENTED_EDGE('',*,*,#4657,.T.);
#1886=ORIENTED_EDGE('',*,*,#4658,.T.);
#1887=ORIENTED_EDGE('',*,*,#4659,.T.);
#1888=ORIENTED_EDGE('',*,*,#4660,.T.);
#1889=ORIENTED_EDGE('',*,*,#4661,.T.);
#1890=ORIENTED_EDGE('',*,*,#4662,.T.);
#1891=ORIENTED_EDGE('',*,*,#4663,.T.);
#1892=ORIENTED_EDGE('',*,*,#4664,.T.);
#1893=ORIENTED_EDGE('',*,*,#4665,.T.);
#1894=ORIENTED_EDGE('',*,*,#4666,.T.);
#1895=ORIENTED_EDGE('',*,*,#4667,.T.);
#1896=ORIENTED_EDGE('',*,*,#4668,.T.);
#1897=ORIENTED_EDGE('',*,*,#4669,.T.);
#1898=ORIENTED_EDGE('',*,*,#4670,.T.);
#1899=ORIENTED_EDGE('',*,*,#4671,.T.);
#1900=ORIENTED_EDGE('',*,*,#4672,.T.);
#1901=ORIENTED_EDGE('',*,*,#4673,.T.);
#1902=ORIENTED_EDGE('',*,*,#4674,.T.);
#1903=ORIENTED_EDGE('',*,*,#4675,.T.);
#1904=ORIENTED_EDGE('',*,*,#4676,.T.);
#1905=ORIENTED_EDGE('',*,*,#4677,.T.);
#1906=ORIENTED_EDGE('',*,*,#4678,.T.);
#1907=ORIENTED_EDGE('',*,*,#4679,.T.);
#1908=ORIENTED_EDGE('',*,*,#4680,.T.);
#1909=ORIENTED_EDGE('',*,*,#4681,.T.);
#1910=ORIENTED_EDGE('',*,*,#4682,.T.);
#1911=ORIENTED_EDGE('',*,*,#4683,.T.);
#1912=ORIENTED_EDGE('',*,*,#4684,.T.);
#1913=ORIENTED_EDGE('',*,*,#4685,.T.);
#1914=ORIENTED_EDGE('',*,*,#4686,.T.);
#1915=ORIENTED_EDGE('',*,*,#4687,.T.);
#1916=ORIENTED_EDGE('',*,*,#4688,.T.);
#1917=ORIENTED_EDGE('',*,*,#4689,.T.);
#1918=ORIENTED_EDGE('',*,*,#4690,.T.);
#1919=ORIENTED_EDGE('',*,*,#4691,.T.);
#1920=ORIENTED_EDGE('',*,*,#4692,.T.);
#1921=ORIENTED_EDGE('',*,*,#4693,.T.);
#1922=ORIENTED_EDGE('',*,*,#4694,.T.);
#1923=ORIENTED_EDGE('',*,*,#4695,.T.);
#1924=ORIENTED_EDGE('',*,*,#4696,.T.);
#1925=ORIENTED_EDGE('',*,*,#4697,.T.);
#1926=ORIENTED_EDGE('',*,*,#4698,.T.);
#1927=ORIENTED_EDGE('',*,*,#4699,.T.);
#1928=ORIENTED_EDGE('',*,*,#4700,.T.);
#1929=ORIENTED_EDGE('',*,*,#4701,.T.);
#1930=ORIENTED_EDGE('',*,*,#4702,.T.);
#1931=ORIENTED_EDGE('',*,*,#4703,.T.);
#1932=ORIENTED_EDGE('',*,*,#4704,.T.);
#1933=ORIENTED_EDGE('',*,*,#4705,.T.);
#1934=ORIENTED_EDGE('',*,*,#4706,.T.);
#1935=ORIENTED_EDGE('',*,*,#4707,.T.);
#1936=ORIENTED_EDGE('',*,*,#4708,.T.);
#1937=ORIENTED_EDGE('',*,*,#4709,.T.);
#1938=ORIENTED_EDGE('',*,*,#4710,.T.);
#1939=ORIENTED_EDGE('',*,*,#4711,.T.);
#1940=ORIENTED_EDGE('',*,*,#4712,.T.);
#1941=ORIENTED_EDGE('',*,*,#4713,.T.);
#1942=ORIENTED_EDGE('',*,*,#4714,.T.);
#1943=ORIENTED_EDGE('',*,*,#4715,.T.);
#1944=ORIENTED_EDGE('',*,*,#4716,.T.);
#1945=ORIENTED_EDGE('',*,*,#4717,.T.);
#1946=ORIENTED_EDGE('',*,*,#4718,.T.);
#1947=ORIENTED_EDGE('',*,*,#4719,.T.);
#1948=ORIENTED_EDGE('',*,*,#4720,.T.);
#1949=ORIENTED_EDGE('',*,*,#4721,.T.);
#1950=ORIENTED_EDGE('',*,*,#4722,.T.);
#1951=ORIENTED_EDGE('',*,*,#4723,.T.);
#1952=ORIENTED_EDGE('',*,*,#4724,.T.);
#1953=ORIENTED_EDGE('',*,*,#4725,.T.);
#1954=ORIENTED_EDGE('',*,*,#4726,.T.);
#1955=ORIENTED_EDGE('',*,*,#4727,.T.);
#1956=ORIENTED_EDGE('',*,*,#4728,.T.);
#1957=ORIENTED_EDGE('',*,*,#4729,.T.);
#1958=ORIENTED_EDGE('',*,*,#4730,.T.);
#1959=ORIENTED_EDGE('',*,*,#4731,.T.);
#1960=ORIENTED_EDGE('',*,*,#4732,.T.);
#1961=ORIENTED_EDGE('',*,*,#4733,.T.);
#1962=ORIENTED_EDGE('',*,*,#4734,.T.);
#1963=ORIENTED_EDGE('',*,*,#4735,.T.);
#1964=ORIENTED_EDGE('',*,*,#4736,.T.);
#1965=ORIENTED_EDGE('',*,*,#4737,.T.);
#1966=ORIENTED_EDGE('',*,*,#4738,.T.);
#1967=ORIENTED_EDGE('',*,*,#4739,.T.);
#1968=ORIENTED_EDGE('',*,*,#4740,.T.);
#1969=ORIENTED_EDGE('',*,*,#4741,.T.);
#1970=ORIENTED_EDGE('',*,*,#4742,.T.);
#1971=ORIENTED_EDGE('',*,*,#4743,.T.);
#1972=ORIENTED_EDGE('',*,*,#4744,.T.);
#1973=ORIENTED_EDGE('',*,*,#4745,.T.);
#1974=ORIENTED_EDGE('',*,*,#4746,.T.);
#1975=ORIENTED_EDGE('',*,*,#4747,.T.);
#1976=ORIENTED_EDGE('',*,*,#4748,.T.);
#1977=ORIENTED_EDGE('',*,*,#4749,.T.);
#1978=ORIENTED_EDGE('',*,*,#4750,.T.);
#1979=ORIENTED_EDGE('',*,*,#4751,.T.);
#1980=ORIENTED_EDGE('',*,*,#4752,.T.);
#1981=ORIENTED_EDGE('',*,*,#4753,.T.);
#1982=ORIENTED_EDGE('',*,*,#4754,.T.);
#1983=ORIENTED_EDGE('',*,*,#4755,.T.);
#1984=ORIENTED_EDGE('',*,*,#4756,.F.);
#1985=ORIENTED_EDGE('',*,*,#4757,.F.);
#1986=ORIENTED_EDGE('',*,*,#4758,.T.);
#1987=ORIENTED_EDGE('',*,*,#4759,.T.);
#1988=ORIENTED_EDGE('',*,*,#4760,.T.);
#1989=ORIENTED_EDGE('',*,*,#4168,.F.);
#1990=ORIENTED_EDGE('',*,*,#4761,.F.);
#1991=ORIENTED_EDGE('',*,*,#4748,.F.);
#1992=ORIENTED_EDGE('',*,*,#4758,.F.);
#1993=ORIENTED_EDGE('',*,*,#4750,.F.);
#1994=ORIENTED_EDGE('',*,*,#4762,.F.);
#1995=ORIENTED_EDGE('',*,*,#4166,.F.);
#1996=ORIENTED_EDGE('',*,*,#4763,.F.);
#1997=ORIENTED_EDGE('',*,*,#4167,.T.);
#1998=ORIENTED_EDGE('',*,*,#4762,.T.);
#1999=ORIENTED_EDGE('',*,*,#4749,.F.);
#2000=ORIENTED_EDGE('',*,*,#4761,.T.);
#2001=ORIENTED_EDGE('',*,*,#4764,.F.);
#2002=ORIENTED_EDGE('',*,*,#4765,.T.);
#2003=ORIENTED_EDGE('',*,*,#4766,.T.);
#2004=ORIENTED_EDGE('',*,*,#4767,.T.);
#2005=ORIENTED_EDGE('',*,*,#4172,.F.);
#2006=ORIENTED_EDGE('',*,*,#4768,.F.);
#2007=ORIENTED_EDGE('',*,*,#4744,.F.);
#2008=ORIENTED_EDGE('',*,*,#4765,.F.);
#2009=ORIENTED_EDGE('',*,*,#4746,.F.);
#2010=ORIENTED_EDGE('',*,*,#4769,.F.);
#2011=ORIENTED_EDGE('',*,*,#4170,.F.);
#2012=ORIENTED_EDGE('',*,*,#4760,.F.);
#2013=ORIENTED_EDGE('',*,*,#4171,.T.);
#2014=ORIENTED_EDGE('',*,*,#4769,.T.);
#2015=ORIENTED_EDGE('',*,*,#4745,.F.);
#2016=ORIENTED_EDGE('',*,*,#4768,.T.);
#2017=ORIENTED_EDGE('',*,*,#4770,.F.);
#2018=ORIENTED_EDGE('',*,*,#4771,.T.);
#2019=ORIENTED_EDGE('',*,*,#4772,.T.);
#2020=ORIENTED_EDGE('',*,*,#4773,.T.);
#2021=ORIENTED_EDGE('',*,*,#4176,.F.);
#2022=ORIENTED_EDGE('',*,*,#4774,.F.);
#2023=ORIENTED_EDGE('',*,*,#4740,.F.);
#2024=ORIENTED_EDGE('',*,*,#4771,.F.);
#2025=ORIENTED_EDGE('',*,*,#4742,.F.);
#2026=ORIENTED_EDGE('',*,*,#4775,.F.);
#2027=ORIENTED_EDGE('',*,*,#4174,.F.);
#2028=ORIENTED_EDGE('',*,*,#4767,.F.);
#2029=ORIENTED_EDGE('',*,*,#4175,.T.);
#2030=ORIENTED_EDGE('',*,*,#4775,.T.);
#2031=ORIENTED_EDGE('',*,*,#4741,.F.);
#2032=ORIENTED_EDGE('',*,*,#4774,.T.);
#2033=ORIENTED_EDGE('',*,*,#4776,.F.);
#2034=ORIENTED_EDGE('',*,*,#4777,.T.);
#2035=ORIENTED_EDGE('',*,*,#4778,.T.);
#2036=ORIENTED_EDGE('',*,*,#4779,.T.);
#2037=ORIENTED_EDGE('',*,*,#4180,.F.);
#2038=ORIENTED_EDGE('',*,*,#4780,.F.);
#2039=ORIENTED_EDGE('',*,*,#4736,.F.);
#2040=ORIENTED_EDGE('',*,*,#4777,.F.);
#2041=ORIENTED_EDGE('',*,*,#4738,.F.);
#2042=ORIENTED_EDGE('',*,*,#4781,.F.);
#2043=ORIENTED_EDGE('',*,*,#4178,.F.);
#2044=ORIENTED_EDGE('',*,*,#4773,.F.);
#2045=ORIENTED_EDGE('',*,*,#4179,.T.);
#2046=ORIENTED_EDGE('',*,*,#4781,.T.);
#2047=ORIENTED_EDGE('',*,*,#4737,.F.);
#2048=ORIENTED_EDGE('',*,*,#4780,.T.);
#2049=ORIENTED_EDGE('',*,*,#4782,.F.);
#2050=ORIENTED_EDGE('',*,*,#4783,.T.);
#2051=ORIENTED_EDGE('',*,*,#4784,.T.);
#2052=ORIENTED_EDGE('',*,*,#4785,.T.);
#2053=ORIENTED_EDGE('',*,*,#4184,.F.);
#2054=ORIENTED_EDGE('',*,*,#4786,.F.);
#2055=ORIENTED_EDGE('',*,*,#4732,.F.);
#2056=ORIENTED_EDGE('',*,*,#4783,.F.);
#2057=ORIENTED_EDGE('',*,*,#4734,.F.);
#2058=ORIENTED_EDGE('',*,*,#4787,.F.);
#2059=ORIENTED_EDGE('',*,*,#4182,.F.);
#2060=ORIENTED_EDGE('',*,*,#4779,.F.);
#2061=ORIENTED_EDGE('',*,*,#4183,.T.);
#2062=ORIENTED_EDGE('',*,*,#4787,.T.);
#2063=ORIENTED_EDGE('',*,*,#4733,.F.);
#2064=ORIENTED_EDGE('',*,*,#4786,.T.);
#2065=ORIENTED_EDGE('',*,*,#4788,.F.);
#2066=ORIENTED_EDGE('',*,*,#4789,.T.);
#2067=ORIENTED_EDGE('',*,*,#4790,.T.);
#2068=ORIENTED_EDGE('',*,*,#4791,.T.);
#2069=ORIENTED_EDGE('',*,*,#4188,.F.);
#2070=ORIENTED_EDGE('',*,*,#4792,.F.);
#2071=ORIENTED_EDGE('',*,*,#4728,.F.);
#2072=ORIENTED_EDGE('',*,*,#4789,.F.);
#2073=ORIENTED_EDGE('',*,*,#4730,.F.);
#2074=ORIENTED_EDGE('',*,*,#4793,.F.);
#2075=ORIENTED_EDGE('',*,*,#4186,.F.);
#2076=ORIENTED_EDGE('',*,*,#4785,.F.);
#2077=ORIENTED_EDGE('',*,*,#4187,.T.);
#2078=ORIENTED_EDGE('',*,*,#4793,.T.);
#2079=ORIENTED_EDGE('',*,*,#4729,.F.);
#2080=ORIENTED_EDGE('',*,*,#4792,.T.);
#2081=ORIENTED_EDGE('',*,*,#4794,.F.);
#2082=ORIENTED_EDGE('',*,*,#4795,.T.);
#2083=ORIENTED_EDGE('',*,*,#4796,.T.);
#2084=ORIENTED_EDGE('',*,*,#4797,.T.);
#2085=ORIENTED_EDGE('',*,*,#4192,.F.);
#2086=ORIENTED_EDGE('',*,*,#4798,.F.);
#2087=ORIENTED_EDGE('',*,*,#4724,.F.);
#2088=ORIENTED_EDGE('',*,*,#4795,.F.);
#2089=ORIENTED_EDGE('',*,*,#4726,.F.);
#2090=ORIENTED_EDGE('',*,*,#4799,.F.);
#2091=ORIENTED_EDGE('',*,*,#4190,.F.);
#2092=ORIENTED_EDGE('',*,*,#4791,.F.);
#2093=ORIENTED_EDGE('',*,*,#4191,.T.);
#2094=ORIENTED_EDGE('',*,*,#4799,.T.);
#2095=ORIENTED_EDGE('',*,*,#4725,.F.);
#2096=ORIENTED_EDGE('',*,*,#4798,.T.);
#2097=ORIENTED_EDGE('',*,*,#4800,.F.);
#2098=ORIENTED_EDGE('',*,*,#4801,.T.);
#2099=ORIENTED_EDGE('',*,*,#4802,.T.);
#2100=ORIENTED_EDGE('',*,*,#4803,.T.);
#2101=ORIENTED_EDGE('',*,*,#4196,.F.);
#2102=ORIENTED_EDGE('',*,*,#4804,.F.);
#2103=ORIENTED_EDGE('',*,*,#4720,.F.);
#2104=ORIENTED_EDGE('',*,*,#4801,.F.);
#2105=ORIENTED_EDGE('',*,*,#4722,.F.);
#2106=ORIENTED_EDGE('',*,*,#4805,.F.);
#2107=ORIENTED_EDGE('',*,*,#4194,.F.);
#2108=ORIENTED_EDGE('',*,*,#4797,.F.);
#2109=ORIENTED_EDGE('',*,*,#4195,.T.);
#2110=ORIENTED_EDGE('',*,*,#4805,.T.);
#2111=ORIENTED_EDGE('',*,*,#4721,.F.);
#2112=ORIENTED_EDGE('',*,*,#4804,.T.);
#2113=ORIENTED_EDGE('',*,*,#4806,.F.);
#2114=ORIENTED_EDGE('',*,*,#4807,.T.);
#2115=ORIENTED_EDGE('',*,*,#4808,.T.);
#2116=ORIENTED_EDGE('',*,*,#4809,.T.);
#2117=ORIENTED_EDGE('',*,*,#4200,.F.);
#2118=ORIENTED_EDGE('',*,*,#4810,.F.);
#2119=ORIENTED_EDGE('',*,*,#4716,.F.);
#2120=ORIENTED_EDGE('',*,*,#4807,.F.);
#2121=ORIENTED_EDGE('',*,*,#4718,.F.);
#2122=ORIENTED_EDGE('',*,*,#4811,.F.);
#2123=ORIENTED_EDGE('',*,*,#4198,.F.);
#2124=ORIENTED_EDGE('',*,*,#4803,.F.);
#2125=ORIENTED_EDGE('',*,*,#4199,.T.);
#2126=ORIENTED_EDGE('',*,*,#4811,.T.);
#2127=ORIENTED_EDGE('',*,*,#4717,.F.);
#2128=ORIENTED_EDGE('',*,*,#4810,.T.);
#2129=ORIENTED_EDGE('',*,*,#4812,.F.);
#2130=ORIENTED_EDGE('',*,*,#4813,.T.);
#2131=ORIENTED_EDGE('',*,*,#4814,.T.);
#2132=ORIENTED_EDGE('',*,*,#4815,.T.);
#2133=ORIENTED_EDGE('',*,*,#4204,.F.);
#2134=ORIENTED_EDGE('',*,*,#4816,.F.);
#2135=ORIENTED_EDGE('',*,*,#4712,.F.);
#2136=ORIENTED_EDGE('',*,*,#4813,.F.);
#2137=ORIENTED_EDGE('',*,*,#4714,.F.);
#2138=ORIENTED_EDGE('',*,*,#4817,.F.);
#2139=ORIENTED_EDGE('',*,*,#4202,.F.);
#2140=ORIENTED_EDGE('',*,*,#4809,.F.);
#2141=ORIENTED_EDGE('',*,*,#4203,.T.);
#2142=ORIENTED_EDGE('',*,*,#4817,.T.);
#2143=ORIENTED_EDGE('',*,*,#4713,.F.);
#2144=ORIENTED_EDGE('',*,*,#4816,.T.);
#2145=ORIENTED_EDGE('',*,*,#4818,.F.);
#2146=ORIENTED_EDGE('',*,*,#4819,.T.);
#2147=ORIENTED_EDGE('',*,*,#4820,.T.);
#2148=ORIENTED_EDGE('',*,*,#4821,.T.);
#2149=ORIENTED_EDGE('',*,*,#4208,.F.);
#2150=ORIENTED_EDGE('',*,*,#4822,.F.);
#2151=ORIENTED_EDGE('',*,*,#4708,.F.);
#2152=ORIENTED_EDGE('',*,*,#4819,.F.);
#2153=ORIENTED_EDGE('',*,*,#4710,.F.);
#2154=ORIENTED_EDGE('',*,*,#4823,.F.);
#2155=ORIENTED_EDGE('',*,*,#4206,.F.);
#2156=ORIENTED_EDGE('',*,*,#4815,.F.);
#2157=ORIENTED_EDGE('',*,*,#4207,.T.);
#2158=ORIENTED_EDGE('',*,*,#4823,.T.);
#2159=ORIENTED_EDGE('',*,*,#4709,.F.);
#2160=ORIENTED_EDGE('',*,*,#4822,.T.);
#2161=ORIENTED_EDGE('',*,*,#4824,.F.);
#2162=ORIENTED_EDGE('',*,*,#4825,.T.);
#2163=ORIENTED_EDGE('',*,*,#4826,.T.);
#2164=ORIENTED_EDGE('',*,*,#4827,.T.);
#2165=ORIENTED_EDGE('',*,*,#4212,.F.);
#2166=ORIENTED_EDGE('',*,*,#4828,.F.);
#2167=ORIENTED_EDGE('',*,*,#4704,.F.);
#2168=ORIENTED_EDGE('',*,*,#4825,.F.);
#2169=ORIENTED_EDGE('',*,*,#4706,.F.);
#2170=ORIENTED_EDGE('',*,*,#4829,.F.);
#2171=ORIENTED_EDGE('',*,*,#4210,.F.);
#2172=ORIENTED_EDGE('',*,*,#4821,.F.);
#2173=ORIENTED_EDGE('',*,*,#4211,.T.);
#2174=ORIENTED_EDGE('',*,*,#4829,.T.);
#2175=ORIENTED_EDGE('',*,*,#4705,.F.);
#2176=ORIENTED_EDGE('',*,*,#4828,.T.);
#2177=ORIENTED_EDGE('',*,*,#4830,.F.);
#2178=ORIENTED_EDGE('',*,*,#4831,.T.);
#2179=ORIENTED_EDGE('',*,*,#4832,.T.);
#2180=ORIENTED_EDGE('',*,*,#4833,.T.);
#2181=ORIENTED_EDGE('',*,*,#4216,.F.);
#2182=ORIENTED_EDGE('',*,*,#4834,.F.);
#2183=ORIENTED_EDGE('',*,*,#4700,.F.);
#2184=ORIENTED_EDGE('',*,*,#4831,.F.);
#2185=ORIENTED_EDGE('',*,*,#4702,.F.);
#2186=ORIENTED_EDGE('',*,*,#4835,.F.);
#2187=ORIENTED_EDGE('',*,*,#4214,.F.);
#2188=ORIENTED_EDGE('',*,*,#4827,.F.);
#2189=ORIENTED_EDGE('',*,*,#4215,.T.);
#2190=ORIENTED_EDGE('',*,*,#4835,.T.);
#2191=ORIENTED_EDGE('',*,*,#4701,.F.);
#2192=ORIENTED_EDGE('',*,*,#4834,.T.);
#2193=ORIENTED_EDGE('',*,*,#4836,.F.);
#2194=ORIENTED_EDGE('',*,*,#4837,.T.);
#2195=ORIENTED_EDGE('',*,*,#4838,.T.);
#2196=ORIENTED_EDGE('',*,*,#4839,.T.);
#2197=ORIENTED_EDGE('',*,*,#4220,.F.);
#2198=ORIENTED_EDGE('',*,*,#4840,.F.);
#2199=ORIENTED_EDGE('',*,*,#4696,.F.);
#2200=ORIENTED_EDGE('',*,*,#4837,.F.);
#2201=ORIENTED_EDGE('',*,*,#4698,.F.);
#2202=ORIENTED_EDGE('',*,*,#4841,.F.);
#2203=ORIENTED_EDGE('',*,*,#4218,.F.);
#2204=ORIENTED_EDGE('',*,*,#4833,.F.);
#2205=ORIENTED_EDGE('',*,*,#4219,.T.);
#2206=ORIENTED_EDGE('',*,*,#4841,.T.);
#2207=ORIENTED_EDGE('',*,*,#4697,.F.);
#2208=ORIENTED_EDGE('',*,*,#4840,.T.);
#2209=ORIENTED_EDGE('',*,*,#4842,.F.);
#2210=ORIENTED_EDGE('',*,*,#4843,.T.);
#2211=ORIENTED_EDGE('',*,*,#4844,.T.);
#2212=ORIENTED_EDGE('',*,*,#4845,.T.);
#2213=ORIENTED_EDGE('',*,*,#4224,.F.);
#2214=ORIENTED_EDGE('',*,*,#4846,.F.);
#2215=ORIENTED_EDGE('',*,*,#4692,.F.);
#2216=ORIENTED_EDGE('',*,*,#4843,.F.);
#2217=ORIENTED_EDGE('',*,*,#4694,.F.);
#2218=ORIENTED_EDGE('',*,*,#4847,.F.);
#2219=ORIENTED_EDGE('',*,*,#4222,.F.);
#2220=ORIENTED_EDGE('',*,*,#4839,.F.);
#2221=ORIENTED_EDGE('',*,*,#4223,.T.);
#2222=ORIENTED_EDGE('',*,*,#4847,.T.);
#2223=ORIENTED_EDGE('',*,*,#4693,.F.);
#2224=ORIENTED_EDGE('',*,*,#4846,.T.);
#2225=ORIENTED_EDGE('',*,*,#4848,.F.);
#2226=ORIENTED_EDGE('',*,*,#4849,.T.);
#2227=ORIENTED_EDGE('',*,*,#4850,.T.);
#2228=ORIENTED_EDGE('',*,*,#4851,.T.);
#2229=ORIENTED_EDGE('',*,*,#4228,.F.);
#2230=ORIENTED_EDGE('',*,*,#4852,.F.);
#2231=ORIENTED_EDGE('',*,*,#4688,.F.);
#2232=ORIENTED_EDGE('',*,*,#4849,.F.);
#2233=ORIENTED_EDGE('',*,*,#4690,.F.);
#2234=ORIENTED_EDGE('',*,*,#4853,.F.);
#2235=ORIENTED_EDGE('',*,*,#4226,.F.);
#2236=ORIENTED_EDGE('',*,*,#4845,.F.);
#2237=ORIENTED_EDGE('',*,*,#4227,.T.);
#2238=ORIENTED_EDGE('',*,*,#4853,.T.);
#2239=ORIENTED_EDGE('',*,*,#4689,.F.);
#2240=ORIENTED_EDGE('',*,*,#4852,.T.);
#2241=ORIENTED_EDGE('',*,*,#4854,.F.);
#2242=ORIENTED_EDGE('',*,*,#4855,.T.);
#2243=ORIENTED_EDGE('',*,*,#4856,.T.);
#2244=ORIENTED_EDGE('',*,*,#4857,.T.);
#2245=ORIENTED_EDGE('',*,*,#4232,.F.);
#2246=ORIENTED_EDGE('',*,*,#4858,.F.);
#2247=ORIENTED_EDGE('',*,*,#4684,.F.);
#2248=ORIENTED_EDGE('',*,*,#4855,.F.);
#2249=ORIENTED_EDGE('',*,*,#4686,.F.);
#2250=ORIENTED_EDGE('',*,*,#4859,.F.);
#2251=ORIENTED_EDGE('',*,*,#4230,.F.);
#2252=ORIENTED_EDGE('',*,*,#4851,.F.);
#2253=ORIENTED_EDGE('',*,*,#4231,.T.);
#2254=ORIENTED_EDGE('',*,*,#4859,.T.);
#2255=ORIENTED_EDGE('',*,*,#4685,.F.);
#2256=ORIENTED_EDGE('',*,*,#4858,.T.);
#2257=ORIENTED_EDGE('',*,*,#4860,.F.);
#2258=ORIENTED_EDGE('',*,*,#4861,.T.);
#2259=ORIENTED_EDGE('',*,*,#4862,.T.);
#2260=ORIENTED_EDGE('',*,*,#4863,.T.);
#2261=ORIENTED_EDGE('',*,*,#4236,.F.);
#2262=ORIENTED_EDGE('',*,*,#4864,.F.);
#2263=ORIENTED_EDGE('',*,*,#4680,.F.);
#2264=ORIENTED_EDGE('',*,*,#4861,.F.);
#2265=ORIENTED_EDGE('',*,*,#4682,.F.);
#2266=ORIENTED_EDGE('',*,*,#4865,.F.);
#2267=ORIENTED_EDGE('',*,*,#4234,.F.);
#2268=ORIENTED_EDGE('',*,*,#4857,.F.);
#2269=ORIENTED_EDGE('',*,*,#4235,.T.);
#2270=ORIENTED_EDGE('',*,*,#4865,.T.);
#2271=ORIENTED_EDGE('',*,*,#4681,.F.);
#2272=ORIENTED_EDGE('',*,*,#4864,.T.);
#2273=ORIENTED_EDGE('',*,*,#4866,.F.);
#2274=ORIENTED_EDGE('',*,*,#4867,.T.);
#2275=ORIENTED_EDGE('',*,*,#4868,.T.);
#2276=ORIENTED_EDGE('',*,*,#4869,.T.);
#2277=ORIENTED_EDGE('',*,*,#4240,.F.);
#2278=ORIENTED_EDGE('',*,*,#4870,.F.);
#2279=ORIENTED_EDGE('',*,*,#4676,.F.);
#2280=ORIENTED_EDGE('',*,*,#4867,.F.);
#2281=ORIENTED_EDGE('',*,*,#4678,.F.);
#2282=ORIENTED_EDGE('',*,*,#4871,.F.);
#2283=ORIENTED_EDGE('',*,*,#4238,.F.);
#2284=ORIENTED_EDGE('',*,*,#4863,.F.);
#2285=ORIENTED_EDGE('',*,*,#4239,.T.);
#2286=ORIENTED_EDGE('',*,*,#4871,.T.);
#2287=ORIENTED_EDGE('',*,*,#4677,.F.);
#2288=ORIENTED_EDGE('',*,*,#4870,.T.);
#2289=ORIENTED_EDGE('',*,*,#4872,.F.);
#2290=ORIENTED_EDGE('',*,*,#4873,.T.);
#2291=ORIENTED_EDGE('',*,*,#4874,.T.);
#2292=ORIENTED_EDGE('',*,*,#4875,.T.);
#2293=ORIENTED_EDGE('',*,*,#4244,.F.);
#2294=ORIENTED_EDGE('',*,*,#4876,.F.);
#2295=ORIENTED_EDGE('',*,*,#4672,.F.);
#2296=ORIENTED_EDGE('',*,*,#4873,.F.);
#2297=ORIENTED_EDGE('',*,*,#4674,.F.);
#2298=ORIENTED_EDGE('',*,*,#4877,.F.);
#2299=ORIENTED_EDGE('',*,*,#4242,.F.);
#2300=ORIENTED_EDGE('',*,*,#4869,.F.);
#2301=ORIENTED_EDGE('',*,*,#4243,.T.);
#2302=ORIENTED_EDGE('',*,*,#4877,.T.);
#2303=ORIENTED_EDGE('',*,*,#4673,.F.);
#2304=ORIENTED_EDGE('',*,*,#4876,.T.);
#2305=ORIENTED_EDGE('',*,*,#4878,.F.);
#2306=ORIENTED_EDGE('',*,*,#4879,.T.);
#2307=ORIENTED_EDGE('',*,*,#4880,.T.);
#2308=ORIENTED_EDGE('',*,*,#4881,.T.);
#2309=ORIENTED_EDGE('',*,*,#4248,.F.);
#2310=ORIENTED_EDGE('',*,*,#4882,.F.);
#2311=ORIENTED_EDGE('',*,*,#4668,.F.);
#2312=ORIENTED_EDGE('',*,*,#4879,.F.);
#2313=ORIENTED_EDGE('',*,*,#4670,.F.);
#2314=ORIENTED_EDGE('',*,*,#4883,.F.);
#2315=ORIENTED_EDGE('',*,*,#4246,.F.);
#2316=ORIENTED_EDGE('',*,*,#4875,.F.);
#2317=ORIENTED_EDGE('',*,*,#4247,.T.);
#2318=ORIENTED_EDGE('',*,*,#4883,.T.);
#2319=ORIENTED_EDGE('',*,*,#4669,.F.);
#2320=ORIENTED_EDGE('',*,*,#4882,.T.);
#2321=ORIENTED_EDGE('',*,*,#4884,.F.);
#2322=ORIENTED_EDGE('',*,*,#4885,.T.);
#2323=ORIENTED_EDGE('',*,*,#4886,.T.);
#2324=ORIENTED_EDGE('',*,*,#4887,.T.);
#2325=ORIENTED_EDGE('',*,*,#4252,.F.);
#2326=ORIENTED_EDGE('',*,*,#4888,.F.);
#2327=ORIENTED_EDGE('',*,*,#4664,.F.);
#2328=ORIENTED_EDGE('',*,*,#4885,.F.);
#2329=ORIENTED_EDGE('',*,*,#4666,.F.);
#2330=ORIENTED_EDGE('',*,*,#4889,.F.);
#2331=ORIENTED_EDGE('',*,*,#4250,.F.);
#2332=ORIENTED_EDGE('',*,*,#4881,.F.);
#2333=ORIENTED_EDGE('',*,*,#4251,.T.);
#2334=ORIENTED_EDGE('',*,*,#4889,.T.);
#2335=ORIENTED_EDGE('',*,*,#4665,.F.);
#2336=ORIENTED_EDGE('',*,*,#4888,.T.);
#2337=ORIENTED_EDGE('',*,*,#4890,.F.);
#2338=ORIENTED_EDGE('',*,*,#4891,.T.);
#2339=ORIENTED_EDGE('',*,*,#4892,.T.);
#2340=ORIENTED_EDGE('',*,*,#4893,.T.);
#2341=ORIENTED_EDGE('',*,*,#4256,.F.);
#2342=ORIENTED_EDGE('',*,*,#4894,.F.);
#2343=ORIENTED_EDGE('',*,*,#4660,.F.);
#2344=ORIENTED_EDGE('',*,*,#4891,.F.);
#2345=ORIENTED_EDGE('',*,*,#4662,.F.);
#2346=ORIENTED_EDGE('',*,*,#4895,.F.);
#2347=ORIENTED_EDGE('',*,*,#4254,.F.);
#2348=ORIENTED_EDGE('',*,*,#4887,.F.);
#2349=ORIENTED_EDGE('',*,*,#4255,.T.);
#2350=ORIENTED_EDGE('',*,*,#4895,.T.);
#2351=ORIENTED_EDGE('',*,*,#4661,.F.);
#2352=ORIENTED_EDGE('',*,*,#4894,.T.);
#2353=ORIENTED_EDGE('',*,*,#4896,.F.);
#2354=ORIENTED_EDGE('',*,*,#4897,.T.);
#2355=ORIENTED_EDGE('',*,*,#4898,.T.);
#2356=ORIENTED_EDGE('',*,*,#4899,.T.);
#2357=ORIENTED_EDGE('',*,*,#4260,.F.);
#2358=ORIENTED_EDGE('',*,*,#4900,.F.);
#2359=ORIENTED_EDGE('',*,*,#4656,.F.);
#2360=ORIENTED_EDGE('',*,*,#4897,.F.);
#2361=ORIENTED_EDGE('',*,*,#4658,.F.);
#2362=ORIENTED_EDGE('',*,*,#4901,.F.);
#2363=ORIENTED_EDGE('',*,*,#4258,.F.);
#2364=ORIENTED_EDGE('',*,*,#4893,.F.);
#2365=ORIENTED_EDGE('',*,*,#4259,.T.);
#2366=ORIENTED_EDGE('',*,*,#4901,.T.);
#2367=ORIENTED_EDGE('',*,*,#4657,.F.);
#2368=ORIENTED_EDGE('',*,*,#4900,.T.);
#2369=ORIENTED_EDGE('',*,*,#4902,.F.);
#2370=ORIENTED_EDGE('',*,*,#4903,.T.);
#2371=ORIENTED_EDGE('',*,*,#4904,.T.);
#2372=ORIENTED_EDGE('',*,*,#4905,.T.);
#2373=ORIENTED_EDGE('',*,*,#4264,.F.);
#2374=ORIENTED_EDGE('',*,*,#4906,.F.);
#2375=ORIENTED_EDGE('',*,*,#4652,.F.);
#2376=ORIENTED_EDGE('',*,*,#4903,.F.);
#2377=ORIENTED_EDGE('',*,*,#4654,.F.);
#2378=ORIENTED_EDGE('',*,*,#4907,.F.);
#2379=ORIENTED_EDGE('',*,*,#4262,.F.);
#2380=ORIENTED_EDGE('',*,*,#4899,.F.);
#2381=ORIENTED_EDGE('',*,*,#4263,.T.);
#2382=ORIENTED_EDGE('',*,*,#4907,.T.);
#2383=ORIENTED_EDGE('',*,*,#4653,.F.);
#2384=ORIENTED_EDGE('',*,*,#4906,.T.);
#2385=ORIENTED_EDGE('',*,*,#4908,.F.);
#2386=ORIENTED_EDGE('',*,*,#4909,.T.);
#2387=ORIENTED_EDGE('',*,*,#4910,.T.);
#2388=ORIENTED_EDGE('',*,*,#4911,.T.);
#2389=ORIENTED_EDGE('',*,*,#4268,.F.);
#2390=ORIENTED_EDGE('',*,*,#4912,.F.);
#2391=ORIENTED_EDGE('',*,*,#4648,.F.);
#2392=ORIENTED_EDGE('',*,*,#4909,.F.);
#2393=ORIENTED_EDGE('',*,*,#4650,.F.);
#2394=ORIENTED_EDGE('',*,*,#4913,.F.);
#2395=ORIENTED_EDGE('',*,*,#4266,.F.);
#2396=ORIENTED_EDGE('',*,*,#4905,.F.);
#2397=ORIENTED_EDGE('',*,*,#4267,.T.);
#2398=ORIENTED_EDGE('',*,*,#4913,.T.);
#2399=ORIENTED_EDGE('',*,*,#4649,.F.);
#2400=ORIENTED_EDGE('',*,*,#4912,.T.);
#2401=ORIENTED_EDGE('',*,*,#4914,.F.);
#2402=ORIENTED_EDGE('',*,*,#4915,.T.);
#2403=ORIENTED_EDGE('',*,*,#4916,.T.);
#2404=ORIENTED_EDGE('',*,*,#4917,.T.);
#2405=ORIENTED_EDGE('',*,*,#4272,.F.);
#2406=ORIENTED_EDGE('',*,*,#4918,.F.);
#2407=ORIENTED_EDGE('',*,*,#4644,.F.);
#2408=ORIENTED_EDGE('',*,*,#4915,.F.);
#2409=ORIENTED_EDGE('',*,*,#4646,.F.);
#2410=ORIENTED_EDGE('',*,*,#4919,.F.);
#2411=ORIENTED_EDGE('',*,*,#4270,.F.);
#2412=ORIENTED_EDGE('',*,*,#4911,.F.);
#2413=ORIENTED_EDGE('',*,*,#4271,.T.);
#2414=ORIENTED_EDGE('',*,*,#4919,.T.);
#2415=ORIENTED_EDGE('',*,*,#4645,.F.);
#2416=ORIENTED_EDGE('',*,*,#4918,.T.);
#2417=ORIENTED_EDGE('',*,*,#4920,.F.);
#2418=ORIENTED_EDGE('',*,*,#4921,.T.);
#2419=ORIENTED_EDGE('',*,*,#4922,.T.);
#2420=ORIENTED_EDGE('',*,*,#4923,.T.);
#2421=ORIENTED_EDGE('',*,*,#4276,.F.);
#2422=ORIENTED_EDGE('',*,*,#4924,.F.);
#2423=ORIENTED_EDGE('',*,*,#4640,.F.);
#2424=ORIENTED_EDGE('',*,*,#4921,.F.);
#2425=ORIENTED_EDGE('',*,*,#4642,.F.);
#2426=ORIENTED_EDGE('',*,*,#4925,.F.);
#2427=ORIENTED_EDGE('',*,*,#4274,.F.);
#2428=ORIENTED_EDGE('',*,*,#4917,.F.);
#2429=ORIENTED_EDGE('',*,*,#4275,.T.);
#2430=ORIENTED_EDGE('',*,*,#4925,.T.);
#2431=ORIENTED_EDGE('',*,*,#4641,.F.);
#2432=ORIENTED_EDGE('',*,*,#4924,.T.);
#2433=ORIENTED_EDGE('',*,*,#4926,.F.);
#2434=ORIENTED_EDGE('',*,*,#4927,.T.);
#2435=ORIENTED_EDGE('',*,*,#4928,.T.);
#2436=ORIENTED_EDGE('',*,*,#4929,.T.);
#2437=ORIENTED_EDGE('',*,*,#4280,.F.);
#2438=ORIENTED_EDGE('',*,*,#4930,.F.);
#2439=ORIENTED_EDGE('',*,*,#4636,.F.);
#2440=ORIENTED_EDGE('',*,*,#4927,.F.);
#2441=ORIENTED_EDGE('',*,*,#4638,.F.);
#2442=ORIENTED_EDGE('',*,*,#4931,.F.);
#2443=ORIENTED_EDGE('',*,*,#4278,.F.);
#2444=ORIENTED_EDGE('',*,*,#4923,.F.);
#2445=ORIENTED_EDGE('',*,*,#4279,.T.);
#2446=ORIENTED_EDGE('',*,*,#4931,.T.);
#2447=ORIENTED_EDGE('',*,*,#4637,.F.);
#2448=ORIENTED_EDGE('',*,*,#4930,.T.);
#2449=ORIENTED_EDGE('',*,*,#4932,.F.);
#2450=ORIENTED_EDGE('',*,*,#4933,.T.);
#2451=ORIENTED_EDGE('',*,*,#4934,.T.);
#2452=ORIENTED_EDGE('',*,*,#4935,.T.);
#2453=ORIENTED_EDGE('',*,*,#4284,.F.);
#2454=ORIENTED_EDGE('',*,*,#4936,.F.);
#2455=ORIENTED_EDGE('',*,*,#4632,.F.);
#2456=ORIENTED_EDGE('',*,*,#4933,.F.);
#2457=ORIENTED_EDGE('',*,*,#4634,.F.);
#2458=ORIENTED_EDGE('',*,*,#4937,.F.);
#2459=ORIENTED_EDGE('',*,*,#4282,.F.);
#2460=ORIENTED_EDGE('',*,*,#4929,.F.);
#2461=ORIENTED_EDGE('',*,*,#4283,.T.);
#2462=ORIENTED_EDGE('',*,*,#4937,.T.);
#2463=ORIENTED_EDGE('',*,*,#4633,.F.);
#2464=ORIENTED_EDGE('',*,*,#4936,.T.);
#2465=ORIENTED_EDGE('',*,*,#4938,.F.);
#2466=ORIENTED_EDGE('',*,*,#4939,.T.);
#2467=ORIENTED_EDGE('',*,*,#4940,.T.);
#2468=ORIENTED_EDGE('',*,*,#4941,.T.);
#2469=ORIENTED_EDGE('',*,*,#4288,.F.);
#2470=ORIENTED_EDGE('',*,*,#4942,.F.);
#2471=ORIENTED_EDGE('',*,*,#4628,.F.);
#2472=ORIENTED_EDGE('',*,*,#4939,.F.);
#2473=ORIENTED_EDGE('',*,*,#4630,.F.);
#2474=ORIENTED_EDGE('',*,*,#4943,.F.);
#2475=ORIENTED_EDGE('',*,*,#4286,.F.);
#2476=ORIENTED_EDGE('',*,*,#4935,.F.);
#2477=ORIENTED_EDGE('',*,*,#4287,.T.);
#2478=ORIENTED_EDGE('',*,*,#4943,.T.);
#2479=ORIENTED_EDGE('',*,*,#4629,.F.);
#2480=ORIENTED_EDGE('',*,*,#4942,.T.);
#2481=ORIENTED_EDGE('',*,*,#4944,.F.);
#2482=ORIENTED_EDGE('',*,*,#4945,.T.);
#2483=ORIENTED_EDGE('',*,*,#4946,.T.);
#2484=ORIENTED_EDGE('',*,*,#4947,.T.);
#2485=ORIENTED_EDGE('',*,*,#4292,.F.);
#2486=ORIENTED_EDGE('',*,*,#4948,.F.);
#2487=ORIENTED_EDGE('',*,*,#4624,.F.);
#2488=ORIENTED_EDGE('',*,*,#4945,.F.);
#2489=ORIENTED_EDGE('',*,*,#4626,.F.);
#2490=ORIENTED_EDGE('',*,*,#4949,.F.);
#2491=ORIENTED_EDGE('',*,*,#4290,.F.);
#2492=ORIENTED_EDGE('',*,*,#4941,.F.);
#2493=ORIENTED_EDGE('',*,*,#4291,.T.);
#2494=ORIENTED_EDGE('',*,*,#4949,.T.);
#2495=ORIENTED_EDGE('',*,*,#4625,.F.);
#2496=ORIENTED_EDGE('',*,*,#4948,.T.);
#2497=ORIENTED_EDGE('',*,*,#4950,.F.);
#2498=ORIENTED_EDGE('',*,*,#4951,.T.);
#2499=ORIENTED_EDGE('',*,*,#4952,.T.);
#2500=ORIENTED_EDGE('',*,*,#4953,.T.);
#2501=ORIENTED_EDGE('',*,*,#4296,.F.);
#2502=ORIENTED_EDGE('',*,*,#4954,.F.);
#2503=ORIENTED_EDGE('',*,*,#4620,.F.);
#2504=ORIENTED_EDGE('',*,*,#4951,.F.);
#2505=ORIENTED_EDGE('',*,*,#4622,.F.);
#2506=ORIENTED_EDGE('',*,*,#4955,.F.);
#2507=ORIENTED_EDGE('',*,*,#4294,.F.);
#2508=ORIENTED_EDGE('',*,*,#4947,.F.);
#2509=ORIENTED_EDGE('',*,*,#4295,.T.);
#2510=ORIENTED_EDGE('',*,*,#4955,.T.);
#2511=ORIENTED_EDGE('',*,*,#4621,.F.);
#2512=ORIENTED_EDGE('',*,*,#4954,.T.);
#2513=ORIENTED_EDGE('',*,*,#4956,.F.);
#2514=ORIENTED_EDGE('',*,*,#4957,.T.);
#2515=ORIENTED_EDGE('',*,*,#4958,.T.);
#2516=ORIENTED_EDGE('',*,*,#4959,.T.);
#2517=ORIENTED_EDGE('',*,*,#4300,.F.);
#2518=ORIENTED_EDGE('',*,*,#4960,.F.);
#2519=ORIENTED_EDGE('',*,*,#4616,.F.);
#2520=ORIENTED_EDGE('',*,*,#4957,.F.);
#2521=ORIENTED_EDGE('',*,*,#4618,.F.);
#2522=ORIENTED_EDGE('',*,*,#4961,.F.);
#2523=ORIENTED_EDGE('',*,*,#4298,.F.);
#2524=ORIENTED_EDGE('',*,*,#4953,.F.);
#2525=ORIENTED_EDGE('',*,*,#4299,.T.);
#2526=ORIENTED_EDGE('',*,*,#4961,.T.);
#2527=ORIENTED_EDGE('',*,*,#4617,.F.);
#2528=ORIENTED_EDGE('',*,*,#4960,.T.);
#2529=ORIENTED_EDGE('',*,*,#4962,.F.);
#2530=ORIENTED_EDGE('',*,*,#4963,.T.);
#2531=ORIENTED_EDGE('',*,*,#4964,.T.);
#2532=ORIENTED_EDGE('',*,*,#4965,.T.);
#2533=ORIENTED_EDGE('',*,*,#4304,.F.);
#2534=ORIENTED_EDGE('',*,*,#4966,.F.);
#2535=ORIENTED_EDGE('',*,*,#4612,.F.);
#2536=ORIENTED_EDGE('',*,*,#4963,.F.);
#2537=ORIENTED_EDGE('',*,*,#4614,.F.);
#2538=ORIENTED_EDGE('',*,*,#4967,.F.);
#2539=ORIENTED_EDGE('',*,*,#4302,.F.);
#2540=ORIENTED_EDGE('',*,*,#4959,.F.);
#2541=ORIENTED_EDGE('',*,*,#4303,.T.);
#2542=ORIENTED_EDGE('',*,*,#4967,.T.);
#2543=ORIENTED_EDGE('',*,*,#4613,.F.);
#2544=ORIENTED_EDGE('',*,*,#4966,.T.);
#2545=ORIENTED_EDGE('',*,*,#4968,.F.);
#2546=ORIENTED_EDGE('',*,*,#4969,.T.);
#2547=ORIENTED_EDGE('',*,*,#4970,.T.);
#2548=ORIENTED_EDGE('',*,*,#4971,.T.);
#2549=ORIENTED_EDGE('',*,*,#4308,.F.);
#2550=ORIENTED_EDGE('',*,*,#4972,.F.);
#2551=ORIENTED_EDGE('',*,*,#4608,.F.);
#2552=ORIENTED_EDGE('',*,*,#4969,.F.);
#2553=ORIENTED_EDGE('',*,*,#4610,.F.);
#2554=ORIENTED_EDGE('',*,*,#4973,.F.);
#2555=ORIENTED_EDGE('',*,*,#4306,.F.);
#2556=ORIENTED_EDGE('',*,*,#4965,.F.);
#2557=ORIENTED_EDGE('',*,*,#4307,.T.);
#2558=ORIENTED_EDGE('',*,*,#4973,.T.);
#2559=ORIENTED_EDGE('',*,*,#4609,.F.);
#2560=ORIENTED_EDGE('',*,*,#4972,.T.);
#2561=ORIENTED_EDGE('',*,*,#4974,.F.);
#2562=ORIENTED_EDGE('',*,*,#4975,.T.);
#2563=ORIENTED_EDGE('',*,*,#4976,.T.);
#2564=ORIENTED_EDGE('',*,*,#4977,.T.);
#2565=ORIENTED_EDGE('',*,*,#4312,.F.);
#2566=ORIENTED_EDGE('',*,*,#4978,.F.);
#2567=ORIENTED_EDGE('',*,*,#4604,.F.);
#2568=ORIENTED_EDGE('',*,*,#4975,.F.);
#2569=ORIENTED_EDGE('',*,*,#4606,.F.);
#2570=ORIENTED_EDGE('',*,*,#4979,.F.);
#2571=ORIENTED_EDGE('',*,*,#4310,.F.);
#2572=ORIENTED_EDGE('',*,*,#4971,.F.);
#2573=ORIENTED_EDGE('',*,*,#4311,.T.);
#2574=ORIENTED_EDGE('',*,*,#4979,.T.);
#2575=ORIENTED_EDGE('',*,*,#4605,.F.);
#2576=ORIENTED_EDGE('',*,*,#4978,.T.);
#2577=ORIENTED_EDGE('',*,*,#4980,.F.);
#2578=ORIENTED_EDGE('',*,*,#4981,.T.);
#2579=ORIENTED_EDGE('',*,*,#4982,.T.);
#2580=ORIENTED_EDGE('',*,*,#4983,.T.);
#2581=ORIENTED_EDGE('',*,*,#4316,.F.);
#2582=ORIENTED_EDGE('',*,*,#4984,.F.);
#2583=ORIENTED_EDGE('',*,*,#4600,.F.);
#2584=ORIENTED_EDGE('',*,*,#4981,.F.);
#2585=ORIENTED_EDGE('',*,*,#4602,.F.);
#2586=ORIENTED_EDGE('',*,*,#4985,.F.);
#2587=ORIENTED_EDGE('',*,*,#4314,.F.);
#2588=ORIENTED_EDGE('',*,*,#4977,.F.);
#2589=ORIENTED_EDGE('',*,*,#4315,.T.);
#2590=ORIENTED_EDGE('',*,*,#4985,.T.);
#2591=ORIENTED_EDGE('',*,*,#4601,.F.);
#2592=ORIENTED_EDGE('',*,*,#4984,.T.);
#2593=ORIENTED_EDGE('',*,*,#4986,.F.);
#2594=ORIENTED_EDGE('',*,*,#4987,.T.);
#2595=ORIENTED_EDGE('',*,*,#4988,.T.);
#2596=ORIENTED_EDGE('',*,*,#4989,.T.);
#2597=ORIENTED_EDGE('',*,*,#4320,.F.);
#2598=ORIENTED_EDGE('',*,*,#4990,.F.);
#2599=ORIENTED_EDGE('',*,*,#4596,.F.);
#2600=ORIENTED_EDGE('',*,*,#4987,.F.);
#2601=ORIENTED_EDGE('',*,*,#4598,.F.);
#2602=ORIENTED_EDGE('',*,*,#4991,.F.);
#2603=ORIENTED_EDGE('',*,*,#4318,.F.);
#2604=ORIENTED_EDGE('',*,*,#4983,.F.);
#2605=ORIENTED_EDGE('',*,*,#4319,.T.);
#2606=ORIENTED_EDGE('',*,*,#4991,.T.);
#2607=ORIENTED_EDGE('',*,*,#4597,.F.);
#2608=ORIENTED_EDGE('',*,*,#4990,.T.);
#2609=ORIENTED_EDGE('',*,*,#4992,.F.);
#2610=ORIENTED_EDGE('',*,*,#4993,.T.);
#2611=ORIENTED_EDGE('',*,*,#4994,.T.);
#2612=ORIENTED_EDGE('',*,*,#4995,.T.);
#2613=ORIENTED_EDGE('',*,*,#4324,.F.);
#2614=ORIENTED_EDGE('',*,*,#4996,.F.);
#2615=ORIENTED_EDGE('',*,*,#4592,.F.);
#2616=ORIENTED_EDGE('',*,*,#4993,.F.);
#2617=ORIENTED_EDGE('',*,*,#4594,.F.);
#2618=ORIENTED_EDGE('',*,*,#4997,.F.);
#2619=ORIENTED_EDGE('',*,*,#4322,.F.);
#2620=ORIENTED_EDGE('',*,*,#4989,.F.);
#2621=ORIENTED_EDGE('',*,*,#4323,.T.);
#2622=ORIENTED_EDGE('',*,*,#4997,.T.);
#2623=ORIENTED_EDGE('',*,*,#4593,.F.);
#2624=ORIENTED_EDGE('',*,*,#4996,.T.);
#2625=ORIENTED_EDGE('',*,*,#4998,.F.);
#2626=ORIENTED_EDGE('',*,*,#4999,.T.);
#2627=ORIENTED_EDGE('',*,*,#5000,.T.);
#2628=ORIENTED_EDGE('',*,*,#5001,.T.);
#2629=ORIENTED_EDGE('',*,*,#4328,.F.);
#2630=ORIENTED_EDGE('',*,*,#5002,.F.);
#2631=ORIENTED_EDGE('',*,*,#4588,.F.);
#2632=ORIENTED_EDGE('',*,*,#4999,.F.);
#2633=ORIENTED_EDGE('',*,*,#4590,.F.);
#2634=ORIENTED_EDGE('',*,*,#5003,.F.);
#2635=ORIENTED_EDGE('',*,*,#4326,.F.);
#2636=ORIENTED_EDGE('',*,*,#4995,.F.);
#2637=ORIENTED_EDGE('',*,*,#4327,.T.);
#2638=ORIENTED_EDGE('',*,*,#5003,.T.);
#2639=ORIENTED_EDGE('',*,*,#4589,.F.);
#2640=ORIENTED_EDGE('',*,*,#5002,.T.);
#2641=ORIENTED_EDGE('',*,*,#5004,.F.);
#2642=ORIENTED_EDGE('',*,*,#5005,.T.);
#2643=ORIENTED_EDGE('',*,*,#5006,.T.);
#2644=ORIENTED_EDGE('',*,*,#5007,.T.);
#2645=ORIENTED_EDGE('',*,*,#4332,.F.);
#2646=ORIENTED_EDGE('',*,*,#5008,.F.);
#2647=ORIENTED_EDGE('',*,*,#4584,.F.);
#2648=ORIENTED_EDGE('',*,*,#5005,.F.);
#2649=ORIENTED_EDGE('',*,*,#4586,.F.);
#2650=ORIENTED_EDGE('',*,*,#5009,.F.);
#2651=ORIENTED_EDGE('',*,*,#4330,.F.);
#2652=ORIENTED_EDGE('',*,*,#5001,.F.);
#2653=ORIENTED_EDGE('',*,*,#4331,.T.);
#2654=ORIENTED_EDGE('',*,*,#5009,.T.);
#2655=ORIENTED_EDGE('',*,*,#4585,.F.);
#2656=ORIENTED_EDGE('',*,*,#5008,.T.);
#2657=ORIENTED_EDGE('',*,*,#5010,.F.);
#2658=ORIENTED_EDGE('',*,*,#5011,.T.);
#2659=ORIENTED_EDGE('',*,*,#5012,.T.);
#2660=ORIENTED_EDGE('',*,*,#5013,.T.);
#2661=ORIENTED_EDGE('',*,*,#4336,.F.);
#2662=ORIENTED_EDGE('',*,*,#5014,.F.);
#2663=ORIENTED_EDGE('',*,*,#4580,.F.);
#2664=ORIENTED_EDGE('',*,*,#5011,.F.);
#2665=ORIENTED_EDGE('',*,*,#4582,.F.);
#2666=ORIENTED_EDGE('',*,*,#5015,.F.);
#2667=ORIENTED_EDGE('',*,*,#4334,.F.);
#2668=ORIENTED_EDGE('',*,*,#5007,.F.);
#2669=ORIENTED_EDGE('',*,*,#4335,.T.);
#2670=ORIENTED_EDGE('',*,*,#5015,.T.);
#2671=ORIENTED_EDGE('',*,*,#4581,.F.);
#2672=ORIENTED_EDGE('',*,*,#5014,.T.);
#2673=ORIENTED_EDGE('',*,*,#5016,.F.);
#2674=ORIENTED_EDGE('',*,*,#5017,.T.);
#2675=ORIENTED_EDGE('',*,*,#5018,.T.);
#2676=ORIENTED_EDGE('',*,*,#5019,.T.);
#2677=ORIENTED_EDGE('',*,*,#4340,.F.);
#2678=ORIENTED_EDGE('',*,*,#5020,.F.);
#2679=ORIENTED_EDGE('',*,*,#4576,.F.);
#2680=ORIENTED_EDGE('',*,*,#5017,.F.);
#2681=ORIENTED_EDGE('',*,*,#4578,.F.);
#2682=ORIENTED_EDGE('',*,*,#5021,.F.);
#2683=ORIENTED_EDGE('',*,*,#4338,.F.);
#2684=ORIENTED_EDGE('',*,*,#5013,.F.);
#2685=ORIENTED_EDGE('',*,*,#4339,.T.);
#2686=ORIENTED_EDGE('',*,*,#5021,.T.);
#2687=ORIENTED_EDGE('',*,*,#4577,.F.);
#2688=ORIENTED_EDGE('',*,*,#5020,.T.);
#2689=ORIENTED_EDGE('',*,*,#5022,.F.);
#2690=ORIENTED_EDGE('',*,*,#5023,.T.);
#2691=ORIENTED_EDGE('',*,*,#5024,.T.);
#2692=ORIENTED_EDGE('',*,*,#5025,.T.);
#2693=ORIENTED_EDGE('',*,*,#4344,.F.);
#2694=ORIENTED_EDGE('',*,*,#5026,.F.);
#2695=ORIENTED_EDGE('',*,*,#4572,.F.);
#2696=ORIENTED_EDGE('',*,*,#5023,.F.);
#2697=ORIENTED_EDGE('',*,*,#4574,.F.);
#2698=ORIENTED_EDGE('',*,*,#5027,.F.);
#2699=ORIENTED_EDGE('',*,*,#4342,.F.);
#2700=ORIENTED_EDGE('',*,*,#5019,.F.);
#2701=ORIENTED_EDGE('',*,*,#4343,.T.);
#2702=ORIENTED_EDGE('',*,*,#5027,.T.);
#2703=ORIENTED_EDGE('',*,*,#4573,.F.);
#2704=ORIENTED_EDGE('',*,*,#5026,.T.);
#2705=ORIENTED_EDGE('',*,*,#5028,.F.);
#2706=ORIENTED_EDGE('',*,*,#5029,.T.);
#2707=ORIENTED_EDGE('',*,*,#5030,.T.);
#2708=ORIENTED_EDGE('',*,*,#5031,.T.);
#2709=ORIENTED_EDGE('',*,*,#4348,.F.);
#2710=ORIENTED_EDGE('',*,*,#5032,.F.);
#2711=ORIENTED_EDGE('',*,*,#4568,.F.);
#2712=ORIENTED_EDGE('',*,*,#5029,.F.);
#2713=ORIENTED_EDGE('',*,*,#4570,.F.);
#2714=ORIENTED_EDGE('',*,*,#5033,.F.);
#2715=ORIENTED_EDGE('',*,*,#4346,.F.);
#2716=ORIENTED_EDGE('',*,*,#5025,.F.);
#2717=ORIENTED_EDGE('',*,*,#4347,.T.);
#2718=ORIENTED_EDGE('',*,*,#5033,.T.);
#2719=ORIENTED_EDGE('',*,*,#4569,.F.);
#2720=ORIENTED_EDGE('',*,*,#5032,.T.);
#2721=ORIENTED_EDGE('',*,*,#5034,.F.);
#2722=ORIENTED_EDGE('',*,*,#5035,.T.);
#2723=ORIENTED_EDGE('',*,*,#5036,.T.);
#2724=ORIENTED_EDGE('',*,*,#5037,.T.);
#2725=ORIENTED_EDGE('',*,*,#4352,.F.);
#2726=ORIENTED_EDGE('',*,*,#5038,.F.);
#2727=ORIENTED_EDGE('',*,*,#4564,.F.);
#2728=ORIENTED_EDGE('',*,*,#5035,.F.);
#2729=ORIENTED_EDGE('',*,*,#4566,.F.);
#2730=ORIENTED_EDGE('',*,*,#5039,.F.);
#2731=ORIENTED_EDGE('',*,*,#4350,.F.);
#2732=ORIENTED_EDGE('',*,*,#5031,.F.);
#2733=ORIENTED_EDGE('',*,*,#4351,.T.);
#2734=ORIENTED_EDGE('',*,*,#5039,.T.);
#2735=ORIENTED_EDGE('',*,*,#4565,.F.);
#2736=ORIENTED_EDGE('',*,*,#5038,.T.);
#2737=ORIENTED_EDGE('',*,*,#5040,.F.);
#2738=ORIENTED_EDGE('',*,*,#5041,.T.);
#2739=ORIENTED_EDGE('',*,*,#5042,.T.);
#2740=ORIENTED_EDGE('',*,*,#5043,.T.);
#2741=ORIENTED_EDGE('',*,*,#4356,.F.);
#2742=ORIENTED_EDGE('',*,*,#5044,.F.);
#2743=ORIENTED_EDGE('',*,*,#4560,.F.);
#2744=ORIENTED_EDGE('',*,*,#5041,.F.);
#2745=ORIENTED_EDGE('',*,*,#4562,.F.);
#2746=ORIENTED_EDGE('',*,*,#5045,.F.);
#2747=ORIENTED_EDGE('',*,*,#4354,.F.);
#2748=ORIENTED_EDGE('',*,*,#5037,.F.);
#2749=ORIENTED_EDGE('',*,*,#4355,.T.);
#2750=ORIENTED_EDGE('',*,*,#5045,.T.);
#2751=ORIENTED_EDGE('',*,*,#4561,.F.);
#2752=ORIENTED_EDGE('',*,*,#5044,.T.);
#2753=ORIENTED_EDGE('',*,*,#5046,.F.);
#2754=ORIENTED_EDGE('',*,*,#5047,.T.);
#2755=ORIENTED_EDGE('',*,*,#5048,.T.);
#2756=ORIENTED_EDGE('',*,*,#5049,.T.);
#2757=ORIENTED_EDGE('',*,*,#4360,.F.);
#2758=ORIENTED_EDGE('',*,*,#5050,.F.);
#2759=ORIENTED_EDGE('',*,*,#4556,.F.);
#2760=ORIENTED_EDGE('',*,*,#5047,.F.);
#2761=ORIENTED_EDGE('',*,*,#4558,.F.);
#2762=ORIENTED_EDGE('',*,*,#5051,.F.);
#2763=ORIENTED_EDGE('',*,*,#4358,.F.);
#2764=ORIENTED_EDGE('',*,*,#5043,.F.);
#2765=ORIENTED_EDGE('',*,*,#4359,.T.);
#2766=ORIENTED_EDGE('',*,*,#5051,.T.);
#2767=ORIENTED_EDGE('',*,*,#4557,.F.);
#2768=ORIENTED_EDGE('',*,*,#5050,.T.);
#2769=ORIENTED_EDGE('',*,*,#5052,.F.);
#2770=ORIENTED_EDGE('',*,*,#5053,.T.);
#2771=ORIENTED_EDGE('',*,*,#5054,.T.);
#2772=ORIENTED_EDGE('',*,*,#5055,.T.);
#2773=ORIENTED_EDGE('',*,*,#3972,.F.);
#2774=ORIENTED_EDGE('',*,*,#5056,.F.);
#2775=ORIENTED_EDGE('',*,*,#4552,.F.);
#2776=ORIENTED_EDGE('',*,*,#5053,.F.);
#2777=ORIENTED_EDGE('',*,*,#4554,.F.);
#2778=ORIENTED_EDGE('',*,*,#5057,.F.);
#2779=ORIENTED_EDGE('',*,*,#3970,.F.);
#2780=ORIENTED_EDGE('',*,*,#5049,.F.);
#2781=ORIENTED_EDGE('',*,*,#3971,.T.);
#2782=ORIENTED_EDGE('',*,*,#5057,.T.);
#2783=ORIENTED_EDGE('',*,*,#4553,.F.);
#2784=ORIENTED_EDGE('',*,*,#5056,.T.);
#2785=ORIENTED_EDGE('',*,*,#5058,.F.);
#2786=ORIENTED_EDGE('',*,*,#5059,.T.);
#2787=ORIENTED_EDGE('',*,*,#5060,.T.);
#2788=ORIENTED_EDGE('',*,*,#5061,.T.);
#2789=ORIENTED_EDGE('',*,*,#3976,.F.);
#2790=ORIENTED_EDGE('',*,*,#5062,.F.);
#2791=ORIENTED_EDGE('',*,*,#4548,.F.);
#2792=ORIENTED_EDGE('',*,*,#5059,.F.);
#2793=ORIENTED_EDGE('',*,*,#4550,.F.);
#2794=ORIENTED_EDGE('',*,*,#5063,.F.);
#2795=ORIENTED_EDGE('',*,*,#3974,.F.);
#2796=ORIENTED_EDGE('',*,*,#5055,.F.);
#2797=ORIENTED_EDGE('',*,*,#3975,.T.);
#2798=ORIENTED_EDGE('',*,*,#5063,.T.);
#2799=ORIENTED_EDGE('',*,*,#4549,.F.);
#2800=ORIENTED_EDGE('',*,*,#5062,.T.);
#2801=ORIENTED_EDGE('',*,*,#5064,.F.);
#2802=ORIENTED_EDGE('',*,*,#5065,.T.);
#2803=ORIENTED_EDGE('',*,*,#5066,.T.);
#2804=ORIENTED_EDGE('',*,*,#5067,.T.);
#2805=ORIENTED_EDGE('',*,*,#3980,.F.);
#2806=ORIENTED_EDGE('',*,*,#5068,.F.);
#2807=ORIENTED_EDGE('',*,*,#4544,.F.);
#2808=ORIENTED_EDGE('',*,*,#5065,.F.);
#2809=ORIENTED_EDGE('',*,*,#4546,.F.);
#2810=ORIENTED_EDGE('',*,*,#5069,.F.);
#2811=ORIENTED_EDGE('',*,*,#3978,.F.);
#2812=ORIENTED_EDGE('',*,*,#5061,.F.);
#2813=ORIENTED_EDGE('',*,*,#3979,.T.);
#2814=ORIENTED_EDGE('',*,*,#5069,.T.);
#2815=ORIENTED_EDGE('',*,*,#4545,.F.);
#2816=ORIENTED_EDGE('',*,*,#5068,.T.);
#2817=ORIENTED_EDGE('',*,*,#5070,.F.);
#2818=ORIENTED_EDGE('',*,*,#5071,.T.);
#2819=ORIENTED_EDGE('',*,*,#5072,.T.);
#2820=ORIENTED_EDGE('',*,*,#5073,.T.);
#2821=ORIENTED_EDGE('',*,*,#3984,.F.);
#2822=ORIENTED_EDGE('',*,*,#5074,.F.);
#2823=ORIENTED_EDGE('',*,*,#4540,.F.);
#2824=ORIENTED_EDGE('',*,*,#5071,.F.);
#2825=ORIENTED_EDGE('',*,*,#4542,.F.);
#2826=ORIENTED_EDGE('',*,*,#5075,.F.);
#2827=ORIENTED_EDGE('',*,*,#3982,.F.);
#2828=ORIENTED_EDGE('',*,*,#5067,.F.);
#2829=ORIENTED_EDGE('',*,*,#3983,.T.);
#2830=ORIENTED_EDGE('',*,*,#5075,.T.);
#2831=ORIENTED_EDGE('',*,*,#4541,.F.);
#2832=ORIENTED_EDGE('',*,*,#5074,.T.);
#2833=ORIENTED_EDGE('',*,*,#5076,.F.);
#2834=ORIENTED_EDGE('',*,*,#5077,.T.);
#2835=ORIENTED_EDGE('',*,*,#5078,.T.);
#2836=ORIENTED_EDGE('',*,*,#5079,.T.);
#2837=ORIENTED_EDGE('',*,*,#3988,.F.);
#2838=ORIENTED_EDGE('',*,*,#5080,.F.);
#2839=ORIENTED_EDGE('',*,*,#4536,.F.);
#2840=ORIENTED_EDGE('',*,*,#5077,.F.);
#2841=ORIENTED_EDGE('',*,*,#4538,.F.);
#2842=ORIENTED_EDGE('',*,*,#5081,.F.);
#2843=ORIENTED_EDGE('',*,*,#3986,.F.);
#2844=ORIENTED_EDGE('',*,*,#5073,.F.);
#2845=ORIENTED_EDGE('',*,*,#3987,.T.);
#2846=ORIENTED_EDGE('',*,*,#5081,.T.);
#2847=ORIENTED_EDGE('',*,*,#4537,.F.);
#2848=ORIENTED_EDGE('',*,*,#5080,.T.);
#2849=ORIENTED_EDGE('',*,*,#5082,.F.);
#2850=ORIENTED_EDGE('',*,*,#5083,.T.);
#2851=ORIENTED_EDGE('',*,*,#5084,.T.);
#2852=ORIENTED_EDGE('',*,*,#5085,.T.);
#2853=ORIENTED_EDGE('',*,*,#3992,.F.);
#2854=ORIENTED_EDGE('',*,*,#5086,.F.);
#2855=ORIENTED_EDGE('',*,*,#4532,.F.);
#2856=ORIENTED_EDGE('',*,*,#5083,.F.);
#2857=ORIENTED_EDGE('',*,*,#4534,.F.);
#2858=ORIENTED_EDGE('',*,*,#5087,.F.);
#2859=ORIENTED_EDGE('',*,*,#3990,.F.);
#2860=ORIENTED_EDGE('',*,*,#5079,.F.);
#2861=ORIENTED_EDGE('',*,*,#3991,.T.);
#2862=ORIENTED_EDGE('',*,*,#5087,.T.);
#2863=ORIENTED_EDGE('',*,*,#4533,.F.);
#2864=ORIENTED_EDGE('',*,*,#5086,.T.);
#2865=ORIENTED_EDGE('',*,*,#5088,.F.);
#2866=ORIENTED_EDGE('',*,*,#5089,.T.);
#2867=ORIENTED_EDGE('',*,*,#5090,.T.);
#2868=ORIENTED_EDGE('',*,*,#5091,.T.);
#2869=ORIENTED_EDGE('',*,*,#3996,.F.);
#2870=ORIENTED_EDGE('',*,*,#5092,.F.);
#2871=ORIENTED_EDGE('',*,*,#4528,.F.);
#2872=ORIENTED_EDGE('',*,*,#5089,.F.);
#2873=ORIENTED_EDGE('',*,*,#4530,.F.);
#2874=ORIENTED_EDGE('',*,*,#5093,.F.);
#2875=ORIENTED_EDGE('',*,*,#3994,.F.);
#2876=ORIENTED_EDGE('',*,*,#5085,.F.);
#2877=ORIENTED_EDGE('',*,*,#3995,.T.);
#2878=ORIENTED_EDGE('',*,*,#5093,.T.);
#2879=ORIENTED_EDGE('',*,*,#4529,.F.);
#2880=ORIENTED_EDGE('',*,*,#5092,.T.);
#2881=ORIENTED_EDGE('',*,*,#5094,.F.);
#2882=ORIENTED_EDGE('',*,*,#5095,.T.);
#2883=ORIENTED_EDGE('',*,*,#5096,.T.);
#2884=ORIENTED_EDGE('',*,*,#5097,.T.);
#2885=ORIENTED_EDGE('',*,*,#4000,.F.);
#2886=ORIENTED_EDGE('',*,*,#5098,.F.);
#2887=ORIENTED_EDGE('',*,*,#4524,.F.);
#2888=ORIENTED_EDGE('',*,*,#5095,.F.);
#2889=ORIENTED_EDGE('',*,*,#4526,.F.);
#2890=ORIENTED_EDGE('',*,*,#5099,.F.);
#2891=ORIENTED_EDGE('',*,*,#3998,.F.);
#2892=ORIENTED_EDGE('',*,*,#5091,.F.);
#2893=ORIENTED_EDGE('',*,*,#3999,.T.);
#2894=ORIENTED_EDGE('',*,*,#5099,.T.);
#2895=ORIENTED_EDGE('',*,*,#4525,.F.);
#2896=ORIENTED_EDGE('',*,*,#5098,.T.);
#2897=ORIENTED_EDGE('',*,*,#5100,.F.);
#2898=ORIENTED_EDGE('',*,*,#5101,.T.);
#2899=ORIENTED_EDGE('',*,*,#5102,.T.);
#2900=ORIENTED_EDGE('',*,*,#5103,.T.);
#2901=ORIENTED_EDGE('',*,*,#4004,.F.);
#2902=ORIENTED_EDGE('',*,*,#5104,.F.);
#2903=ORIENTED_EDGE('',*,*,#4520,.F.);
#2904=ORIENTED_EDGE('',*,*,#5101,.F.);
#2905=ORIENTED_EDGE('',*,*,#4522,.F.);
#2906=ORIENTED_EDGE('',*,*,#5105,.F.);
#2907=ORIENTED_EDGE('',*,*,#4002,.F.);
#2908=ORIENTED_EDGE('',*,*,#5097,.F.);
#2909=ORIENTED_EDGE('',*,*,#4003,.T.);
#2910=ORIENTED_EDGE('',*,*,#5105,.T.);
#2911=ORIENTED_EDGE('',*,*,#4521,.F.);
#2912=ORIENTED_EDGE('',*,*,#5104,.T.);
#2913=ORIENTED_EDGE('',*,*,#5106,.F.);
#2914=ORIENTED_EDGE('',*,*,#5107,.T.);
#2915=ORIENTED_EDGE('',*,*,#5108,.T.);
#2916=ORIENTED_EDGE('',*,*,#5109,.T.);
#2917=ORIENTED_EDGE('',*,*,#4008,.F.);
#2918=ORIENTED_EDGE('',*,*,#5110,.F.);
#2919=ORIENTED_EDGE('',*,*,#4516,.F.);
#2920=ORIENTED_EDGE('',*,*,#5107,.F.);
#2921=ORIENTED_EDGE('',*,*,#4518,.F.);
#2922=ORIENTED_EDGE('',*,*,#5111,.F.);
#2923=ORIENTED_EDGE('',*,*,#4006,.F.);
#2924=ORIENTED_EDGE('',*,*,#5103,.F.);
#2925=ORIENTED_EDGE('',*,*,#4007,.T.);
#2926=ORIENTED_EDGE('',*,*,#5111,.T.);
#2927=ORIENTED_EDGE('',*,*,#4517,.F.);
#2928=ORIENTED_EDGE('',*,*,#5110,.T.);
#2929=ORIENTED_EDGE('',*,*,#5112,.F.);
#2930=ORIENTED_EDGE('',*,*,#5113,.T.);
#2931=ORIENTED_EDGE('',*,*,#5114,.T.);
#2932=ORIENTED_EDGE('',*,*,#5115,.T.);
#2933=ORIENTED_EDGE('',*,*,#4012,.F.);
#2934=ORIENTED_EDGE('',*,*,#5116,.F.);
#2935=ORIENTED_EDGE('',*,*,#4512,.F.);
#2936=ORIENTED_EDGE('',*,*,#5113,.F.);
#2937=ORIENTED_EDGE('',*,*,#4514,.F.);
#2938=ORIENTED_EDGE('',*,*,#5117,.F.);
#2939=ORIENTED_EDGE('',*,*,#4010,.F.);
#2940=ORIENTED_EDGE('',*,*,#5109,.F.);
#2941=ORIENTED_EDGE('',*,*,#4011,.T.);
#2942=ORIENTED_EDGE('',*,*,#5117,.T.);
#2943=ORIENTED_EDGE('',*,*,#4513,.F.);
#2944=ORIENTED_EDGE('',*,*,#5116,.T.);
#2945=ORIENTED_EDGE('',*,*,#5118,.F.);
#2946=ORIENTED_EDGE('',*,*,#5119,.T.);
#2947=ORIENTED_EDGE('',*,*,#5120,.T.);
#2948=ORIENTED_EDGE('',*,*,#5121,.T.);
#2949=ORIENTED_EDGE('',*,*,#4016,.F.);
#2950=ORIENTED_EDGE('',*,*,#5122,.F.);
#2951=ORIENTED_EDGE('',*,*,#4508,.F.);
#2952=ORIENTED_EDGE('',*,*,#5119,.F.);
#2953=ORIENTED_EDGE('',*,*,#4510,.F.);
#2954=ORIENTED_EDGE('',*,*,#5123,.F.);
#2955=ORIENTED_EDGE('',*,*,#4014,.F.);
#2956=ORIENTED_EDGE('',*,*,#5115,.F.);
#2957=ORIENTED_EDGE('',*,*,#4015,.T.);
#2958=ORIENTED_EDGE('',*,*,#5123,.T.);
#2959=ORIENTED_EDGE('',*,*,#4509,.F.);
#2960=ORIENTED_EDGE('',*,*,#5122,.T.);
#2961=ORIENTED_EDGE('',*,*,#5124,.F.);
#2962=ORIENTED_EDGE('',*,*,#5125,.T.);
#2963=ORIENTED_EDGE('',*,*,#5126,.T.);
#2964=ORIENTED_EDGE('',*,*,#5127,.T.);
#2965=ORIENTED_EDGE('',*,*,#4020,.F.);
#2966=ORIENTED_EDGE('',*,*,#5128,.F.);
#2967=ORIENTED_EDGE('',*,*,#4504,.F.);
#2968=ORIENTED_EDGE('',*,*,#5125,.F.);
#2969=ORIENTED_EDGE('',*,*,#4506,.F.);
#2970=ORIENTED_EDGE('',*,*,#5129,.F.);
#2971=ORIENTED_EDGE('',*,*,#4018,.F.);
#2972=ORIENTED_EDGE('',*,*,#5121,.F.);
#2973=ORIENTED_EDGE('',*,*,#4019,.T.);
#2974=ORIENTED_EDGE('',*,*,#5129,.T.);
#2975=ORIENTED_EDGE('',*,*,#4505,.F.);
#2976=ORIENTED_EDGE('',*,*,#5128,.T.);
#2977=ORIENTED_EDGE('',*,*,#5130,.F.);
#2978=ORIENTED_EDGE('',*,*,#5131,.T.);
#2979=ORIENTED_EDGE('',*,*,#5132,.T.);
#2980=ORIENTED_EDGE('',*,*,#5133,.T.);
#2981=ORIENTED_EDGE('',*,*,#4024,.F.);
#2982=ORIENTED_EDGE('',*,*,#5134,.F.);
#2983=ORIENTED_EDGE('',*,*,#4500,.F.);
#2984=ORIENTED_EDGE('',*,*,#5131,.F.);
#2985=ORIENTED_EDGE('',*,*,#4502,.F.);
#2986=ORIENTED_EDGE('',*,*,#5135,.F.);
#2987=ORIENTED_EDGE('',*,*,#4022,.F.);
#2988=ORIENTED_EDGE('',*,*,#5127,.F.);
#2989=ORIENTED_EDGE('',*,*,#4023,.T.);
#2990=ORIENTED_EDGE('',*,*,#5135,.T.);
#2991=ORIENTED_EDGE('',*,*,#4501,.F.);
#2992=ORIENTED_EDGE('',*,*,#5134,.T.);
#2993=ORIENTED_EDGE('',*,*,#5136,.F.);
#2994=ORIENTED_EDGE('',*,*,#5137,.T.);
#2995=ORIENTED_EDGE('',*,*,#5138,.T.);
#2996=ORIENTED_EDGE('',*,*,#5139,.T.);
#2997=ORIENTED_EDGE('',*,*,#4028,.F.);
#2998=ORIENTED_EDGE('',*,*,#5140,.F.);
#2999=ORIENTED_EDGE('',*,*,#4496,.F.);
#3000=ORIENTED_EDGE('',*,*,#5137,.F.);
#3001=ORIENTED_EDGE('',*,*,#4498,.F.);
#3002=ORIENTED_EDGE('',*,*,#5141,.F.);
#3003=ORIENTED_EDGE('',*,*,#4026,.F.);
#3004=ORIENTED_EDGE('',*,*,#5133,.F.);
#3005=ORIENTED_EDGE('',*,*,#4027,.T.);
#3006=ORIENTED_EDGE('',*,*,#5141,.T.);
#3007=ORIENTED_EDGE('',*,*,#4497,.F.);
#3008=ORIENTED_EDGE('',*,*,#5140,.T.);
#3009=ORIENTED_EDGE('',*,*,#5142,.F.);
#3010=ORIENTED_EDGE('',*,*,#5143,.T.);
#3011=ORIENTED_EDGE('',*,*,#5144,.T.);
#3012=ORIENTED_EDGE('',*,*,#5145,.T.);
#3013=ORIENTED_EDGE('',*,*,#4032,.F.);
#3014=ORIENTED_EDGE('',*,*,#5146,.F.);
#3015=ORIENTED_EDGE('',*,*,#4492,.F.);
#3016=ORIENTED_EDGE('',*,*,#5143,.F.);
#3017=ORIENTED_EDGE('',*,*,#4494,.F.);
#3018=ORIENTED_EDGE('',*,*,#5147,.F.);
#3019=ORIENTED_EDGE('',*,*,#4030,.F.);
#3020=ORIENTED_EDGE('',*,*,#5139,.F.);
#3021=ORIENTED_EDGE('',*,*,#4031,.T.);
#3022=ORIENTED_EDGE('',*,*,#5147,.T.);
#3023=ORIENTED_EDGE('',*,*,#4493,.F.);
#3024=ORIENTED_EDGE('',*,*,#5146,.T.);
#3025=ORIENTED_EDGE('',*,*,#5148,.F.);
#3026=ORIENTED_EDGE('',*,*,#5149,.T.);
#3027=ORIENTED_EDGE('',*,*,#5150,.T.);
#3028=ORIENTED_EDGE('',*,*,#5151,.T.);
#3029=ORIENTED_EDGE('',*,*,#4036,.F.);
#3030=ORIENTED_EDGE('',*,*,#5152,.F.);
#3031=ORIENTED_EDGE('',*,*,#4488,.F.);
#3032=ORIENTED_EDGE('',*,*,#5149,.F.);
#3033=ORIENTED_EDGE('',*,*,#4490,.F.);
#3034=ORIENTED_EDGE('',*,*,#5153,.F.);
#3035=ORIENTED_EDGE('',*,*,#4034,.F.);
#3036=ORIENTED_EDGE('',*,*,#5145,.F.);
#3037=ORIENTED_EDGE('',*,*,#4035,.T.);
#3038=ORIENTED_EDGE('',*,*,#5153,.T.);
#3039=ORIENTED_EDGE('',*,*,#4489,.F.);
#3040=ORIENTED_EDGE('',*,*,#5152,.T.);
#3041=ORIENTED_EDGE('',*,*,#5154,.F.);
#3042=ORIENTED_EDGE('',*,*,#5155,.T.);
#3043=ORIENTED_EDGE('',*,*,#5156,.T.);
#3044=ORIENTED_EDGE('',*,*,#5157,.T.);
#3045=ORIENTED_EDGE('',*,*,#4040,.F.);
#3046=ORIENTED_EDGE('',*,*,#5158,.F.);
#3047=ORIENTED_EDGE('',*,*,#4484,.F.);
#3048=ORIENTED_EDGE('',*,*,#5155,.F.);
#3049=ORIENTED_EDGE('',*,*,#4486,.F.);
#3050=ORIENTED_EDGE('',*,*,#5159,.F.);
#3051=ORIENTED_EDGE('',*,*,#4038,.F.);
#3052=ORIENTED_EDGE('',*,*,#5151,.F.);
#3053=ORIENTED_EDGE('',*,*,#4039,.T.);
#3054=ORIENTED_EDGE('',*,*,#5159,.T.);
#3055=ORIENTED_EDGE('',*,*,#4485,.F.);
#3056=ORIENTED_EDGE('',*,*,#5158,.T.);
#3057=ORIENTED_EDGE('',*,*,#5160,.F.);
#3058=ORIENTED_EDGE('',*,*,#5161,.T.);
#3059=ORIENTED_EDGE('',*,*,#5162,.T.);
#3060=ORIENTED_EDGE('',*,*,#5163,.T.);
#3061=ORIENTED_EDGE('',*,*,#4044,.F.);
#3062=ORIENTED_EDGE('',*,*,#5164,.F.);
#3063=ORIENTED_EDGE('',*,*,#4480,.F.);
#3064=ORIENTED_EDGE('',*,*,#5161,.F.);
#3065=ORIENTED_EDGE('',*,*,#4482,.F.);
#3066=ORIENTED_EDGE('',*,*,#5165,.F.);
#3067=ORIENTED_EDGE('',*,*,#4042,.F.);
#3068=ORIENTED_EDGE('',*,*,#5157,.F.);
#3069=ORIENTED_EDGE('',*,*,#4043,.T.);
#3070=ORIENTED_EDGE('',*,*,#5165,.T.);
#3071=ORIENTED_EDGE('',*,*,#4481,.F.);
#3072=ORIENTED_EDGE('',*,*,#5164,.T.);
#3073=ORIENTED_EDGE('',*,*,#5166,.F.);
#3074=ORIENTED_EDGE('',*,*,#5167,.T.);
#3075=ORIENTED_EDGE('',*,*,#5168,.T.);
#3076=ORIENTED_EDGE('',*,*,#5169,.T.);
#3077=ORIENTED_EDGE('',*,*,#4048,.F.);
#3078=ORIENTED_EDGE('',*,*,#5170,.F.);
#3079=ORIENTED_EDGE('',*,*,#4476,.F.);
#3080=ORIENTED_EDGE('',*,*,#5167,.F.);
#3081=ORIENTED_EDGE('',*,*,#4478,.F.);
#3082=ORIENTED_EDGE('',*,*,#5171,.F.);
#3083=ORIENTED_EDGE('',*,*,#4046,.F.);
#3084=ORIENTED_EDGE('',*,*,#5163,.F.);
#3085=ORIENTED_EDGE('',*,*,#4047,.T.);
#3086=ORIENTED_EDGE('',*,*,#5171,.T.);
#3087=ORIENTED_EDGE('',*,*,#4477,.F.);
#3088=ORIENTED_EDGE('',*,*,#5170,.T.);
#3089=ORIENTED_EDGE('',*,*,#5172,.F.);
#3090=ORIENTED_EDGE('',*,*,#5173,.T.);
#3091=ORIENTED_EDGE('',*,*,#5174,.T.);
#3092=ORIENTED_EDGE('',*,*,#5175,.T.);
#3093=ORIENTED_EDGE('',*,*,#4052,.F.);
#3094=ORIENTED_EDGE('',*,*,#5176,.F.);
#3095=ORIENTED_EDGE('',*,*,#4472,.F.);
#3096=ORIENTED_EDGE('',*,*,#5173,.F.);
#3097=ORIENTED_EDGE('',*,*,#4474,.F.);
#3098=ORIENTED_EDGE('',*,*,#5177,.F.);
#3099=ORIENTED_EDGE('',*,*,#4050,.F.);
#3100=ORIENTED_EDGE('',*,*,#5169,.F.);
#3101=ORIENTED_EDGE('',*,*,#4051,.T.);
#3102=ORIENTED_EDGE('',*,*,#5177,.T.);
#3103=ORIENTED_EDGE('',*,*,#4473,.F.);
#3104=ORIENTED_EDGE('',*,*,#5176,.T.);
#3105=ORIENTED_EDGE('',*,*,#5178,.F.);
#3106=ORIENTED_EDGE('',*,*,#5179,.T.);
#3107=ORIENTED_EDGE('',*,*,#5180,.T.);
#3108=ORIENTED_EDGE('',*,*,#5181,.T.);
#3109=ORIENTED_EDGE('',*,*,#4056,.F.);
#3110=ORIENTED_EDGE('',*,*,#5182,.F.);
#3111=ORIENTED_EDGE('',*,*,#4468,.F.);
#3112=ORIENTED_EDGE('',*,*,#5179,.F.);
#3113=ORIENTED_EDGE('',*,*,#4470,.F.);
#3114=ORIENTED_EDGE('',*,*,#5183,.F.);
#3115=ORIENTED_EDGE('',*,*,#4054,.F.);
#3116=ORIENTED_EDGE('',*,*,#5175,.F.);
#3117=ORIENTED_EDGE('',*,*,#4055,.T.);
#3118=ORIENTED_EDGE('',*,*,#5183,.T.);
#3119=ORIENTED_EDGE('',*,*,#4469,.F.);
#3120=ORIENTED_EDGE('',*,*,#5182,.T.);
#3121=ORIENTED_EDGE('',*,*,#5184,.F.);
#3122=ORIENTED_EDGE('',*,*,#5185,.T.);
#3123=ORIENTED_EDGE('',*,*,#5186,.T.);
#3124=ORIENTED_EDGE('',*,*,#5187,.T.);
#3125=ORIENTED_EDGE('',*,*,#4060,.F.);
#3126=ORIENTED_EDGE('',*,*,#5188,.F.);
#3127=ORIENTED_EDGE('',*,*,#4464,.F.);
#3128=ORIENTED_EDGE('',*,*,#5185,.F.);
#3129=ORIENTED_EDGE('',*,*,#4466,.F.);
#3130=ORIENTED_EDGE('',*,*,#5189,.F.);
#3131=ORIENTED_EDGE('',*,*,#4058,.F.);
#3132=ORIENTED_EDGE('',*,*,#5181,.F.);
#3133=ORIENTED_EDGE('',*,*,#4059,.T.);
#3134=ORIENTED_EDGE('',*,*,#5189,.T.);
#3135=ORIENTED_EDGE('',*,*,#4465,.F.);
#3136=ORIENTED_EDGE('',*,*,#5188,.T.);
#3137=ORIENTED_EDGE('',*,*,#5190,.F.);
#3138=ORIENTED_EDGE('',*,*,#5191,.T.);
#3139=ORIENTED_EDGE('',*,*,#5192,.T.);
#3140=ORIENTED_EDGE('',*,*,#5193,.T.);
#3141=ORIENTED_EDGE('',*,*,#4064,.F.);
#3142=ORIENTED_EDGE('',*,*,#5194,.F.);
#3143=ORIENTED_EDGE('',*,*,#4460,.F.);
#3144=ORIENTED_EDGE('',*,*,#5191,.F.);
#3145=ORIENTED_EDGE('',*,*,#4462,.F.);
#3146=ORIENTED_EDGE('',*,*,#5195,.F.);
#3147=ORIENTED_EDGE('',*,*,#4062,.F.);
#3148=ORIENTED_EDGE('',*,*,#5187,.F.);
#3149=ORIENTED_EDGE('',*,*,#4063,.T.);
#3150=ORIENTED_EDGE('',*,*,#5195,.T.);
#3151=ORIENTED_EDGE('',*,*,#4461,.F.);
#3152=ORIENTED_EDGE('',*,*,#5194,.T.);
#3153=ORIENTED_EDGE('',*,*,#5196,.F.);
#3154=ORIENTED_EDGE('',*,*,#5197,.T.);
#3155=ORIENTED_EDGE('',*,*,#5198,.T.);
#3156=ORIENTED_EDGE('',*,*,#5199,.T.);
#3157=ORIENTED_EDGE('',*,*,#4068,.F.);
#3158=ORIENTED_EDGE('',*,*,#5200,.F.);
#3159=ORIENTED_EDGE('',*,*,#4456,.F.);
#3160=ORIENTED_EDGE('',*,*,#5197,.F.);
#3161=ORIENTED_EDGE('',*,*,#4458,.F.);
#3162=ORIENTED_EDGE('',*,*,#5201,.F.);
#3163=ORIENTED_EDGE('',*,*,#4066,.F.);
#3164=ORIENTED_EDGE('',*,*,#5193,.F.);
#3165=ORIENTED_EDGE('',*,*,#4067,.T.);
#3166=ORIENTED_EDGE('',*,*,#5201,.T.);
#3167=ORIENTED_EDGE('',*,*,#4457,.F.);
#3168=ORIENTED_EDGE('',*,*,#5200,.T.);
#3169=ORIENTED_EDGE('',*,*,#5202,.F.);
#3170=ORIENTED_EDGE('',*,*,#5203,.T.);
#3171=ORIENTED_EDGE('',*,*,#5204,.T.);
#3172=ORIENTED_EDGE('',*,*,#5205,.T.);
#3173=ORIENTED_EDGE('',*,*,#4072,.F.);
#3174=ORIENTED_EDGE('',*,*,#5206,.F.);
#3175=ORIENTED_EDGE('',*,*,#4452,.F.);
#3176=ORIENTED_EDGE('',*,*,#5203,.F.);
#3177=ORIENTED_EDGE('',*,*,#4454,.F.);
#3178=ORIENTED_EDGE('',*,*,#5207,.F.);
#3179=ORIENTED_EDGE('',*,*,#4070,.F.);
#3180=ORIENTED_EDGE('',*,*,#5199,.F.);
#3181=ORIENTED_EDGE('',*,*,#4071,.T.);
#3182=ORIENTED_EDGE('',*,*,#5207,.T.);
#3183=ORIENTED_EDGE('',*,*,#4453,.F.);
#3184=ORIENTED_EDGE('',*,*,#5206,.T.);
#3185=ORIENTED_EDGE('',*,*,#5208,.F.);
#3186=ORIENTED_EDGE('',*,*,#5209,.T.);
#3187=ORIENTED_EDGE('',*,*,#5210,.T.);
#3188=ORIENTED_EDGE('',*,*,#5211,.T.);
#3189=ORIENTED_EDGE('',*,*,#4076,.F.);
#3190=ORIENTED_EDGE('',*,*,#5212,.F.);
#3191=ORIENTED_EDGE('',*,*,#4448,.F.);
#3192=ORIENTED_EDGE('',*,*,#5209,.F.);
#3193=ORIENTED_EDGE('',*,*,#4450,.F.);
#3194=ORIENTED_EDGE('',*,*,#5213,.F.);
#3195=ORIENTED_EDGE('',*,*,#4074,.F.);
#3196=ORIENTED_EDGE('',*,*,#5205,.F.);
#3197=ORIENTED_EDGE('',*,*,#4075,.T.);
#3198=ORIENTED_EDGE('',*,*,#5213,.T.);
#3199=ORIENTED_EDGE('',*,*,#4449,.F.);
#3200=ORIENTED_EDGE('',*,*,#5212,.T.);
#3201=ORIENTED_EDGE('',*,*,#5214,.F.);
#3202=ORIENTED_EDGE('',*,*,#5215,.T.);
#3203=ORIENTED_EDGE('',*,*,#5216,.T.);
#3204=ORIENTED_EDGE('',*,*,#5217,.T.);
#3205=ORIENTED_EDGE('',*,*,#4080,.F.);
#3206=ORIENTED_EDGE('',*,*,#5218,.F.);
#3207=ORIENTED_EDGE('',*,*,#4444,.F.);
#3208=ORIENTED_EDGE('',*,*,#5215,.F.);
#3209=ORIENTED_EDGE('',*,*,#4446,.F.);
#3210=ORIENTED_EDGE('',*,*,#5219,.F.);
#3211=ORIENTED_EDGE('',*,*,#4078,.F.);
#3212=ORIENTED_EDGE('',*,*,#5211,.F.);
#3213=ORIENTED_EDGE('',*,*,#4079,.T.);
#3214=ORIENTED_EDGE('',*,*,#5219,.T.);
#3215=ORIENTED_EDGE('',*,*,#4445,.F.);
#3216=ORIENTED_EDGE('',*,*,#5218,.T.);
#3217=ORIENTED_EDGE('',*,*,#5220,.F.);
#3218=ORIENTED_EDGE('',*,*,#5221,.T.);
#3219=ORIENTED_EDGE('',*,*,#5222,.T.);
#3220=ORIENTED_EDGE('',*,*,#5223,.T.);
#3221=ORIENTED_EDGE('',*,*,#4084,.F.);
#3222=ORIENTED_EDGE('',*,*,#5224,.F.);
#3223=ORIENTED_EDGE('',*,*,#4440,.F.);
#3224=ORIENTED_EDGE('',*,*,#5221,.F.);
#3225=ORIENTED_EDGE('',*,*,#4442,.F.);
#3226=ORIENTED_EDGE('',*,*,#5225,.F.);
#3227=ORIENTED_EDGE('',*,*,#4082,.F.);
#3228=ORIENTED_EDGE('',*,*,#5217,.F.);
#3229=ORIENTED_EDGE('',*,*,#4083,.T.);
#3230=ORIENTED_EDGE('',*,*,#5225,.T.);
#3231=ORIENTED_EDGE('',*,*,#4441,.F.);
#3232=ORIENTED_EDGE('',*,*,#5224,.T.);
#3233=ORIENTED_EDGE('',*,*,#5226,.F.);
#3234=ORIENTED_EDGE('',*,*,#5227,.T.);
#3235=ORIENTED_EDGE('',*,*,#5228,.T.);
#3236=ORIENTED_EDGE('',*,*,#5229,.T.);
#3237=ORIENTED_EDGE('',*,*,#4088,.F.);
#3238=ORIENTED_EDGE('',*,*,#5230,.F.);
#3239=ORIENTED_EDGE('',*,*,#4436,.F.);
#3240=ORIENTED_EDGE('',*,*,#5227,.F.);
#3241=ORIENTED_EDGE('',*,*,#4438,.F.);
#3242=ORIENTED_EDGE('',*,*,#5231,.F.);
#3243=ORIENTED_EDGE('',*,*,#4086,.F.);
#3244=ORIENTED_EDGE('',*,*,#5223,.F.);
#3245=ORIENTED_EDGE('',*,*,#4087,.T.);
#3246=ORIENTED_EDGE('',*,*,#5231,.T.);
#3247=ORIENTED_EDGE('',*,*,#4437,.F.);
#3248=ORIENTED_EDGE('',*,*,#5230,.T.);
#3249=ORIENTED_EDGE('',*,*,#5232,.F.);
#3250=ORIENTED_EDGE('',*,*,#5233,.T.);
#3251=ORIENTED_EDGE('',*,*,#5234,.T.);
#3252=ORIENTED_EDGE('',*,*,#5235,.T.);
#3253=ORIENTED_EDGE('',*,*,#4092,.F.);
#3254=ORIENTED_EDGE('',*,*,#5236,.F.);
#3255=ORIENTED_EDGE('',*,*,#4432,.F.);
#3256=ORIENTED_EDGE('',*,*,#5233,.F.);
#3257=ORIENTED_EDGE('',*,*,#4434,.F.);
#3258=ORIENTED_EDGE('',*,*,#5237,.F.);
#3259=ORIENTED_EDGE('',*,*,#4090,.F.);
#3260=ORIENTED_EDGE('',*,*,#5229,.F.);
#3261=ORIENTED_EDGE('',*,*,#4091,.T.);
#3262=ORIENTED_EDGE('',*,*,#5237,.T.);
#3263=ORIENTED_EDGE('',*,*,#4433,.F.);
#3264=ORIENTED_EDGE('',*,*,#5236,.T.);
#3265=ORIENTED_EDGE('',*,*,#5238,.F.);
#3266=ORIENTED_EDGE('',*,*,#5239,.T.);
#3267=ORIENTED_EDGE('',*,*,#5240,.T.);
#3268=ORIENTED_EDGE('',*,*,#5241,.T.);
#3269=ORIENTED_EDGE('',*,*,#4096,.F.);
#3270=ORIENTED_EDGE('',*,*,#5242,.F.);
#3271=ORIENTED_EDGE('',*,*,#4428,.F.);
#3272=ORIENTED_EDGE('',*,*,#5239,.F.);
#3273=ORIENTED_EDGE('',*,*,#4430,.F.);
#3274=ORIENTED_EDGE('',*,*,#5243,.F.);
#3275=ORIENTED_EDGE('',*,*,#4094,.F.);
#3276=ORIENTED_EDGE('',*,*,#5235,.F.);
#3277=ORIENTED_EDGE('',*,*,#4095,.T.);
#3278=ORIENTED_EDGE('',*,*,#5243,.T.);
#3279=ORIENTED_EDGE('',*,*,#4429,.F.);
#3280=ORIENTED_EDGE('',*,*,#5242,.T.);
#3281=ORIENTED_EDGE('',*,*,#5244,.F.);
#3282=ORIENTED_EDGE('',*,*,#5245,.T.);
#3283=ORIENTED_EDGE('',*,*,#5246,.T.);
#3284=ORIENTED_EDGE('',*,*,#5247,.T.);
#3285=ORIENTED_EDGE('',*,*,#4100,.F.);
#3286=ORIENTED_EDGE('',*,*,#5248,.F.);
#3287=ORIENTED_EDGE('',*,*,#4424,.F.);
#3288=ORIENTED_EDGE('',*,*,#5245,.F.);
#3289=ORIENTED_EDGE('',*,*,#4426,.F.);
#3290=ORIENTED_EDGE('',*,*,#5249,.F.);
#3291=ORIENTED_EDGE('',*,*,#4098,.F.);
#3292=ORIENTED_EDGE('',*,*,#5241,.F.);
#3293=ORIENTED_EDGE('',*,*,#4099,.T.);
#3294=ORIENTED_EDGE('',*,*,#5249,.T.);
#3295=ORIENTED_EDGE('',*,*,#4425,.F.);
#3296=ORIENTED_EDGE('',*,*,#5248,.T.);
#3297=ORIENTED_EDGE('',*,*,#5250,.F.);
#3298=ORIENTED_EDGE('',*,*,#5251,.T.);
#3299=ORIENTED_EDGE('',*,*,#5252,.T.);
#3300=ORIENTED_EDGE('',*,*,#5253,.T.);
#3301=ORIENTED_EDGE('',*,*,#4104,.F.);
#3302=ORIENTED_EDGE('',*,*,#5254,.F.);
#3303=ORIENTED_EDGE('',*,*,#4420,.F.);
#3304=ORIENTED_EDGE('',*,*,#5251,.F.);
#3305=ORIENTED_EDGE('',*,*,#4422,.F.);
#3306=ORIENTED_EDGE('',*,*,#5255,.F.);
#3307=ORIENTED_EDGE('',*,*,#4102,.F.);
#3308=ORIENTED_EDGE('',*,*,#5247,.F.);
#3309=ORIENTED_EDGE('',*,*,#4103,.T.);
#3310=ORIENTED_EDGE('',*,*,#5255,.T.);
#3311=ORIENTED_EDGE('',*,*,#4421,.F.);
#3312=ORIENTED_EDGE('',*,*,#5254,.T.);
#3313=ORIENTED_EDGE('',*,*,#5256,.F.);
#3314=ORIENTED_EDGE('',*,*,#5257,.T.);
#3315=ORIENTED_EDGE('',*,*,#5258,.T.);
#3316=ORIENTED_EDGE('',*,*,#5259,.T.);
#3317=ORIENTED_EDGE('',*,*,#4108,.F.);
#3318=ORIENTED_EDGE('',*,*,#5260,.F.);
#3319=ORIENTED_EDGE('',*,*,#4416,.F.);
#3320=ORIENTED_EDGE('',*,*,#5257,.F.);
#3321=ORIENTED_EDGE('',*,*,#4418,.F.);
#3322=ORIENTED_EDGE('',*,*,#5261,.F.);
#3323=ORIENTED_EDGE('',*,*,#4106,.F.);
#3324=ORIENTED_EDGE('',*,*,#5253,.F.);
#3325=ORIENTED_EDGE('',*,*,#4107,.T.);
#3326=ORIENTED_EDGE('',*,*,#5261,.T.);
#3327=ORIENTED_EDGE('',*,*,#4417,.F.);
#3328=ORIENTED_EDGE('',*,*,#5260,.T.);
#3329=ORIENTED_EDGE('',*,*,#5262,.F.);
#3330=ORIENTED_EDGE('',*,*,#5263,.T.);
#3331=ORIENTED_EDGE('',*,*,#5264,.T.);
#3332=ORIENTED_EDGE('',*,*,#5265,.T.);
#3333=ORIENTED_EDGE('',*,*,#4112,.F.);
#3334=ORIENTED_EDGE('',*,*,#5266,.F.);
#3335=ORIENTED_EDGE('',*,*,#4412,.F.);
#3336=ORIENTED_EDGE('',*,*,#5263,.F.);
#3337=ORIENTED_EDGE('',*,*,#4414,.F.);
#3338=ORIENTED_EDGE('',*,*,#5267,.F.);
#3339=ORIENTED_EDGE('',*,*,#4110,.F.);
#3340=ORIENTED_EDGE('',*,*,#5259,.F.);
#3341=ORIENTED_EDGE('',*,*,#4111,.T.);
#3342=ORIENTED_EDGE('',*,*,#5267,.T.);
#3343=ORIENTED_EDGE('',*,*,#4413,.F.);
#3344=ORIENTED_EDGE('',*,*,#5266,.T.);
#3345=ORIENTED_EDGE('',*,*,#5268,.F.);
#3346=ORIENTED_EDGE('',*,*,#5269,.T.);
#3347=ORIENTED_EDGE('',*,*,#5270,.T.);
#3348=ORIENTED_EDGE('',*,*,#5271,.T.);
#3349=ORIENTED_EDGE('',*,*,#4116,.F.);
#3350=ORIENTED_EDGE('',*,*,#5272,.F.);
#3351=ORIENTED_EDGE('',*,*,#4408,.F.);
#3352=ORIENTED_EDGE('',*,*,#5269,.F.);
#3353=ORIENTED_EDGE('',*,*,#4410,.F.);
#3354=ORIENTED_EDGE('',*,*,#5273,.F.);
#3355=ORIENTED_EDGE('',*,*,#4114,.F.);
#3356=ORIENTED_EDGE('',*,*,#5265,.F.);
#3357=ORIENTED_EDGE('',*,*,#4115,.T.);
#3358=ORIENTED_EDGE('',*,*,#5273,.T.);
#3359=ORIENTED_EDGE('',*,*,#4409,.F.);
#3360=ORIENTED_EDGE('',*,*,#5272,.T.);
#3361=ORIENTED_EDGE('',*,*,#5274,.F.);
#3362=ORIENTED_EDGE('',*,*,#5275,.T.);
#3363=ORIENTED_EDGE('',*,*,#5276,.T.);
#3364=ORIENTED_EDGE('',*,*,#5277,.T.);
#3365=ORIENTED_EDGE('',*,*,#4120,.F.);
#3366=ORIENTED_EDGE('',*,*,#5278,.F.);
#3367=ORIENTED_EDGE('',*,*,#4404,.F.);
#3368=ORIENTED_EDGE('',*,*,#5275,.F.);
#3369=ORIENTED_EDGE('',*,*,#4406,.F.);
#3370=ORIENTED_EDGE('',*,*,#5279,.F.);
#3371=ORIENTED_EDGE('',*,*,#4118,.F.);
#3372=ORIENTED_EDGE('',*,*,#5271,.F.);
#3373=ORIENTED_EDGE('',*,*,#4119,.T.);
#3374=ORIENTED_EDGE('',*,*,#5279,.T.);
#3375=ORIENTED_EDGE('',*,*,#4405,.F.);
#3376=ORIENTED_EDGE('',*,*,#5278,.T.);
#3377=ORIENTED_EDGE('',*,*,#5280,.F.);
#3378=ORIENTED_EDGE('',*,*,#5281,.T.);
#3379=ORIENTED_EDGE('',*,*,#5282,.T.);
#3380=ORIENTED_EDGE('',*,*,#5283,.T.);
#3381=ORIENTED_EDGE('',*,*,#4124,.F.);
#3382=ORIENTED_EDGE('',*,*,#5284,.F.);
#3383=ORIENTED_EDGE('',*,*,#4400,.F.);
#3384=ORIENTED_EDGE('',*,*,#5281,.F.);
#3385=ORIENTED_EDGE('',*,*,#4402,.F.);
#3386=ORIENTED_EDGE('',*,*,#5285,.F.);
#3387=ORIENTED_EDGE('',*,*,#4122,.F.);
#3388=ORIENTED_EDGE('',*,*,#5277,.F.);
#3389=ORIENTED_EDGE('',*,*,#4123,.T.);
#3390=ORIENTED_EDGE('',*,*,#5285,.T.);
#3391=ORIENTED_EDGE('',*,*,#4401,.F.);
#3392=ORIENTED_EDGE('',*,*,#5284,.T.);
#3393=ORIENTED_EDGE('',*,*,#5286,.F.);
#3394=ORIENTED_EDGE('',*,*,#5287,.T.);
#3395=ORIENTED_EDGE('',*,*,#5288,.T.);
#3396=ORIENTED_EDGE('',*,*,#5289,.T.);
#3397=ORIENTED_EDGE('',*,*,#4128,.F.);
#3398=ORIENTED_EDGE('',*,*,#5290,.F.);
#3399=ORIENTED_EDGE('',*,*,#4396,.F.);
#3400=ORIENTED_EDGE('',*,*,#5287,.F.);
#3401=ORIENTED_EDGE('',*,*,#4398,.F.);
#3402=ORIENTED_EDGE('',*,*,#5291,.F.);
#3403=ORIENTED_EDGE('',*,*,#4126,.F.);
#3404=ORIENTED_EDGE('',*,*,#5283,.F.);
#3405=ORIENTED_EDGE('',*,*,#4127,.T.);
#3406=ORIENTED_EDGE('',*,*,#5291,.T.);
#3407=ORIENTED_EDGE('',*,*,#4397,.F.);
#3408=ORIENTED_EDGE('',*,*,#5290,.T.);
#3409=ORIENTED_EDGE('',*,*,#5292,.F.);
#3410=ORIENTED_EDGE('',*,*,#5293,.T.);
#3411=ORIENTED_EDGE('',*,*,#5294,.T.);
#3412=ORIENTED_EDGE('',*,*,#5295,.T.);
#3413=ORIENTED_EDGE('',*,*,#4132,.F.);
#3414=ORIENTED_EDGE('',*,*,#5296,.F.);
#3415=ORIENTED_EDGE('',*,*,#4392,.F.);
#3416=ORIENTED_EDGE('',*,*,#5293,.F.);
#3417=ORIENTED_EDGE('',*,*,#4394,.F.);
#3418=ORIENTED_EDGE('',*,*,#5297,.F.);
#3419=ORIENTED_EDGE('',*,*,#4130,.F.);
#3420=ORIENTED_EDGE('',*,*,#5289,.F.);
#3421=ORIENTED_EDGE('',*,*,#4131,.T.);
#3422=ORIENTED_EDGE('',*,*,#5297,.T.);
#3423=ORIENTED_EDGE('',*,*,#4393,.F.);
#3424=ORIENTED_EDGE('',*,*,#5296,.T.);
#3425=ORIENTED_EDGE('',*,*,#5298,.F.);
#3426=ORIENTED_EDGE('',*,*,#5299,.T.);
#3427=ORIENTED_EDGE('',*,*,#5300,.T.);
#3428=ORIENTED_EDGE('',*,*,#5301,.T.);
#3429=ORIENTED_EDGE('',*,*,#4136,.F.);
#3430=ORIENTED_EDGE('',*,*,#5302,.F.);
#3431=ORIENTED_EDGE('',*,*,#4388,.F.);
#3432=ORIENTED_EDGE('',*,*,#5299,.F.);
#3433=ORIENTED_EDGE('',*,*,#4390,.F.);
#3434=ORIENTED_EDGE('',*,*,#5303,.F.);
#3435=ORIENTED_EDGE('',*,*,#4134,.F.);
#3436=ORIENTED_EDGE('',*,*,#5295,.F.);
#3437=ORIENTED_EDGE('',*,*,#4135,.T.);
#3438=ORIENTED_EDGE('',*,*,#5303,.T.);
#3439=ORIENTED_EDGE('',*,*,#4389,.F.);
#3440=ORIENTED_EDGE('',*,*,#5302,.T.);
#3441=ORIENTED_EDGE('',*,*,#5304,.F.);
#3442=ORIENTED_EDGE('',*,*,#5305,.T.);
#3443=ORIENTED_EDGE('',*,*,#5306,.T.);
#3444=ORIENTED_EDGE('',*,*,#5307,.T.);
#3445=ORIENTED_EDGE('',*,*,#4140,.F.);
#3446=ORIENTED_EDGE('',*,*,#5308,.F.);
#3447=ORIENTED_EDGE('',*,*,#4384,.F.);
#3448=ORIENTED_EDGE('',*,*,#5305,.F.);
#3449=ORIENTED_EDGE('',*,*,#4386,.F.);
#3450=ORIENTED_EDGE('',*,*,#5309,.F.);
#3451=ORIENTED_EDGE('',*,*,#4138,.F.);
#3452=ORIENTED_EDGE('',*,*,#5301,.F.);
#3453=ORIENTED_EDGE('',*,*,#4139,.T.);
#3454=ORIENTED_EDGE('',*,*,#5309,.T.);
#3455=ORIENTED_EDGE('',*,*,#4385,.F.);
#3456=ORIENTED_EDGE('',*,*,#5308,.T.);
#3457=ORIENTED_EDGE('',*,*,#5310,.F.);
#3458=ORIENTED_EDGE('',*,*,#5311,.T.);
#3459=ORIENTED_EDGE('',*,*,#5312,.T.);
#3460=ORIENTED_EDGE('',*,*,#5313,.T.);
#3461=ORIENTED_EDGE('',*,*,#4144,.F.);
#3462=ORIENTED_EDGE('',*,*,#5314,.F.);
#3463=ORIENTED_EDGE('',*,*,#4380,.F.);
#3464=ORIENTED_EDGE('',*,*,#5311,.F.);
#3465=ORIENTED_EDGE('',*,*,#4382,.F.);
#3466=ORIENTED_EDGE('',*,*,#5315,.F.);
#3467=ORIENTED_EDGE('',*,*,#4142,.F.);
#3468=ORIENTED_EDGE('',*,*,#5307,.F.);
#3469=ORIENTED_EDGE('',*,*,#4143,.T.);
#3470=ORIENTED_EDGE('',*,*,#5315,.T.);
#3471=ORIENTED_EDGE('',*,*,#4381,.F.);
#3472=ORIENTED_EDGE('',*,*,#5314,.T.);
#3473=ORIENTED_EDGE('',*,*,#5316,.F.);
#3474=ORIENTED_EDGE('',*,*,#5317,.T.);
#3475=ORIENTED_EDGE('',*,*,#5318,.T.);
#3476=ORIENTED_EDGE('',*,*,#5319,.T.);
#3477=ORIENTED_EDGE('',*,*,#4148,.F.);
#3478=ORIENTED_EDGE('',*,*,#5320,.F.);
#3479=ORIENTED_EDGE('',*,*,#4376,.F.);
#3480=ORIENTED_EDGE('',*,*,#5317,.F.);
#3481=ORIENTED_EDGE('',*,*,#4378,.F.);
#3482=ORIENTED_EDGE('',*,*,#5321,.F.);
#3483=ORIENTED_EDGE('',*,*,#4146,.F.);
#3484=ORIENTED_EDGE('',*,*,#5313,.F.);
#3485=ORIENTED_EDGE('',*,*,#4147,.T.);
#3486=ORIENTED_EDGE('',*,*,#5321,.T.);
#3487=ORIENTED_EDGE('',*,*,#4377,.F.);
#3488=ORIENTED_EDGE('',*,*,#5320,.T.);
#3489=ORIENTED_EDGE('',*,*,#5322,.F.);
#3490=ORIENTED_EDGE('',*,*,#5323,.T.);
#3491=ORIENTED_EDGE('',*,*,#5324,.T.);
#3492=ORIENTED_EDGE('',*,*,#5325,.T.);
#3493=ORIENTED_EDGE('',*,*,#4152,.F.);
#3494=ORIENTED_EDGE('',*,*,#5326,.F.);
#3495=ORIENTED_EDGE('',*,*,#4372,.F.);
#3496=ORIENTED_EDGE('',*,*,#5323,.F.);
#3497=ORIENTED_EDGE('',*,*,#4374,.F.);
#3498=ORIENTED_EDGE('',*,*,#5327,.F.);
#3499=ORIENTED_EDGE('',*,*,#4150,.F.);
#3500=ORIENTED_EDGE('',*,*,#5319,.F.);
#3501=ORIENTED_EDGE('',*,*,#4151,.T.);
#3502=ORIENTED_EDGE('',*,*,#5327,.T.);
#3503=ORIENTED_EDGE('',*,*,#4373,.F.);
#3504=ORIENTED_EDGE('',*,*,#5326,.T.);
#3505=ORIENTED_EDGE('',*,*,#5328,.F.);
#3506=ORIENTED_EDGE('',*,*,#5329,.T.);
#3507=ORIENTED_EDGE('',*,*,#5330,.T.);
#3508=ORIENTED_EDGE('',*,*,#5331,.T.);
#3509=ORIENTED_EDGE('',*,*,#4156,.F.);
#3510=ORIENTED_EDGE('',*,*,#5332,.F.);
#3511=ORIENTED_EDGE('',*,*,#4368,.F.);
#3512=ORIENTED_EDGE('',*,*,#5329,.F.);
#3513=ORIENTED_EDGE('',*,*,#4370,.F.);
#3514=ORIENTED_EDGE('',*,*,#5333,.F.);
#3515=ORIENTED_EDGE('',*,*,#4154,.F.);
#3516=ORIENTED_EDGE('',*,*,#5325,.F.);
#3517=ORIENTED_EDGE('',*,*,#4155,.T.);
#3518=ORIENTED_EDGE('',*,*,#5333,.T.);
#3519=ORIENTED_EDGE('',*,*,#4369,.F.);
#3520=ORIENTED_EDGE('',*,*,#5332,.T.);
#3521=ORIENTED_EDGE('',*,*,#5334,.F.);
#3522=ORIENTED_EDGE('',*,*,#5335,.T.);
#3523=ORIENTED_EDGE('',*,*,#5336,.T.);
#3524=ORIENTED_EDGE('',*,*,#5337,.T.);
#3525=ORIENTED_EDGE('',*,*,#4160,.F.);
#3526=ORIENTED_EDGE('',*,*,#5338,.F.);
#3527=ORIENTED_EDGE('',*,*,#4364,.F.);
#3528=ORIENTED_EDGE('',*,*,#5335,.F.);
#3529=ORIENTED_EDGE('',*,*,#4366,.F.);
#3530=ORIENTED_EDGE('',*,*,#5339,.F.);
#3531=ORIENTED_EDGE('',*,*,#4158,.F.);
#3532=ORIENTED_EDGE('',*,*,#5331,.F.);
#3533=ORIENTED_EDGE('',*,*,#4159,.T.);
#3534=ORIENTED_EDGE('',*,*,#5339,.T.);
#3535=ORIENTED_EDGE('',*,*,#4365,.F.);
#3536=ORIENTED_EDGE('',*,*,#5338,.T.);
#3537=ORIENTED_EDGE('',*,*,#5340,.F.);
#3538=ORIENTED_EDGE('',*,*,#5341,.T.);
#3539=ORIENTED_EDGE('',*,*,#5342,.T.);
#3540=ORIENTED_EDGE('',*,*,#4763,.T.);
#3541=ORIENTED_EDGE('',*,*,#4163,.T.);
#3542=ORIENTED_EDGE('',*,*,#5343,.T.);
#3543=ORIENTED_EDGE('',*,*,#4753,.F.);
#3544=ORIENTED_EDGE('',*,*,#5344,.T.);
#3545=ORIENTED_EDGE('',*,*,#4754,.F.);
#3546=ORIENTED_EDGE('',*,*,#5343,.F.);
#3547=ORIENTED_EDGE('',*,*,#4162,.F.);
#3548=ORIENTED_EDGE('',*,*,#5337,.F.);
#3549=ORIENTED_EDGE('',*,*,#4164,.F.);
#3550=ORIENTED_EDGE('',*,*,#5344,.F.);
#3551=ORIENTED_EDGE('',*,*,#4752,.F.);
#3552=ORIENTED_EDGE('',*,*,#5341,.F.);
#3553=ORIENTED_EDGE('',*,*,#5345,.F.);
#3554=ORIENTED_EDGE('',*,*,#5346,.F.);
#3555=ORIENTED_EDGE('',*,*,#5347,.F.);
#3556=ORIENTED_EDGE('',*,*,#5348,.F.);
#3557=ORIENTED_EDGE('',*,*,#5349,.F.);
#3558=ORIENTED_EDGE('',*,*,#4361,.T.);
#3559=ORIENTED_EDGE('',*,*,#5350,.F.);
#3560=ORIENTED_EDGE('',*,*,#5351,.T.);
#3561=ORIENTED_EDGE('',*,*,#5352,.T.);
#3562=ORIENTED_EDGE('',*,*,#5353,.T.);
#3563=ORIENTED_EDGE('',*,*,#5354,.T.);
#3564=ORIENTED_EDGE('',*,*,#4755,.F.);
#3565=ORIENTED_EDGE('',*,*,#5354,.F.);
#3566=ORIENTED_EDGE('',*,*,#5349,.T.);
#3567=ORIENTED_EDGE('',*,*,#5353,.F.);
#3568=ORIENTED_EDGE('',*,*,#5348,.T.);
#3569=ORIENTED_EDGE('',*,*,#5352,.F.);
#3570=ORIENTED_EDGE('',*,*,#5347,.T.);
#3571=ORIENTED_EDGE('',*,*,#5351,.F.);
#3572=ORIENTED_EDGE('',*,*,#5346,.T.);
#3573=ORIENTED_EDGE('',*,*,#5345,.T.);
#3574=ORIENTED_EDGE('',*,*,#5350,.T.);
#3575=ORIENTED_EDGE('',*,*,#4756,.T.);
#3576=ORIENTED_EDGE('',*,*,#5048,.F.);
#3577=ORIENTED_EDGE('',*,*,#4555,.F.);
#3578=ORIENTED_EDGE('',*,*,#5042,.F.);
#3579=ORIENTED_EDGE('',*,*,#4559,.F.);
#3580=ORIENTED_EDGE('',*,*,#5036,.F.);
#3581=ORIENTED_EDGE('',*,*,#4563,.F.);
#3582=ORIENTED_EDGE('',*,*,#5030,.F.);
#3583=ORIENTED_EDGE('',*,*,#4567,.F.);
#3584=ORIENTED_EDGE('',*,*,#5024,.F.);
#3585=ORIENTED_EDGE('',*,*,#4571,.F.);
#3586=ORIENTED_EDGE('',*,*,#5018,.F.);
#3587=ORIENTED_EDGE('',*,*,#4575,.F.);
#3588=ORIENTED_EDGE('',*,*,#5012,.F.);
#3589=ORIENTED_EDGE('',*,*,#4579,.F.);
#3590=ORIENTED_EDGE('',*,*,#5006,.F.);
#3591=ORIENTED_EDGE('',*,*,#4583,.F.);
#3592=ORIENTED_EDGE('',*,*,#5000,.F.);
#3593=ORIENTED_EDGE('',*,*,#4587,.F.);
#3594=ORIENTED_EDGE('',*,*,#4994,.F.);
#3595=ORIENTED_EDGE('',*,*,#4591,.F.);
#3596=ORIENTED_EDGE('',*,*,#4988,.F.);
#3597=ORIENTED_EDGE('',*,*,#4595,.F.);
#3598=ORIENTED_EDGE('',*,*,#4982,.F.);
#3599=ORIENTED_EDGE('',*,*,#4599,.F.);
#3600=ORIENTED_EDGE('',*,*,#4976,.F.);
#3601=ORIENTED_EDGE('',*,*,#4603,.F.);
#3602=ORIENTED_EDGE('',*,*,#4970,.F.);
#3603=ORIENTED_EDGE('',*,*,#4607,.F.);
#3604=ORIENTED_EDGE('',*,*,#4964,.F.);
#3605=ORIENTED_EDGE('',*,*,#4611,.F.);
#3606=ORIENTED_EDGE('',*,*,#4958,.F.);
#3607=ORIENTED_EDGE('',*,*,#4615,.F.);
#3608=ORIENTED_EDGE('',*,*,#4952,.F.);
#3609=ORIENTED_EDGE('',*,*,#4619,.F.);
#3610=ORIENTED_EDGE('',*,*,#4946,.F.);
#3611=ORIENTED_EDGE('',*,*,#4623,.F.);
#3612=ORIENTED_EDGE('',*,*,#4940,.F.);
#3613=ORIENTED_EDGE('',*,*,#4627,.F.);
#3614=ORIENTED_EDGE('',*,*,#4934,.F.);
#3615=ORIENTED_EDGE('',*,*,#4631,.F.);
#3616=ORIENTED_EDGE('',*,*,#4928,.F.);
#3617=ORIENTED_EDGE('',*,*,#4635,.F.);
#3618=ORIENTED_EDGE('',*,*,#4922,.F.);
#3619=ORIENTED_EDGE('',*,*,#4639,.F.);
#3620=ORIENTED_EDGE('',*,*,#4916,.F.);
#3621=ORIENTED_EDGE('',*,*,#4643,.F.);
#3622=ORIENTED_EDGE('',*,*,#4910,.F.);
#3623=ORIENTED_EDGE('',*,*,#4647,.F.);
#3624=ORIENTED_EDGE('',*,*,#4904,.F.);
#3625=ORIENTED_EDGE('',*,*,#4651,.F.);
#3626=ORIENTED_EDGE('',*,*,#4898,.F.);
#3627=ORIENTED_EDGE('',*,*,#4655,.F.);
#3628=ORIENTED_EDGE('',*,*,#4892,.F.);
#3629=ORIENTED_EDGE('',*,*,#4659,.F.);
#3630=ORIENTED_EDGE('',*,*,#4886,.F.);
#3631=ORIENTED_EDGE('',*,*,#4663,.F.);
#3632=ORIENTED_EDGE('',*,*,#4880,.F.);
#3633=ORIENTED_EDGE('',*,*,#4667,.F.);
#3634=ORIENTED_EDGE('',*,*,#4874,.F.);
#3635=ORIENTED_EDGE('',*,*,#4671,.F.);
#3636=ORIENTED_EDGE('',*,*,#4868,.F.);
#3637=ORIENTED_EDGE('',*,*,#4675,.F.);
#3638=ORIENTED_EDGE('',*,*,#4862,.F.);
#3639=ORIENTED_EDGE('',*,*,#4679,.F.);
#3640=ORIENTED_EDGE('',*,*,#4856,.F.);
#3641=ORIENTED_EDGE('',*,*,#4683,.F.);
#3642=ORIENTED_EDGE('',*,*,#4850,.F.);
#3643=ORIENTED_EDGE('',*,*,#4687,.F.);
#3644=ORIENTED_EDGE('',*,*,#4844,.F.);
#3645=ORIENTED_EDGE('',*,*,#4691,.F.);
#3646=ORIENTED_EDGE('',*,*,#4838,.F.);
#3647=ORIENTED_EDGE('',*,*,#4695,.F.);
#3648=ORIENTED_EDGE('',*,*,#4832,.F.);
#3649=ORIENTED_EDGE('',*,*,#4699,.F.);
#3650=ORIENTED_EDGE('',*,*,#4826,.F.);
#3651=ORIENTED_EDGE('',*,*,#4703,.F.);
#3652=ORIENTED_EDGE('',*,*,#4820,.F.);
#3653=ORIENTED_EDGE('',*,*,#4707,.F.);
#3654=ORIENTED_EDGE('',*,*,#4814,.F.);
#3655=ORIENTED_EDGE('',*,*,#4711,.F.);
#3656=ORIENTED_EDGE('',*,*,#4808,.F.);
#3657=ORIENTED_EDGE('',*,*,#4715,.F.);
#3658=ORIENTED_EDGE('',*,*,#4802,.F.);
#3659=ORIENTED_EDGE('',*,*,#4719,.F.);
#3660=ORIENTED_EDGE('',*,*,#4796,.F.);
#3661=ORIENTED_EDGE('',*,*,#4723,.F.);
#3662=ORIENTED_EDGE('',*,*,#4790,.F.);
#3663=ORIENTED_EDGE('',*,*,#4727,.F.);
#3664=ORIENTED_EDGE('',*,*,#4784,.F.);
#3665=ORIENTED_EDGE('',*,*,#4731,.F.);
#3666=ORIENTED_EDGE('',*,*,#4778,.F.);
#3667=ORIENTED_EDGE('',*,*,#4735,.F.);
#3668=ORIENTED_EDGE('',*,*,#4772,.F.);
#3669=ORIENTED_EDGE('',*,*,#4739,.F.);
#3670=ORIENTED_EDGE('',*,*,#4766,.F.);
#3671=ORIENTED_EDGE('',*,*,#4743,.F.);
#3672=ORIENTED_EDGE('',*,*,#4759,.F.);
#3673=ORIENTED_EDGE('',*,*,#4747,.F.);
#3674=ORIENTED_EDGE('',*,*,#5342,.F.);
#3675=ORIENTED_EDGE('',*,*,#4751,.F.);
#3676=ORIENTED_EDGE('',*,*,#5336,.F.);
#3677=ORIENTED_EDGE('',*,*,#4363,.F.);
#3678=ORIENTED_EDGE('',*,*,#5330,.F.);
#3679=ORIENTED_EDGE('',*,*,#4367,.F.);
#3680=ORIENTED_EDGE('',*,*,#5324,.F.);
#3681=ORIENTED_EDGE('',*,*,#4371,.F.);
#3682=ORIENTED_EDGE('',*,*,#5318,.F.);
#3683=ORIENTED_EDGE('',*,*,#4375,.F.);
#3684=ORIENTED_EDGE('',*,*,#5312,.F.);
#3685=ORIENTED_EDGE('',*,*,#4379,.F.);
#3686=ORIENTED_EDGE('',*,*,#5306,.F.);
#3687=ORIENTED_EDGE('',*,*,#4383,.F.);
#3688=ORIENTED_EDGE('',*,*,#5300,.F.);
#3689=ORIENTED_EDGE('',*,*,#4387,.F.);
#3690=ORIENTED_EDGE('',*,*,#5294,.F.);
#3691=ORIENTED_EDGE('',*,*,#4391,.F.);
#3692=ORIENTED_EDGE('',*,*,#5288,.F.);
#3693=ORIENTED_EDGE('',*,*,#4395,.F.);
#3694=ORIENTED_EDGE('',*,*,#5282,.F.);
#3695=ORIENTED_EDGE('',*,*,#4399,.F.);
#3696=ORIENTED_EDGE('',*,*,#5276,.F.);
#3697=ORIENTED_EDGE('',*,*,#4403,.F.);
#3698=ORIENTED_EDGE('',*,*,#5270,.F.);
#3699=ORIENTED_EDGE('',*,*,#4407,.F.);
#3700=ORIENTED_EDGE('',*,*,#5264,.F.);
#3701=ORIENTED_EDGE('',*,*,#4411,.F.);
#3702=ORIENTED_EDGE('',*,*,#5258,.F.);
#3703=ORIENTED_EDGE('',*,*,#4415,.F.);
#3704=ORIENTED_EDGE('',*,*,#5252,.F.);
#3705=ORIENTED_EDGE('',*,*,#4419,.F.);
#3706=ORIENTED_EDGE('',*,*,#5246,.F.);
#3707=ORIENTED_EDGE('',*,*,#4423,.F.);
#3708=ORIENTED_EDGE('',*,*,#5240,.F.);
#3709=ORIENTED_EDGE('',*,*,#4427,.F.);
#3710=ORIENTED_EDGE('',*,*,#5234,.F.);
#3711=ORIENTED_EDGE('',*,*,#4431,.F.);
#3712=ORIENTED_EDGE('',*,*,#5228,.F.);
#3713=ORIENTED_EDGE('',*,*,#4435,.F.);
#3714=ORIENTED_EDGE('',*,*,#5222,.F.);
#3715=ORIENTED_EDGE('',*,*,#4439,.F.);
#3716=ORIENTED_EDGE('',*,*,#5216,.F.);
#3717=ORIENTED_EDGE('',*,*,#4443,.F.);
#3718=ORIENTED_EDGE('',*,*,#5210,.F.);
#3719=ORIENTED_EDGE('',*,*,#4447,.F.);
#3720=ORIENTED_EDGE('',*,*,#5204,.F.);
#3721=ORIENTED_EDGE('',*,*,#4451,.F.);
#3722=ORIENTED_EDGE('',*,*,#5198,.F.);
#3723=ORIENTED_EDGE('',*,*,#4455,.F.);
#3724=ORIENTED_EDGE('',*,*,#5192,.F.);
#3725=ORIENTED_EDGE('',*,*,#4459,.F.);
#3726=ORIENTED_EDGE('',*,*,#5186,.F.);
#3727=ORIENTED_EDGE('',*,*,#4463,.F.);
#3728=ORIENTED_EDGE('',*,*,#5180,.F.);
#3729=ORIENTED_EDGE('',*,*,#4467,.F.);
#3730=ORIENTED_EDGE('',*,*,#5174,.F.);
#3731=ORIENTED_EDGE('',*,*,#4471,.F.);
#3732=ORIENTED_EDGE('',*,*,#5168,.F.);
#3733=ORIENTED_EDGE('',*,*,#4475,.F.);
#3734=ORIENTED_EDGE('',*,*,#5162,.F.);
#3735=ORIENTED_EDGE('',*,*,#4479,.F.);
#3736=ORIENTED_EDGE('',*,*,#5156,.F.);
#3737=ORIENTED_EDGE('',*,*,#4483,.F.);
#3738=ORIENTED_EDGE('',*,*,#5150,.F.);
#3739=ORIENTED_EDGE('',*,*,#4487,.F.);
#3740=ORIENTED_EDGE('',*,*,#5144,.F.);
#3741=ORIENTED_EDGE('',*,*,#4491,.F.);
#3742=ORIENTED_EDGE('',*,*,#5138,.F.);
#3743=ORIENTED_EDGE('',*,*,#4495,.F.);
#3744=ORIENTED_EDGE('',*,*,#5132,.F.);
#3745=ORIENTED_EDGE('',*,*,#4499,.F.);
#3746=ORIENTED_EDGE('',*,*,#5126,.F.);
#3747=ORIENTED_EDGE('',*,*,#4503,.F.);
#3748=ORIENTED_EDGE('',*,*,#5120,.F.);
#3749=ORIENTED_EDGE('',*,*,#4507,.F.);
#3750=ORIENTED_EDGE('',*,*,#5114,.F.);
#3751=ORIENTED_EDGE('',*,*,#4511,.F.);
#3752=ORIENTED_EDGE('',*,*,#5108,.F.);
#3753=ORIENTED_EDGE('',*,*,#4515,.F.);
#3754=ORIENTED_EDGE('',*,*,#5102,.F.);
#3755=ORIENTED_EDGE('',*,*,#4519,.F.);
#3756=ORIENTED_EDGE('',*,*,#5096,.F.);
#3757=ORIENTED_EDGE('',*,*,#4523,.F.);
#3758=ORIENTED_EDGE('',*,*,#5090,.F.);
#3759=ORIENTED_EDGE('',*,*,#4527,.F.);
#3760=ORIENTED_EDGE('',*,*,#5084,.F.);
#3761=ORIENTED_EDGE('',*,*,#4531,.F.);
#3762=ORIENTED_EDGE('',*,*,#5078,.F.);
#3763=ORIENTED_EDGE('',*,*,#4535,.F.);
#3764=ORIENTED_EDGE('',*,*,#5072,.F.);
#3765=ORIENTED_EDGE('',*,*,#4539,.F.);
#3766=ORIENTED_EDGE('',*,*,#5066,.F.);
#3767=ORIENTED_EDGE('',*,*,#4543,.F.);
#3768=ORIENTED_EDGE('',*,*,#5060,.F.);
#3769=ORIENTED_EDGE('',*,*,#4547,.F.);
#3770=ORIENTED_EDGE('',*,*,#5054,.F.);
#3771=ORIENTED_EDGE('',*,*,#4551,.F.);
#3772=ORIENTED_EDGE('',*,*,#4362,.F.);
#3773=ORIENTED_EDGE('',*,*,#5046,.T.);
#3774=ORIENTED_EDGE('',*,*,#3969,.T.);
#3775=ORIENTED_EDGE('',*,*,#5052,.T.);
#3776=ORIENTED_EDGE('',*,*,#3973,.T.);
#3777=ORIENTED_EDGE('',*,*,#5058,.T.);
#3778=ORIENTED_EDGE('',*,*,#3977,.T.);
#3779=ORIENTED_EDGE('',*,*,#5064,.T.);
#3780=ORIENTED_EDGE('',*,*,#3981,.T.);
#3781=ORIENTED_EDGE('',*,*,#5070,.T.);
#3782=ORIENTED_EDGE('',*,*,#3985,.T.);
#3783=ORIENTED_EDGE('',*,*,#5076,.T.);
#3784=ORIENTED_EDGE('',*,*,#3989,.T.);
#3785=ORIENTED_EDGE('',*,*,#5082,.T.);
#3786=ORIENTED_EDGE('',*,*,#3993,.T.);
#3787=ORIENTED_EDGE('',*,*,#5088,.T.);
#3788=ORIENTED_EDGE('',*,*,#3997,.T.);
#3789=ORIENTED_EDGE('',*,*,#5094,.T.);
#3790=ORIENTED_EDGE('',*,*,#4001,.T.);
#3791=ORIENTED_EDGE('',*,*,#5100,.T.);
#3792=ORIENTED_EDGE('',*,*,#4005,.T.);
#3793=ORIENTED_EDGE('',*,*,#5106,.T.);
#3794=ORIENTED_EDGE('',*,*,#4009,.T.);
#3795=ORIENTED_EDGE('',*,*,#5112,.T.);
#3796=ORIENTED_EDGE('',*,*,#4013,.T.);
#3797=ORIENTED_EDGE('',*,*,#5118,.T.);
#3798=ORIENTED_EDGE('',*,*,#4017,.T.);
#3799=ORIENTED_EDGE('',*,*,#5124,.T.);
#3800=ORIENTED_EDGE('',*,*,#4021,.T.);
#3801=ORIENTED_EDGE('',*,*,#5130,.T.);
#3802=ORIENTED_EDGE('',*,*,#4025,.T.);
#3803=ORIENTED_EDGE('',*,*,#5136,.T.);
#3804=ORIENTED_EDGE('',*,*,#4029,.T.);
#3805=ORIENTED_EDGE('',*,*,#5142,.T.);
#3806=ORIENTED_EDGE('',*,*,#4033,.T.);
#3807=ORIENTED_EDGE('',*,*,#5148,.T.);
#3808=ORIENTED_EDGE('',*,*,#4037,.T.);
#3809=ORIENTED_EDGE('',*,*,#5154,.T.);
#3810=ORIENTED_EDGE('',*,*,#4041,.T.);
#3811=ORIENTED_EDGE('',*,*,#5160,.T.);
#3812=ORIENTED_EDGE('',*,*,#4045,.T.);
#3813=ORIENTED_EDGE('',*,*,#5166,.T.);
#3814=ORIENTED_EDGE('',*,*,#4049,.T.);
#3815=ORIENTED_EDGE('',*,*,#5172,.T.);
#3816=ORIENTED_EDGE('',*,*,#4053,.T.);
#3817=ORIENTED_EDGE('',*,*,#5178,.T.);
#3818=ORIENTED_EDGE('',*,*,#4057,.T.);
#3819=ORIENTED_EDGE('',*,*,#5184,.T.);
#3820=ORIENTED_EDGE('',*,*,#4061,.T.);
#3821=ORIENTED_EDGE('',*,*,#5190,.T.);
#3822=ORIENTED_EDGE('',*,*,#4065,.T.);
#3823=ORIENTED_EDGE('',*,*,#5196,.T.);
#3824=ORIENTED_EDGE('',*,*,#4069,.T.);
#3825=ORIENTED_EDGE('',*,*,#5202,.T.);
#3826=ORIENTED_EDGE('',*,*,#4073,.T.);
#3827=ORIENTED_EDGE('',*,*,#5208,.T.);
#3828=ORIENTED_EDGE('',*,*,#4077,.T.);
#3829=ORIENTED_EDGE('',*,*,#5214,.T.);
#3830=ORIENTED_EDGE('',*,*,#4081,.T.);
#3831=ORIENTED_EDGE('',*,*,#5220,.T.);
#3832=ORIENTED_EDGE('',*,*,#4085,.T.);
#3833=ORIENTED_EDGE('',*,*,#5226,.T.);
#3834=ORIENTED_EDGE('',*,*,#4089,.T.);
#3835=ORIENTED_EDGE('',*,*,#5232,.T.);
#3836=ORIENTED_EDGE('',*,*,#4093,.T.);
#3837=ORIENTED_EDGE('',*,*,#5238,.T.);
#3838=ORIENTED_EDGE('',*,*,#4097,.T.);
#3839=ORIENTED_EDGE('',*,*,#5244,.T.);
#3840=ORIENTED_EDGE('',*,*,#4101,.T.);
#3841=ORIENTED_EDGE('',*,*,#5250,.T.);
#3842=ORIENTED_EDGE('',*,*,#4105,.T.);
#3843=ORIENTED_EDGE('',*,*,#5256,.T.);
#3844=ORIENTED_EDGE('',*,*,#4109,.T.);
#3845=ORIENTED_EDGE('',*,*,#5262,.T.);
#3846=ORIENTED_EDGE('',*,*,#4113,.T.);
#3847=ORIENTED_EDGE('',*,*,#5268,.T.);
#3848=ORIENTED_EDGE('',*,*,#4117,.T.);
#3849=ORIENTED_EDGE('',*,*,#5274,.T.);
#3850=ORIENTED_EDGE('',*,*,#4121,.T.);
#3851=ORIENTED_EDGE('',*,*,#5280,.T.);
#3852=ORIENTED_EDGE('',*,*,#4125,.T.);
#3853=ORIENTED_EDGE('',*,*,#5286,.T.);
#3854=ORIENTED_EDGE('',*,*,#4129,.T.);
#3855=ORIENTED_EDGE('',*,*,#5292,.T.);
#3856=ORIENTED_EDGE('',*,*,#4133,.T.);
#3857=ORIENTED_EDGE('',*,*,#5298,.T.);
#3858=ORIENTED_EDGE('',*,*,#4137,.T.);
#3859=ORIENTED_EDGE('',*,*,#5304,.T.);
#3860=ORIENTED_EDGE('',*,*,#4141,.T.);
#3861=ORIENTED_EDGE('',*,*,#5310,.T.);
#3862=ORIENTED_EDGE('',*,*,#4145,.T.);
#3863=ORIENTED_EDGE('',*,*,#5316,.T.);
#3864=ORIENTED_EDGE('',*,*,#4149,.T.);
#3865=ORIENTED_EDGE('',*,*,#5322,.T.);
#3866=ORIENTED_EDGE('',*,*,#4153,.T.);
#3867=ORIENTED_EDGE('',*,*,#5328,.T.);
#3868=ORIENTED_EDGE('',*,*,#4157,.T.);
#3869=ORIENTED_EDGE('',*,*,#5334,.T.);
#3870=ORIENTED_EDGE('',*,*,#4161,.T.);
#3871=ORIENTED_EDGE('',*,*,#5340,.T.);
#3872=ORIENTED_EDGE('',*,*,#4165,.T.);
#3873=ORIENTED_EDGE('',*,*,#4757,.T.);
#3874=ORIENTED_EDGE('',*,*,#4169,.T.);
#3875=ORIENTED_EDGE('',*,*,#4764,.T.);
#3876=ORIENTED_EDGE('',*,*,#4173,.T.);
#3877=ORIENTED_EDGE('',*,*,#4770,.T.);
#3878=ORIENTED_EDGE('',*,*,#4177,.T.);
#3879=ORIENTED_EDGE('',*,*,#4776,.T.);
#3880=ORIENTED_EDGE('',*,*,#4181,.T.);
#3881=ORIENTED_EDGE('',*,*,#4782,.T.);
#3882=ORIENTED_EDGE('',*,*,#4185,.T.);
#3883=ORIENTED_EDGE('',*,*,#4788,.T.);
#3884=ORIENTED_EDGE('',*,*,#4189,.T.);
#3885=ORIENTED_EDGE('',*,*,#4794,.T.);
#3886=ORIENTED_EDGE('',*,*,#4193,.T.);
#3887=ORIENTED_EDGE('',*,*,#4800,.T.);
#3888=ORIENTED_EDGE('',*,*,#4197,.T.);
#3889=ORIENTED_EDGE('',*,*,#4806,.T.);
#3890=ORIENTED_EDGE('',*,*,#4201,.T.);
#3891=ORIENTED_EDGE('',*,*,#4812,.T.);
#3892=ORIENTED_EDGE('',*,*,#4205,.T.);
#3893=ORIENTED_EDGE('',*,*,#4818,.T.);
#3894=ORIENTED_EDGE('',*,*,#4209,.T.);
#3895=ORIENTED_EDGE('',*,*,#4824,.T.);
#3896=ORIENTED_EDGE('',*,*,#4213,.T.);
#3897=ORIENTED_EDGE('',*,*,#4830,.T.);
#3898=ORIENTED_EDGE('',*,*,#4217,.T.);
#3899=ORIENTED_EDGE('',*,*,#4836,.T.);
#3900=ORIENTED_EDGE('',*,*,#4221,.T.);
#3901=ORIENTED_EDGE('',*,*,#4842,.T.);
#3902=ORIENTED_EDGE('',*,*,#4225,.T.);
#3903=ORIENTED_EDGE('',*,*,#4848,.T.);
#3904=ORIENTED_EDGE('',*,*,#4229,.T.);
#3905=ORIENTED_EDGE('',*,*,#4854,.T.);
#3906=ORIENTED_EDGE('',*,*,#4233,.T.);
#3907=ORIENTED_EDGE('',*,*,#4860,.T.);
#3908=ORIENTED_EDGE('',*,*,#4237,.T.);
#3909=ORIENTED_EDGE('',*,*,#4866,.T.);
#3910=ORIENTED_EDGE('',*,*,#4241,.T.);
#3911=ORIENTED_EDGE('',*,*,#4872,.T.);
#3912=ORIENTED_EDGE('',*,*,#4245,.T.);
#3913=ORIENTED_EDGE('',*,*,#4878,.T.);
#3914=ORIENTED_EDGE('',*,*,#4249,.T.);
#3915=ORIENTED_EDGE('',*,*,#4884,.T.);
#3916=ORIENTED_EDGE('',*,*,#4253,.T.);
#3917=ORIENTED_EDGE('',*,*,#4890,.T.);
#3918=ORIENTED_EDGE('',*,*,#4257,.T.);
#3919=ORIENTED_EDGE('',*,*,#4896,.T.);
#3920=ORIENTED_EDGE('',*,*,#4261,.T.);
#3921=ORIENTED_EDGE('',*,*,#4902,.T.);
#3922=ORIENTED_EDGE('',*,*,#4265,.T.);
#3923=ORIENTED_EDGE('',*,*,#4908,.T.);
#3924=ORIENTED_EDGE('',*,*,#4269,.T.);
#3925=ORIENTED_EDGE('',*,*,#4914,.T.);
#3926=ORIENTED_EDGE('',*,*,#4273,.T.);
#3927=ORIENTED_EDGE('',*,*,#4920,.T.);
#3928=ORIENTED_EDGE('',*,*,#4277,.T.);
#3929=ORIENTED_EDGE('',*,*,#4926,.T.);
#3930=ORIENTED_EDGE('',*,*,#4281,.T.);
#3931=ORIENTED_EDGE('',*,*,#4932,.T.);
#3932=ORIENTED_EDGE('',*,*,#4285,.T.);
#3933=ORIENTED_EDGE('',*,*,#4938,.T.);
#3934=ORIENTED_EDGE('',*,*,#4289,.T.);
#3935=ORIENTED_EDGE('',*,*,#4944,.T.);
#3936=ORIENTED_EDGE('',*,*,#4293,.T.);
#3937=ORIENTED_EDGE('',*,*,#4950,.T.);
#3938=ORIENTED_EDGE('',*,*,#4297,.T.);
#3939=ORIENTED_EDGE('',*,*,#4956,.T.);
#3940=ORIENTED_EDGE('',*,*,#4301,.T.);
#3941=ORIENTED_EDGE('',*,*,#4962,.T.);
#3942=ORIENTED_EDGE('',*,*,#4305,.T.);
#3943=ORIENTED_EDGE('',*,*,#4968,.T.);
#3944=ORIENTED_EDGE('',*,*,#4309,.T.);
#3945=ORIENTED_EDGE('',*,*,#4974,.T.);
#3946=ORIENTED_EDGE('',*,*,#4313,.T.);
#3947=ORIENTED_EDGE('',*,*,#4980,.T.);
#3948=ORIENTED_EDGE('',*,*,#4317,.T.);
#3949=ORIENTED_EDGE('',*,*,#4986,.T.);
#3950=ORIENTED_EDGE('',*,*,#4321,.T.);
#3951=ORIENTED_EDGE('',*,*,#4992,.T.);
#3952=ORIENTED_EDGE('',*,*,#4325,.T.);
#3953=ORIENTED_EDGE('',*,*,#4998,.T.);
#3954=ORIENTED_EDGE('',*,*,#4329,.T.);
#3955=ORIENTED_EDGE('',*,*,#5004,.T.);
#3956=ORIENTED_EDGE('',*,*,#4333,.T.);
#3957=ORIENTED_EDGE('',*,*,#5010,.T.);
#3958=ORIENTED_EDGE('',*,*,#4337,.T.);
#3959=ORIENTED_EDGE('',*,*,#5016,.T.);
#3960=ORIENTED_EDGE('',*,*,#4341,.T.);
#3961=ORIENTED_EDGE('',*,*,#5022,.T.);
#3962=ORIENTED_EDGE('',*,*,#4345,.T.);
#3963=ORIENTED_EDGE('',*,*,#5028,.T.);
#3964=ORIENTED_EDGE('',*,*,#4349,.T.);
#3965=ORIENTED_EDGE('',*,*,#5034,.T.);
#3966=ORIENTED_EDGE('',*,*,#4353,.T.);
#3967=ORIENTED_EDGE('',*,*,#5040,.T.);
#3968=ORIENTED_EDGE('',*,*,#4357,.T.);
#3969=EDGE_CURVE('',#5355,#5356,#6153,.T.);
#3970=EDGE_CURVE('',#5355,#5357,#6154,.T.);
#3971=EDGE_CURVE('',#5358,#5357,#6155,.T.);
#3972=EDGE_CURVE('',#5358,#5356,#6156,.T.);
#3973=EDGE_CURVE('',#5359,#5360,#6157,.T.);
#3974=EDGE_CURVE('',#5359,#5361,#6158,.T.);
#3975=EDGE_CURVE('',#5362,#5361,#6159,.T.);
#3976=EDGE_CURVE('',#5362,#5360,#6160,.T.);
#3977=EDGE_CURVE('',#5363,#5364,#6161,.T.);
#3978=EDGE_CURVE('',#5363,#5365,#6162,.T.);
#3979=EDGE_CURVE('',#5366,#5365,#6163,.T.);
#3980=EDGE_CURVE('',#5366,#5364,#6164,.T.);
#3981=EDGE_CURVE('',#5367,#5368,#6165,.T.);
#3982=EDGE_CURVE('',#5367,#5369,#6166,.T.);
#3983=EDGE_CURVE('',#5370,#5369,#6167,.T.);
#3984=EDGE_CURVE('',#5370,#5368,#6168,.T.);
#3985=EDGE_CURVE('',#5371,#5372,#6169,.T.);
#3986=EDGE_CURVE('',#5371,#5373,#6170,.T.);
#3987=EDGE_CURVE('',#5374,#5373,#6171,.T.);
#3988=EDGE_CURVE('',#5374,#5372,#6172,.T.);
#3989=EDGE_CURVE('',#5375,#5376,#6173,.T.);
#3990=EDGE_CURVE('',#5375,#5377,#6174,.T.);
#3991=EDGE_CURVE('',#5378,#5377,#6175,.T.);
#3992=EDGE_CURVE('',#5378,#5376,#6176,.T.);
#3993=EDGE_CURVE('',#5379,#5380,#6177,.T.);
#3994=EDGE_CURVE('',#5379,#5381,#6178,.T.);
#3995=EDGE_CURVE('',#5382,#5381,#6179,.T.);
#3996=EDGE_CURVE('',#5382,#5380,#6180,.T.);
#3997=EDGE_CURVE('',#5383,#5384,#6181,.T.);
#3998=EDGE_CURVE('',#5383,#5385,#6182,.T.);
#3999=EDGE_CURVE('',#5386,#5385,#6183,.T.);
#4000=EDGE_CURVE('',#5386,#5384,#6184,.T.);
#4001=EDGE_CURVE('',#5387,#5388,#6185,.T.);
#4002=EDGE_CURVE('',#5387,#5389,#6186,.T.);
#4003=EDGE_CURVE('',#5390,#5389,#6187,.T.);
#4004=EDGE_CURVE('',#5390,#5388,#6188,.T.);
#4005=EDGE_CURVE('',#5391,#5392,#6189,.T.);
#4006=EDGE_CURVE('',#5391,#5393,#6190,.T.);
#4007=EDGE_CURVE('',#5394,#5393,#6191,.T.);
#4008=EDGE_CURVE('',#5394,#5392,#6192,.T.);
#4009=EDGE_CURVE('',#5395,#5396,#6193,.T.);
#4010=EDGE_CURVE('',#5395,#5397,#6194,.T.);
#4011=EDGE_CURVE('',#5398,#5397,#6195,.T.);
#4012=EDGE_CURVE('',#5398,#5396,#6196,.T.);
#4013=EDGE_CURVE('',#5399,#5400,#6197,.T.);
#4014=EDGE_CURVE('',#5399,#5401,#6198,.T.);
#4015=EDGE_CURVE('',#5402,#5401,#6199,.T.);
#4016=EDGE_CURVE('',#5402,#5400,#6200,.T.);
#4017=EDGE_CURVE('',#5403,#5404,#6201,.T.);
#4018=EDGE_CURVE('',#5403,#5405,#6202,.T.);
#4019=EDGE_CURVE('',#5406,#5405,#6203,.T.);
#4020=EDGE_CURVE('',#5406,#5404,#6204,.T.);
#4021=EDGE_CURVE('',#5407,#5408,#6205,.T.);
#4022=EDGE_CURVE('',#5407,#5409,#6206,.T.);
#4023=EDGE_CURVE('',#5410,#5409,#6207,.T.);
#4024=EDGE_CURVE('',#5410,#5408,#6208,.T.);
#4025=EDGE_CURVE('',#5411,#5412,#6209,.T.);
#4026=EDGE_CURVE('',#5411,#5413,#6210,.T.);
#4027=EDGE_CURVE('',#5414,#5413,#6211,.T.);
#4028=EDGE_CURVE('',#5414,#5412,#6212,.T.);
#4029=EDGE_CURVE('',#5415,#5416,#6213,.T.);
#4030=EDGE_CURVE('',#5415,#5417,#6214,.T.);
#4031=EDGE_CURVE('',#5418,#5417,#6215,.T.);
#4032=EDGE_CURVE('',#5418,#5416,#6216,.T.);
#4033=EDGE_CURVE('',#5419,#5420,#6217,.T.);
#4034=EDGE_CURVE('',#5419,#5421,#6218,.T.);
#4035=EDGE_CURVE('',#5422,#5421,#6219,.T.);
#4036=EDGE_CURVE('',#5422,#5420,#6220,.T.);
#4037=EDGE_CURVE('',#5423,#5424,#6221,.T.);
#4038=EDGE_CURVE('',#5423,#5425,#6222,.T.);
#4039=EDGE_CURVE('',#5426,#5425,#6223,.T.);
#4040=EDGE_CURVE('',#5426,#5424,#6224,.T.);
#4041=EDGE_CURVE('',#5427,#5428,#6225,.T.);
#4042=EDGE_CURVE('',#5427,#5429,#6226,.T.);
#4043=EDGE_CURVE('',#5430,#5429,#6227,.T.);
#4044=EDGE_CURVE('',#5430,#5428,#6228,.T.);
#4045=EDGE_CURVE('',#5431,#5432,#6229,.T.);
#4046=EDGE_CURVE('',#5431,#5433,#6230,.T.);
#4047=EDGE_CURVE('',#5434,#5433,#6231,.T.);
#4048=EDGE_CURVE('',#5434,#5432,#6232,.T.);
#4049=EDGE_CURVE('',#5435,#5436,#6233,.T.);
#4050=EDGE_CURVE('',#5435,#5437,#6234,.T.);
#4051=EDGE_CURVE('',#5438,#5437,#6235,.T.);
#4052=EDGE_CURVE('',#5438,#5436,#6236,.T.);
#4053=EDGE_CURVE('',#5439,#5440,#6237,.T.);
#4054=EDGE_CURVE('',#5439,#5441,#6238,.T.);
#4055=EDGE_CURVE('',#5442,#5441,#6239,.T.);
#4056=EDGE_CURVE('',#5442,#5440,#6240,.T.);
#4057=EDGE_CURVE('',#5443,#5444,#6241,.T.);
#4058=EDGE_CURVE('',#5443,#5445,#6242,.T.);
#4059=EDGE_CURVE('',#5446,#5445,#6243,.T.);
#4060=EDGE_CURVE('',#5446,#5444,#6244,.T.);
#4061=EDGE_CURVE('',#5447,#5448,#6245,.T.);
#4062=EDGE_CURVE('',#5447,#5449,#6246,.T.);
#4063=EDGE_CURVE('',#5450,#5449,#6247,.T.);
#4064=EDGE_CURVE('',#5450,#5448,#6248,.T.);
#4065=EDGE_CURVE('',#5451,#5452,#6249,.T.);
#4066=EDGE_CURVE('',#5451,#5453,#6250,.T.);
#4067=EDGE_CURVE('',#5454,#5453,#6251,.T.);
#4068=EDGE_CURVE('',#5454,#5452,#6252,.T.);
#4069=EDGE_CURVE('',#5455,#5456,#6253,.T.);
#4070=EDGE_CURVE('',#5455,#5457,#6254,.T.);
#4071=EDGE_CURVE('',#5458,#5457,#6255,.T.);
#4072=EDGE_CURVE('',#5458,#5456,#6256,.T.);
#4073=EDGE_CURVE('',#5459,#5460,#6257,.T.);
#4074=EDGE_CURVE('',#5459,#5461,#6258,.T.);
#4075=EDGE_CURVE('',#5462,#5461,#6259,.T.);
#4076=EDGE_CURVE('',#5462,#5460,#6260,.T.);
#4077=EDGE_CURVE('',#5463,#5464,#6261,.T.);
#4078=EDGE_CURVE('',#5463,#5465,#6262,.T.);
#4079=EDGE_CURVE('',#5466,#5465,#6263,.T.);
#4080=EDGE_CURVE('',#5466,#5464,#6264,.T.);
#4081=EDGE_CURVE('',#5467,#5468,#6265,.T.);
#4082=EDGE_CURVE('',#5467,#5469,#6266,.T.);
#4083=EDGE_CURVE('',#5470,#5469,#6267,.T.);
#4084=EDGE_CURVE('',#5470,#5468,#6268,.T.);
#4085=EDGE_CURVE('',#5471,#5472,#6269,.T.);
#4086=EDGE_CURVE('',#5471,#5473,#6270,.T.);
#4087=EDGE_CURVE('',#5474,#5473,#6271,.T.);
#4088=EDGE_CURVE('',#5474,#5472,#6272,.T.);
#4089=EDGE_CURVE('',#5475,#5476,#6273,.T.);
#4090=EDGE_CURVE('',#5475,#5477,#6274,.T.);
#4091=EDGE_CURVE('',#5478,#5477,#6275,.T.);
#4092=EDGE_CURVE('',#5478,#5476,#6276,.T.);
#4093=EDGE_CURVE('',#5479,#5480,#6277,.T.);
#4094=EDGE_CURVE('',#5479,#5481,#6278,.T.);
#4095=EDGE_CURVE('',#5482,#5481,#6279,.T.);
#4096=EDGE_CURVE('',#5482,#5480,#6280,.T.);
#4097=EDGE_CURVE('',#5483,#5484,#6281,.T.);
#4098=EDGE_CURVE('',#5483,#5485,#6282,.T.);
#4099=EDGE_CURVE('',#5486,#5485,#6283,.T.);
#4100=EDGE_CURVE('',#5486,#5484,#6284,.T.);
#4101=EDGE_CURVE('',#5487,#5488,#6285,.T.);
#4102=EDGE_CURVE('',#5487,#5489,#6286,.T.);
#4103=EDGE_CURVE('',#5490,#5489,#6287,.T.);
#4104=EDGE_CURVE('',#5490,#5488,#6288,.T.);
#4105=EDGE_CURVE('',#5491,#5492,#6289,.T.);
#4106=EDGE_CURVE('',#5491,#5493,#6290,.T.);
#4107=EDGE_CURVE('',#5494,#5493,#6291,.T.);
#4108=EDGE_CURVE('',#5494,#5492,#6292,.T.);
#4109=EDGE_CURVE('',#5495,#5496,#6293,.T.);
#4110=EDGE_CURVE('',#5495,#5497,#6294,.T.);
#4111=EDGE_CURVE('',#5498,#5497,#6295,.T.);
#4112=EDGE_CURVE('',#5498,#5496,#6296,.T.);
#4113=EDGE_CURVE('',#5499,#5500,#6297,.T.);
#4114=EDGE_CURVE('',#5499,#5501,#6298,.T.);
#4115=EDGE_CURVE('',#5502,#5501,#6299,.T.);
#4116=EDGE_CURVE('',#5502,#5500,#6300,.T.);
#4117=EDGE_CURVE('',#5503,#5504,#6301,.T.);
#4118=EDGE_CURVE('',#5503,#5505,#6302,.T.);
#4119=EDGE_CURVE('',#5506,#5505,#6303,.T.);
#4120=EDGE_CURVE('',#5506,#5504,#6304,.T.);
#4121=EDGE_CURVE('',#5507,#5508,#6305,.T.);
#4122=EDGE_CURVE('',#5507,#5509,#6306,.T.);
#4123=EDGE_CURVE('',#5510,#5509,#6307,.T.);
#4124=EDGE_CURVE('',#5510,#5508,#6308,.T.);
#4125=EDGE_CURVE('',#5511,#5512,#6309,.T.);
#4126=EDGE_CURVE('',#5511,#5513,#6310,.T.);
#4127=EDGE_CURVE('',#5514,#5513,#6311,.T.);
#4128=EDGE_CURVE('',#5514,#5512,#6312,.T.);
#4129=EDGE_CURVE('',#5515,#5516,#6313,.T.);
#4130=EDGE_CURVE('',#5515,#5517,#6314,.T.);
#4131=EDGE_CURVE('',#5518,#5517,#6315,.T.);
#4132=EDGE_CURVE('',#5518,#5516,#6316,.T.);
#4133=EDGE_CURVE('',#5519,#5520,#6317,.T.);
#4134=EDGE_CURVE('',#5519,#5521,#6318,.T.);
#4135=EDGE_CURVE('',#5522,#5521,#6319,.T.);
#4136=EDGE_CURVE('',#5522,#5520,#6320,.T.);
#4137=EDGE_CURVE('',#5523,#5524,#6321,.T.);
#4138=EDGE_CURVE('',#5523,#5525,#6322,.T.);
#4139=EDGE_CURVE('',#5526,#5525,#6323,.T.);
#4140=EDGE_CURVE('',#5526,#5524,#6324,.T.);
#4141=EDGE_CURVE('',#5527,#5528,#6325,.T.);
#4142=EDGE_CURVE('',#5527,#5529,#6326,.T.);
#4143=EDGE_CURVE('',#5530,#5529,#6327,.T.);
#4144=EDGE_CURVE('',#5530,#5528,#6328,.T.);
#4145=EDGE_CURVE('',#5531,#5532,#6329,.T.);
#4146=EDGE_CURVE('',#5531,#5533,#6330,.T.);
#4147=EDGE_CURVE('',#5534,#5533,#6331,.T.);
#4148=EDGE_CURVE('',#5534,#5532,#6332,.T.);
#4149=EDGE_CURVE('',#5535,#5536,#6333,.T.);
#4150=EDGE_CURVE('',#5535,#5537,#6334,.T.);
#4151=EDGE_CURVE('',#5538,#5537,#6335,.T.);
#4152=EDGE_CURVE('',#5538,#5536,#6336,.T.);
#4153=EDGE_CURVE('',#5539,#5540,#6337,.T.);
#4154=EDGE_CURVE('',#5539,#5541,#6338,.T.);
#4155=EDGE_CURVE('',#5542,#5541,#6339,.T.);
#4156=EDGE_CURVE('',#5542,#5540,#6340,.T.);
#4157=EDGE_CURVE('',#5543,#5544,#6341,.T.);
#4158=EDGE_CURVE('',#5543,#5545,#6342,.T.);
#4159=EDGE_CURVE('',#5546,#5545,#6343,.T.);
#4160=EDGE_CURVE('',#5546,#5544,#6344,.T.);
#4161=EDGE_CURVE('',#5547,#5548,#6345,.T.);
#4162=EDGE_CURVE('',#5547,#5549,#6346,.T.);
#4163=EDGE_CURVE('',#5550,#5549,#6347,.T.);
#4164=EDGE_CURVE('',#5550,#5548,#6348,.T.);
#4165=EDGE_CURVE('',#5551,#5552,#6349,.T.);
#4166=EDGE_CURVE('',#5551,#5553,#6350,.T.);
#4167=EDGE_CURVE('',#5554,#5553,#6351,.T.);
#4168=EDGE_CURVE('',#5554,#5552,#6352,.T.);
#4169=EDGE_CURVE('',#5555,#5556,#6353,.T.);
#4170=EDGE_CURVE('',#5555,#5557,#6354,.T.);
#4171=EDGE_CURVE('',#5558,#5557,#6355,.T.);
#4172=EDGE_CURVE('',#5558,#5556,#6356,.T.);
#4173=EDGE_CURVE('',#5559,#5560,#6357,.T.);
#4174=EDGE_CURVE('',#5559,#5561,#6358,.T.);
#4175=EDGE_CURVE('',#5562,#5561,#6359,.T.);
#4176=EDGE_CURVE('',#5562,#5560,#6360,.T.);
#4177=EDGE_CURVE('',#5563,#5564,#6361,.T.);
#4178=EDGE_CURVE('',#5563,#5565,#6362,.T.);
#4179=EDGE_CURVE('',#5566,#5565,#6363,.T.);
#4180=EDGE_CURVE('',#5566,#5564,#6364,.T.);
#4181=EDGE_CURVE('',#5567,#5568,#6365,.T.);
#4182=EDGE_CURVE('',#5567,#5569,#6366,.T.);
#4183=EDGE_CURVE('',#5570,#5569,#6367,.T.);
#4184=EDGE_CURVE('',#5570,#5568,#6368,.T.);
#4185=EDGE_CURVE('',#5571,#5572,#6369,.T.);
#4186=EDGE_CURVE('',#5571,#5573,#6370,.T.);
#4187=EDGE_CURVE('',#5574,#5573,#6371,.T.);
#4188=EDGE_CURVE('',#5574,#5572,#6372,.T.);
#4189=EDGE_CURVE('',#5575,#5576,#6373,.T.);
#4190=EDGE_CURVE('',#5575,#5577,#6374,.T.);
#4191=EDGE_CURVE('',#5578,#5577,#6375,.T.);
#4192=EDGE_CURVE('',#5578,#5576,#6376,.T.);
#4193=EDGE_CURVE('',#5579,#5580,#6377,.T.);
#4194=EDGE_CURVE('',#5579,#5581,#6378,.T.);
#4195=EDGE_CURVE('',#5582,#5581,#6379,.T.);
#4196=EDGE_CURVE('',#5582,#5580,#6380,.T.);
#4197=EDGE_CURVE('',#5583,#5584,#6381,.T.);
#4198=EDGE_CURVE('',#5583,#5585,#6382,.T.);
#4199=EDGE_CURVE('',#5586,#5585,#6383,.T.);
#4200=EDGE_CURVE('',#5586,#5584,#6384,.T.);
#4201=EDGE_CURVE('',#5587,#5588,#6385,.T.);
#4202=EDGE_CURVE('',#5587,#5589,#6386,.T.);
#4203=EDGE_CURVE('',#5590,#5589,#6387,.T.);
#4204=EDGE_CURVE('',#5590,#5588,#6388,.T.);
#4205=EDGE_CURVE('',#5591,#5592,#6389,.T.);
#4206=EDGE_CURVE('',#5591,#5593,#6390,.T.);
#4207=EDGE_CURVE('',#5594,#5593,#6391,.T.);
#4208=EDGE_CURVE('',#5594,#5592,#6392,.T.);
#4209=EDGE_CURVE('',#5595,#5596,#6393,.T.);
#4210=EDGE_CURVE('',#5595,#5597,#6394,.T.);
#4211=EDGE_CURVE('',#5598,#5597,#6395,.T.);
#4212=EDGE_CURVE('',#5598,#5596,#6396,.T.);
#4213=EDGE_CURVE('',#5599,#5600,#6397,.T.);
#4214=EDGE_CURVE('',#5599,#5601,#6398,.T.);
#4215=EDGE_CURVE('',#5602,#5601,#6399,.T.);
#4216=EDGE_CURVE('',#5602,#5600,#6400,.T.);
#4217=EDGE_CURVE('',#5603,#5604,#6401,.T.);
#4218=EDGE_CURVE('',#5603,#5605,#6402,.T.);
#4219=EDGE_CURVE('',#5606,#5605,#6403,.T.);
#4220=EDGE_CURVE('',#5606,#5604,#6404,.T.);
#4221=EDGE_CURVE('',#5607,#5608,#6405,.T.);
#4222=EDGE_CURVE('',#5607,#5609,#6406,.T.);
#4223=EDGE_CURVE('',#5610,#5609,#6407,.T.);
#4224=EDGE_CURVE('',#5610,#5608,#6408,.T.);
#4225=EDGE_CURVE('',#5611,#5612,#6409,.T.);
#4226=EDGE_CURVE('',#5611,#5613,#6410,.T.);
#4227=EDGE_CURVE('',#5614,#5613,#6411,.T.);
#4228=EDGE_CURVE('',#5614,#5612,#6412,.T.);
#4229=EDGE_CURVE('',#5615,#5616,#6413,.T.);
#4230=EDGE_CURVE('',#5615,#5617,#6414,.T.);
#4231=EDGE_CURVE('',#5618,#5617,#6415,.T.);
#4232=EDGE_CURVE('',#5618,#5616,#6416,.T.);
#4233=EDGE_CURVE('',#5619,#5620,#6417,.T.);
#4234=EDGE_CURVE('',#5619,#5621,#6418,.T.);
#4235=EDGE_CURVE('',#5622,#5621,#6419,.T.);
#4236=EDGE_CURVE('',#5622,#5620,#6420,.T.);
#4237=EDGE_CURVE('',#5623,#5624,#6421,.T.);
#4238=EDGE_CURVE('',#5623,#5625,#6422,.T.);
#4239=EDGE_CURVE('',#5626,#5625,#6423,.T.);
#4240=EDGE_CURVE('',#5626,#5624,#6424,.T.);
#4241=EDGE_CURVE('',#5627,#5628,#6425,.T.);
#4242=EDGE_CURVE('',#5627,#5629,#6426,.T.);
#4243=EDGE_CURVE('',#5630,#5629,#6427,.T.);
#4244=EDGE_CURVE('',#5630,#5628,#6428,.T.);
#4245=EDGE_CURVE('',#5631,#5632,#6429,.T.);
#4246=EDGE_CURVE('',#5631,#5633,#6430,.T.);
#4247=EDGE_CURVE('',#5634,#5633,#6431,.T.);
#4248=EDGE_CURVE('',#5634,#5632,#6432,.T.);
#4249=EDGE_CURVE('',#5635,#5636,#6433,.T.);
#4250=EDGE_CURVE('',#5635,#5637,#6434,.T.);
#4251=EDGE_CURVE('',#5638,#5637,#6435,.T.);
#4252=EDGE_CURVE('',#5638,#5636,#6436,.T.);
#4253=EDGE_CURVE('',#5639,#5640,#6437,.T.);
#4254=EDGE_CURVE('',#5639,#5641,#6438,.T.);
#4255=EDGE_CURVE('',#5642,#5641,#6439,.T.);
#4256=EDGE_CURVE('',#5642,#5640,#6440,.T.);
#4257=EDGE_CURVE('',#5643,#5644,#6441,.T.);
#4258=EDGE_CURVE('',#5643,#5645,#6442,.T.);
#4259=EDGE_CURVE('',#5646,#5645,#6443,.T.);
#4260=EDGE_CURVE('',#5646,#5644,#6444,.T.);
#4261=EDGE_CURVE('',#5647,#5648,#6445,.T.);
#4262=EDGE_CURVE('',#5647,#5649,#6446,.T.);
#4263=EDGE_CURVE('',#5650,#5649,#6447,.T.);
#4264=EDGE_CURVE('',#5650,#5648,#6448,.T.);
#4265=EDGE_CURVE('',#5651,#5652,#6449,.T.);
#4266=EDGE_CURVE('',#5651,#5653,#6450,.T.);
#4267=EDGE_CURVE('',#5654,#5653,#6451,.T.);
#4268=EDGE_CURVE('',#5654,#5652,#6452,.T.);
#4269=EDGE_CURVE('',#5655,#5656,#6453,.T.);
#4270=EDGE_CURVE('',#5655,#5657,#6454,.T.);
#4271=EDGE_CURVE('',#5658,#5657,#6455,.T.);
#4272=EDGE_CURVE('',#5658,#5656,#6456,.T.);
#4273=EDGE_CURVE('',#5659,#5660,#6457,.T.);
#4274=EDGE_CURVE('',#5659,#5661,#6458,.T.);
#4275=EDGE_CURVE('',#5662,#5661,#6459,.T.);
#4276=EDGE_CURVE('',#5662,#5660,#6460,.T.);
#4277=EDGE_CURVE('',#5663,#5664,#6461,.T.);
#4278=EDGE_CURVE('',#5663,#5665,#6462,.T.);
#4279=EDGE_CURVE('',#5666,#5665,#6463,.T.);
#4280=EDGE_CURVE('',#5666,#5664,#6464,.T.);
#4281=EDGE_CURVE('',#5667,#5668,#6465,.T.);
#4282=EDGE_CURVE('',#5667,#5669,#6466,.T.);
#4283=EDGE_CURVE('',#5670,#5669,#6467,.T.);
#4284=EDGE_CURVE('',#5670,#5668,#6468,.T.);
#4285=EDGE_CURVE('',#5671,#5672,#6469,.T.);
#4286=EDGE_CURVE('',#5671,#5673,#6470,.T.);
#4287=EDGE_CURVE('',#5674,#5673,#6471,.T.);
#4288=EDGE_CURVE('',#5674,#5672,#6472,.T.);
#4289=EDGE_CURVE('',#5675,#5676,#6473,.T.);
#4290=EDGE_CURVE('',#5675,#5677,#6474,.T.);
#4291=EDGE_CURVE('',#5678,#5677,#6475,.T.);
#4292=EDGE_CURVE('',#5678,#5676,#6476,.T.);
#4293=EDGE_CURVE('',#5679,#5680,#6477,.T.);
#4294=EDGE_CURVE('',#5679,#5681,#6478,.T.);
#4295=EDGE_CURVE('',#5682,#5681,#6479,.T.);
#4296=EDGE_CURVE('',#5682,#5680,#6480,.T.);
#4297=EDGE_CURVE('',#5683,#5684,#6481,.T.);
#4298=EDGE_CURVE('',#5683,#5685,#6482,.T.);
#4299=EDGE_CURVE('',#5686,#5685,#6483,.T.);
#4300=EDGE_CURVE('',#5686,#5684,#6484,.T.);
#4301=EDGE_CURVE('',#5687,#5688,#6485,.T.);
#4302=EDGE_CURVE('',#5687,#5689,#6486,.T.);
#4303=EDGE_CURVE('',#5690,#5689,#6487,.T.);
#4304=EDGE_CURVE('',#5690,#5688,#6488,.T.);
#4305=EDGE_CURVE('',#5691,#5692,#6489,.T.);
#4306=EDGE_CURVE('',#5691,#5693,#6490,.T.);
#4307=EDGE_CURVE('',#5694,#5693,#6491,.T.);
#4308=EDGE_CURVE('',#5694,#5692,#6492,.T.);
#4309=EDGE_CURVE('',#5695,#5696,#6493,.T.);
#4310=EDGE_CURVE('',#5695,#5697,#6494,.T.);
#4311=EDGE_CURVE('',#5698,#5697,#6495,.T.);
#4312=EDGE_CURVE('',#5698,#5696,#6496,.T.);
#4313=EDGE_CURVE('',#5699,#5700,#6497,.T.);
#4314=EDGE_CURVE('',#5699,#5701,#6498,.T.);
#4315=EDGE_CURVE('',#5702,#5701,#6499,.T.);
#4316=EDGE_CURVE('',#5702,#5700,#6500,.T.);
#4317=EDGE_CURVE('',#5703,#5704,#6501,.T.);
#4318=EDGE_CURVE('',#5703,#5705,#6502,.T.);
#4319=EDGE_CURVE('',#5706,#5705,#6503,.T.);
#4320=EDGE_CURVE('',#5706,#5704,#6504,.T.);
#4321=EDGE_CURVE('',#5707,#5708,#6505,.T.);
#4322=EDGE_CURVE('',#5707,#5709,#6506,.T.);
#4323=EDGE_CURVE('',#5710,#5709,#6507,.T.);
#4324=EDGE_CURVE('',#5710,#5708,#6508,.T.);
#4325=EDGE_CURVE('',#5711,#5712,#6509,.T.);
#4326=EDGE_CURVE('',#5711,#5713,#6510,.T.);
#4327=EDGE_CURVE('',#5714,#5713,#6511,.T.);
#4328=EDGE_CURVE('',#5714,#5712,#6512,.T.);
#4329=EDGE_CURVE('',#5715,#5716,#6513,.T.);
#4330=EDGE_CURVE('',#5715,#5717,#6514,.T.);
#4331=EDGE_CURVE('',#5718,#5717,#6515,.T.);
#4332=EDGE_CURVE('',#5718,#5716,#6516,.T.);
#4333=EDGE_CURVE('',#5719,#5720,#6517,.T.);
#4334=EDGE_CURVE('',#5719,#5721,#6518,.T.);
#4335=EDGE_CURVE('',#5722,#5721,#6519,.T.);
#4336=EDGE_CURVE('',#5722,#5720,#6520,.T.);
#4337=EDGE_CURVE('',#5723,#5724,#6521,.T.);
#4338=EDGE_CURVE('',#5723,#5725,#6522,.T.);
#4339=EDGE_CURVE('',#5726,#5725,#6523,.T.);
#4340=EDGE_CURVE('',#5726,#5724,#6524,.T.);
#4341=EDGE_CURVE('',#5727,#5728,#6525,.T.);
#4342=EDGE_CURVE('',#5727,#5729,#6526,.T.);
#4343=EDGE_CURVE('',#5730,#5729,#6527,.T.);
#4344=EDGE_CURVE('',#5730,#5728,#6528,.T.);
#4345=EDGE_CURVE('',#5731,#5732,#6529,.T.);
#4346=EDGE_CURVE('',#5731,#5733,#6530,.T.);
#4347=EDGE_CURVE('',#5734,#5733,#6531,.T.);
#4348=EDGE_CURVE('',#5734,#5732,#6532,.T.);
#4349=EDGE_CURVE('',#5735,#5736,#6533,.T.);
#4350=EDGE_CURVE('',#5735,#5737,#6534,.T.);
#4351=EDGE_CURVE('',#5738,#5737,#6535,.T.);
#4352=EDGE_CURVE('',#5738,#5736,#6536,.T.);
#4353=EDGE_CURVE('',#5739,#5740,#6537,.T.);
#4354=EDGE_CURVE('',#5739,#5741,#6538,.T.);
#4355=EDGE_CURVE('',#5742,#5741,#6539,.T.);
#4356=EDGE_CURVE('',#5742,#5740,#6540,.T.);
#4357=EDGE_CURVE('',#5743,#5744,#6541,.T.);
#4358=EDGE_CURVE('',#5743,#5745,#6542,.T.);
#4359=EDGE_CURVE('',#5746,#5745,#6543,.T.);
#4360=EDGE_CURVE('',#5746,#5744,#6544,.T.);
#4361=EDGE_CURVE('',#5747,#5747,#6545,.T.);
#4362=EDGE_CURVE('',#5748,#5748,#6546,.T.);
#4363=EDGE_CURVE('',#5749,#5750,#6547,.T.);
#4364=EDGE_CURVE('',#5750,#5751,#6548,.F.);
#4365=EDGE_CURVE('',#5751,#5752,#6549,.T.);
#4366=EDGE_CURVE('',#5752,#5749,#6550,.F.);
#4367=EDGE_CURVE('',#5753,#5754,#6551,.T.);
#4368=EDGE_CURVE('',#5754,#5755,#6552,.F.);
#4369=EDGE_CURVE('',#5755,#5756,#6553,.T.);
#4370=EDGE_CURVE('',#5756,#5753,#6554,.F.);
#4371=EDGE_CURVE('',#5757,#5758,#6555,.T.);
#4372=EDGE_CURVE('',#5758,#5759,#6556,.F.);
#4373=EDGE_CURVE('',#5759,#5760,#6557,.T.);
#4374=EDGE_CURVE('',#5760,#5757,#6558,.F.);
#4375=EDGE_CURVE('',#5761,#5762,#6559,.T.);
#4376=EDGE_CURVE('',#5762,#5763,#6560,.F.);
#4377=EDGE_CURVE('',#5763,#5764,#6561,.T.);
#4378=EDGE_CURVE('',#5764,#5761,#6562,.F.);
#4379=EDGE_CURVE('',#5765,#5766,#6563,.T.);
#4380=EDGE_CURVE('',#5766,#5767,#6564,.F.);
#4381=EDGE_CURVE('',#5767,#5768,#6565,.T.);
#4382=EDGE_CURVE('',#5768,#5765,#6566,.F.);
#4383=EDGE_CURVE('',#5769,#5770,#6567,.T.);
#4384=EDGE_CURVE('',#5770,#5771,#6568,.F.);
#4385=EDGE_CURVE('',#5771,#5772,#6569,.T.);
#4386=EDGE_CURVE('',#5772,#5769,#6570,.F.);
#4387=EDGE_CURVE('',#5773,#5774,#6571,.T.);
#4388=EDGE_CURVE('',#5774,#5775,#6572,.F.);
#4389=EDGE_CURVE('',#5775,#5776,#6573,.T.);
#4390=EDGE_CURVE('',#5776,#5773,#6574,.F.);
#4391=EDGE_CURVE('',#5777,#5778,#6575,.T.);
#4392=EDGE_CURVE('',#5778,#5779,#6576,.F.);
#4393=EDGE_CURVE('',#5779,#5780,#6577,.T.);
#4394=EDGE_CURVE('',#5780,#5777,#6578,.F.);
#4395=EDGE_CURVE('',#5781,#5782,#6579,.T.);
#4396=EDGE_CURVE('',#5782,#5783,#6580,.F.);
#4397=EDGE_CURVE('',#5783,#5784,#6581,.T.);
#4398=EDGE_CURVE('',#5784,#5781,#6582,.F.);
#4399=EDGE_CURVE('',#5785,#5786,#6583,.T.);
#4400=EDGE_CURVE('',#5786,#5787,#6584,.F.);
#4401=EDGE_CURVE('',#5787,#5788,#6585,.T.);
#4402=EDGE_CURVE('',#5788,#5785,#6586,.F.);
#4403=EDGE_CURVE('',#5789,#5790,#6587,.T.);
#4404=EDGE_CURVE('',#5790,#5791,#6588,.F.);
#4405=EDGE_CURVE('',#5791,#5792,#6589,.T.);
#4406=EDGE_CURVE('',#5792,#5789,#6590,.F.);
#4407=EDGE_CURVE('',#5793,#5794,#6591,.T.);
#4408=EDGE_CURVE('',#5794,#5795,#6592,.F.);
#4409=EDGE_CURVE('',#5795,#5796,#6593,.T.);
#4410=EDGE_CURVE('',#5796,#5793,#6594,.F.);
#4411=EDGE_CURVE('',#5797,#5798,#6595,.T.);
#4412=EDGE_CURVE('',#5798,#5799,#6596,.F.);
#4413=EDGE_CURVE('',#5799,#5800,#6597,.T.);
#4414=EDGE_CURVE('',#5800,#5797,#6598,.F.);
#4415=EDGE_CURVE('',#5801,#5802,#6599,.T.);
#4416=EDGE_CURVE('',#5802,#5803,#6600,.F.);
#4417=EDGE_CURVE('',#5803,#5804,#6601,.T.);
#4418=EDGE_CURVE('',#5804,#5801,#6602,.F.);
#4419=EDGE_CURVE('',#5805,#5806,#6603,.T.);
#4420=EDGE_CURVE('',#5806,#5807,#6604,.F.);
#4421=EDGE_CURVE('',#5807,#5808,#6605,.T.);
#4422=EDGE_CURVE('',#5808,#5805,#6606,.F.);
#4423=EDGE_CURVE('',#5809,#5810,#6607,.T.);
#4424=EDGE_CURVE('',#5810,#5811,#6608,.F.);
#4425=EDGE_CURVE('',#5811,#5812,#6609,.T.);
#4426=EDGE_CURVE('',#5812,#5809,#6610,.F.);
#4427=EDGE_CURVE('',#5813,#5814,#6611,.T.);
#4428=EDGE_CURVE('',#5814,#5815,#6612,.F.);
#4429=EDGE_CURVE('',#5815,#5816,#6613,.T.);
#4430=EDGE_CURVE('',#5816,#5813,#6614,.F.);
#4431=EDGE_CURVE('',#5817,#5818,#6615,.T.);
#4432=EDGE_CURVE('',#5818,#5819,#6616,.F.);
#4433=EDGE_CURVE('',#5819,#5820,#6617,.T.);
#4434=EDGE_CURVE('',#5820,#5817,#6618,.F.);
#4435=EDGE_CURVE('',#5821,#5822,#6619,.T.);
#4436=EDGE_CURVE('',#5822,#5823,#6620,.F.);
#4437=EDGE_CURVE('',#5823,#5824,#6621,.T.);
#4438=EDGE_CURVE('',#5824,#5821,#6622,.F.);
#4439=EDGE_CURVE('',#5825,#5826,#6623,.T.);
#4440=EDGE_CURVE('',#5826,#5827,#6624,.F.);
#4441=EDGE_CURVE('',#5827,#5828,#6625,.T.);
#4442=EDGE_CURVE('',#5828,#5825,#6626,.F.);
#4443=EDGE_CURVE('',#5829,#5830,#6627,.T.);
#4444=EDGE_CURVE('',#5830,#5831,#6628,.F.);
#4445=EDGE_CURVE('',#5831,#5832,#6629,.T.);
#4446=EDGE_CURVE('',#5832,#5829,#6630,.F.);
#4447=EDGE_CURVE('',#5833,#5834,#6631,.T.);
#4448=EDGE_CURVE('',#5834,#5835,#6632,.F.);
#4449=EDGE_CURVE('',#5835,#5836,#6633,.T.);
#4450=EDGE_CURVE('',#5836,#5833,#6634,.F.);
#4451=EDGE_CURVE('',#5837,#5838,#6635,.T.);
#4452=EDGE_CURVE('',#5838,#5839,#6636,.F.);
#4453=EDGE_CURVE('',#5839,#5840,#6637,.T.);
#4454=EDGE_CURVE('',#5840,#5837,#6638,.F.);
#4455=EDGE_CURVE('',#5841,#5842,#6639,.T.);
#4456=EDGE_CURVE('',#5842,#5843,#6640,.F.);
#4457=EDGE_CURVE('',#5843,#5844,#6641,.T.);
#4458=EDGE_CURVE('',#5844,#5841,#6642,.F.);
#4459=EDGE_CURVE('',#5845,#5846,#6643,.T.);
#4460=EDGE_CURVE('',#5846,#5847,#6644,.F.);
#4461=EDGE_CURVE('',#5847,#5848,#6645,.T.);
#4462=EDGE_CURVE('',#5848,#5845,#6646,.F.);
#4463=EDGE_CURVE('',#5849,#5850,#6647,.T.);
#4464=EDGE_CURVE('',#5850,#5851,#6648,.F.);
#4465=EDGE_CURVE('',#5851,#5852,#6649,.T.);
#4466=EDGE_CURVE('',#5852,#5849,#6650,.F.);
#4467=EDGE_CURVE('',#5853,#5854,#6651,.T.);
#4468=EDGE_CURVE('',#5854,#5855,#6652,.F.);
#4469=EDGE_CURVE('',#5855,#5856,#6653,.T.);
#4470=EDGE_CURVE('',#5856,#5853,#6654,.F.);
#4471=EDGE_CURVE('',#5857,#5858,#6655,.T.);
#4472=EDGE_CURVE('',#5858,#5859,#6656,.F.);
#4473=EDGE_CURVE('',#5859,#5860,#6657,.T.);
#4474=EDGE_CURVE('',#5860,#5857,#6658,.F.);
#4475=EDGE_CURVE('',#5861,#5862,#6659,.T.);
#4476=EDGE_CURVE('',#5862,#5863,#6660,.F.);
#4477=EDGE_CURVE('',#5863,#5864,#6661,.T.);
#4478=EDGE_CURVE('',#5864,#5861,#6662,.F.);
#4479=EDGE_CURVE('',#5865,#5866,#6663,.T.);
#4480=EDGE_CURVE('',#5866,#5867,#6664,.F.);
#4481=EDGE_CURVE('',#5867,#5868,#6665,.T.);
#4482=EDGE_CURVE('',#5868,#5865,#6666,.F.);
#4483=EDGE_CURVE('',#5869,#5870,#6667,.T.);
#4484=EDGE_CURVE('',#5870,#5871,#6668,.F.);
#4485=EDGE_CURVE('',#5871,#5872,#6669,.T.);
#4486=EDGE_CURVE('',#5872,#5869,#6670,.F.);
#4487=EDGE_CURVE('',#5873,#5874,#6671,.T.);
#4488=EDGE_CURVE('',#5874,#5875,#6672,.F.);
#4489=EDGE_CURVE('',#5875,#5876,#6673,.T.);
#4490=EDGE_CURVE('',#5876,#5873,#6674,.F.);
#4491=EDGE_CURVE('',#5877,#5878,#6675,.T.);
#4492=EDGE_CURVE('',#5878,#5879,#6676,.F.);
#4493=EDGE_CURVE('',#5879,#5880,#6677,.T.);
#4494=EDGE_CURVE('',#5880,#5877,#6678,.F.);
#4495=EDGE_CURVE('',#5881,#5882,#6679,.T.);
#4496=EDGE_CURVE('',#5882,#5883,#6680,.F.);
#4497=EDGE_CURVE('',#5883,#5884,#6681,.T.);
#4498=EDGE_CURVE('',#5884,#5881,#6682,.F.);
#4499=EDGE_CURVE('',#5885,#5886,#6683,.T.);
#4500=EDGE_CURVE('',#5886,#5887,#6684,.F.);
#4501=EDGE_CURVE('',#5887,#5888,#6685,.T.);
#4502=EDGE_CURVE('',#5888,#5885,#6686,.F.);
#4503=EDGE_CURVE('',#5889,#5890,#6687,.T.);
#4504=EDGE_CURVE('',#5890,#5891,#6688,.F.);
#4505=EDGE_CURVE('',#5891,#5892,#6689,.T.);
#4506=EDGE_CURVE('',#5892,#5889,#6690,.F.);
#4507=EDGE_CURVE('',#5893,#5894,#6691,.T.);
#4508=EDGE_CURVE('',#5894,#5895,#6692,.F.);
#4509=EDGE_CURVE('',#5895,#5896,#6693,.T.);
#4510=EDGE_CURVE('',#5896,#5893,#6694,.F.);
#4511=EDGE_CURVE('',#5897,#5898,#6695,.T.);
#4512=EDGE_CURVE('',#5898,#5899,#6696,.F.);
#4513=EDGE_CURVE('',#5899,#5900,#6697,.T.);
#4514=EDGE_CURVE('',#5900,#5897,#6698,.F.);
#4515=EDGE_CURVE('',#5901,#5902,#6699,.T.);
#4516=EDGE_CURVE('',#5902,#5903,#6700,.F.);
#4517=EDGE_CURVE('',#5903,#5904,#6701,.T.);
#4518=EDGE_CURVE('',#5904,#5901,#6702,.F.);
#4519=EDGE_CURVE('',#5905,#5906,#6703,.T.);
#4520=EDGE_CURVE('',#5906,#5907,#6704,.F.);
#4521=EDGE_CURVE('',#5907,#5908,#6705,.T.);
#4522=EDGE_CURVE('',#5908,#5905,#6706,.F.);
#4523=EDGE_CURVE('',#5909,#5910,#6707,.T.);
#4524=EDGE_CURVE('',#5910,#5911,#6708,.F.);
#4525=EDGE_CURVE('',#5911,#5912,#6709,.T.);
#4526=EDGE_CURVE('',#5912,#5909,#6710,.F.);
#4527=EDGE_CURVE('',#5913,#5914,#6711,.T.);
#4528=EDGE_CURVE('',#5914,#5915,#6712,.F.);
#4529=EDGE_CURVE('',#5915,#5916,#6713,.T.);
#4530=EDGE_CURVE('',#5916,#5913,#6714,.F.);
#4531=EDGE_CURVE('',#5917,#5918,#6715,.T.);
#4532=EDGE_CURVE('',#5918,#5919,#6716,.F.);
#4533=EDGE_CURVE('',#5919,#5920,#6717,.T.);
#4534=EDGE_CURVE('',#5920,#5917,#6718,.F.);
#4535=EDGE_CURVE('',#5921,#5922,#6719,.T.);
#4536=EDGE_CURVE('',#5922,#5923,#6720,.F.);
#4537=EDGE_CURVE('',#5923,#5924,#6721,.T.);
#4538=EDGE_CURVE('',#5924,#5921,#6722,.F.);
#4539=EDGE_CURVE('',#5925,#5926,#6723,.T.);
#4540=EDGE_CURVE('',#5926,#5927,#6724,.F.);
#4541=EDGE_CURVE('',#5927,#5928,#6725,.T.);
#4542=EDGE_CURVE('',#5928,#5925,#6726,.F.);
#4543=EDGE_CURVE('',#5929,#5930,#6727,.T.);
#4544=EDGE_CURVE('',#5930,#5931,#6728,.F.);
#4545=EDGE_CURVE('',#5931,#5932,#6729,.T.);
#4546=EDGE_CURVE('',#5932,#5929,#6730,.F.);
#4547=EDGE_CURVE('',#5933,#5934,#6731,.T.);
#4548=EDGE_CURVE('',#5934,#5935,#6732,.F.);
#4549=EDGE_CURVE('',#5935,#5936,#6733,.T.);
#4550=EDGE_CURVE('',#5936,#5933,#6734,.F.);
#4551=EDGE_CURVE('',#5937,#5938,#6735,.T.);
#4552=EDGE_CURVE('',#5938,#5939,#6736,.F.);
#4553=EDGE_CURVE('',#5939,#5940,#6737,.T.);
#4554=EDGE_CURVE('',#5940,#5937,#6738,.F.);
#4555=EDGE_CURVE('',#5941,#5942,#6739,.T.);
#4556=EDGE_CURVE('',#5942,#5943,#6740,.F.);
#4557=EDGE_CURVE('',#5943,#5944,#6741,.T.);
#4558=EDGE_CURVE('',#5944,#5941,#6742,.F.);
#4559=EDGE_CURVE('',#5945,#5946,#6743,.T.);
#4560=EDGE_CURVE('',#5946,#5947,#6744,.F.);
#4561=EDGE_CURVE('',#5947,#5948,#6745,.T.);
#4562=EDGE_CURVE('',#5948,#5945,#6746,.F.);
#4563=EDGE_CURVE('',#5949,#5950,#6747,.T.);
#4564=EDGE_CURVE('',#5950,#5951,#6748,.F.);
#4565=EDGE_CURVE('',#5951,#5952,#6749,.T.);
#4566=EDGE_CURVE('',#5952,#5949,#6750,.F.);
#4567=EDGE_CURVE('',#5953,#5954,#6751,.T.);
#4568=EDGE_CURVE('',#5954,#5955,#6752,.F.);
#4569=EDGE_CURVE('',#5955,#5956,#6753,.T.);
#4570=EDGE_CURVE('',#5956,#5953,#6754,.F.);
#4571=EDGE_CURVE('',#5957,#5958,#6755,.T.);
#4572=EDGE_CURVE('',#5958,#5959,#6756,.F.);
#4573=EDGE_CURVE('',#5959,#5960,#6757,.T.);
#4574=EDGE_CURVE('',#5960,#5957,#6758,.F.);
#4575=EDGE_CURVE('',#5961,#5962,#6759,.T.);
#4576=EDGE_CURVE('',#5962,#5963,#6760,.F.);
#4577=EDGE_CURVE('',#5963,#5964,#6761,.T.);
#4578=EDGE_CURVE('',#5964,#5961,#6762,.F.);
#4579=EDGE_CURVE('',#5965,#5966,#6763,.T.);
#4580=EDGE_CURVE('',#5966,#5967,#6764,.F.);
#4581=EDGE_CURVE('',#5967,#5968,#6765,.T.);
#4582=EDGE_CURVE('',#5968,#5965,#6766,.F.);
#4583=EDGE_CURVE('',#5969,#5970,#6767,.T.);
#4584=EDGE_CURVE('',#5970,#5971,#6768,.F.);
#4585=EDGE_CURVE('',#5971,#5972,#6769,.T.);
#4586=EDGE_CURVE('',#5972,#5969,#6770,.F.);
#4587=EDGE_CURVE('',#5973,#5974,#6771,.T.);
#4588=EDGE_CURVE('',#5974,#5975,#6772,.F.);
#4589=EDGE_CURVE('',#5975,#5976,#6773,.T.);
#4590=EDGE_CURVE('',#5976,#5973,#6774,.F.);
#4591=EDGE_CURVE('',#5977,#5978,#6775,.T.);
#4592=EDGE_CURVE('',#5978,#5979,#6776,.F.);
#4593=EDGE_CURVE('',#5979,#5980,#6777,.T.);
#4594=EDGE_CURVE('',#5980,#5977,#6778,.F.);
#4595=EDGE_CURVE('',#5981,#5982,#6779,.T.);
#4596=EDGE_CURVE('',#5982,#5983,#6780,.F.);
#4597=EDGE_CURVE('',#5983,#5984,#6781,.T.);
#4598=EDGE_CURVE('',#5984,#5981,#6782,.F.);
#4599=EDGE_CURVE('',#5985,#5986,#6783,.T.);
#4600=EDGE_CURVE('',#5986,#5987,#6784,.F.);
#4601=EDGE_CURVE('',#5987,#5988,#6785,.T.);
#4602=EDGE_CURVE('',#5988,#5985,#6786,.F.);
#4603=EDGE_CURVE('',#5989,#5990,#6787,.T.);
#4604=EDGE_CURVE('',#5990,#5991,#6788,.F.);
#4605=EDGE_CURVE('',#5991,#5992,#6789,.T.);
#4606=EDGE_CURVE('',#5992,#5989,#6790,.F.);
#4607=EDGE_CURVE('',#5993,#5994,#6791,.T.);
#4608=EDGE_CURVE('',#5994,#5995,#6792,.F.);
#4609=EDGE_CURVE('',#5995,#5996,#6793,.T.);
#4610=EDGE_CURVE('',#5996,#5993,#6794,.F.);
#4611=EDGE_CURVE('',#5997,#5998,#6795,.T.);
#4612=EDGE_CURVE('',#5998,#5999,#6796,.F.);
#4613=EDGE_CURVE('',#5999,#6000,#6797,.T.);
#4614=EDGE_CURVE('',#6000,#5997,#6798,.F.);
#4615=EDGE_CURVE('',#6001,#6002,#6799,.T.);
#4616=EDGE_CURVE('',#6002,#6003,#6800,.F.);
#4617=EDGE_CURVE('',#6003,#6004,#6801,.T.);
#4618=EDGE_CURVE('',#6004,#6001,#6802,.F.);
#4619=EDGE_CURVE('',#6005,#6006,#6803,.T.);
#4620=EDGE_CURVE('',#6006,#6007,#6804,.F.);
#4621=EDGE_CURVE('',#6007,#6008,#6805,.T.);
#4622=EDGE_CURVE('',#6008,#6005,#6806,.F.);
#4623=EDGE_CURVE('',#6009,#6010,#6807,.T.);
#4624=EDGE_CURVE('',#6010,#6011,#6808,.F.);
#4625=EDGE_CURVE('',#6011,#6012,#6809,.T.);
#4626=EDGE_CURVE('',#6012,#6009,#6810,.F.);
#4627=EDGE_CURVE('',#6013,#6014,#6811,.T.);
#4628=EDGE_CURVE('',#6014,#6015,#6812,.F.);
#4629=EDGE_CURVE('',#6015,#6016,#6813,.T.);
#4630=EDGE_CURVE('',#6016,#6013,#6814,.F.);
#4631=EDGE_CURVE('',#6017,#6018,#6815,.T.);
#4632=EDGE_CURVE('',#6018,#6019,#6816,.F.);
#4633=EDGE_CURVE('',#6019,#6020,#6817,.T.);
#4634=EDGE_CURVE('',#6020,#6017,#6818,.F.);
#4635=EDGE_CURVE('',#6021,#6022,#6819,.T.);
#4636=EDGE_CURVE('',#6022,#6023,#6820,.F.);
#4637=EDGE_CURVE('',#6023,#6024,#6821,.T.);
#4638=EDGE_CURVE('',#6024,#6021,#6822,.F.);
#4639=EDGE_CURVE('',#6025,#6026,#6823,.T.);
#4640=EDGE_CURVE('',#6026,#6027,#6824,.F.);
#4641=EDGE_CURVE('',#6027,#6028,#6825,.T.);
#4642=EDGE_CURVE('',#6028,#6025,#6826,.F.);
#4643=EDGE_CURVE('',#6029,#6030,#6827,.T.);
#4644=EDGE_CURVE('',#6030,#6031,#6828,.F.);
#4645=EDGE_CURVE('',#6031,#6032,#6829,.T.);
#4646=EDGE_CURVE('',#6032,#6029,#6830,.F.);
#4647=EDGE_CURVE('',#6033,#6034,#6831,.T.);
#4648=EDGE_CURVE('',#6034,#6035,#6832,.F.);
#4649=EDGE_CURVE('',#6035,#6036,#6833,.T.);
#4650=EDGE_CURVE('',#6036,#6033,#6834,.F.);
#4651=EDGE_CURVE('',#6037,#6038,#6835,.T.);
#4652=EDGE_CURVE('',#6038,#6039,#6836,.F.);
#4653=EDGE_CURVE('',#6039,#6040,#6837,.T.);
#4654=EDGE_CURVE('',#6040,#6037,#6838,.F.);
#4655=EDGE_CURVE('',#6041,#6042,#6839,.T.);
#4656=EDGE_CURVE('',#6042,#6043,#6840,.F.);
#4657=EDGE_CURVE('',#6043,#6044,#6841,.T.);
#4658=EDGE_CURVE('',#6044,#6041,#6842,.F.);
#4659=EDGE_CURVE('',#6045,#6046,#6843,.T.);
#4660=EDGE_CURVE('',#6046,#6047,#6844,.F.);
#4661=EDGE_CURVE('',#6047,#6048,#6845,.T.);
#4662=EDGE_CURVE('',#6048,#6045,#6846,.F.);
#4663=EDGE_CURVE('',#6049,#6050,#6847,.T.);
#4664=EDGE_CURVE('',#6050,#6051,#6848,.F.);
#4665=EDGE_CURVE('',#6051,#6052,#6849,.T.);
#4666=EDGE_CURVE('',#6052,#6049,#6850,.F.);
#4667=EDGE_CURVE('',#6053,#6054,#6851,.T.);
#4668=EDGE_CURVE('',#6054,#6055,#6852,.F.);
#4669=EDGE_CURVE('',#6055,#6056,#6853,.T.);
#4670=EDGE_CURVE('',#6056,#6053,#6854,.F.);
#4671=EDGE_CURVE('',#6057,#6058,#6855,.T.);
#4672=EDGE_CURVE('',#6058,#6059,#6856,.F.);
#4673=EDGE_CURVE('',#6059,#6060,#6857,.T.);
#4674=EDGE_CURVE('',#6060,#6057,#6858,.F.);
#4675=EDGE_CURVE('',#6061,#6062,#6859,.T.);
#4676=EDGE_CURVE('',#6062,#6063,#6860,.F.);
#4677=EDGE_CURVE('',#6063,#6064,#6861,.T.);
#4678=EDGE_CURVE('',#6064,#6061,#6862,.F.);
#4679=EDGE_CURVE('',#6065,#6066,#6863,.T.);
#4680=EDGE_CURVE('',#6066,#6067,#6864,.F.);
#4681=EDGE_CURVE('',#6067,#6068,#6865,.T.);
#4682=EDGE_CURVE('',#6068,#6065,#6866,.F.);
#4683=EDGE_CURVE('',#6069,#6070,#6867,.T.);
#4684=EDGE_CURVE('',#6070,#6071,#6868,.F.);
#4685=EDGE_CURVE('',#6071,#6072,#6869,.T.);
#4686=EDGE_CURVE('',#6072,#6069,#6870,.F.);
#4687=EDGE_CURVE('',#6073,#6074,#6871,.T.);
#4688=EDGE_CURVE('',#6074,#6075,#6872,.F.);
#4689=EDGE_CURVE('',#6075,#6076,#6873,.T.);
#4690=EDGE_CURVE('',#6076,#6073,#6874,.F.);
#4691=EDGE_CURVE('',#6077,#6078,#6875,.T.);
#4692=EDGE_CURVE('',#6078,#6079,#6876,.F.);
#4693=EDGE_CURVE('',#6079,#6080,#6877,.T.);
#4694=EDGE_CURVE('',#6080,#6077,#6878,.F.);
#4695=EDGE_CURVE('',#6081,#6082,#6879,.T.);
#4696=EDGE_CURVE('',#6082,#6083,#6880,.F.);
#4697=EDGE_CURVE('',#6083,#6084,#6881,.T.);
#4698=EDGE_CURVE('',#6084,#6081,#6882,.F.);
#4699=EDGE_CURVE('',#6085,#6086,#6883,.T.);
#4700=EDGE_CURVE('',#6086,#6087,#6884,.F.);
#4701=EDGE_CURVE('',#6087,#6088,#6885,.T.);
#4702=EDGE_CURVE('',#6088,#6085,#6886,.F.);
#4703=EDGE_CURVE('',#6089,#6090,#6887,.T.);
#4704=EDGE_CURVE('',#6090,#6091,#6888,.F.);
#4705=EDGE_CURVE('',#6091,#6092,#6889,.T.);
#4706=EDGE_CURVE('',#6092,#6089,#6890,.F.);
#4707=EDGE_CURVE('',#6093,#6094,#6891,.T.);
#4708=EDGE_CURVE('',#6094,#6095,#6892,.F.);
#4709=EDGE_CURVE('',#6095,#6096,#6893,.T.);
#4710=EDGE_CURVE('',#6096,#6093,#6894,.F.);
#4711=EDGE_CURVE('',#6097,#6098,#6895,.T.);
#4712=EDGE_CURVE('',#6098,#6099,#6896,.F.);
#4713=EDGE_CURVE('',#6099,#6100,#6897,.T.);
#4714=EDGE_CURVE('',#6100,#6097,#6898,.F.);
#4715=EDGE_CURVE('',#6101,#6102,#6899,.T.);
#4716=EDGE_CURVE('',#6102,#6103,#6900,.F.);
#4717=EDGE_CURVE('',#6103,#6104,#6901,.T.);
#4718=EDGE_CURVE('',#6104,#6101,#6902,.F.);
#4719=EDGE_CURVE('',#6105,#6106,#6903,.T.);
#4720=EDGE_CURVE('',#6106,#6107,#6904,.F.);
#4721=EDGE_CURVE('',#6107,#6108,#6905,.T.);
#4722=EDGE_CURVE('',#6108,#6105,#6906,.F.);
#4723=EDGE_CURVE('',#6109,#6110,#6907,.T.);
#4724=EDGE_CURVE('',#6110,#6111,#6908,.F.);
#4725=EDGE_CURVE('',#6111,#6112,#6909,.T.);
#4726=EDGE_CURVE('',#6112,#6109,#6910,.F.);
#4727=EDGE_CURVE('',#6113,#6114,#6911,.T.);
#4728=EDGE_CURVE('',#6114,#6115,#6912,.F.);
#4729=EDGE_CURVE('',#6115,#6116,#6913,.T.);
#4730=EDGE_CURVE('',#6116,#6113,#6914,.F.);
#4731=EDGE_CURVE('',#6117,#6118,#6915,.T.);
#4732=EDGE_CURVE('',#6118,#6119,#6916,.F.);
#4733=EDGE_CURVE('',#6119,#6120,#6917,.T.);
#4734=EDGE_CURVE('',#6120,#6117,#6918,.F.);
#4735=EDGE_CURVE('',#6121,#6122,#6919,.T.);
#4736=EDGE_CURVE('',#6122,#6123,#6920,.F.);
#4737=EDGE_CURVE('',#6123,#6124,#6921,.T.);
#4738=EDGE_CURVE('',#6124,#6121,#6922,.F.);
#4739=EDGE_CURVE('',#6125,#6126,#6923,.T.);
#4740=EDGE_CURVE('',#6126,#6127,#6924,.F.);
#4741=EDGE_CURVE('',#6127,#6128,#6925,.T.);
#4742=EDGE_CURVE('',#6128,#6125,#6926,.F.);
#4743=EDGE_CURVE('',#6129,#6130,#6927,.T.);
#4744=EDGE_CURVE('',#6130,#6131,#6928,.F.);
#4745=EDGE_CURVE('',#6131,#6132,#6929,.T.);
#4746=EDGE_CURVE('',#6132,#6129,#6930,.F.);
#4747=EDGE_CURVE('',#6133,#6134,#6931,.T.);
#4748=EDGE_CURVE('',#6134,#6135,#6932,.F.);
#4749=EDGE_CURVE('',#6135,#6136,#6933,.T.);
#4750=EDGE_CURVE('',#6136,#6133,#6934,.F.);
#4751=EDGE_CURVE('',#6137,#6138,#6935,.T.);
#4752=EDGE_CURVE('',#6138,#6139,#6936,.F.);
#4753=EDGE_CURVE('',#6139,#6140,#6937,.T.);
#4754=EDGE_CURVE('',#6140,#6137,#6938,.F.);
#4755=EDGE_CURVE('',#6141,#6141,#6939,.T.);
#4756=EDGE_CURVE('',#6142,#6142,#6940,.T.);
#4757=EDGE_CURVE('',#5552,#5555,#6941,.T.);
#4758=EDGE_CURVE('',#5552,#6134,#14,.T.);
#4759=EDGE_CURVE('',#6134,#6129,#6942,.T.);
#4760=EDGE_CURVE('',#6129,#5555,#15,.F.);
#4761=EDGE_CURVE('',#6135,#5554,#16,.T.);
#4762=EDGE_CURVE('',#5553,#6136,#17,.F.);
#4763=EDGE_CURVE('',#6133,#5551,#18,.F.);
#4764=EDGE_CURVE('',#5556,#5559,#6943,.T.);
#4765=EDGE_CURVE('',#5556,#6130,#19,.T.);
#4766=EDGE_CURVE('',#6130,#6125,#6944,.T.);
#4767=EDGE_CURVE('',#6125,#5559,#20,.F.);
#4768=EDGE_CURVE('',#6131,#5558,#21,.T.);
#4769=EDGE_CURVE('',#5557,#6132,#22,.F.);
#4770=EDGE_CURVE('',#5560,#5563,#6945,.T.);
#4771=EDGE_CURVE('',#5560,#6126,#23,.T.);
#4772=EDGE_CURVE('',#6126,#6121,#6946,.T.);
#4773=EDGE_CURVE('',#6121,#5563,#24,.F.);
#4774=EDGE_CURVE('',#6127,#5562,#25,.T.);
#4775=EDGE_CURVE('',#5561,#6128,#26,.F.);
#4776=EDGE_CURVE('',#5564,#5567,#6947,.T.);
#4777=EDGE_CURVE('',#5564,#6122,#27,.T.);
#4778=EDGE_CURVE('',#6122,#6117,#6948,.T.);
#4779=EDGE_CURVE('',#6117,#5567,#28,.F.);
#4780=EDGE_CURVE('',#6123,#5566,#29,.T.);
#4781=EDGE_CURVE('',#5565,#6124,#30,.F.);
#4782=EDGE_CURVE('',#5568,#5571,#6949,.T.);
#4783=EDGE_CURVE('',#5568,#6118,#31,.T.);
#4784=EDGE_CURVE('',#6118,#6113,#6950,.T.);
#4785=EDGE_CURVE('',#6113,#5571,#32,.F.);
#4786=EDGE_CURVE('',#6119,#5570,#33,.T.);
#4787=EDGE_CURVE('',#5569,#6120,#34,.F.);
#4788=EDGE_CURVE('',#5572,#5575,#6951,.T.);
#4789=EDGE_CURVE('',#5572,#6114,#35,.T.);
#4790=EDGE_CURVE('',#6114,#6109,#6952,.T.);
#4791=EDGE_CURVE('',#6109,#5575,#36,.F.);
#4792=EDGE_CURVE('',#6115,#5574,#37,.T.);
#4793=EDGE_CURVE('',#5573,#6116,#38,.F.);
#4794=EDGE_CURVE('',#5576,#5579,#6953,.T.);
#4795=EDGE_CURVE('',#5576,#6110,#39,.T.);
#4796=EDGE_CURVE('',#6110,#6105,#6954,.T.);
#4797=EDGE_CURVE('',#6105,#5579,#40,.F.);
#4798=EDGE_CURVE('',#6111,#5578,#41,.T.);
#4799=EDGE_CURVE('',#5577,#6112,#42,.F.);
#4800=EDGE_CURVE('',#5580,#5583,#6955,.T.);
#4801=EDGE_CURVE('',#5580,#6106,#43,.T.);
#4802=EDGE_CURVE('',#6106,#6101,#6956,.T.);
#4803=EDGE_CURVE('',#6101,#5583,#44,.F.);
#4804=EDGE_CURVE('',#6107,#5582,#45,.T.);
#4805=EDGE_CURVE('',#5581,#6108,#46,.F.);
#4806=EDGE_CURVE('',#5584,#5587,#6957,.T.);
#4807=EDGE_CURVE('',#5584,#6102,#47,.T.);
#4808=EDGE_CURVE('',#6102,#6097,#6958,.T.);
#4809=EDGE_CURVE('',#6097,#5587,#48,.F.);
#4810=EDGE_CURVE('',#6103,#5586,#49,.T.);
#4811=EDGE_CURVE('',#5585,#6104,#50,.F.);
#4812=EDGE_CURVE('',#5588,#5591,#6959,.T.);
#4813=EDGE_CURVE('',#5588,#6098,#51,.T.);
#4814=EDGE_CURVE('',#6098,#6093,#6960,.T.);
#4815=EDGE_CURVE('',#6093,#5591,#52,.F.);
#4816=EDGE_CURVE('',#6099,#5590,#53,.T.);
#4817=EDGE_CURVE('',#5589,#6100,#54,.F.);
#4818=EDGE_CURVE('',#5592,#5595,#6961,.T.);
#4819=EDGE_CURVE('',#5592,#6094,#55,.T.);
#4820=EDGE_CURVE('',#6094,#6089,#6962,.T.);
#4821=EDGE_CURVE('',#6089,#5595,#56,.F.);
#4822=EDGE_CURVE('',#6095,#5594,#57,.T.);
#4823=EDGE_CURVE('',#5593,#6096,#58,.F.);
#4824=EDGE_CURVE('',#5596,#5599,#6963,.T.);
#4825=EDGE_CURVE('',#5596,#6090,#59,.T.);
#4826=EDGE_CURVE('',#6090,#6085,#6964,.T.);
#4827=EDGE_CURVE('',#6085,#5599,#60,.F.);
#4828=EDGE_CURVE('',#6091,#5598,#61,.T.);
#4829=EDGE_CURVE('',#5597,#6092,#62,.F.);
#4830=EDGE_CURVE('',#5600,#5603,#6965,.T.);
#4831=EDGE_CURVE('',#5600,#6086,#63,.T.);
#4832=EDGE_CURVE('',#6086,#6081,#6966,.T.);
#4833=EDGE_CURVE('',#6081,#5603,#64,.F.);
#4834=EDGE_CURVE('',#6087,#5602,#65,.T.);
#4835=EDGE_CURVE('',#5601,#6088,#66,.F.);
#4836=EDGE_CURVE('',#5604,#5607,#6967,.T.);
#4837=EDGE_CURVE('',#5604,#6082,#67,.T.);
#4838=EDGE_CURVE('',#6082,#6077,#6968,.T.);
#4839=EDGE_CURVE('',#6077,#5607,#68,.F.);
#4840=EDGE_CURVE('',#6083,#5606,#69,.T.);
#4841=EDGE_CURVE('',#5605,#6084,#70,.F.);
#4842=EDGE_CURVE('',#5608,#5611,#6969,.T.);
#4843=EDGE_CURVE('',#5608,#6078,#71,.T.);
#4844=EDGE_CURVE('',#6078,#6073,#6970,.T.);
#4845=EDGE_CURVE('',#6073,#5611,#72,.F.);
#4846=EDGE_CURVE('',#6079,#5610,#73,.T.);
#4847=EDGE_CURVE('',#5609,#6080,#74,.F.);
#4848=EDGE_CURVE('',#5612,#5615,#6971,.T.);
#4849=EDGE_CURVE('',#5612,#6074,#75,.T.);
#4850=EDGE_CURVE('',#6074,#6069,#6972,.T.);
#4851=EDGE_CURVE('',#6069,#5615,#76,.F.);
#4852=EDGE_CURVE('',#6075,#5614,#77,.T.);
#4853=EDGE_CURVE('',#5613,#6076,#78,.F.);
#4854=EDGE_CURVE('',#5616,#5619,#6973,.T.);
#4855=EDGE_CURVE('',#5616,#6070,#79,.T.);
#4856=EDGE_CURVE('',#6070,#6065,#6974,.T.);
#4857=EDGE_CURVE('',#6065,#5619,#80,.F.);
#4858=EDGE_CURVE('',#6071,#5618,#81,.T.);
#4859=EDGE_CURVE('',#5617,#6072,#82,.F.);
#4860=EDGE_CURVE('',#5620,#5623,#6975,.T.);
#4861=EDGE_CURVE('',#5620,#6066,#83,.T.);
#4862=EDGE_CURVE('',#6066,#6061,#6976,.T.);
#4863=EDGE_CURVE('',#6061,#5623,#84,.F.);
#4864=EDGE_CURVE('',#6067,#5622,#85,.T.);
#4865=EDGE_CURVE('',#5621,#6068,#86,.F.);
#4866=EDGE_CURVE('',#5624,#5627,#6977,.T.);
#4867=EDGE_CURVE('',#5624,#6062,#87,.T.);
#4868=EDGE_CURVE('',#6062,#6057,#6978,.T.);
#4869=EDGE_CURVE('',#6057,#5627,#88,.F.);
#4870=EDGE_CURVE('',#6063,#5626,#89,.T.);
#4871=EDGE_CURVE('',#5625,#6064,#90,.F.);
#4872=EDGE_CURVE('',#5628,#5631,#6979,.T.);
#4873=EDGE_CURVE('',#5628,#6058,#91,.T.);
#4874=EDGE_CURVE('',#6058,#6053,#6980,.T.);
#4875=EDGE_CURVE('',#6053,#5631,#92,.F.);
#4876=EDGE_CURVE('',#6059,#5630,#93,.T.);
#4877=EDGE_CURVE('',#5629,#6060,#94,.F.);
#4878=EDGE_CURVE('',#5632,#5635,#6981,.T.);
#4879=EDGE_CURVE('',#5632,#6054,#95,.T.);
#4880=EDGE_CURVE('',#6054,#6049,#6982,.T.);
#4881=EDGE_CURVE('',#6049,#5635,#96,.F.);
#4882=EDGE_CURVE('',#6055,#5634,#97,.T.);
#4883=EDGE_CURVE('',#5633,#6056,#98,.F.);
#4884=EDGE_CURVE('',#5636,#5639,#6983,.T.);
#4885=EDGE_CURVE('',#5636,#6050,#99,.T.);
#4886=EDGE_CURVE('',#6050,#6045,#6984,.T.);
#4887=EDGE_CURVE('',#6045,#5639,#100,.F.);
#4888=EDGE_CURVE('',#6051,#5638,#101,.T.);
#4889=EDGE_CURVE('',#5637,#6052,#102,.F.);
#4890=EDGE_CURVE('',#5640,#5643,#6985,.T.);
#4891=EDGE_CURVE('',#5640,#6046,#103,.T.);
#4892=EDGE_CURVE('',#6046,#6041,#6986,.T.);
#4893=EDGE_CURVE('',#6041,#5643,#104,.F.);
#4894=EDGE_CURVE('',#6047,#5642,#105,.T.);
#4895=EDGE_CURVE('',#5641,#6048,#106,.F.);
#4896=EDGE_CURVE('',#5644,#5647,#6987,.T.);
#4897=EDGE_CURVE('',#5644,#6042,#107,.T.);
#4898=EDGE_CURVE('',#6042,#6037,#6988,.T.);
#4899=EDGE_CURVE('',#6037,#5647,#108,.F.);
#4900=EDGE_CURVE('',#6043,#5646,#109,.T.);
#4901=EDGE_CURVE('',#5645,#6044,#110,.F.);
#4902=EDGE_CURVE('',#5648,#5651,#6989,.T.);
#4903=EDGE_CURVE('',#5648,#6038,#111,.T.);
#4904=EDGE_CURVE('',#6038,#6033,#6990,.T.);
#4905=EDGE_CURVE('',#6033,#5651,#112,.F.);
#4906=EDGE_CURVE('',#6039,#5650,#113,.T.);
#4907=EDGE_CURVE('',#5649,#6040,#114,.F.);
#4908=EDGE_CURVE('',#5652,#5655,#6991,.T.);
#4909=EDGE_CURVE('',#5652,#6034,#115,.T.);
#4910=EDGE_CURVE('',#6034,#6029,#6992,.T.);
#4911=EDGE_CURVE('',#6029,#5655,#116,.F.);
#4912=EDGE_CURVE('',#6035,#5654,#117,.T.);
#4913=EDGE_CURVE('',#5653,#6036,#118,.F.);
#4914=EDGE_CURVE('',#5656,#5659,#6993,.T.);
#4915=EDGE_CURVE('',#5656,#6030,#119,.T.);
#4916=EDGE_CURVE('',#6030,#6025,#6994,.T.);
#4917=EDGE_CURVE('',#6025,#5659,#120,.F.);
#4918=EDGE_CURVE('',#6031,#5658,#121,.T.);
#4919=EDGE_CURVE('',#5657,#6032,#122,.F.);
#4920=EDGE_CURVE('',#5660,#5663,#6995,.T.);
#4921=EDGE_CURVE('',#5660,#6026,#123,.T.);
#4922=EDGE_CURVE('',#6026,#6021,#6996,.T.);
#4923=EDGE_CURVE('',#6021,#5663,#124,.F.);
#4924=EDGE_CURVE('',#6027,#5662,#125,.T.);
#4925=EDGE_CURVE('',#5661,#6028,#126,.F.);
#4926=EDGE_CURVE('',#5664,#5667,#6997,.T.);
#4927=EDGE_CURVE('',#5664,#6022,#127,.T.);
#4928=EDGE_CURVE('',#6022,#6017,#6998,.T.);
#4929=EDGE_CURVE('',#6017,#5667,#128,.F.);
#4930=EDGE_CURVE('',#6023,#5666,#129,.T.);
#4931=EDGE_CURVE('',#5665,#6024,#130,.F.);
#4932=EDGE_CURVE('',#5668,#5671,#6999,.T.);
#4933=EDGE_CURVE('',#5668,#6018,#131,.T.);
#4934=EDGE_CURVE('',#6018,#6013,#7000,.T.);
#4935=EDGE_CURVE('',#6013,#5671,#132,.F.);
#4936=EDGE_CURVE('',#6019,#5670,#133,.T.);
#4937=EDGE_CURVE('',#5669,#6020,#134,.F.);
#4938=EDGE_CURVE('',#5672,#5675,#7001,.T.);
#4939=EDGE_CURVE('',#5672,#6014,#135,.T.);
#4940=EDGE_CURVE('',#6014,#6009,#7002,.T.);
#4941=EDGE_CURVE('',#6009,#5675,#136,.F.);
#4942=EDGE_CURVE('',#6015,#5674,#137,.T.);
#4943=EDGE_CURVE('',#5673,#6016,#138,.F.);
#4944=EDGE_CURVE('',#5676,#5679,#7003,.T.);
#4945=EDGE_CURVE('',#5676,#6010,#139,.T.);
#4946=EDGE_CURVE('',#6010,#6005,#7004,.T.);
#4947=EDGE_CURVE('',#6005,#5679,#140,.F.);
#4948=EDGE_CURVE('',#6011,#5678,#141,.T.);
#4949=EDGE_CURVE('',#5677,#6012,#142,.F.);
#4950=EDGE_CURVE('',#5680,#5683,#7005,.T.);
#4951=EDGE_CURVE('',#5680,#6006,#143,.T.);
#4952=EDGE_CURVE('',#6006,#6001,#7006,.T.);
#4953=EDGE_CURVE('',#6001,#5683,#144,.F.);
#4954=EDGE_CURVE('',#6007,#5682,#145,.T.);
#4955=EDGE_CURVE('',#5681,#6008,#146,.F.);
#4956=EDGE_CURVE('',#5684,#5687,#7007,.T.);
#4957=EDGE_CURVE('',#5684,#6002,#147,.T.);
#4958=EDGE_CURVE('',#6002,#5997,#7008,.T.);
#4959=EDGE_CURVE('',#5997,#5687,#148,.F.);
#4960=EDGE_CURVE('',#6003,#5686,#149,.T.);
#4961=EDGE_CURVE('',#5685,#6004,#150,.F.);
#4962=EDGE_CURVE('',#5688,#5691,#7009,.T.);
#4963=EDGE_CURVE('',#5688,#5998,#151,.T.);
#4964=EDGE_CURVE('',#5998,#5993,#7010,.T.);
#4965=EDGE_CURVE('',#5993,#5691,#152,.F.);
#4966=EDGE_CURVE('',#5999,#5690,#153,.T.);
#4967=EDGE_CURVE('',#5689,#6000,#154,.F.);
#4968=EDGE_CURVE('',#5692,#5695,#7011,.T.);
#4969=EDGE_CURVE('',#5692,#5994,#155,.T.);
#4970=EDGE_CURVE('',#5994,#5989,#7012,.T.);
#4971=EDGE_CURVE('',#5989,#5695,#156,.F.);
#4972=EDGE_CURVE('',#5995,#5694,#157,.T.);
#4973=EDGE_CURVE('',#5693,#5996,#158,.F.);
#4974=EDGE_CURVE('',#5696,#5699,#7013,.T.);
#4975=EDGE_CURVE('',#5696,#5990,#159,.T.);
#4976=EDGE_CURVE('',#5990,#5985,#7014,.T.);
#4977=EDGE_CURVE('',#5985,#5699,#160,.F.);
#4978=EDGE_CURVE('',#5991,#5698,#161,.T.);
#4979=EDGE_CURVE('',#5697,#5992,#162,.F.);
#4980=EDGE_CURVE('',#5700,#5703,#7015,.T.);
#4981=EDGE_CURVE('',#5700,#5986,#163,.T.);
#4982=EDGE_CURVE('',#5986,#5981,#7016,.T.);
#4983=EDGE_CURVE('',#5981,#5703,#164,.F.);
#4984=EDGE_CURVE('',#5987,#5702,#165,.T.);
#4985=EDGE_CURVE('',#5701,#5988,#166,.F.);
#4986=EDGE_CURVE('',#5704,#5707,#7017,.T.);
#4987=EDGE_CURVE('',#5704,#5982,#167,.T.);
#4988=EDGE_CURVE('',#5982,#5977,#7018,.T.);
#4989=EDGE_CURVE('',#5977,#5707,#168,.F.);
#4990=EDGE_CURVE('',#5983,#5706,#169,.T.);
#4991=EDGE_CURVE('',#5705,#5984,#170,.F.);
#4992=EDGE_CURVE('',#5708,#5711,#7019,.T.);
#4993=EDGE_CURVE('',#5708,#5978,#171,.T.);
#4994=EDGE_CURVE('',#5978,#5973,#7020,.T.);
#4995=EDGE_CURVE('',#5973,#5711,#172,.F.);
#4996=EDGE_CURVE('',#5979,#5710,#173,.T.);
#4997=EDGE_CURVE('',#5709,#5980,#174,.F.);
#4998=EDGE_CURVE('',#5712,#5715,#7021,.T.);
#4999=EDGE_CURVE('',#5712,#5974,#175,.T.);
#5000=EDGE_CURVE('',#5974,#5969,#7022,.T.);
#5001=EDGE_CURVE('',#5969,#5715,#176,.F.);
#5002=EDGE_CURVE('',#5975,#5714,#177,.T.);
#5003=EDGE_CURVE('',#5713,#5976,#178,.F.);
#5004=EDGE_CURVE('',#5716,#5719,#7023,.T.);
#5005=EDGE_CURVE('',#5716,#5970,#179,.T.);
#5006=EDGE_CURVE('',#5970,#5965,#7024,.T.);
#5007=EDGE_CURVE('',#5965,#5719,#180,.F.);
#5008=EDGE_CURVE('',#5971,#5718,#181,.T.);
#5009=EDGE_CURVE('',#5717,#5972,#182,.F.);
#5010=EDGE_CURVE('',#5720,#5723,#7025,.T.);
#5011=EDGE_CURVE('',#5720,#5966,#183,.T.);
#5012=EDGE_CURVE('',#5966,#5961,#7026,.T.);
#5013=EDGE_CURVE('',#5961,#5723,#184,.F.);
#5014=EDGE_CURVE('',#5967,#5722,#185,.T.);
#5015=EDGE_CURVE('',#5721,#5968,#186,.F.);
#5016=EDGE_CURVE('',#5724,#5727,#7027,.T.);
#5017=EDGE_CURVE('',#5724,#5962,#187,.T.);
#5018=EDGE_CURVE('',#5962,#5957,#7028,.T.);
#5019=EDGE_CURVE('',#5957,#5727,#188,.F.);
#5020=EDGE_CURVE('',#5963,#5726,#189,.T.);
#5021=EDGE_CURVE('',#5725,#5964,#190,.F.);
#5022=EDGE_CURVE('',#5728,#5731,#7029,.T.);
#5023=EDGE_CURVE('',#5728,#5958,#191,.T.);
#5024=EDGE_CURVE('',#5958,#5953,#7030,.T.);
#5025=EDGE_CURVE('',#5953,#5731,#192,.F.);
#5026=EDGE_CURVE('',#5959,#5730,#193,.T.);
#5027=EDGE_CURVE('',#5729,#5960,#194,.F.);
#5028=EDGE_CURVE('',#5732,#5735,#7031,.T.);
#5029=EDGE_CURVE('',#5732,#5954,#195,.T.);
#5030=EDGE_CURVE('',#5954,#5949,#7032,.T.);
#5031=EDGE_CURVE('',#5949,#5735,#196,.F.);
#5032=EDGE_CURVE('',#5955,#5734,#197,.T.);
#5033=EDGE_CURVE('',#5733,#5956,#198,.F.);
#5034=EDGE_CURVE('',#5736,#5739,#7033,.T.);
#5035=EDGE_CURVE('',#5736,#5950,#199,.T.);
#5036=EDGE_CURVE('',#5950,#5945,#7034,.T.);
#5037=EDGE_CURVE('',#5945,#5739,#200,.F.);
#5038=EDGE_CURVE('',#5951,#5738,#201,.T.);
#5039=EDGE_CURVE('',#5737,#5952,#202,.F.);
#5040=EDGE_CURVE('',#5740,#5743,#7035,.T.);
#5041=EDGE_CURVE('',#5740,#5946,#203,.T.);
#5042=EDGE_CURVE('',#5946,#5941,#7036,.T.);
#5043=EDGE_CURVE('',#5941,#5743,#204,.F.);
#5044=EDGE_CURVE('',#5947,#5742,#205,.T.);
#5045=EDGE_CURVE('',#5741,#5948,#206,.F.);
#5046=EDGE_CURVE('',#5744,#5355,#7037,.T.);
#5047=EDGE_CURVE('',#5744,#5942,#207,.T.);
#5048=EDGE_CURVE('',#5942,#5937,#7038,.T.);
#5049=EDGE_CURVE('',#5937,#5355,#208,.F.);
#5050=EDGE_CURVE('',#5943,#5746,#209,.T.);
#5051=EDGE_CURVE('',#5745,#5944,#210,.F.);
#5052=EDGE_CURVE('',#5356,#5359,#7039,.T.);
#5053=EDGE_CURVE('',#5356,#5938,#211,.T.);
#5054=EDGE_CURVE('',#5938,#5933,#7040,.T.);
#5055=EDGE_CURVE('',#5933,#5359,#212,.F.);
#5056=EDGE_CURVE('',#5939,#5358,#213,.T.);
#5057=EDGE_CURVE('',#5357,#5940,#214,.F.);
#5058=EDGE_CURVE('',#5360,#5363,#7041,.T.);
#5059=EDGE_CURVE('',#5360,#5934,#215,.T.);
#5060=EDGE_CURVE('',#5934,#5929,#7042,.T.);
#5061=EDGE_CURVE('',#5929,#5363,#216,.F.);
#5062=EDGE_CURVE('',#5935,#5362,#217,.T.);
#5063=EDGE_CURVE('',#5361,#5936,#218,.F.);
#5064=EDGE_CURVE('',#5364,#5367,#7043,.T.);
#5065=EDGE_CURVE('',#5364,#5930,#219,.T.);
#5066=EDGE_CURVE('',#5930,#5925,#7044,.T.);
#5067=EDGE_CURVE('',#5925,#5367,#220,.F.);
#5068=EDGE_CURVE('',#5931,#5366,#221,.T.);
#5069=EDGE_CURVE('',#5365,#5932,#222,.F.);
#5070=EDGE_CURVE('',#5368,#5371,#7045,.T.);
#5071=EDGE_CURVE('',#5368,#5926,#223,.T.);
#5072=EDGE_CURVE('',#5926,#5921,#7046,.T.);
#5073=EDGE_CURVE('',#5921,#5371,#224,.F.);
#5074=EDGE_CURVE('',#5927,#5370,#225,.T.);
#5075=EDGE_CURVE('',#5369,#5928,#226,.F.);
#5076=EDGE_CURVE('',#5372,#5375,#7047,.T.);
#5077=EDGE_CURVE('',#5372,#5922,#227,.T.);
#5078=EDGE_CURVE('',#5922,#5917,#7048,.T.);
#5079=EDGE_CURVE('',#5917,#5375,#228,.F.);
#5080=EDGE_CURVE('',#5923,#5374,#229,.T.);
#5081=EDGE_CURVE('',#5373,#5924,#230,.F.);
#5082=EDGE_CURVE('',#5376,#5379,#7049,.T.);
#5083=EDGE_CURVE('',#5376,#5918,#231,.T.);
#5084=EDGE_CURVE('',#5918,#5913,#7050,.T.);
#5085=EDGE_CURVE('',#5913,#5379,#232,.F.);
#5086=EDGE_CURVE('',#5919,#5378,#233,.T.);
#5087=EDGE_CURVE('',#5377,#5920,#234,.F.);
#5088=EDGE_CURVE('',#5380,#5383,#7051,.T.);
#5089=EDGE_CURVE('',#5380,#5914,#235,.T.);
#5090=EDGE_CURVE('',#5914,#5909,#7052,.T.);
#5091=EDGE_CURVE('',#5909,#5383,#236,.F.);
#5092=EDGE_CURVE('',#5915,#5382,#237,.T.);
#5093=EDGE_CURVE('',#5381,#5916,#238,.F.);
#5094=EDGE_CURVE('',#5384,#5387,#7053,.T.);
#5095=EDGE_CURVE('',#5384,#5910,#239,.T.);
#5096=EDGE_CURVE('',#5910,#5905,#7054,.T.);
#5097=EDGE_CURVE('',#5905,#5387,#240,.F.);
#5098=EDGE_CURVE('',#5911,#5386,#241,.T.);
#5099=EDGE_CURVE('',#5385,#5912,#242,.F.);
#5100=EDGE_CURVE('',#5388,#5391,#7055,.T.);
#5101=EDGE_CURVE('',#5388,#5906,#243,.T.);
#5102=EDGE_CURVE('',#5906,#5901,#7056,.T.);
#5103=EDGE_CURVE('',#5901,#5391,#244,.F.);
#5104=EDGE_CURVE('',#5907,#5390,#245,.T.);
#5105=EDGE_CURVE('',#5389,#5908,#246,.F.);
#5106=EDGE_CURVE('',#5392,#5395,#7057,.T.);
#5107=EDGE_CURVE('',#5392,#5902,#247,.T.);
#5108=EDGE_CURVE('',#5902,#5897,#7058,.T.);
#5109=EDGE_CURVE('',#5897,#5395,#248,.F.);
#5110=EDGE_CURVE('',#5903,#5394,#249,.T.);
#5111=EDGE_CURVE('',#5393,#5904,#250,.F.);
#5112=EDGE_CURVE('',#5396,#5399,#7059,.T.);
#5113=EDGE_CURVE('',#5396,#5898,#251,.T.);
#5114=EDGE_CURVE('',#5898,#5893,#7060,.T.);
#5115=EDGE_CURVE('',#5893,#5399,#252,.F.);
#5116=EDGE_CURVE('',#5899,#5398,#253,.T.);
#5117=EDGE_CURVE('',#5397,#5900,#254,.F.);
#5118=EDGE_CURVE('',#5400,#5403,#7061,.T.);
#5119=EDGE_CURVE('',#5400,#5894,#255,.T.);
#5120=EDGE_CURVE('',#5894,#5889,#7062,.T.);
#5121=EDGE_CURVE('',#5889,#5403,#256,.F.);
#5122=EDGE_CURVE('',#5895,#5402,#257,.T.);
#5123=EDGE_CURVE('',#5401,#5896,#258,.F.);
#5124=EDGE_CURVE('',#5404,#5407,#7063,.T.);
#5125=EDGE_CURVE('',#5404,#5890,#259,.T.);
#5126=EDGE_CURVE('',#5890,#5885,#7064,.T.);
#5127=EDGE_CURVE('',#5885,#5407,#260,.F.);
#5128=EDGE_CURVE('',#5891,#5406,#261,.T.);
#5129=EDGE_CURVE('',#5405,#5892,#262,.F.);
#5130=EDGE_CURVE('',#5408,#5411,#7065,.T.);
#5131=EDGE_CURVE('',#5408,#5886,#263,.T.);
#5132=EDGE_CURVE('',#5886,#5881,#7066,.T.);
#5133=EDGE_CURVE('',#5881,#5411,#264,.F.);
#5134=EDGE_CURVE('',#5887,#5410,#265,.T.);
#5135=EDGE_CURVE('',#5409,#5888,#266,.F.);
#5136=EDGE_CURVE('',#5412,#5415,#7067,.T.);
#5137=EDGE_CURVE('',#5412,#5882,#267,.T.);
#5138=EDGE_CURVE('',#5882,#5877,#7068,.T.);
#5139=EDGE_CURVE('',#5877,#5415,#268,.F.);
#5140=EDGE_CURVE('',#5883,#5414,#269,.T.);
#5141=EDGE_CURVE('',#5413,#5884,#270,.F.);
#5142=EDGE_CURVE('',#5416,#5419,#7069,.T.);
#5143=EDGE_CURVE('',#5416,#5878,#271,.T.);
#5144=EDGE_CURVE('',#5878,#5873,#7070,.T.);
#5145=EDGE_CURVE('',#5873,#5419,#272,.F.);
#5146=EDGE_CURVE('',#5879,#5418,#273,.T.);
#5147=EDGE_CURVE('',#5417,#5880,#274,.F.);
#5148=EDGE_CURVE('',#5420,#5423,#7071,.T.);
#5149=EDGE_CURVE('',#5420,#5874,#275,.T.);
#5150=EDGE_CURVE('',#5874,#5869,#7072,.T.);
#5151=EDGE_CURVE('',#5869,#5423,#276,.F.);
#5152=EDGE_CURVE('',#5875,#5422,#277,.T.);
#5153=EDGE_CURVE('',#5421,#5876,#278,.F.);
#5154=EDGE_CURVE('',#5424,#5427,#7073,.T.);
#5155=EDGE_CURVE('',#5424,#5870,#279,.T.);
#5156=EDGE_CURVE('',#5870,#5865,#7074,.T.);
#5157=EDGE_CURVE('',#5865,#5427,#280,.F.);
#5158=EDGE_CURVE('',#5871,#5426,#281,.T.);
#5159=EDGE_CURVE('',#5425,#5872,#282,.F.);
#5160=EDGE_CURVE('',#5428,#5431,#7075,.T.);
#5161=EDGE_CURVE('',#5428,#5866,#283,.T.);
#5162=EDGE_CURVE('',#5866,#5861,#7076,.T.);
#5163=EDGE_CURVE('',#5861,#5431,#284,.F.);
#5164=EDGE_CURVE('',#5867,#5430,#285,.T.);
#5165=EDGE_CURVE('',#5429,#5868,#286,.F.);
#5166=EDGE_CURVE('',#5432,#5435,#7077,.T.);
#5167=EDGE_CURVE('',#5432,#5862,#287,.T.);
#5168=EDGE_CURVE('',#5862,#5857,#7078,.T.);
#5169=EDGE_CURVE('',#5857,#5435,#288,.F.);
#5170=EDGE_CURVE('',#5863,#5434,#289,.T.);
#5171=EDGE_CURVE('',#5433,#5864,#290,.F.);
#5172=EDGE_CURVE('',#5436,#5439,#7079,.T.);
#5173=EDGE_CURVE('',#5436,#5858,#291,.T.);
#5174=EDGE_CURVE('',#5858,#5853,#7080,.T.);
#5175=EDGE_CURVE('',#5853,#5439,#292,.F.);
#5176=EDGE_CURVE('',#5859,#5438,#293,.T.);
#5177=EDGE_CURVE('',#5437,#5860,#294,.F.);
#5178=EDGE_CURVE('',#5440,#5443,#7081,.T.);
#5179=EDGE_CURVE('',#5440,#5854,#295,.T.);
#5180=EDGE_CURVE('',#5854,#5849,#7082,.T.);
#5181=EDGE_CURVE('',#5849,#5443,#296,.F.);
#5182=EDGE_CURVE('',#5855,#5442,#297,.T.);
#5183=EDGE_CURVE('',#5441,#5856,#298,.F.);
#5184=EDGE_CURVE('',#5444,#5447,#7083,.T.);
#5185=EDGE_CURVE('',#5444,#5850,#299,.T.);
#5186=EDGE_CURVE('',#5850,#5845,#7084,.T.);
#5187=EDGE_CURVE('',#5845,#5447,#300,.F.);
#5188=EDGE_CURVE('',#5851,#5446,#301,.T.);
#5189=EDGE_CURVE('',#5445,#5852,#302,.F.);
#5190=EDGE_CURVE('',#5448,#5451,#7085,.T.);
#5191=EDGE_CURVE('',#5448,#5846,#303,.T.);
#5192=EDGE_CURVE('',#5846,#5841,#7086,.T.);
#5193=EDGE_CURVE('',#5841,#5451,#304,.F.);
#5194=EDGE_CURVE('',#5847,#5450,#305,.T.);
#5195=EDGE_CURVE('',#5449,#5848,#306,.F.);
#5196=EDGE_CURVE('',#5452,#5455,#7087,.T.);
#5197=EDGE_CURVE('',#5452,#5842,#307,.T.);
#5198=EDGE_CURVE('',#5842,#5837,#7088,.T.);
#5199=EDGE_CURVE('',#5837,#5455,#308,.F.);
#5200=EDGE_CURVE('',#5843,#5454,#309,.T.);
#5201=EDGE_CURVE('',#5453,#5844,#310,.F.);
#5202=EDGE_CURVE('',#5456,#5459,#7089,.T.);
#5203=EDGE_CURVE('',#5456,#5838,#311,.T.);
#5204=EDGE_CURVE('',#5838,#5833,#7090,.T.);
#5205=EDGE_CURVE('',#5833,#5459,#312,.F.);
#5206=EDGE_CURVE('',#5839,#5458,#313,.T.);
#5207=EDGE_CURVE('',#5457,#5840,#314,.F.);
#5208=EDGE_CURVE('',#5460,#5463,#7091,.T.);
#5209=EDGE_CURVE('',#5460,#5834,#315,.T.);
#5210=EDGE_CURVE('',#5834,#5829,#7092,.T.);
#5211=EDGE_CURVE('',#5829,#5463,#316,.F.);
#5212=EDGE_CURVE('',#5835,#5462,#317,.T.);
#5213=EDGE_CURVE('',#5461,#5836,#318,.F.);
#5214=EDGE_CURVE('',#5464,#5467,#7093,.T.);
#5215=EDGE_CURVE('',#5464,#5830,#319,.T.);
#5216=EDGE_CURVE('',#5830,#5825,#7094,.T.);
#5217=EDGE_CURVE('',#5825,#5467,#320,.F.);
#5218=EDGE_CURVE('',#5831,#5466,#321,.T.);
#5219=EDGE_CURVE('',#5465,#5832,#322,.F.);
#5220=EDGE_CURVE('',#5468,#5471,#7095,.T.);
#5221=EDGE_CURVE('',#5468,#5826,#323,.T.);
#5222=EDGE_CURVE('',#5826,#5821,#7096,.T.);
#5223=EDGE_CURVE('',#5821,#5471,#324,.F.);
#5224=EDGE_CURVE('',#5827,#5470,#325,.T.);
#5225=EDGE_CURVE('',#5469,#5828,#326,.F.);
#5226=EDGE_CURVE('',#5472,#5475,#7097,.T.);
#5227=EDGE_CURVE('',#5472,#5822,#327,.T.);
#5228=EDGE_CURVE('',#5822,#5817,#7098,.T.);
#5229=EDGE_CURVE('',#5817,#5475,#328,.F.);
#5230=EDGE_CURVE('',#5823,#5474,#329,.T.);
#5231=EDGE_CURVE('',#5473,#5824,#330,.F.);
#5232=EDGE_CURVE('',#5476,#5479,#7099,.T.);
#5233=EDGE_CURVE('',#5476,#5818,#331,.T.);
#5234=EDGE_CURVE('',#5818,#5813,#7100,.T.);
#5235=EDGE_CURVE('',#5813,#5479,#332,.F.);
#5236=EDGE_CURVE('',#5819,#5478,#333,.T.);
#5237=EDGE_CURVE('',#5477,#5820,#334,.F.);
#5238=EDGE_CURVE('',#5480,#5483,#7101,.T.);
#5239=EDGE_CURVE('',#5480,#5814,#335,.T.);
#5240=EDGE_CURVE('',#5814,#5809,#7102,.T.);
#5241=EDGE_CURVE('',#5809,#5483,#336,.F.);
#5242=EDGE_CURVE('',#5815,#5482,#337,.T.);
#5243=EDGE_CURVE('',#5481,#5816,#338,.F.);
#5244=EDGE_CURVE('',#5484,#5487,#7103,.T.);
#5245=EDGE_CURVE('',#5484,#5810,#339,.T.);
#5246=EDGE_CURVE('',#5810,#5805,#7104,.T.);
#5247=EDGE_CURVE('',#5805,#5487,#340,.F.);
#5248=EDGE_CURVE('',#5811,#5486,#341,.T.);
#5249=EDGE_CURVE('',#5485,#5812,#342,.F.);
#5250=EDGE_CURVE('',#5488,#5491,#7105,.T.);
#5251=EDGE_CURVE('',#5488,#5806,#343,.T.);
#5252=EDGE_CURVE('',#5806,#5801,#7106,.T.);
#5253=EDGE_CURVE('',#5801,#5491,#344,.F.);
#5254=EDGE_CURVE('',#5807,#5490,#345,.T.);
#5255=EDGE_CURVE('',#5489,#5808,#346,.F.);
#5256=EDGE_CURVE('',#5492,#5495,#7107,.T.);
#5257=EDGE_CURVE('',#5492,#5802,#347,.T.);
#5258=EDGE_CURVE('',#5802,#5797,#7108,.T.);
#5259=EDGE_CURVE('',#5797,#5495,#348,.F.);
#5260=EDGE_CURVE('',#5803,#5494,#349,.T.);
#5261=EDGE_CURVE('',#5493,#5804,#350,.F.);
#5262=EDGE_CURVE('',#5496,#5499,#7109,.T.);
#5263=EDGE_CURVE('',#5496,#5798,#351,.T.);
#5264=EDGE_CURVE('',#5798,#5793,#7110,.T.);
#5265=EDGE_CURVE('',#5793,#5499,#352,.F.);
#5266=EDGE_CURVE('',#5799,#5498,#353,.T.);
#5267=EDGE_CURVE('',#5497,#5800,#354,.F.);
#5268=EDGE_CURVE('',#5500,#5503,#7111,.T.);
#5269=EDGE_CURVE('',#5500,#5794,#355,.T.);
#5270=EDGE_CURVE('',#5794,#5789,#7112,.T.);
#5271=EDGE_CURVE('',#5789,#5503,#356,.F.);
#5272=EDGE_CURVE('',#5795,#5502,#357,.T.);
#5273=EDGE_CURVE('',#5501,#5796,#358,.F.);
#5274=EDGE_CURVE('',#5504,#5507,#7113,.T.);
#5275=EDGE_CURVE('',#5504,#5790,#359,.T.);
#5276=EDGE_CURVE('',#5790,#5785,#7114,.T.);
#5277=EDGE_CURVE('',#5785,#5507,#360,.F.);
#5278=EDGE_CURVE('',#5791,#5506,#361,.T.);
#5279=EDGE_CURVE('',#5505,#5792,#362,.F.);
#5280=EDGE_CURVE('',#5508,#5511,#7115,.T.);
#5281=EDGE_CURVE('',#5508,#5786,#363,.T.);
#5282=EDGE_CURVE('',#5786,#5781,#7116,.T.);
#5283=EDGE_CURVE('',#5781,#5511,#364,.F.);
#5284=EDGE_CURVE('',#5787,#5510,#365,.T.);
#5285=EDGE_CURVE('',#5509,#5788,#366,.F.);
#5286=EDGE_CURVE('',#5512,#5515,#7117,.T.);
#5287=EDGE_CURVE('',#5512,#5782,#367,.T.);
#5288=EDGE_CURVE('',#5782,#5777,#7118,.T.);
#5289=EDGE_CURVE('',#5777,#5515,#368,.F.);
#5290=EDGE_CURVE('',#5783,#5514,#369,.T.);
#5291=EDGE_CURVE('',#5513,#5784,#370,.F.);
#5292=EDGE_CURVE('',#5516,#5519,#7119,.T.);
#5293=EDGE_CURVE('',#5516,#5778,#371,.T.);
#5294=EDGE_CURVE('',#5778,#5773,#7120,.T.);
#5295=EDGE_CURVE('',#5773,#5519,#372,.F.);
#5296=EDGE_CURVE('',#5779,#5518,#373,.T.);
#5297=EDGE_CURVE('',#5517,#5780,#374,.F.);
#5298=EDGE_CURVE('',#5520,#5523,#7121,.T.);
#5299=EDGE_CURVE('',#5520,#5774,#375,.T.);
#5300=EDGE_CURVE('',#5774,#5769,#7122,.T.);
#5301=EDGE_CURVE('',#5769,#5523,#376,.F.);
#5302=EDGE_CURVE('',#5775,#5522,#377,.T.);
#5303=EDGE_CURVE('',#5521,#5776,#378,.F.);
#5304=EDGE_CURVE('',#5524,#5527,#7123,.T.);
#5305=EDGE_CURVE('',#5524,#5770,#379,.T.);
#5306=EDGE_CURVE('',#5770,#5765,#7124,.T.);
#5307=EDGE_CURVE('',#5765,#5527,#380,.F.);
#5308=EDGE_CURVE('',#5771,#5526,#381,.T.);
#5309=EDGE_CURVE('',#5525,#5772,#382,.F.);
#5310=EDGE_CURVE('',#5528,#5531,#7125,.T.);
#5311=EDGE_CURVE('',#5528,#5766,#383,.T.);
#5312=EDGE_CURVE('',#5766,#5761,#7126,.T.);
#5313=EDGE_CURVE('',#5761,#5531,#384,.F.);
#5314=EDGE_CURVE('',#5767,#5530,#385,.T.);
#5315=EDGE_CURVE('',#5529,#5768,#386,.F.);
#5316=EDGE_CURVE('',#5532,#5535,#7127,.T.);
#5317=EDGE_CURVE('',#5532,#5762,#387,.T.);
#5318=EDGE_CURVE('',#5762,#5757,#7128,.T.);
#5319=EDGE_CURVE('',#5757,#5535,#388,.F.);
#5320=EDGE_CURVE('',#5763,#5534,#389,.T.);
#5321=EDGE_CURVE('',#5533,#5764,#390,.F.);
#5322=EDGE_CURVE('',#5536,#5539,#7129,.T.);
#5323=EDGE_CURVE('',#5536,#5758,#391,.T.);
#5324=EDGE_CURVE('',#5758,#5753,#7130,.T.);
#5325=EDGE_CURVE('',#5753,#5539,#392,.F.);
#5326=EDGE_CURVE('',#5759,#5538,#393,.T.);
#5327=EDGE_CURVE('',#5537,#5760,#394,.F.);
#5328=EDGE_CURVE('',#5540,#5543,#7131,.T.);
#5329=EDGE_CURVE('',#5540,#5754,#395,.T.);
#5330=EDGE_CURVE('',#5754,#5749,#7132,.T.);
#5331=EDGE_CURVE('',#5749,#5543,#396,.F.);
#5332=EDGE_CURVE('',#5755,#5542,#397,.T.);
#5333=EDGE_CURVE('',#5541,#5756,#398,.F.);
#5334=EDGE_CURVE('',#5544,#5547,#7133,.T.);
#5335=EDGE_CURVE('',#5544,#5750,#399,.T.);
#5336=EDGE_CURVE('',#5750,#6137,#7134,.T.);
#5337=EDGE_CURVE('',#6137,#5547,#400,.F.);
#5338=EDGE_CURVE('',#5751,#5546,#401,.T.);
#5339=EDGE_CURVE('',#5545,#5752,#402,.F.);
#5340=EDGE_CURVE('',#5548,#5551,#7135,.T.);
#5341=EDGE_CURVE('',#5548,#6138,#403,.T.);
#5342=EDGE_CURVE('',#6138,#6133,#7136,.T.);
#5343=EDGE_CURVE('',#5549,#6140,#404,.F.);
#5344=EDGE_CURVE('',#6139,#5550,#405,.T.);
#5345=EDGE_CURVE('',#6143,#6143,#7137,.T.);
#5346=EDGE_CURVE('',#6144,#6144,#7138,.T.);
#5347=EDGE_CURVE('',#6145,#6145,#7139,.T.);
#5348=EDGE_CURVE('',#6146,#6146,#7140,.T.);
#5349=EDGE_CURVE('',#6147,#6147,#7141,.T.);
#5350=EDGE_CURVE('',#6148,#6148,#7142,.T.);
#5351=EDGE_CURVE('',#6149,#6149,#7143,.F.);
#5352=EDGE_CURVE('',#6150,#6150,#7144,.F.);
#5353=EDGE_CURVE('',#6151,#6151,#7145,.F.);
#5354=EDGE_CURVE('',#6152,#6152,#7146,.F.);
#5355=VERTEX_POINT('',#14369);
#5356=VERTEX_POINT('',#14370);
#5357=VERTEX_POINT('',#14372);
#5358=VERTEX_POINT('',#14374);
#5359=VERTEX_POINT('',#14378);
#5360=VERTEX_POINT('',#14379);
#5361=VERTEX_POINT('',#14381);
#5362=VERTEX_POINT('',#14383);
#5363=VERTEX_POINT('',#14387);
#5364=VERTEX_POINT('',#14388);
#5365=VERTEX_POINT('',#14390);
#5366=VERTEX_POINT('',#14392);
#5367=VERTEX_POINT('',#14396);
#5368=VERTEX_POINT('',#14397);
#5369=VERTEX_POINT('',#14399);
#5370=VERTEX_POINT('',#14401);
#5371=VERTEX_POINT('',#14405);
#5372=VERTEX_POINT('',#14406);
#5373=VERTEX_POINT('',#14408);
#5374=VERTEX_POINT('',#14410);
#5375=VERTEX_POINT('',#14414);
#5376=VERTEX_POINT('',#14415);
#5377=VERTEX_POINT('',#14417);
#5378=VERTEX_POINT('',#14419);
#5379=VERTEX_POINT('',#14423);
#5380=VERTEX_POINT('',#14424);
#5381=VERTEX_POINT('',#14426);
#5382=VERTEX_POINT('',#14428);
#5383=VERTEX_POINT('',#14432);
#5384=VERTEX_POINT('',#14433);
#5385=VERTEX_POINT('',#14435);
#5386=VERTEX_POINT('',#14437);
#5387=VERTEX_POINT('',#14441);
#5388=VERTEX_POINT('',#14442);
#5389=VERTEX_POINT('',#14444);
#5390=VERTEX_POINT('',#14446);
#5391=VERTEX_POINT('',#14450);
#5392=VERTEX_POINT('',#14451);
#5393=VERTEX_POINT('',#14453);
#5394=VERTEX_POINT('',#14455);
#5395=VERTEX_POINT('',#14459);
#5396=VERTEX_POINT('',#14460);
#5397=VERTEX_POINT('',#14462);
#5398=VERTEX_POINT('',#14464);
#5399=VERTEX_POINT('',#14468);
#5400=VERTEX_POINT('',#14469);
#5401=VERTEX_POINT('',#14471);
#5402=VERTEX_POINT('',#14473);
#5403=VERTEX_POINT('',#14477);
#5404=VERTEX_POINT('',#14478);
#5405=VERTEX_POINT('',#14480);
#5406=VERTEX_POINT('',#14482);
#5407=VERTEX_POINT('',#14486);
#5408=VERTEX_POINT('',#14487);
#5409=VERTEX_POINT('',#14489);
#5410=VERTEX_POINT('',#14491);
#5411=VERTEX_POINT('',#14495);
#5412=VERTEX_POINT('',#14496);
#5413=VERTEX_POINT('',#14498);
#5414=VERTEX_POINT('',#14500);
#5415=VERTEX_POINT('',#14504);
#5416=VERTEX_POINT('',#14505);
#5417=VERTEX_POINT('',#14507);
#5418=VERTEX_POINT('',#14509);
#5419=VERTEX_POINT('',#14513);
#5420=VERTEX_POINT('',#14514);
#5421=VERTEX_POINT('',#14516);
#5422=VERTEX_POINT('',#14518);
#5423=VERTEX_POINT('',#14522);
#5424=VERTEX_POINT('',#14523);
#5425=VERTEX_POINT('',#14525);
#5426=VERTEX_POINT('',#14527);
#5427=VERTEX_POINT('',#14531);
#5428=VERTEX_POINT('',#14532);
#5429=VERTEX_POINT('',#14534);
#5430=VERTEX_POINT('',#14536);
#5431=VERTEX_POINT('',#14540);
#5432=VERTEX_POINT('',#14541);
#5433=VERTEX_POINT('',#14543);
#5434=VERTEX_POINT('',#14545);
#5435=VERTEX_POINT('',#14549);
#5436=VERTEX_POINT('',#14550);
#5437=VERTEX_POINT('',#14552);
#5438=VERTEX_POINT('',#14554);
#5439=VERTEX_POINT('',#14558);
#5440=VERTEX_POINT('',#14559);
#5441=VERTEX_POINT('',#14561);
#5442=VERTEX_POINT('',#14563);
#5443=VERTEX_POINT('',#14567);
#5444=VERTEX_POINT('',#14568);
#5445=VERTEX_POINT('',#14570);
#5446=VERTEX_POINT('',#14572);
#5447=VERTEX_POINT('',#14576);
#5448=VERTEX_POINT('',#14577);
#5449=VERTEX_POINT('',#14579);
#5450=VERTEX_POINT('',#14581);
#5451=VERTEX_POINT('',#14585);
#5452=VERTEX_POINT('',#14586);
#5453=VERTEX_POINT('',#14588);
#5454=VERTEX_POINT('',#14590);
#5455=VERTEX_POINT('',#14594);
#5456=VERTEX_POINT('',#14595);
#5457=VERTEX_POINT('',#14597);
#5458=VERTEX_POINT('',#14599);
#5459=VERTEX_POINT('',#14603);
#5460=VERTEX_POINT('',#14604);
#5461=VERTEX_POINT('',#14606);
#5462=VERTEX_POINT('',#14608);
#5463=VERTEX_POINT('',#14612);
#5464=VERTEX_POINT('',#14613);
#5465=VERTEX_POINT('',#14615);
#5466=VERTEX_POINT('',#14617);
#5467=VERTEX_POINT('',#14621);
#5468=VERTEX_POINT('',#14622);
#5469=VERTEX_POINT('',#14624);
#5470=VERTEX_POINT('',#14626);
#5471=VERTEX_POINT('',#14630);
#5472=VERTEX_POINT('',#14631);
#5473=VERTEX_POINT('',#14633);
#5474=VERTEX_POINT('',#14635);
#5475=VERTEX_POINT('',#14639);
#5476=VERTEX_POINT('',#14640);
#5477=VERTEX_POINT('',#14642);
#5478=VERTEX_POINT('',#14644);
#5479=VERTEX_POINT('',#14648);
#5480=VERTEX_POINT('',#14649);
#5481=VERTEX_POINT('',#14651);
#5482=VERTEX_POINT('',#14653);
#5483=VERTEX_POINT('',#14657);
#5484=VERTEX_POINT('',#14658);
#5485=VERTEX_POINT('',#14660);
#5486=VERTEX_POINT('',#14662);
#5487=VERTEX_POINT('',#14666);
#5488=VERTEX_POINT('',#14667);
#5489=VERTEX_POINT('',#14669);
#5490=VERTEX_POINT('',#14671);
#5491=VERTEX_POINT('',#14675);
#5492=VERTEX_POINT('',#14676);
#5493=VERTEX_POINT('',#14678);
#5494=VERTEX_POINT('',#14680);
#5495=VERTEX_POINT('',#14684);
#5496=VERTEX_POINT('',#14685);
#5497=VERTEX_POINT('',#14687);
#5498=VERTEX_POINT('',#14689);
#5499=VERTEX_POINT('',#14693);
#5500=VERTEX_POINT('',#14694);
#5501=VERTEX_POINT('',#14696);
#5502=VERTEX_POINT('',#14698);
#5503=VERTEX_POINT('',#14702);
#5504=VERTEX_POINT('',#14703);
#5505=VERTEX_POINT('',#14705);
#5506=VERTEX_POINT('',#14707);
#5507=VERTEX_POINT('',#14711);
#5508=VERTEX_POINT('',#14712);
#5509=VERTEX_POINT('',#14714);
#5510=VERTEX_POINT('',#14716);
#5511=VERTEX_POINT('',#14720);
#5512=VERTEX_POINT('',#14721);
#5513=VERTEX_POINT('',#14723);
#5514=VERTEX_POINT('',#14725);
#5515=VERTEX_POINT('',#14729);
#5516=VERTEX_POINT('',#14730);
#5517=VERTEX_POINT('',#14732);
#5518=VERTEX_POINT('',#14734);
#5519=VERTEX_POINT('',#14738);
#5520=VERTEX_POINT('',#14739);
#5521=VERTEX_POINT('',#14741);
#5522=VERTEX_POINT('',#14743);
#5523=VERTEX_POINT('',#14747);
#5524=VERTEX_POINT('',#14748);
#5525=VERTEX_POINT('',#14750);
#5526=VERTEX_POINT('',#14752);
#5527=VERTEX_POINT('',#14756);
#5528=VERTEX_POINT('',#14757);
#5529=VERTEX_POINT('',#14759);
#5530=VERTEX_POINT('',#14761);
#5531=VERTEX_POINT('',#14765);
#5532=VERTEX_POINT('',#14766);
#5533=VERTEX_POINT('',#14768);
#5534=VERTEX_POINT('',#14770);
#5535=VERTEX_POINT('',#14774);
#5536=VERTEX_POINT('',#14775);
#5537=VERTEX_POINT('',#14777);
#5538=VERTEX_POINT('',#14779);
#5539=VERTEX_POINT('',#14783);
#5540=VERTEX_POINT('',#14784);
#5541=VERTEX_POINT('',#14786);
#5542=VERTEX_POINT('',#14788);
#5543=VERTEX_POINT('',#14792);
#5544=VERTEX_POINT('',#14793);
#5545=VERTEX_POINT('',#14795);
#5546=VERTEX_POINT('',#14797);
#5547=VERTEX_POINT('',#14801);
#5548=VERTEX_POINT('',#14802);
#5549=VERTEX_POINT('',#14804);
#5550=VERTEX_POINT('',#14806);
#5551=VERTEX_POINT('',#14810);
#5552=VERTEX_POINT('',#14811);
#5553=VERTEX_POINT('',#14813);
#5554=VERTEX_POINT('',#14815);
#5555=VERTEX_POINT('',#14819);
#5556=VERTEX_POINT('',#14820);
#5557=VERTEX_POINT('',#14822);
#5558=VERTEX_POINT('',#14824);
#5559=VERTEX_POINT('',#14828);
#5560=VERTEX_POINT('',#14829);
#5561=VERTEX_POINT('',#14831);
#5562=VERTEX_POINT('',#14833);
#5563=VERTEX_POINT('',#14837);
#5564=VERTEX_POINT('',#14838);
#5565=VERTEX_POINT('',#14840);
#5566=VERTEX_POINT('',#14842);
#5567=VERTEX_POINT('',#14846);
#5568=VERTEX_POINT('',#14847);
#5569=VERTEX_POINT('',#14849);
#5570=VERTEX_POINT('',#14851);
#5571=VERTEX_POINT('',#14855);
#5572=VERTEX_POINT('',#14856);
#5573=VERTEX_POINT('',#14858);
#5574=VERTEX_POINT('',#14860);
#5575=VERTEX_POINT('',#14864);
#5576=VERTEX_POINT('',#14865);
#5577=VERTEX_POINT('',#14867);
#5578=VERTEX_POINT('',#14869);
#5579=VERTEX_POINT('',#14873);
#5580=VERTEX_POINT('',#14874);
#5581=VERTEX_POINT('',#14876);
#5582=VERTEX_POINT('',#14878);
#5583=VERTEX_POINT('',#14882);
#5584=VERTEX_POINT('',#14883);
#5585=VERTEX_POINT('',#14885);
#5586=VERTEX_POINT('',#14887);
#5587=VERTEX_POINT('',#14891);
#5588=VERTEX_POINT('',#14892);
#5589=VERTEX_POINT('',#14894);
#5590=VERTEX_POINT('',#14896);
#5591=VERTEX_POINT('',#14900);
#5592=VERTEX_POINT('',#14901);
#5593=VERTEX_POINT('',#14903);
#5594=VERTEX_POINT('',#14905);
#5595=VERTEX_POINT('',#14909);
#5596=VERTEX_POINT('',#14910);
#5597=VERTEX_POINT('',#14912);
#5598=VERTEX_POINT('',#14914);
#5599=VERTEX_POINT('',#14918);
#5600=VERTEX_POINT('',#14919);
#5601=VERTEX_POINT('',#14921);
#5602=VERTEX_POINT('',#14923);
#5603=VERTEX_POINT('',#14927);
#5604=VERTEX_POINT('',#14928);
#5605=VERTEX_POINT('',#14930);
#5606=VERTEX_POINT('',#14932);
#5607=VERTEX_POINT('',#14936);
#5608=VERTEX_POINT('',#14937);
#5609=VERTEX_POINT('',#14939);
#5610=VERTEX_POINT('',#14941);
#5611=VERTEX_POINT('',#14945);
#5612=VERTEX_POINT('',#14946);
#5613=VERTEX_POINT('',#14948);
#5614=VERTEX_POINT('',#14950);
#5615=VERTEX_POINT('',#14954);
#5616=VERTEX_POINT('',#14955);
#5617=VERTEX_POINT('',#14957);
#5618=VERTEX_POINT('',#14959);
#5619=VERTEX_POINT('',#14963);
#5620=VERTEX_POINT('',#14964);
#5621=VERTEX_POINT('',#14966);
#5622=VERTEX_POINT('',#14968);
#5623=VERTEX_POINT('',#14972);
#5624=VERTEX_POINT('',#14973);
#5625=VERTEX_POINT('',#14975);
#5626=VERTEX_POINT('',#14977);
#5627=VERTEX_POINT('',#14981);
#5628=VERTEX_POINT('',#14982);
#5629=VERTEX_POINT('',#14984);
#5630=VERTEX_POINT('',#14986);
#5631=VERTEX_POINT('',#14990);
#5632=VERTEX_POINT('',#14991);
#5633=VERTEX_POINT('',#14993);
#5634=VERTEX_POINT('',#14995);
#5635=VERTEX_POINT('',#14999);
#5636=VERTEX_POINT('',#15000);
#5637=VERTEX_POINT('',#15002);
#5638=VERTEX_POINT('',#15004);
#5639=VERTEX_POINT('',#15008);
#5640=VERTEX_POINT('',#15009);
#5641=VERTEX_POINT('',#15011);
#5642=VERTEX_POINT('',#15013);
#5643=VERTEX_POINT('',#15017);
#5644=VERTEX_POINT('',#15018);
#5645=VERTEX_POINT('',#15020);
#5646=VERTEX_POINT('',#15022);
#5647=VERTEX_POINT('',#15026);
#5648=VERTEX_POINT('',#15027);
#5649=VERTEX_POINT('',#15029);
#5650=VERTEX_POINT('',#15031);
#5651=VERTEX_POINT('',#15035);
#5652=VERTEX_POINT('',#15036);
#5653=VERTEX_POINT('',#15038);
#5654=VERTEX_POINT('',#15040);
#5655=VERTEX_POINT('',#15044);
#5656=VERTEX_POINT('',#15045);
#5657=VERTEX_POINT('',#15047);
#5658=VERTEX_POINT('',#15049);
#5659=VERTEX_POINT('',#15053);
#5660=VERTEX_POINT('',#15054);
#5661=VERTEX_POINT('',#15056);
#5662=VERTEX_POINT('',#15058);
#5663=VERTEX_POINT('',#15062);
#5664=VERTEX_POINT('',#15063);
#5665=VERTEX_POINT('',#15065);
#5666=VERTEX_POINT('',#15067);
#5667=VERTEX_POINT('',#15071);
#5668=VERTEX_POINT('',#15072);
#5669=VERTEX_POINT('',#15074);
#5670=VERTEX_POINT('',#15076);
#5671=VERTEX_POINT('',#15080);
#5672=VERTEX_POINT('',#15081);
#5673=VERTEX_POINT('',#15083);
#5674=VERTEX_POINT('',#15085);
#5675=VERTEX_POINT('',#15089);
#5676=VERTEX_POINT('',#15090);
#5677=VERTEX_POINT('',#15092);
#5678=VERTEX_POINT('',#15094);
#5679=VERTEX_POINT('',#15098);
#5680=VERTEX_POINT('',#15099);
#5681=VERTEX_POINT('',#15101);
#5682=VERTEX_POINT('',#15103);
#5683=VERTEX_POINT('',#15107);
#5684=VERTEX_POINT('',#15108);
#5685=VERTEX_POINT('',#15110);
#5686=VERTEX_POINT('',#15112);
#5687=VERTEX_POINT('',#15116);
#5688=VERTEX_POINT('',#15117);
#5689=VERTEX_POINT('',#15119);
#5690=VERTEX_POINT('',#15121);
#5691=VERTEX_POINT('',#15125);
#5692=VERTEX_POINT('',#15126);
#5693=VERTEX_POINT('',#15128);
#5694=VERTEX_POINT('',#15130);
#5695=VERTEX_POINT('',#15134);
#5696=VERTEX_POINT('',#15135);
#5697=VERTEX_POINT('',#15137);
#5698=VERTEX_POINT('',#15139);
#5699=VERTEX_POINT('',#15143);
#5700=VERTEX_POINT('',#15144);
#5701=VERTEX_POINT('',#15146);
#5702=VERTEX_POINT('',#15148);
#5703=VERTEX_POINT('',#15152);
#5704=VERTEX_POINT('',#15153);
#5705=VERTEX_POINT('',#15155);
#5706=VERTEX_POINT('',#15157);
#5707=VERTEX_POINT('',#15161);
#5708=VERTEX_POINT('',#15162);
#5709=VERTEX_POINT('',#15164);
#5710=VERTEX_POINT('',#15166);
#5711=VERTEX_POINT('',#15170);
#5712=VERTEX_POINT('',#15171);
#5713=VERTEX_POINT('',#15173);
#5714=VERTEX_POINT('',#15175);
#5715=VERTEX_POINT('',#15179);
#5716=VERTEX_POINT('',#15180);
#5717=VERTEX_POINT('',#15182);
#5718=VERTEX_POINT('',#15184);
#5719=VERTEX_POINT('',#15188);
#5720=VERTEX_POINT('',#15189);
#5721=VERTEX_POINT('',#15191);
#5722=VERTEX_POINT('',#15193);
#5723=VERTEX_POINT('',#15197);
#5724=VERTEX_POINT('',#15198);
#5725=VERTEX_POINT('',#15200);
#5726=VERTEX_POINT('',#15202);
#5727=VERTEX_POINT('',#15206);
#5728=VERTEX_POINT('',#15207);
#5729=VERTEX_POINT('',#15209);
#5730=VERTEX_POINT('',#15211);
#5731=VERTEX_POINT('',#15215);
#5732=VERTEX_POINT('',#15216);
#5733=VERTEX_POINT('',#15218);
#5734=VERTEX_POINT('',#15220);
#5735=VERTEX_POINT('',#15224);
#5736=VERTEX_POINT('',#15225);
#5737=VERTEX_POINT('',#15227);
#5738=VERTEX_POINT('',#15229);
#5739=VERTEX_POINT('',#15233);
#5740=VERTEX_POINT('',#15234);
#5741=VERTEX_POINT('',#15236);
#5742=VERTEX_POINT('',#15238);
#5743=VERTEX_POINT('',#15242);
#5744=VERTEX_POINT('',#15243);
#5745=VERTEX_POINT('',#15245);
#5746=VERTEX_POINT('',#15247);
#5747=VERTEX_POINT('',#15251);
#5748=VERTEX_POINT('',#15253);
#5749=VERTEX_POINT('',#15256);
#5750=VERTEX_POINT('',#15257);
#5751=VERTEX_POINT('',#15259);
#5752=VERTEX_POINT('',#15261);
#5753=VERTEX_POINT('',#15265);
#5754=VERTEX_POINT('',#15266);
#5755=VERTEX_POINT('',#15268);
#5756=VERTEX_POINT('',#15270);
#5757=VERTEX_POINT('',#15274);
#5758=VERTEX_POINT('',#15275);
#5759=VERTEX_POINT('',#15277);
#5760=VERTEX_POINT('',#15279);
#5761=VERTEX_POINT('',#15283);
#5762=VERTEX_POINT('',#15284);
#5763=VERTEX_POINT('',#15286);
#5764=VERTEX_POINT('',#15288);
#5765=VERTEX_POINT('',#15292);
#5766=VERTEX_POINT('',#15293);
#5767=VERTEX_POINT('',#15295);
#5768=VERTEX_POINT('',#15297);
#5769=VERTEX_POINT('',#15301);
#5770=VERTEX_POINT('',#15302);
#5771=VERTEX_POINT('',#15304);
#5772=VERTEX_POINT('',#15306);
#5773=VERTEX_POINT('',#15310);
#5774=VERTEX_POINT('',#15311);
#5775=VERTEX_POINT('',#15313);
#5776=VERTEX_POINT('',#15315);
#5777=VERTEX_POINT('',#15319);
#5778=VERTEX_POINT('',#15320);
#5779=VERTEX_POINT('',#15322);
#5780=VERTEX_POINT('',#15324);
#5781=VERTEX_POINT('',#15328);
#5782=VERTEX_POINT('',#15329);
#5783=VERTEX_POINT('',#15331);
#5784=VERTEX_POINT('',#15333);
#5785=VERTEX_POINT('',#15337);
#5786=VERTEX_POINT('',#15338);
#5787=VERTEX_POINT('',#15340);
#5788=VERTEX_POINT('',#15342);
#5789=VERTEX_POINT('',#15346);
#5790=VERTEX_POINT('',#15347);
#5791=VERTEX_POINT('',#15349);
#5792=VERTEX_POINT('',#15351);
#5793=VERTEX_POINT('',#15355);
#5794=VERTEX_POINT('',#15356);
#5795=VERTEX_POINT('',#15358);
#5796=VERTEX_POINT('',#15360);
#5797=VERTEX_POINT('',#15364);
#5798=VERTEX_POINT('',#15365);
#5799=VERTEX_POINT('',#15367);
#5800=VERTEX_POINT('',#15369);
#5801=VERTEX_POINT('',#15373);
#5802=VERTEX_POINT('',#15374);
#5803=VERTEX_POINT('',#15376);
#5804=VERTEX_POINT('',#15378);
#5805=VERTEX_POINT('',#15382);
#5806=VERTEX_POINT('',#15383);
#5807=VERTEX_POINT('',#15385);
#5808=VERTEX_POINT('',#15387);
#5809=VERTEX_POINT('',#15391);
#5810=VERTEX_POINT('',#15392);
#5811=VERTEX_POINT('',#15394);
#5812=VERTEX_POINT('',#15396);
#5813=VERTEX_POINT('',#15400);
#5814=VERTEX_POINT('',#15401);
#5815=VERTEX_POINT('',#15403);
#5816=VERTEX_POINT('',#15405);
#5817=VERTEX_POINT('',#15409);
#5818=VERTEX_POINT('',#15410);
#5819=VERTEX_POINT('',#15412);
#5820=VERTEX_POINT('',#15414);
#5821=VERTEX_POINT('',#15418);
#5822=VERTEX_POINT('',#15419);
#5823=VERTEX_POINT('',#15421);
#5824=VERTEX_POINT('',#15423);
#5825=VERTEX_POINT('',#15427);
#5826=VERTEX_POINT('',#15428);
#5827=VERTEX_POINT('',#15430);
#5828=VERTEX_POINT('',#15432);
#5829=VERTEX_POINT('',#15436);
#5830=VERTEX_POINT('',#15437);
#5831=VERTEX_POINT('',#15439);
#5832=VERTEX_POINT('',#15441);
#5833=VERTEX_POINT('',#15445);
#5834=VERTEX_POINT('',#15446);
#5835=VERTEX_POINT('',#15448);
#5836=VERTEX_POINT('',#15450);
#5837=VERTEX_POINT('',#15454);
#5838=VERTEX_POINT('',#15455);
#5839=VERTEX_POINT('',#15457);
#5840=VERTEX_POINT('',#15459);
#5841=VERTEX_POINT('',#15463);
#5842=VERTEX_POINT('',#15464);
#5843=VERTEX_POINT('',#15466);
#5844=VERTEX_POINT('',#15468);
#5845=VERTEX_POINT('',#15472);
#5846=VERTEX_POINT('',#15473);
#5847=VERTEX_POINT('',#15475);
#5848=VERTEX_POINT('',#15477);
#5849=VERTEX_POINT('',#15481);
#5850=VERTEX_POINT('',#15482);
#5851=VERTEX_POINT('',#15484);
#5852=VERTEX_POINT('',#15486);
#5853=VERTEX_POINT('',#15490);
#5854=VERTEX_POINT('',#15491);
#5855=VERTEX_POINT('',#15493);
#5856=VERTEX_POINT('',#15495);
#5857=VERTEX_POINT('',#15499);
#5858=VERTEX_POINT('',#15500);
#5859=VERTEX_POINT('',#15502);
#5860=VERTEX_POINT('',#15504);
#5861=VERTEX_POINT('',#15508);
#5862=VERTEX_POINT('',#15509);
#5863=VERTEX_POINT('',#15511);
#5864=VERTEX_POINT('',#15513);
#5865=VERTEX_POINT('',#15517);
#5866=VERTEX_POINT('',#15518);
#5867=VERTEX_POINT('',#15520);
#5868=VERTEX_POINT('',#15522);
#5869=VERTEX_POINT('',#15526);
#5870=VERTEX_POINT('',#15527);
#5871=VERTEX_POINT('',#15529);
#5872=VERTEX_POINT('',#15531);
#5873=VERTEX_POINT('',#15535);
#5874=VERTEX_POINT('',#15536);
#5875=VERTEX_POINT('',#15538);
#5876=VERTEX_POINT('',#15540);
#5877=VERTEX_POINT('',#15544);
#5878=VERTEX_POINT('',#15545);
#5879=VERTEX_POINT('',#15547);
#5880=VERTEX_POINT('',#15549);
#5881=VERTEX_POINT('',#15553);
#5882=VERTEX_POINT('',#15554);
#5883=VERTEX_POINT('',#15556);
#5884=VERTEX_POINT('',#15558);
#5885=VERTEX_POINT('',#15562);
#5886=VERTEX_POINT('',#15563);
#5887=VERTEX_POINT('',#15565);
#5888=VERTEX_POINT('',#15567);
#5889=VERTEX_POINT('',#15571);
#5890=VERTEX_POINT('',#15572);
#5891=VERTEX_POINT('',#15574);
#5892=VERTEX_POINT('',#15576);
#5893=VERTEX_POINT('',#15580);
#5894=VERTEX_POINT('',#15581);
#5895=VERTEX_POINT('',#15583);
#5896=VERTEX_POINT('',#15585);
#5897=VERTEX_POINT('',#15589);
#5898=VERTEX_POINT('',#15590);
#5899=VERTEX_POINT('',#15592);
#5900=VERTEX_POINT('',#15594);
#5901=VERTEX_POINT('',#15598);
#5902=VERTEX_POINT('',#15599);
#5903=VERTEX_POINT('',#15601);
#5904=VERTEX_POINT('',#15603);
#5905=VERTEX_POINT('',#15607);
#5906=VERTEX_POINT('',#15608);
#5907=VERTEX_POINT('',#15610);
#5908=VERTEX_POINT('',#15612);
#5909=VERTEX_POINT('',#15616);
#5910=VERTEX_POINT('',#15617);
#5911=VERTEX_POINT('',#15619);
#5912=VERTEX_POINT('',#15621);
#5913=VERTEX_POINT('',#15625);
#5914=VERTEX_POINT('',#15626);
#5915=VERTEX_POINT('',#15628);
#5916=VERTEX_POINT('',#15630);
#5917=VERTEX_POINT('',#15634);
#5918=VERTEX_POINT('',#15635);
#5919=VERTEX_POINT('',#15637);
#5920=VERTEX_POINT('',#15639);
#5921=VERTEX_POINT('',#15643);
#5922=VERTEX_POINT('',#15644);
#5923=VERTEX_POINT('',#15646);
#5924=VERTEX_POINT('',#15648);
#5925=VERTEX_POINT('',#15652);
#5926=VERTEX_POINT('',#15653);
#5927=VERTEX_POINT('',#15655);
#5928=VERTEX_POINT('',#15657);
#5929=VERTEX_POINT('',#15661);
#5930=VERTEX_POINT('',#15662);
#5931=VERTEX_POINT('',#15664);
#5932=VERTEX_POINT('',#15666);
#5933=VERTEX_POINT('',#15670);
#5934=VERTEX_POINT('',#15671);
#5935=VERTEX_POINT('',#15673);
#5936=VERTEX_POINT('',#15675);
#5937=VERTEX_POINT('',#15679);
#5938=VERTEX_POINT('',#15680);
#5939=VERTEX_POINT('',#15682);
#5940=VERTEX_POINT('',#15684);
#5941=VERTEX_POINT('',#15688);
#5942=VERTEX_POINT('',#15689);
#5943=VERTEX_POINT('',#15691);
#5944=VERTEX_POINT('',#15693);
#5945=VERTEX_POINT('',#15697);
#5946=VERTEX_POINT('',#15698);
#5947=VERTEX_POINT('',#15700);
#5948=VERTEX_POINT('',#15702);
#5949=VERTEX_POINT('',#15706);
#5950=VERTEX_POINT('',#15707);
#5951=VERTEX_POINT('',#15709);
#5952=VERTEX_POINT('',#15711);
#5953=VERTEX_POINT('',#15715);
#5954=VERTEX_POINT('',#15716);
#5955=VERTEX_POINT('',#15718);
#5956=VERTEX_POINT('',#15720);
#5957=VERTEX_POINT('',#15724);
#5958=VERTEX_POINT('',#15725);
#5959=VERTEX_POINT('',#15727);
#5960=VERTEX_POINT('',#15729);
#5961=VERTEX_POINT('',#15733);
#5962=VERTEX_POINT('',#15734);
#5963=VERTEX_POINT('',#15736);
#5964=VERTEX_POINT('',#15738);
#5965=VERTEX_POINT('',#15742);
#5966=VERTEX_POINT('',#15743);
#5967=VERTEX_POINT('',#15745);
#5968=VERTEX_POINT('',#15747);
#5969=VERTEX_POINT('',#15751);
#5970=VERTEX_POINT('',#15752);
#5971=VERTEX_POINT('',#15754);
#5972=VERTEX_POINT('',#15756);
#5973=VERTEX_POINT('',#15760);
#5974=VERTEX_POINT('',#15761);
#5975=VERTEX_POINT('',#15763);
#5976=VERTEX_POINT('',#15765);
#5977=VERTEX_POINT('',#15769);
#5978=VERTEX_POINT('',#15770);
#5979=VERTEX_POINT('',#15772);
#5980=VERTEX_POINT('',#15774);
#5981=VERTEX_POINT('',#15778);
#5982=VERTEX_POINT('',#15779);
#5983=VERTEX_POINT('',#15781);
#5984=VERTEX_POINT('',#15783);
#5985=VERTEX_POINT('',#15787);
#5986=VERTEX_POINT('',#15788);
#5987=VERTEX_POINT('',#15790);
#5988=VERTEX_POINT('',#15792);
#5989=VERTEX_POINT('',#15796);
#5990=VERTEX_POINT('',#15797);
#5991=VERTEX_POINT('',#15799);
#5992=VERTEX_POINT('',#15801);
#5993=VERTEX_POINT('',#15805);
#5994=VERTEX_POINT('',#15806);
#5995=VERTEX_POINT('',#15808);
#5996=VERTEX_POINT('',#15810);
#5997=VERTEX_POINT('',#15814);
#5998=VERTEX_POINT('',#15815);
#5999=VERTEX_POINT('',#15817);
#6000=VERTEX_POINT('',#15819);
#6001=VERTEX_POINT('',#15823);
#6002=VERTEX_POINT('',#15824);
#6003=VERTEX_POINT('',#15826);
#6004=VERTEX_POINT('',#15828);
#6005=VERTEX_POINT('',#15832);
#6006=VERTEX_POINT('',#15833);
#6007=VERTEX_POINT('',#15835);
#6008=VERTEX_POINT('',#15837);
#6009=VERTEX_POINT('',#15841);
#6010=VERTEX_POINT('',#15842);
#6011=VERTEX_POINT('',#15844);
#6012=VERTEX_POINT('',#15846);
#6013=VERTEX_POINT('',#15850);
#6014=VERTEX_POINT('',#15851);
#6015=VERTEX_POINT('',#15853);
#6016=VERTEX_POINT('',#15855);
#6017=VERTEX_POINT('',#15859);
#6018=VERTEX_POINT('',#15860);
#6019=VERTEX_POINT('',#15862);
#6020=VERTEX_POINT('',#15864);
#6021=VERTEX_POINT('',#15868);
#6022=VERTEX_POINT('',#15869);
#6023=VERTEX_POINT('',#15871);
#6024=VERTEX_POINT('',#15873);
#6025=VERTEX_POINT('',#15877);
#6026=VERTEX_POINT('',#15878);
#6027=VERTEX_POINT('',#15880);
#6028=VERTEX_POINT('',#15882);
#6029=VERTEX_POINT('',#15886);
#6030=VERTEX_POINT('',#15887);
#6031=VERTEX_POINT('',#15889);
#6032=VERTEX_POINT('',#15891);
#6033=VERTEX_POINT('',#15895);
#6034=VERTEX_POINT('',#15896);
#6035=VERTEX_POINT('',#15898);
#6036=VERTEX_POINT('',#15900);
#6037=VERTEX_POINT('',#15904);
#6038=VERTEX_POINT('',#15905);
#6039=VERTEX_POINT('',#15907);
#6040=VERTEX_POINT('',#15909);
#6041=VERTEX_POINT('',#15913);
#6042=VERTEX_POINT('',#15914);
#6043=VERTEX_POINT('',#15916);
#6044=VERTEX_POINT('',#15918);
#6045=VERTEX_POINT('',#15922);
#6046=VERTEX_POINT('',#15923);
#6047=VERTEX_POINT('',#15925);
#6048=VERTEX_POINT('',#15927);
#6049=VERTEX_POINT('',#15931);
#6050=VERTEX_POINT('',#15932);
#6051=VERTEX_POINT('',#15934);
#6052=VERTEX_POINT('',#15936);
#6053=VERTEX_POINT('',#15940);
#6054=VERTEX_POINT('',#15941);
#6055=VERTEX_POINT('',#15943);
#6056=VERTEX_POINT('',#15945);
#6057=VERTEX_POINT('',#15949);
#6058=VERTEX_POINT('',#15950);
#6059=VERTEX_POINT('',#15952);
#6060=VERTEX_POINT('',#15954);
#6061=VERTEX_POINT('',#15958);
#6062=VERTEX_POINT('',#15959);
#6063=VERTEX_POINT('',#15961);
#6064=VERTEX_POINT('',#15963);
#6065=VERTEX_POINT('',#15967);
#6066=VERTEX_POINT('',#15968);
#6067=VERTEX_POINT('',#15970);
#6068=VERTEX_POINT('',#15972);
#6069=VERTEX_POINT('',#15976);
#6070=VERTEX_POINT('',#15977);
#6071=VERTEX_POINT('',#15979);
#6072=VERTEX_POINT('',#15981);
#6073=VERTEX_POINT('',#15985);
#6074=VERTEX_POINT('',#15986);
#6075=VERTEX_POINT('',#15988);
#6076=VERTEX_POINT('',#15990);
#6077=VERTEX_POINT('',#15994);
#6078=VERTEX_POINT('',#15995);
#6079=VERTEX_POINT('',#15997);
#6080=VERTEX_POINT('',#15999);
#6081=VERTEX_POINT('',#16003);
#6082=VERTEX_POINT('',#16004);
#6083=VERTEX_POINT('',#16006);
#6084=VERTEX_POINT('',#16008);
#6085=VERTEX_POINT('',#16012);
#6086=VERTEX_POINT('',#16013);
#6087=VERTEX_POINT('',#16015);
#6088=VERTEX_POINT('',#16017);
#6089=VERTEX_POINT('',#16021);
#6090=VERTEX_POINT('',#16022);
#6091=VERTEX_POINT('',#16024);
#6092=VERTEX_POINT('',#16026);
#6093=VERTEX_POINT('',#16030);
#6094=VERTEX_POINT('',#16031);
#6095=VERTEX_POINT('',#16033);
#6096=VERTEX_POINT('',#16035);
#6097=VERTEX_POINT('',#16039);
#6098=VERTEX_POINT('',#16040);
#6099=VERTEX_POINT('',#16042);
#6100=VERTEX_POINT('',#16044);
#6101=VERTEX_POINT('',#16048);
#6102=VERTEX_POINT('',#16049);
#6103=VERTEX_POINT('',#16051);
#6104=VERTEX_POINT('',#16053);
#6105=VERTEX_POINT('',#16057);
#6106=VERTEX_POINT('',#16058);
#6107=VERTEX_POINT('',#16060);
#6108=VERTEX_POINT('',#16062);
#6109=VERTEX_POINT('',#16066);
#6110=VERTEX_POINT('',#16067);
#6111=VERTEX_POINT('',#16069);
#6112=VERTEX_POINT('',#16071);
#6113=VERTEX_POINT('',#16075);
#6114=VERTEX_POINT('',#16076);
#6115=VERTEX_POINT('',#16078);
#6116=VERTEX_POINT('',#16080);
#6117=VERTEX_POINT('',#16084);
#6118=VERTEX_POINT('',#16085);
#6119=VERTEX_POINT('',#16087);
#6120=VERTEX_POINT('',#16089);
#6121=VERTEX_POINT('',#16093);
#6122=VERTEX_POINT('',#16094);
#6123=VERTEX_POINT('',#16096);
#6124=VERTEX_POINT('',#16098);
#6125=VERTEX_POINT('',#16102);
#6126=VERTEX_POINT('',#16103);
#6127=VERTEX_POINT('',#16105);
#6128=VERTEX_POINT('',#16107);
#6129=VERTEX_POINT('',#16111);
#6130=VERTEX_POINT('',#16112);
#6131=VERTEX_POINT('',#16114);
#6132=VERTEX_POINT('',#16116);
#6133=VERTEX_POINT('',#16120);
#6134=VERTEX_POINT('',#16121);
#6135=VERTEX_POINT('',#16123);
#6136=VERTEX_POINT('',#16125);
#6137=VERTEX_POINT('',#16129);
#6138=VERTEX_POINT('',#16130);
#6139=VERTEX_POINT('',#16132);
#6140=VERTEX_POINT('',#16134);
#6141=VERTEX_POINT('',#16138);
#6142=VERTEX_POINT('',#16140);
#6143=VERTEX_POINT('',#17123);
#6144=VERTEX_POINT('',#17125);
#6145=VERTEX_POINT('',#17127);
#6146=VERTEX_POINT('',#17129);
#6147=VERTEX_POINT('',#17131);
#6148=VERTEX_POINT('',#17134);
#6149=VERTEX_POINT('',#17136);
#6150=VERTEX_POINT('',#17138);
#6151=VERTEX_POINT('',#17140);
#6152=VERTEX_POINT('',#17142);
#6153=CIRCLE('',#9194,0.0308133688460115);
#6154=CIRCLE('',#9195,0.0002);
#6155=CIRCLE('',#9196,0.0006288442621635);
#6156=CIRCLE('',#9197,0.0002);
#6157=CIRCLE('',#9199,0.0308133688460115);
#6158=CIRCLE('',#9200,0.0002);
#6159=CIRCLE('',#9201,0.0006288442621635);
#6160=CIRCLE('',#9202,0.0002);
#6161=CIRCLE('',#9204,0.0308133688460115);
#6162=CIRCLE('',#9205,0.0002);
#6163=CIRCLE('',#9206,0.0006288442621635);
#6164=CIRCLE('',#9207,0.0002);
#6165=CIRCLE('',#9209,0.0308133688460115);
#6166=CIRCLE('',#9210,0.0002);
#6167=CIRCLE('',#9211,0.0006288442621635);
#6168=CIRCLE('',#9212,0.0002);
#6169=CIRCLE('',#9214,0.0308133688460115);
#6170=CIRCLE('',#9215,0.0002);
#6171=CIRCLE('',#9216,0.0006288442621635);
#6172=CIRCLE('',#9217,0.0002);
#6173=CIRCLE('',#9219,0.0308133688460115);
#6174=CIRCLE('',#9220,0.0002);
#6175=CIRCLE('',#9221,0.0006288442621635);
#6176=CIRCLE('',#9222,0.0002);
#6177=CIRCLE('',#9224,0.0308133688460115);
#6178=CIRCLE('',#9225,0.0002);
#6179=CIRCLE('',#9226,0.0006288442621635);
#6180=CIRCLE('',#9227,0.0002);
#6181=CIRCLE('',#9229,0.0308133688460115);
#6182=CIRCLE('',#9230,0.0002);
#6183=CIRCLE('',#9231,0.0006288442621635);
#6184=CIRCLE('',#9232,0.0002);
#6185=CIRCLE('',#9234,0.0308133688460115);
#6186=CIRCLE('',#9235,0.0002);
#6187=CIRCLE('',#9236,0.0006288442621635);
#6188=CIRCLE('',#9237,0.0002);
#6189=CIRCLE('',#9239,0.0308133688460115);
#6190=CIRCLE('',#9240,0.0002);
#6191=CIRCLE('',#9241,0.0006288442621635);
#6192=CIRCLE('',#9242,0.0002);
#6193=CIRCLE('',#9244,0.0308133688460115);
#6194=CIRCLE('',#9245,0.0002);
#6195=CIRCLE('',#9246,0.0006288442621635);
#6196=CIRCLE('',#9247,0.0002);
#6197=CIRCLE('',#9249,0.0308133688460115);
#6198=CIRCLE('',#9250,0.0002);
#6199=CIRCLE('',#9251,0.0006288442621635);
#6200=CIRCLE('',#9252,0.0002);
#6201=CIRCLE('',#9254,0.0308133688460115);
#6202=CIRCLE('',#9255,0.0002);
#6203=CIRCLE('',#9256,0.0006288442621635);
#6204=CIRCLE('',#9257,0.0002);
#6205=CIRCLE('',#9259,0.0308133688460115);
#6206=CIRCLE('',#9260,0.0002);
#6207=CIRCLE('',#9261,0.0006288442621635);
#6208=CIRCLE('',#9262,0.0002);
#6209=CIRCLE('',#9264,0.0308133688460115);
#6210=CIRCLE('',#9265,0.0002);
#6211=CIRCLE('',#9266,0.0006288442621635);
#6212=CIRCLE('',#9267,0.0002);
#6213=CIRCLE('',#9269,0.0308133688460115);
#6214=CIRCLE('',#9270,0.0002);
#6215=CIRCLE('',#9271,0.0006288442621635);
#6216=CIRCLE('',#9272,0.0002);
#6217=CIRCLE('',#9274,0.0308133688460115);
#6218=CIRCLE('',#9275,0.0002);
#6219=CIRCLE('',#9276,0.0006288442621635);
#6220=CIRCLE('',#9277,0.0002);
#6221=CIRCLE('',#9279,0.0308133688460115);
#6222=CIRCLE('',#9280,0.0002);
#6223=CIRCLE('',#9281,0.0006288442621635);
#6224=CIRCLE('',#9282,0.0002);
#6225=CIRCLE('',#9284,0.0308133688460115);
#6226=CIRCLE('',#9285,0.0002);
#6227=CIRCLE('',#9286,0.0006288442621635);
#6228=CIRCLE('',#9287,0.0002);
#6229=CIRCLE('',#9289,0.0308133688460115);
#6230=CIRCLE('',#9290,0.0002);
#6231=CIRCLE('',#9291,0.0006288442621635);
#6232=CIRCLE('',#9292,0.0002);
#6233=CIRCLE('',#9294,0.0308133688460115);
#6234=CIRCLE('',#9295,0.0002);
#6235=CIRCLE('',#9296,0.0006288442621635);
#6236=CIRCLE('',#9297,0.0002);
#6237=CIRCLE('',#9299,0.0308133688460115);
#6238=CIRCLE('',#9300,0.0002);
#6239=CIRCLE('',#9301,0.0006288442621635);
#6240=CIRCLE('',#9302,0.0002);
#6241=CIRCLE('',#9304,0.0308133688460115);
#6242=CIRCLE('',#9305,0.0002);
#6243=CIRCLE('',#9306,0.0006288442621635);
#6244=CIRCLE('',#9307,0.0002);
#6245=CIRCLE('',#9309,0.0308133688460115);
#6246=CIRCLE('',#9310,0.0002);
#6247=CIRCLE('',#9311,0.0006288442621635);
#6248=CIRCLE('',#9312,0.0002);
#6249=CIRCLE('',#9314,0.0308133688460115);
#6250=CIRCLE('',#9315,0.0002);
#6251=CIRCLE('',#9316,0.0006288442621635);
#6252=CIRCLE('',#9317,0.0002);
#6253=CIRCLE('',#9319,0.0308133688460115);
#6254=CIRCLE('',#9320,0.0002);
#6255=CIRCLE('',#9321,0.0006288442621635);
#6256=CIRCLE('',#9322,0.0002);
#6257=CIRCLE('',#9324,0.0308133688460115);
#6258=CIRCLE('',#9325,0.0002);
#6259=CIRCLE('',#9326,0.0006288442621635);
#6260=CIRCLE('',#9327,0.0002);
#6261=CIRCLE('',#9329,0.0308133688460115);
#6262=CIRCLE('',#9330,0.0002);
#6263=CIRCLE('',#9331,0.0006288442621635);
#6264=CIRCLE('',#9332,0.0002);
#6265=CIRCLE('',#9334,0.0308133688460115);
#6266=CIRCLE('',#9335,0.0002);
#6267=CIRCLE('',#9336,0.0006288442621635);
#6268=CIRCLE('',#9337,0.0002);
#6269=CIRCLE('',#9339,0.0308133688460115);
#6270=CIRCLE('',#9340,0.0002);
#6271=CIRCLE('',#9341,0.0006288442621635);
#6272=CIRCLE('',#9342,0.0002);
#6273=CIRCLE('',#9344,0.0308133688460115);
#6274=CIRCLE('',#9345,0.0002);
#6275=CIRCLE('',#9346,0.0006288442621635);
#6276=CIRCLE('',#9347,0.0002);
#6277=CIRCLE('',#9349,0.0308133688460115);
#6278=CIRCLE('',#9350,0.0002);
#6279=CIRCLE('',#9351,0.0006288442621635);
#6280=CIRCLE('',#9352,0.0002);
#6281=CIRCLE('',#9354,0.0308133688460115);
#6282=CIRCLE('',#9355,0.0002);
#6283=CIRCLE('',#9356,0.0006288442621635);
#6284=CIRCLE('',#9357,0.0002);
#6285=CIRCLE('',#9359,0.0308133688460115);
#6286=CIRCLE('',#9360,0.0002);
#6287=CIRCLE('',#9361,0.0006288442621635);
#6288=CIRCLE('',#9362,0.0002);
#6289=CIRCLE('',#9364,0.0308133688460115);
#6290=CIRCLE('',#9365,0.0002);
#6291=CIRCLE('',#9366,0.0006288442621635);
#6292=CIRCLE('',#9367,0.0002);
#6293=CIRCLE('',#9369,0.0308133688460115);
#6294=CIRCLE('',#9370,0.0002);
#6295=CIRCLE('',#9371,0.0006288442621635);
#6296=CIRCLE('',#9372,0.0002);
#6297=CIRCLE('',#9374,0.0308133688460115);
#6298=CIRCLE('',#9375,0.0002);
#6299=CIRCLE('',#9376,0.0006288442621635);
#6300=CIRCLE('',#9377,0.0002);
#6301=CIRCLE('',#9379,0.0308133688460115);
#6302=CIRCLE('',#9380,0.0002);
#6303=CIRCLE('',#9381,0.0006288442621635);
#6304=CIRCLE('',#9382,0.0002);
#6305=CIRCLE('',#9384,0.0308133688460115);
#6306=CIRCLE('',#9385,0.0002);
#6307=CIRCLE('',#9386,0.0006288442621635);
#6308=CIRCLE('',#9387,0.0002);
#6309=CIRCLE('',#9389,0.0308133688460115);
#6310=CIRCLE('',#9390,0.0002);
#6311=CIRCLE('',#9391,0.0006288442621635);
#6312=CIRCLE('',#9392,0.0002);
#6313=CIRCLE('',#9394,0.0308133688460115);
#6314=CIRCLE('',#9395,0.0002);
#6315=CIRCLE('',#9396,0.0006288442621635);
#6316=CIRCLE('',#9397,0.0002);
#6317=CIRCLE('',#9399,0.0308133688460115);
#6318=CIRCLE('',#9400,0.0002);
#6319=CIRCLE('',#9401,0.0006288442621635);
#6320=CIRCLE('',#9402,0.0002);
#6321=CIRCLE('',#9404,0.0308133688460115);
#6322=CIRCLE('',#9405,0.0002);
#6323=CIRCLE('',#9406,0.0006288442621635);
#6324=CIRCLE('',#9407,0.0002);
#6325=CIRCLE('',#9409,0.0308133688460115);
#6326=CIRCLE('',#9410,0.0002);
#6327=CIRCLE('',#9411,0.0006288442621635);
#6328=CIRCLE('',#9412,0.0002);
#6329=CIRCLE('',#9414,0.0308133688460115);
#6330=CIRCLE('',#9415,0.0002);
#6331=CIRCLE('',#9416,0.0006288442621635);
#6332=CIRCLE('',#9417,0.0002);
#6333=CIRCLE('',#9419,0.0308133688460115);
#6334=CIRCLE('',#9420,0.0002);
#6335=CIRCLE('',#9421,0.0006288442621635);
#6336=CIRCLE('',#9422,0.0002);
#6337=CIRCLE('',#9424,0.0308133688460115);
#6338=CIRCLE('',#9425,0.0002);
#6339=CIRCLE('',#9426,0.0006288442621635);
#6340=CIRCLE('',#9427,0.0002);
#6341=CIRCLE('',#9429,0.0308133688460115);
#6342=CIRCLE('',#9430,0.0002);
#6343=CIRCLE('',#9431,0.0006288442621635);
#6344=CIRCLE('',#9432,0.0002);
#6345=CIRCLE('',#9434,0.0308133688460115);
#6346=CIRCLE('',#9435,0.0002);
#6347=CIRCLE('',#9436,0.0006288442621635);
#6348=CIRCLE('',#9437,0.0002);
#6349=CIRCLE('',#9439,0.0308133688460115);
#6350=CIRCLE('',#9440,0.0002);
#6351=CIRCLE('',#9441,0.0006288442621635);
#6352=CIRCLE('',#9442,0.0002);
#6353=CIRCLE('',#9444,0.0308133688460115);
#6354=CIRCLE('',#9445,0.0002);
#6355=CIRCLE('',#9446,0.0006288442621635);
#6356=CIRCLE('',#9447,0.0002);
#6357=CIRCLE('',#9449,0.0308133688460115);
#6358=CIRCLE('',#9450,0.0002);
#6359=CIRCLE('',#9451,0.0006288442621635);
#6360=CIRCLE('',#9452,0.0002);
#6361=CIRCLE('',#9454,0.0308133688460115);
#6362=CIRCLE('',#9455,0.0002);
#6363=CIRCLE('',#9456,0.0006288442621635);
#6364=CIRCLE('',#9457,0.0002);
#6365=CIRCLE('',#9459,0.0308133688460115);
#6366=CIRCLE('',#9460,0.0002);
#6367=CIRCLE('',#9461,0.0006288442621635);
#6368=CIRCLE('',#9462,0.0002);
#6369=CIRCLE('',#9464,0.0308133688460115);
#6370=CIRCLE('',#9465,0.0002);
#6371=CIRCLE('',#9466,0.0006288442621635);
#6372=CIRCLE('',#9467,0.0002);
#6373=CIRCLE('',#9469,0.0308133688460115);
#6374=CIRCLE('',#9470,0.0002);
#6375=CIRCLE('',#9471,0.0006288442621635);
#6376=CIRCLE('',#9472,0.0002);
#6377=CIRCLE('',#9474,0.0308133688460115);
#6378=CIRCLE('',#9475,0.0002);
#6379=CIRCLE('',#9476,0.0006288442621635);
#6380=CIRCLE('',#9477,0.0002);
#6381=CIRCLE('',#9479,0.0308133688460115);
#6382=CIRCLE('',#9480,0.0002);
#6383=CIRCLE('',#9481,0.0006288442621635);
#6384=CIRCLE('',#9482,0.0002);
#6385=CIRCLE('',#9484,0.0308133688460115);
#6386=CIRCLE('',#9485,0.0002);
#6387=CIRCLE('',#9486,0.0006288442621635);
#6388=CIRCLE('',#9487,0.0002);
#6389=CIRCLE('',#9489,0.0308133688460115);
#6390=CIRCLE('',#9490,0.0002);
#6391=CIRCLE('',#9491,0.0006288442621635);
#6392=CIRCLE('',#9492,0.0002);
#6393=CIRCLE('',#9494,0.0308133688460115);
#6394=CIRCLE('',#9495,0.0002);
#6395=CIRCLE('',#9496,0.0006288442621635);
#6396=CIRCLE('',#9497,0.0002);
#6397=CIRCLE('',#9499,0.0308133688460115);
#6398=CIRCLE('',#9500,0.0002);
#6399=CIRCLE('',#9501,0.0006288442621635);
#6400=CIRCLE('',#9502,0.0002);
#6401=CIRCLE('',#9504,0.0308133688460115);
#6402=CIRCLE('',#9505,0.0002);
#6403=CIRCLE('',#9506,0.0006288442621635);
#6404=CIRCLE('',#9507,0.0002);
#6405=CIRCLE('',#9509,0.0308133688460115);
#6406=CIRCLE('',#9510,0.0002);
#6407=CIRCLE('',#9511,0.0006288442621635);
#6408=CIRCLE('',#9512,0.0002);
#6409=CIRCLE('',#9514,0.0308133688460115);
#6410=CIRCLE('',#9515,0.0002);
#6411=CIRCLE('',#9516,0.0006288442621635);
#6412=CIRCLE('',#9517,0.0002);
#6413=CIRCLE('',#9519,0.0308133688460115);
#6414=CIRCLE('',#9520,0.0002);
#6415=CIRCLE('',#9521,0.0006288442621635);
#6416=CIRCLE('',#9522,0.0002);
#6417=CIRCLE('',#9524,0.0308133688460115);
#6418=CIRCLE('',#9525,0.0002);
#6419=CIRCLE('',#9526,0.0006288442621635);
#6420=CIRCLE('',#9527,0.0002);
#6421=CIRCLE('',#9529,0.0308133688460115);
#6422=CIRCLE('',#9530,0.0002);
#6423=CIRCLE('',#9531,0.0006288442621635);
#6424=CIRCLE('',#9532,0.0002);
#6425=CIRCLE('',#9534,0.0308133688460115);
#6426=CIRCLE('',#9535,0.0002);
#6427=CIRCLE('',#9536,0.0006288442621635);
#6428=CIRCLE('',#9537,0.0002);
#6429=CIRCLE('',#9539,0.0308133688460115);
#6430=CIRCLE('',#9540,0.0002);
#6431=CIRCLE('',#9541,0.0006288442621635);
#6432=CIRCLE('',#9542,0.0002);
#6433=CIRCLE('',#9544,0.0308133688460115);
#6434=CIRCLE('',#9545,0.0002);
#6435=CIRCLE('',#9546,0.0006288442621635);
#6436=CIRCLE('',#9547,0.0002);
#6437=CIRCLE('',#9549,0.0308133688460115);
#6438=CIRCLE('',#9550,0.0002);
#6439=CIRCLE('',#9551,0.0006288442621635);
#6440=CIRCLE('',#9552,0.0002);
#6441=CIRCLE('',#9554,0.0308133688460115);
#6442=CIRCLE('',#9555,0.0002);
#6443=CIRCLE('',#9556,0.0006288442621635);
#6444=CIRCLE('',#9557,0.0002);
#6445=CIRCLE('',#9559,0.0308133688460115);
#6446=CIRCLE('',#9560,0.0002);
#6447=CIRCLE('',#9561,0.0006288442621635);
#6448=CIRCLE('',#9562,0.0002);
#6449=CIRCLE('',#9564,0.0308133688460115);
#6450=CIRCLE('',#9565,0.0002);
#6451=CIRCLE('',#9566,0.0006288442621635);
#6452=CIRCLE('',#9567,0.0002);
#6453=CIRCLE('',#9569,0.0308133688460115);
#6454=CIRCLE('',#9570,0.0002);
#6455=CIRCLE('',#9571,0.0006288442621635);
#6456=CIRCLE('',#9572,0.0002);
#6457=CIRCLE('',#9574,0.0308133688460115);
#6458=CIRCLE('',#9575,0.0002);
#6459=CIRCLE('',#9576,0.0006288442621635);
#6460=CIRCLE('',#9577,0.0002);
#6461=CIRCLE('',#9579,0.0308133688460115);
#6462=CIRCLE('',#9580,0.0002);
#6463=CIRCLE('',#9581,0.0006288442621635);
#6464=CIRCLE('',#9582,0.0002);
#6465=CIRCLE('',#9584,0.0308133688460115);
#6466=CIRCLE('',#9585,0.0002);
#6467=CIRCLE('',#9586,0.0006288442621635);
#6468=CIRCLE('',#9587,0.0002);
#6469=CIRCLE('',#9589,0.0308133688460115);
#6470=CIRCLE('',#9590,0.0002);
#6471=CIRCLE('',#9591,0.0006288442621635);
#6472=CIRCLE('',#9592,0.0002);
#6473=CIRCLE('',#9594,0.0308133688460115);
#6474=CIRCLE('',#9595,0.0002);
#6475=CIRCLE('',#9596,0.0006288442621635);
#6476=CIRCLE('',#9597,0.0002);
#6477=CIRCLE('',#9599,0.0308133688460115);
#6478=CIRCLE('',#9600,0.0002);
#6479=CIRCLE('',#9601,0.0006288442621635);
#6480=CIRCLE('',#9602,0.0002);
#6481=CIRCLE('',#9604,0.0308133688460115);
#6482=CIRCLE('',#9605,0.0002);
#6483=CIRCLE('',#9606,0.0006288442621635);
#6484=CIRCLE('',#9607,0.0002);
#6485=CIRCLE('',#9609,0.0308133688460115);
#6486=CIRCLE('',#9610,0.0002);
#6487=CIRCLE('',#9611,0.0006288442621635);
#6488=CIRCLE('',#9612,0.0002);
#6489=CIRCLE('',#9614,0.0308133688460115);
#6490=CIRCLE('',#9615,0.0002);
#6491=CIRCLE('',#9616,0.0006288442621635);
#6492=CIRCLE('',#9617,0.0002);
#6493=CIRCLE('',#9619,0.0308133688460115);
#6494=CIRCLE('',#9620,0.0002);
#6495=CIRCLE('',#9621,0.0006288442621635);
#6496=CIRCLE('',#9622,0.0002);
#6497=CIRCLE('',#9624,0.0308133688460115);
#6498=CIRCLE('',#9625,0.0002);
#6499=CIRCLE('',#9626,0.0006288442621635);
#6500=CIRCLE('',#9627,0.0002);
#6501=CIRCLE('',#9629,0.0308133688460115);
#6502=CIRCLE('',#9630,0.0002);
#6503=CIRCLE('',#9631,0.0006288442621635);
#6504=CIRCLE('',#9632,0.0002);
#6505=CIRCLE('',#9634,0.0308133688460115);
#6506=CIRCLE('',#9635,0.0002);
#6507=CIRCLE('',#9636,0.0006288442621635);
#6508=CIRCLE('',#9637,0.0002);
#6509=CIRCLE('',#9639,0.0308133688460115);
#6510=CIRCLE('',#9640,0.0002);
#6511=CIRCLE('',#9641,0.0006288442621635);
#6512=CIRCLE('',#9642,0.0002);
#6513=CIRCLE('',#9644,0.0308133688460115);
#6514=CIRCLE('',#9645,0.0002);
#6515=CIRCLE('',#9646,0.0006288442621635);
#6516=CIRCLE('',#9647,0.0002);
#6517=CIRCLE('',#9649,0.0308133688460115);
#6518=CIRCLE('',#9650,0.0002);
#6519=CIRCLE('',#9651,0.0006288442621635);
#6520=CIRCLE('',#9652,0.0002);
#6521=CIRCLE('',#9654,0.0308133688460115);
#6522=CIRCLE('',#9655,0.0002);
#6523=CIRCLE('',#9656,0.0006288442621635);
#6524=CIRCLE('',#9657,0.0002);
#6525=CIRCLE('',#9659,0.0308133688460115);
#6526=CIRCLE('',#9660,0.0002);
#6527=CIRCLE('',#9661,0.0006288442621635);
#6528=CIRCLE('',#9662,0.0002);
#6529=CIRCLE('',#9664,0.0308133688460115);
#6530=CIRCLE('',#9665,0.0002);
#6531=CIRCLE('',#9666,0.0006288442621635);
#6532=CIRCLE('',#9667,0.0002);
#6533=CIRCLE('',#9669,0.0308133688460115);
#6534=CIRCLE('',#9670,0.0002);
#6535=CIRCLE('',#9671,0.0006288442621635);
#6536=CIRCLE('',#9672,0.0002);
#6537=CIRCLE('',#9674,0.0308133688460115);
#6538=CIRCLE('',#9675,0.0002);
#6539=CIRCLE('',#9676,0.0006288442621635);
#6540=CIRCLE('',#9677,0.0002);
#6541=CIRCLE('',#9679,0.0308133688460115);
#6542=CIRCLE('',#9680,0.0002);
#6543=CIRCLE('',#9681,0.0006288442621635);
#6544=CIRCLE('',#9682,0.0002);
#6545=CIRCLE('',#9684,0.0315753688460115);
#6546=CIRCLE('',#9685,0.0315753688460115);
#6547=CIRCLE('',#9687,0.0308133688460115);
#6548=CIRCLE('',#9688,0.0002);
#6549=CIRCLE('',#9689,0.0006288442621635);
#6550=CIRCLE('',#9690,0.0002);
#6551=CIRCLE('',#9692,0.0308133688460115);
#6552=CIRCLE('',#9693,0.0002);
#6553=CIRCLE('',#9694,0.0006288442621635);
#6554=CIRCLE('',#9695,0.0002);
#6555=CIRCLE('',#9697,0.0308133688460115);
#6556=CIRCLE('',#9698,0.0002);
#6557=CIRCLE('',#9699,0.0006288442621635);
#6558=CIRCLE('',#9700,0.0002);
#6559=CIRCLE('',#9702,0.0308133688460115);
#6560=CIRCLE('',#9703,0.0002);
#6561=CIRCLE('',#9704,0.0006288442621635);
#6562=CIRCLE('',#9705,0.0002);
#6563=CIRCLE('',#9707,0.0308133688460115);
#6564=CIRCLE('',#9708,0.0002);
#6565=CIRCLE('',#9709,0.0006288442621635);
#6566=CIRCLE('',#9710,0.0002);
#6567=CIRCLE('',#9712,0.0308133688460115);
#6568=CIRCLE('',#9713,0.0002);
#6569=CIRCLE('',#9714,0.0006288442621635);
#6570=CIRCLE('',#9715,0.0002);
#6571=CIRCLE('',#9717,0.0308133688460115);
#6572=CIRCLE('',#9718,0.0002);
#6573=CIRCLE('',#9719,0.0006288442621635);
#6574=CIRCLE('',#9720,0.0002);
#6575=CIRCLE('',#9722,0.0308133688460115);
#6576=CIRCLE('',#9723,0.0002);
#6577=CIRCLE('',#9724,0.0006288442621635);
#6578=CIRCLE('',#9725,0.0002);
#6579=CIRCLE('',#9727,0.0308133688460115);
#6580=CIRCLE('',#9728,0.0002);
#6581=CIRCLE('',#9729,0.0006288442621635);
#6582=CIRCLE('',#9730,0.0002);
#6583=CIRCLE('',#9732,0.0308133688460115);
#6584=CIRCLE('',#9733,0.0002);
#6585=CIRCLE('',#9734,0.0006288442621635);
#6586=CIRCLE('',#9735,0.0002);
#6587=CIRCLE('',#9737,0.0308133688460115);
#6588=CIRCLE('',#9738,0.0002);
#6589=CIRCLE('',#9739,0.0006288442621635);
#6590=CIRCLE('',#9740,0.0002);
#6591=CIRCLE('',#9742,0.0308133688460115);
#6592=CIRCLE('',#9743,0.0002);
#6593=CIRCLE('',#9744,0.0006288442621635);
#6594=CIRCLE('',#9745,0.0002);
#6595=CIRCLE('',#9747,0.0308133688460115);
#6596=CIRCLE('',#9748,0.0002);
#6597=CIRCLE('',#9749,0.0006288442621635);
#6598=CIRCLE('',#9750,0.0002);
#6599=CIRCLE('',#9752,0.0308133688460115);
#6600=CIRCLE('',#9753,0.0002);
#6601=CIRCLE('',#9754,0.0006288442621635);
#6602=CIRCLE('',#9755,0.0002);
#6603=CIRCLE('',#9757,0.0308133688460115);
#6604=CIRCLE('',#9758,0.0002);
#6605=CIRCLE('',#9759,0.0006288442621635);
#6606=CIRCLE('',#9760,0.0002);
#6607=CIRCLE('',#9762,0.0308133688460115);
#6608=CIRCLE('',#9763,0.0002);
#6609=CIRCLE('',#9764,0.0006288442621635);
#6610=CIRCLE('',#9765,0.0002);
#6611=CIRCLE('',#9767,0.0308133688460115);
#6612=CIRCLE('',#9768,0.0002);
#6613=CIRCLE('',#9769,0.0006288442621635);
#6614=CIRCLE('',#9770,0.0002);
#6615=CIRCLE('',#9772,0.0308133688460115);
#6616=CIRCLE('',#9773,0.0002);
#6617=CIRCLE('',#9774,0.0006288442621635);
#6618=CIRCLE('',#9775,0.0002);
#6619=CIRCLE('',#9777,0.0308133688460115);
#6620=CIRCLE('',#9778,0.0002);
#6621=CIRCLE('',#9779,0.0006288442621635);
#6622=CIRCLE('',#9780,0.0002);
#6623=CIRCLE('',#9782,0.0308133688460115);
#6624=CIRCLE('',#9783,0.0002);
#6625=CIRCLE('',#9784,0.0006288442621635);
#6626=CIRCLE('',#9785,0.0002);
#6627=CIRCLE('',#9787,0.0308133688460115);
#6628=CIRCLE('',#9788,0.0002);
#6629=CIRCLE('',#9789,0.0006288442621635);
#6630=CIRCLE('',#9790,0.0002);
#6631=CIRCLE('',#9792,0.0308133688460115);
#6632=CIRCLE('',#9793,0.0002);
#6633=CIRCLE('',#9794,0.0006288442621635);
#6634=CIRCLE('',#9795,0.0002);
#6635=CIRCLE('',#9797,0.0308133688460115);
#6636=CIRCLE('',#9798,0.0002);
#6637=CIRCLE('',#9799,0.0006288442621635);
#6638=CIRCLE('',#9800,0.0002);
#6639=CIRCLE('',#9802,0.0308133688460115);
#6640=CIRCLE('',#9803,0.0002);
#6641=CIRCLE('',#9804,0.0006288442621635);
#6642=CIRCLE('',#9805,0.0002);
#6643=CIRCLE('',#9807,0.0308133688460115);
#6644=CIRCLE('',#9808,0.0002);
#6645=CIRCLE('',#9809,0.0006288442621635);
#6646=CIRCLE('',#9810,0.0002);
#6647=CIRCLE('',#9812,0.0308133688460115);
#6648=CIRCLE('',#9813,0.0002);
#6649=CIRCLE('',#9814,0.0006288442621635);
#6650=CIRCLE('',#9815,0.0002);
#6651=CIRCLE('',#9817,0.0308133688460115);
#6652=CIRCLE('',#9818,0.0002);
#6653=CIRCLE('',#9819,0.0006288442621635);
#6654=CIRCLE('',#9820,0.0002);
#6655=CIRCLE('',#9822,0.0308133688460115);
#6656=CIRCLE('',#9823,0.0002);
#6657=CIRCLE('',#9824,0.0006288442621635);
#6658=CIRCLE('',#9825,0.0002);
#6659=CIRCLE('',#9827,0.0308133688460115);
#6660=CIRCLE('',#9828,0.0002);
#6661=CIRCLE('',#9829,0.0006288442621635);
#6662=CIRCLE('',#9830,0.0002);
#6663=CIRCLE('',#9832,0.0308133688460115);
#6664=CIRCLE('',#9833,0.0002);
#6665=CIRCLE('',#9834,0.0006288442621635);
#6666=CIRCLE('',#9835,0.0002);
#6667=CIRCLE('',#9837,0.0308133688460115);
#6668=CIRCLE('',#9838,0.0002);
#6669=CIRCLE('',#9839,0.0006288442621635);
#6670=CIRCLE('',#9840,0.0002);
#6671=CIRCLE('',#9842,0.0308133688460115);
#6672=CIRCLE('',#9843,0.0002);
#6673=CIRCLE('',#9844,0.0006288442621635);
#6674=CIRCLE('',#9845,0.0002);
#6675=CIRCLE('',#9847,0.0308133688460115);
#6676=CIRCLE('',#9848,0.0002);
#6677=CIRCLE('',#9849,0.0006288442621635);
#6678=CIRCLE('',#9850,0.0002);
#6679=CIRCLE('',#9852,0.0308133688460115);
#6680=CIRCLE('',#9853,0.0002);
#6681=CIRCLE('',#9854,0.0006288442621635);
#6682=CIRCLE('',#9855,0.0002);
#6683=CIRCLE('',#9857,0.0308133688460115);
#6684=CIRCLE('',#9858,0.0002);
#6685=CIRCLE('',#9859,0.0006288442621635);
#6686=CIRCLE('',#9860,0.0002);
#6687=CIRCLE('',#9862,0.0308133688460115);
#6688=CIRCLE('',#9863,0.0002);
#6689=CIRCLE('',#9864,0.0006288442621635);
#6690=CIRCLE('',#9865,0.0002);
#6691=CIRCLE('',#9867,0.0308133688460115);
#6692=CIRCLE('',#9868,0.0002);
#6693=CIRCLE('',#9869,0.0006288442621635);
#6694=CIRCLE('',#9870,0.0002);
#6695=CIRCLE('',#9872,0.0308133688460115);
#6696=CIRCLE('',#9873,0.0002);
#6697=CIRCLE('',#9874,0.0006288442621635);
#6698=CIRCLE('',#9875,0.0002);
#6699=CIRCLE('',#9877,0.0308133688460115);
#6700=CIRCLE('',#9878,0.0002);
#6701=CIRCLE('',#9879,0.0006288442621635);
#6702=CIRCLE('',#9880,0.0002);
#6703=CIRCLE('',#9882,0.0308133688460115);
#6704=CIRCLE('',#9883,0.0002);
#6705=CIRCLE('',#9884,0.0006288442621635);
#6706=CIRCLE('',#9885,0.0002);
#6707=CIRCLE('',#9887,0.0308133688460115);
#6708=CIRCLE('',#9888,0.0002);
#6709=CIRCLE('',#9889,0.0006288442621635);
#6710=CIRCLE('',#9890,0.0002);
#6711=CIRCLE('',#9892,0.0308133688460115);
#6712=CIRCLE('',#9893,0.0002);
#6713=CIRCLE('',#9894,0.0006288442621635);
#6714=CIRCLE('',#9895,0.0002);
#6715=CIRCLE('',#9897,0.0308133688460115);
#6716=CIRCLE('',#9898,0.0002);
#6717=CIRCLE('',#9899,0.0006288442621635);
#6718=CIRCLE('',#9900,0.0002);
#6719=CIRCLE('',#9902,0.0308133688460115);
#6720=CIRCLE('',#9903,0.0002);
#6721=CIRCLE('',#9904,0.0006288442621635);
#6722=CIRCLE('',#9905,0.0002);
#6723=CIRCLE('',#9907,0.0308133688460115);
#6724=CIRCLE('',#9908,0.0002);
#6725=CIRCLE('',#9909,0.0006288442621635);
#6726=CIRCLE('',#9910,0.0002);
#6727=CIRCLE('',#9912,0.0308133688460115);
#6728=CIRCLE('',#9913,0.0002);
#6729=CIRCLE('',#9914,0.0006288442621635);
#6730=CIRCLE('',#9915,0.0002);
#6731=CIRCLE('',#9917,0.0308133688460115);
#6732=CIRCLE('',#9918,0.0002);
#6733=CIRCLE('',#9919,0.0006288442621635);
#6734=CIRCLE('',#9920,0.0002);
#6735=CIRCLE('',#9922,0.0308133688460115);
#6736=CIRCLE('',#9923,0.0002);
#6737=CIRCLE('',#9924,0.0006288442621635);
#6738=CIRCLE('',#9925,0.0002);
#6739=CIRCLE('',#9927,0.0308133688460115);
#6740=CIRCLE('',#9928,0.0002);
#6741=CIRCLE('',#9929,0.0006288442621635);
#6742=CIRCLE('',#9930,0.0002);
#6743=CIRCLE('',#9932,0.0308133688460115);
#6744=CIRCLE('',#9933,0.0002);
#6745=CIRCLE('',#9934,0.0006288442621635);
#6746=CIRCLE('',#9935,0.0002);
#6747=CIRCLE('',#9937,0.0308133688460115);
#6748=CIRCLE('',#9938,0.0002);
#6749=CIRCLE('',#9939,0.0006288442621635);
#6750=CIRCLE('',#9940,0.0002);
#6751=CIRCLE('',#9942,0.0308133688460115);
#6752=CIRCLE('',#9943,0.0002);
#6753=CIRCLE('',#9944,0.0006288442621635);
#6754=CIRCLE('',#9945,0.0002);
#6755=CIRCLE('',#9947,0.0308133688460115);
#6756=CIRCLE('',#9948,0.0002);
#6757=CIRCLE('',#9949,0.0006288442621635);
#6758=CIRCLE('',#9950,0.0002);
#6759=CIRCLE('',#9952,0.0308133688460115);
#6760=CIRCLE('',#9953,0.0002);
#6761=CIRCLE('',#9954,0.0006288442621635);
#6762=CIRCLE('',#9955,0.0002);
#6763=CIRCLE('',#9957,0.0308133688460115);
#6764=CIRCLE('',#9958,0.0002);
#6765=CIRCLE('',#9959,0.0006288442621635);
#6766=CIRCLE('',#9960,0.0002);
#6767=CIRCLE('',#9962,0.0308133688460115);
#6768=CIRCLE('',#9963,0.0002);
#6769=CIRCLE('',#9964,0.0006288442621635);
#6770=CIRCLE('',#9965,0.0002);
#6771=CIRCLE('',#9967,0.0308133688460115);
#6772=CIRCLE('',#9968,0.0002);
#6773=CIRCLE('',#9969,0.0006288442621635);
#6774=CIRCLE('',#9970,0.0002);
#6775=CIRCLE('',#9972,0.0308133688460115);
#6776=CIRCLE('',#9973,0.0002);
#6777=CIRCLE('',#9974,0.0006288442621635);
#6778=CIRCLE('',#9975,0.0002);
#6779=CIRCLE('',#9977,0.0308133688460115);
#6780=CIRCLE('',#9978,0.0002);
#6781=CIRCLE('',#9979,0.0006288442621635);
#6782=CIRCLE('',#9980,0.0002);
#6783=CIRCLE('',#9982,0.0308133688460115);
#6784=CIRCLE('',#9983,0.0002);
#6785=CIRCLE('',#9984,0.0006288442621635);
#6786=CIRCLE('',#9985,0.0002);
#6787=CIRCLE('',#9987,0.0308133688460115);
#6788=CIRCLE('',#9988,0.0002);
#6789=CIRCLE('',#9989,0.0006288442621635);
#6790=CIRCLE('',#9990,0.0002);
#6791=CIRCLE('',#9992,0.0308133688460115);
#6792=CIRCLE('',#9993,0.0002);
#6793=CIRCLE('',#9994,0.0006288442621635);
#6794=CIRCLE('',#9995,0.0002);
#6795=CIRCLE('',#9997,0.0308133688460115);
#6796=CIRCLE('',#9998,0.0002);
#6797=CIRCLE('',#9999,0.0006288442621635);
#6798=CIRCLE('',#10000,0.0002);
#6799=CIRCLE('',#10002,0.0308133688460115);
#6800=CIRCLE('',#10003,0.0002);
#6801=CIRCLE('',#10004,0.0006288442621635);
#6802=CIRCLE('',#10005,0.0002);
#6803=CIRCLE('',#10007,0.0308133688460115);
#6804=CIRCLE('',#10008,0.0002);
#6805=CIRCLE('',#10009,0.0006288442621635);
#6806=CIRCLE('',#10010,0.0002);
#6807=CIRCLE('',#10012,0.0308133688460115);
#6808=CIRCLE('',#10013,0.0002);
#6809=CIRCLE('',#10014,0.0006288442621635);
#6810=CIRCLE('',#10015,0.0002);
#6811=CIRCLE('',#10017,0.0308133688460115);
#6812=CIRCLE('',#10018,0.0002);
#6813=CIRCLE('',#10019,0.0006288442621635);
#6814=CIRCLE('',#10020,0.0002);
#6815=CIRCLE('',#10022,0.0308133688460115);
#6816=CIRCLE('',#10023,0.0002);
#6817=CIRCLE('',#10024,0.0006288442621635);
#6818=CIRCLE('',#10025,0.0002);
#6819=CIRCLE('',#10027,0.0308133688460115);
#6820=CIRCLE('',#10028,0.0002);
#6821=CIRCLE('',#10029,0.0006288442621635);
#6822=CIRCLE('',#10030,0.0002);
#6823=CIRCLE('',#10032,0.0308133688460115);
#6824=CIRCLE('',#10033,0.0002);
#6825=CIRCLE('',#10034,0.0006288442621635);
#6826=CIRCLE('',#10035,0.0002);
#6827=CIRCLE('',#10037,0.0308133688460115);
#6828=CIRCLE('',#10038,0.0002);
#6829=CIRCLE('',#10039,0.0006288442621635);
#6830=CIRCLE('',#10040,0.0002);
#6831=CIRCLE('',#10042,0.0308133688460115);
#6832=CIRCLE('',#10043,0.0002);
#6833=CIRCLE('',#10044,0.0006288442621635);
#6834=CIRCLE('',#10045,0.0002);
#6835=CIRCLE('',#10047,0.0308133688460115);
#6836=CIRCLE('',#10048,0.0002);
#6837=CIRCLE('',#10049,0.0006288442621635);
#6838=CIRCLE('',#10050,0.0002);
#6839=CIRCLE('',#10052,0.0308133688460115);
#6840=CIRCLE('',#10053,0.0002);
#6841=CIRCLE('',#10054,0.0006288442621635);
#6842=CIRCLE('',#10055,0.0002);
#6843=CIRCLE('',#10057,0.0308133688460115);
#6844=CIRCLE('',#10058,0.0002);
#6845=CIRCLE('',#10059,0.0006288442621635);
#6846=CIRCLE('',#10060,0.0002);
#6847=CIRCLE('',#10062,0.0308133688460115);
#6848=CIRCLE('',#10063,0.0002);
#6849=CIRCLE('',#10064,0.0006288442621635);
#6850=CIRCLE('',#10065,0.0002);
#6851=CIRCLE('',#10067,0.0308133688460115);
#6852=CIRCLE('',#10068,0.0002);
#6853=CIRCLE('',#10069,0.0006288442621635);
#6854=CIRCLE('',#10070,0.0002);
#6855=CIRCLE('',#10072,0.0308133688460115);
#6856=CIRCLE('',#10073,0.0002);
#6857=CIRCLE('',#10074,0.0006288442621635);
#6858=CIRCLE('',#10075,0.0002);
#6859=CIRCLE('',#10077,0.0308133688460115);
#6860=CIRCLE('',#10078,0.0002);
#6861=CIRCLE('',#10079,0.0006288442621635);
#6862=CIRCLE('',#10080,0.0002);
#6863=CIRCLE('',#10082,0.0308133688460115);
#6864=CIRCLE('',#10083,0.0002);
#6865=CIRCLE('',#10084,0.0006288442621635);
#6866=CIRCLE('',#10085,0.0002);
#6867=CIRCLE('',#10087,0.0308133688460115);
#6868=CIRCLE('',#10088,0.0002);
#6869=CIRCLE('',#10089,0.0006288442621635);
#6870=CIRCLE('',#10090,0.0002);
#6871=CIRCLE('',#10092,0.0308133688460115);
#6872=CIRCLE('',#10093,0.0002);
#6873=CIRCLE('',#10094,0.0006288442621635);
#6874=CIRCLE('',#10095,0.0002);
#6875=CIRCLE('',#10097,0.0308133688460115);
#6876=CIRCLE('',#10098,0.0002);
#6877=CIRCLE('',#10099,0.0006288442621635);
#6878=CIRCLE('',#10100,0.0002);
#6879=CIRCLE('',#10102,0.0308133688460115);
#6880=CIRCLE('',#10103,0.0002);
#6881=CIRCLE('',#10104,0.0006288442621635);
#6882=CIRCLE('',#10105,0.0002);
#6883=CIRCLE('',#10107,0.0308133688460115);
#6884=CIRCLE('',#10108,0.0002);
#6885=CIRCLE('',#10109,0.0006288442621635);
#6886=CIRCLE('',#10110,0.0002);
#6887=CIRCLE('',#10112,0.0308133688460115);
#6888=CIRCLE('',#10113,0.0002);
#6889=CIRCLE('',#10114,0.0006288442621635);
#6890=CIRCLE('',#10115,0.0002);
#6891=CIRCLE('',#10117,0.0308133688460115);
#6892=CIRCLE('',#10118,0.0002);
#6893=CIRCLE('',#10119,0.0006288442621635);
#6894=CIRCLE('',#10120,0.0002);
#6895=CIRCLE('',#10122,0.0308133688460115);
#6896=CIRCLE('',#10123,0.0002);
#6897=CIRCLE('',#10124,0.0006288442621635);
#6898=CIRCLE('',#10125,0.0002);
#6899=CIRCLE('',#10127,0.0308133688460115);
#6900=CIRCLE('',#10128,0.0002);
#6901=CIRCLE('',#10129,0.0006288442621635);
#6902=CIRCLE('',#10130,0.0002);
#6903=CIRCLE('',#10132,0.0308133688460115);
#6904=CIRCLE('',#10133,0.0002);
#6905=CIRCLE('',#10134,0.0006288442621635);
#6906=CIRCLE('',#10135,0.0002);
#6907=CIRCLE('',#10137,0.0308133688460115);
#6908=CIRCLE('',#10138,0.0002);
#6909=CIRCLE('',#10139,0.0006288442621635);
#6910=CIRCLE('',#10140,0.0002);
#6911=CIRCLE('',#10142,0.0308133688460115);
#6912=CIRCLE('',#10143,0.0002);
#6913=CIRCLE('',#10144,0.0006288442621635);
#6914=CIRCLE('',#10145,0.0002);
#6915=CIRCLE('',#10147,0.0308133688460115);
#6916=CIRCLE('',#10148,0.0002);
#6917=CIRCLE('',#10149,0.0006288442621635);
#6918=CIRCLE('',#10150,0.0002);
#6919=CIRCLE('',#10152,0.0308133688460115);
#6920=CIRCLE('',#10153,0.0002);
#6921=CIRCLE('',#10154,0.0006288442621635);
#6922=CIRCLE('',#10155,0.0002);
#6923=CIRCLE('',#10157,0.0308133688460115);
#6924=CIRCLE('',#10158,0.0002);
#6925=CIRCLE('',#10159,0.0006288442621635);
#6926=CIRCLE('',#10160,0.0002);
#6927=CIRCLE('',#10162,0.0308133688460115);
#6928=CIRCLE('',#10163,0.0002);
#6929=CIRCLE('',#10164,0.0006288442621635);
#6930=CIRCLE('',#10165,0.0002);
#6931=CIRCLE('',#10167,0.0308133688460115);
#6932=CIRCLE('',#10168,0.0002);
#6933=CIRCLE('',#10169,0.0006288442621635);
#6934=CIRCLE('',#10170,0.0002);
#6935=CIRCLE('',#10172,0.0308133688460115);
#6936=CIRCLE('',#10173,0.0002);
#6937=CIRCLE('',#10174,0.0006288442621635);
#6938=CIRCLE('',#10175,0.0002);
#6939=CIRCLE('',#10177,0.0315753688460115);
#6940=CIRCLE('',#10178,0.0315753688460115);
#6941=CIRCLE('',#10180,0.0308133688460115);
#6942=CIRCLE('',#10181,0.0308133688460115);
#6943=CIRCLE('',#10186,0.0308133688460115);
#6944=CIRCLE('',#10187,0.0308133688460115);
#6945=CIRCLE('',#10192,0.0308133688460115);
#6946=CIRCLE('',#10193,0.0308133688460115);
#6947=CIRCLE('',#10198,0.0308133688460115);
#6948=CIRCLE('',#10199,0.0308133688460115);
#6949=CIRCLE('',#10204,0.0308133688460115);
#6950=CIRCLE('',#10205,0.0308133688460115);
#6951=CIRCLE('',#10210,0.0308133688460115);
#6952=CIRCLE('',#10211,0.0308133688460115);
#6953=CIRCLE('',#10216,0.0308133688460115);
#6954=CIRCLE('',#10217,0.0308133688460115);
#6955=CIRCLE('',#10222,0.0308133688460115);
#6956=CIRCLE('',#10223,0.0308133688460115);
#6957=CIRCLE('',#10228,0.0308133688460115);
#6958=CIRCLE('',#10229,0.0308133688460115);
#6959=CIRCLE('',#10234,0.0308133688460115);
#6960=CIRCLE('',#10235,0.0308133688460115);
#6961=CIRCLE('',#10240,0.0308133688460115);
#6962=CIRCLE('',#10241,0.0308133688460115);
#6963=CIRCLE('',#10246,0.0308133688460115);
#6964=CIRCLE('',#10247,0.0308133688460115);
#6965=CIRCLE('',#10252,0.0308133688460115);
#6966=CIRCLE('',#10253,0.0308133688460115);
#6967=CIRCLE('',#10258,0.0308133688460115);
#6968=CIRCLE('',#10259,0.0308133688460115);
#6969=CIRCLE('',#10264,0.0308133688460115);
#6970=CIRCLE('',#10265,0.0308133688460115);
#6971=CIRCLE('',#10270,0.0308133688460115);
#6972=CIRCLE('',#10271,0.0308133688460115);
#6973=CIRCLE('',#10276,0.0308133688460115);
#6974=CIRCLE('',#10277,0.0308133688460115);
#6975=CIRCLE('',#10282,0.0308133688460115);
#6976=CIRCLE('',#10283,0.0308133688460115);
#6977=CIRCLE('',#10288,0.0308133688460115);
#6978=CIRCLE('',#10289,0.0308133688460115);
#6979=CIRCLE('',#10294,0.0308133688460115);
#6980=CIRCLE('',#10295,0.0308133688460115);
#6981=CIRCLE('',#10300,0.0308133688460115);
#6982=CIRCLE('',#10301,0.0308133688460115);
#6983=CIRCLE('',#10306,0.0308133688460115);
#6984=CIRCLE('',#10307,0.0308133688460115);
#6985=CIRCLE('',#10312,0.0308133688460115);
#6986=CIRCLE('',#10313,0.0308133688460115);
#6987=CIRCLE('',#10318,0.0308133688460115);
#6988=CIRCLE('',#10319,0.0308133688460115);
#6989=CIRCLE('',#10324,0.0308133688460115);
#6990=CIRCLE('',#10325,0.0308133688460115);
#6991=CIRCLE('',#10330,0.0308133688460115);
#6992=CIRCLE('',#10331,0.0308133688460115);
#6993=CIRCLE('',#10336,0.0308133688460115);
#6994=CIRCLE('',#10337,0.0308133688460115);
#6995=CIRCLE('',#10342,0.0308133688460115);
#6996=CIRCLE('',#10343,0.0308133688460115);
#6997=CIRCLE('',#10348,0.0308133688460115);
#6998=CIRCLE('',#10349,0.0308133688460115);
#6999=CIRCLE('',#10354,0.0308133688460115);
#7000=CIRCLE('',#10355,0.0308133688460115);
#7001=CIRCLE('',#10360,0.0308133688460115);
#7002=CIRCLE('',#10361,0.0308133688460115);
#7003=CIRCLE('',#10366,0.0308133688460115);
#7004=CIRCLE('',#10367,0.0308133688460115);
#7005=CIRCLE('',#10372,0.0308133688460115);
#7006=CIRCLE('',#10373,0.0308133688460115);
#7007=CIRCLE('',#10378,0.0308133688460115);
#7008=CIRCLE('',#10379,0.0308133688460115);
#7009=CIRCLE('',#10384,0.0308133688460115);
#7010=CIRCLE('',#10385,0.0308133688460115);
#7011=CIRCLE('',#10390,0.0308133688460115);
#7012=CIRCLE('',#10391,0.0308133688460115);
#7013=CIRCLE('',#10396,0.0308133688460115);
#7014=CIRCLE('',#10397,0.0308133688460115);
#7015=CIRCLE('',#10402,0.0308133688460115);
#7016=CIRCLE('',#10403,0.0308133688460115);
#7017=CIRCLE('',#10408,0.0308133688460115);
#7018=CIRCLE('',#10409,0.0308133688460115);
#7019=CIRCLE('',#10414,0.0308133688460115);
#7020=CIRCLE('',#10415,0.0308133688460115);
#7021=CIRCLE('',#10420,0.0308133688460115);
#7022=CIRCLE('',#10421,0.0308133688460115);
#7023=CIRCLE('',#10426,0.0308133688460115);
#7024=CIRCLE('',#10427,0.0308133688460115);
#7025=CIRCLE('',#10432,0.0308133688460115);
#7026=CIRCLE('',#10433,0.0308133688460115);
#7027=CIRCLE('',#10438,0.0308133688460115);
#7028=CIRCLE('',#10439,0.0308133688460115);
#7029=CIRCLE('',#10444,0.0308133688460115);
#7030=CIRCLE('',#10445,0.0308133688460115);
#7031=CIRCLE('',#10450,0.0308133688460115);
#7032=CIRCLE('',#10451,0.0308133688460115);
#7033=CIRCLE('',#10456,0.0308133688460115);
#7034=CIRCLE('',#10457,0.0308133688460115);
#7035=CIRCLE('',#10462,0.0308133688460115);
#7036=CIRCLE('',#10463,0.0308133688460115);
#7037=CIRCLE('',#10468,0.0308133688460115);
#7038=CIRCLE('',#10469,0.0308133688460115);
#7039=CIRCLE('',#10474,0.0308133688460115);
#7040=CIRCLE('',#10475,0.0308133688460115);
#7041=CIRCLE('',#10480,0.0308133688460115);
#7042=CIRCLE('',#10481,0.0308133688460115);
#7043=CIRCLE('',#10486,0.0308133688460115);
#7044=CIRCLE('',#10487,0.0308133688460115);
#7045=CIRCLE('',#10492,0.0308133688460115);
#7046=CIRCLE('',#10493,0.0308133688460115);
#7047=CIRCLE('',#10498,0.0308133688460115);
#7048=CIRCLE('',#10499,0.0308133688460115);
#7049=CIRCLE('',#10504,0.0308133688460115);
#7050=CIRCLE('',#10505,0.0308133688460115);
#7051=CIRCLE('',#10510,0.0308133688460115);
#7052=CIRCLE('',#10511,0.0308133688460115);
#7053=CIRCLE('',#10516,0.0308133688460115);
#7054=CIRCLE('',#10517,0.0308133688460115);
#7055=CIRCLE('',#10522,0.0308133688460115);
#7056=CIRCLE('',#10523,0.0308133688460115);
#7057=CIRCLE('',#10528,0.0308133688460115);
#7058=CIRCLE('',#10529,0.0308133688460115);
#7059=CIRCLE('',#10534,0.0308133688460115);
#7060=CIRCLE('',#10535,0.0308133688460115);
#7061=CIRCLE('',#10540,0.0308133688460115);
#7062=CIRCLE('',#10541,0.0308133688460115);
#7063=CIRCLE('',#10546,0.0308133688460115);
#7064=CIRCLE('',#10547,0.0308133688460115);
#7065=CIRCLE('',#10552,0.0308133688460115);
#7066=CIRCLE('',#10553,0.0308133688460115);
#7067=CIRCLE('',#10558,0.0308133688460115);
#7068=CIRCLE('',#10559,0.0308133688460115);
#7069=CIRCLE('',#10564,0.0308133688460115);
#7070=CIRCLE('',#10565,0.0308133688460115);
#7071=CIRCLE('',#10570,0.0308133688460115);
#7072=CIRCLE('',#10571,0.0308133688460115);
#7073=CIRCLE('',#10576,0.0308133688460115);
#7074=CIRCLE('',#10577,0.0308133688460115);
#7075=CIRCLE('',#10582,0.0308133688460115);
#7076=CIRCLE('',#10583,0.0308133688460115);
#7077=CIRCLE('',#10588,0.0308133688460115);
#7078=CIRCLE('',#10589,0.0308133688460115);
#7079=CIRCLE('',#10594,0.0308133688460115);
#7080=CIRCLE('',#10595,0.0308133688460115);
#7081=CIRCLE('',#10600,0.0308133688460115);
#7082=CIRCLE('',#10601,0.0308133688460115);
#7083=CIRCLE('',#10606,0.0308133688460115);
#7084=CIRCLE('',#10607,0.0308133688460115);
#7085=CIRCLE('',#10612,0.0308133688460115);
#7086=CIRCLE('',#10613,0.0308133688460115);
#7087=CIRCLE('',#10618,0.0308133688460115);
#7088=CIRCLE('',#10619,0.0308133688460115);
#7089=CIRCLE('',#10624,0.0308133688460115);
#7090=CIRCLE('',#10625,0.0308133688460115);
#7091=CIRCLE('',#10630,0.0308133688460115);
#7092=CIRCLE('',#10631,0.0308133688460115);
#7093=CIRCLE('',#10636,0.0308133688460115);
#7094=CIRCLE('',#10637,0.0308133688460115);
#7095=CIRCLE('',#10642,0.0308133688460115);
#7096=CIRCLE('',#10643,0.0308133688460115);
#7097=CIRCLE('',#10648,0.0308133688460115);
#7098=CIRCLE('',#10649,0.0308133688460115);
#7099=CIRCLE('',#10654,0.0308133688460115);
#7100=CIRCLE('',#10655,0.0308133688460115);
#7101=CIRCLE('',#10660,0.0308133688460115);
#7102=CIRCLE('',#10661,0.0308133688460115);
#7103=CIRCLE('',#10666,0.0308133688460115);
#7104=CIRCLE('',#10667,0.0308133688460115);
#7105=CIRCLE('',#10672,0.0308133688460115);
#7106=CIRCLE('',#10673,0.0308133688460115);
#7107=CIRCLE('',#10678,0.0308133688460115);
#7108=CIRCLE('',#10679,0.0308133688460115);
#7109=CIRCLE('',#10684,0.0308133688460115);
#7110=CIRCLE('',#10685,0.0308133688460115);
#7111=CIRCLE('',#10690,0.0308133688460115);
#7112=CIRCLE('',#10691,0.0308133688460115);
#7113=CIRCLE('',#10696,0.0308133688460115);
#7114=CIRCLE('',#10697,0.0308133688460115);
#7115=CIRCLE('',#10702,0.0308133688460115);
#7116=CIRCLE('',#10703,0.0308133688460115);
#7117=CIRCLE('',#10708,0.0308133688460115);
#7118=CIRCLE('',#10709,0.0308133688460115);
#7119=CIRCLE('',#10714,0.0308133688460115);
#7120=CIRCLE('',#10715,0.0308133688460115);
#7121=CIRCLE('',#10720,0.0308133688460115);
#7122=CIRCLE('',#10721,0.0308133688460115);
#7123=CIRCLE('',#10726,0.0308133688460115);
#7124=CIRCLE('',#10727,0.0308133688460115);
#7125=CIRCLE('',#10732,0.0308133688460115);
#7126=CIRCLE('',#10733,0.0308133688460115);
#7127=CIRCLE('',#10738,0.0308133688460115);
#7128=CIRCLE('',#10739,0.0308133688460115);
#7129=CIRCLE('',#10744,0.0308133688460115);
#7130=CIRCLE('',#10745,0.0308133688460115);
#7131=CIRCLE('',#10750,0.0308133688460115);
#7132=CIRCLE('',#10751,0.0308133688460115);
#7133=CIRCLE('',#10756,0.0308133688460115);
#7134=CIRCLE('',#10757,0.0308133688460115);
#7135=CIRCLE('',#10762,0.0308133688460115);
#7136=CIRCLE('',#10763,0.0308133688460115);
#7137=CIRCLE('',#10768,0.01);
#7138=CIRCLE('',#10769,0.00225);
#7139=CIRCLE('',#10770,0.00225);
#7140=CIRCLE('',#10771,0.00225);
#7141=CIRCLE('',#10772,0.00225);
#7142=CIRCLE('',#10774,0.01);
#7143=CIRCLE('',#10775,0.00225);
#7144=CIRCLE('',#10776,0.00225);
#7145=CIRCLE('',#10777,0.00225);
#7146=CIRCLE('',#10778,0.00225);
#7147=EDGE_LOOP('',(#1197,#1198,#1199,#1200));
#7148=EDGE_LOOP('',(#1201,#1202,#1203,#1204));
#7149=EDGE_LOOP('',(#1205,#1206,#1207,#1208));
#7150=EDGE_LOOP('',(#1209,#1210,#1211,#1212));
#7151=EDGE_LOOP('',(#1213,#1214,#1215,#1216));
#7152=EDGE_LOOP('',(#1217,#1218,#1219,#1220));
#7153=EDGE_LOOP('',(#1221,#1222,#1223,#1224));
#7154=EDGE_LOOP('',(#1225,#1226,#1227,#1228));
#7155=EDGE_LOOP('',(#1229,#1230,#1231,#1232));
#7156=EDGE_LOOP('',(#1233,#1234,#1235,#1236));
#7157=EDGE_LOOP('',(#1237,#1238,#1239,#1240));
#7158=EDGE_LOOP('',(#1241,#1242,#1243,#1244));
#7159=EDGE_LOOP('',(#1245,#1246,#1247,#1248));
#7160=EDGE_LOOP('',(#1249,#1250,#1251,#1252));
#7161=EDGE_LOOP('',(#1253,#1254,#1255,#1256));
#7162=EDGE_LOOP('',(#1257,#1258,#1259,#1260));
#7163=EDGE_LOOP('',(#1261,#1262,#1263,#1264));
#7164=EDGE_LOOP('',(#1265,#1266,#1267,#1268));
#7165=EDGE_LOOP('',(#1269,#1270,#1271,#1272));
#7166=EDGE_LOOP('',(#1273,#1274,#1275,#1276));
#7167=EDGE_LOOP('',(#1277,#1278,#1279,#1280));
#7168=EDGE_LOOP('',(#1281,#1282,#1283,#1284));
#7169=EDGE_LOOP('',(#1285,#1286,#1287,#1288));
#7170=EDGE_LOOP('',(#1289,#1290,#1291,#1292));
#7171=EDGE_LOOP('',(#1293,#1294,#1295,#1296));
#7172=EDGE_LOOP('',(#1297,#1298,#1299,#1300));
#7173=EDGE_LOOP('',(#1301,#1302,#1303,#1304));
#7174=EDGE_LOOP('',(#1305,#1306,#1307,#1308));
#7175=EDGE_LOOP('',(#1309,#1310,#1311,#1312));
#7176=EDGE_LOOP('',(#1313,#1314,#1315,#1316));
#7177=EDGE_LOOP('',(#1317,#1318,#1319,#1320));
#7178=EDGE_LOOP('',(#1321,#1322,#1323,#1324));
#7179=EDGE_LOOP('',(#1325,#1326,#1327,#1328));
#7180=EDGE_LOOP('',(#1329,#1330,#1331,#1332));
#7181=EDGE_LOOP('',(#1333,#1334,#1335,#1336));
#7182=EDGE_LOOP('',(#1337,#1338,#1339,#1340));
#7183=EDGE_LOOP('',(#1341,#1342,#1343,#1344));
#7184=EDGE_LOOP('',(#1345,#1346,#1347,#1348));
#7185=EDGE_LOOP('',(#1349,#1350,#1351,#1352));
#7186=EDGE_LOOP('',(#1353,#1354,#1355,#1356));
#7187=EDGE_LOOP('',(#1357,#1358,#1359,#1360));
#7188=EDGE_LOOP('',(#1361,#1362,#1363,#1364));
#7189=EDGE_LOOP('',(#1365,#1366,#1367,#1368));
#7190=EDGE_LOOP('',(#1369,#1370,#1371,#1372));
#7191=EDGE_LOOP('',(#1373,#1374,#1375,#1376));
#7192=EDGE_LOOP('',(#1377,#1378,#1379,#1380));
#7193=EDGE_LOOP('',(#1381,#1382,#1383,#1384));
#7194=EDGE_LOOP('',(#1385,#1386,#1387,#1388));
#7195=EDGE_LOOP('',(#1389,#1390,#1391,#1392));
#7196=EDGE_LOOP('',(#1393,#1394,#1395,#1396));
#7197=EDGE_LOOP('',(#1397,#1398,#1399,#1400));
#7198=EDGE_LOOP('',(#1401,#1402,#1403,#1404));
#7199=EDGE_LOOP('',(#1405,#1406,#1407,#1408));
#7200=EDGE_LOOP('',(#1409,#1410,#1411,#1412));
#7201=EDGE_LOOP('',(#1413,#1414,#1415,#1416));
#7202=EDGE_LOOP('',(#1417,#1418,#1419,#1420));
#7203=EDGE_LOOP('',(#1421,#1422,#1423,#1424));
#7204=EDGE_LOOP('',(#1425,#1426,#1427,#1428));
#7205=EDGE_LOOP('',(#1429,#1430,#1431,#1432));
#7206=EDGE_LOOP('',(#1433,#1434,#1435,#1436));
#7207=EDGE_LOOP('',(#1437,#1438,#1439,#1440));
#7208=EDGE_LOOP('',(#1441,#1442,#1443,#1444));
#7209=EDGE_LOOP('',(#1445,#1446,#1447,#1448));
#7210=EDGE_LOOP('',(#1449,#1450,#1451,#1452));
#7211=EDGE_LOOP('',(#1453,#1454,#1455,#1456));
#7212=EDGE_LOOP('',(#1457,#1458,#1459,#1460));
#7213=EDGE_LOOP('',(#1461,#1462,#1463,#1464));
#7214=EDGE_LOOP('',(#1465,#1466,#1467,#1468));
#7215=EDGE_LOOP('',(#1469,#1470,#1471,#1472));
#7216=EDGE_LOOP('',(#1473,#1474,#1475,#1476));
#7217=EDGE_LOOP('',(#1477,#1478,#1479,#1480));
#7218=EDGE_LOOP('',(#1481,#1482,#1483,#1484));
#7219=EDGE_LOOP('',(#1485,#1486,#1487,#1488));
#7220=EDGE_LOOP('',(#1489,#1490,#1491,#1492));
#7221=EDGE_LOOP('',(#1493,#1494,#1495,#1496));
#7222=EDGE_LOOP('',(#1497,#1498,#1499,#1500));
#7223=EDGE_LOOP('',(#1501,#1502,#1503,#1504));
#7224=EDGE_LOOP('',(#1505,#1506,#1507,#1508));
#7225=EDGE_LOOP('',(#1509,#1510,#1511,#1512));
#7226=EDGE_LOOP('',(#1513,#1514,#1515,#1516));
#7227=EDGE_LOOP('',(#1517,#1518,#1519,#1520));
#7228=EDGE_LOOP('',(#1521,#1522,#1523,#1524));
#7229=EDGE_LOOP('',(#1525,#1526,#1527,#1528));
#7230=EDGE_LOOP('',(#1529,#1530,#1531,#1532));
#7231=EDGE_LOOP('',(#1533,#1534,#1535,#1536));
#7232=EDGE_LOOP('',(#1537,#1538,#1539,#1540));
#7233=EDGE_LOOP('',(#1541,#1542,#1543,#1544));
#7234=EDGE_LOOP('',(#1545,#1546,#1547,#1548));
#7235=EDGE_LOOP('',(#1549,#1550,#1551,#1552));
#7236=EDGE_LOOP('',(#1553,#1554,#1555,#1556));
#7237=EDGE_LOOP('',(#1557,#1558,#1559,#1560));
#7238=EDGE_LOOP('',(#1561,#1562,#1563,#1564));
#7239=EDGE_LOOP('',(#1565,#1566,#1567,#1568));
#7240=EDGE_LOOP('',(#1569,#1570,#1571,#1572));
#7241=EDGE_LOOP('',(#1573,#1574,#1575,#1576));
#7242=EDGE_LOOP('',(#1577,#1578,#1579,#1580));
#7243=EDGE_LOOP('',(#1581,#1582,#1583,#1584));
#7244=EDGE_LOOP('',(#1585,#1586,#1587,#1588));
#7245=EDGE_LOOP('',(#1589));
#7246=EDGE_LOOP('',(#1590));
#7247=EDGE_LOOP('',(#1591,#1592,#1593,#1594));
#7248=EDGE_LOOP('',(#1595,#1596,#1597,#1598));
#7249=EDGE_LOOP('',(#1599,#1600,#1601,#1602));
#7250=EDGE_LOOP('',(#1603,#1604,#1605,#1606));
#7251=EDGE_LOOP('',(#1607,#1608,#1609,#1610));
#7252=EDGE_LOOP('',(#1611,#1612,#1613,#1614));
#7253=EDGE_LOOP('',(#1615,#1616,#1617,#1618));
#7254=EDGE_LOOP('',(#1619,#1620,#1621,#1622));
#7255=EDGE_LOOP('',(#1623,#1624,#1625,#1626));
#7256=EDGE_LOOP('',(#1627,#1628,#1629,#1630));
#7257=EDGE_LOOP('',(#1631,#1632,#1633,#1634));
#7258=EDGE_LOOP('',(#1635,#1636,#1637,#1638));
#7259=EDGE_LOOP('',(#1639,#1640,#1641,#1642));
#7260=EDGE_LOOP('',(#1643,#1644,#1645,#1646));
#7261=EDGE_LOOP('',(#1647,#1648,#1649,#1650));
#7262=EDGE_LOOP('',(#1651,#1652,#1653,#1654));
#7263=EDGE_LOOP('',(#1655,#1656,#1657,#1658));
#7264=EDGE_LOOP('',(#1659,#1660,#1661,#1662));
#7265=EDGE_LOOP('',(#1663,#1664,#1665,#1666));
#7266=EDGE_LOOP('',(#1667,#1668,#1669,#1670));
#7267=EDGE_LOOP('',(#1671,#1672,#1673,#1674));
#7268=EDGE_LOOP('',(#1675,#1676,#1677,#1678));
#7269=EDGE_LOOP('',(#1679,#1680,#1681,#1682));
#7270=EDGE_LOOP('',(#1683,#1684,#1685,#1686));
#7271=EDGE_LOOP('',(#1687,#1688,#1689,#1690));
#7272=EDGE_LOOP('',(#1691,#1692,#1693,#1694));
#7273=EDGE_LOOP('',(#1695,#1696,#1697,#1698));
#7274=EDGE_LOOP('',(#1699,#1700,#1701,#1702));
#7275=EDGE_LOOP('',(#1703,#1704,#1705,#1706));
#7276=EDGE_LOOP('',(#1707,#1708,#1709,#1710));
#7277=EDGE_LOOP('',(#1711,#1712,#1713,#1714));
#7278=EDGE_LOOP('',(#1715,#1716,#1717,#1718));
#7279=EDGE_LOOP('',(#1719,#1720,#1721,#1722));
#7280=EDGE_LOOP('',(#1723,#1724,#1725,#1726));
#7281=EDGE_LOOP('',(#1727,#1728,#1729,#1730));
#7282=EDGE_LOOP('',(#1731,#1732,#1733,#1734));
#7283=EDGE_LOOP('',(#1735,#1736,#1737,#1738));
#7284=EDGE_LOOP('',(#1739,#1740,#1741,#1742));
#7285=EDGE_LOOP('',(#1743,#1744,#1745,#1746));
#7286=EDGE_LOOP('',(#1747,#1748,#1749,#1750));
#7287=EDGE_LOOP('',(#1751,#1752,#1753,#1754));
#7288=EDGE_LOOP('',(#1755,#1756,#1757,#1758));
#7289=EDGE_LOOP('',(#1759,#1760,#1761,#1762));
#7290=EDGE_LOOP('',(#1763,#1764,#1765,#1766));
#7291=EDGE_LOOP('',(#1767,#1768,#1769,#1770));
#7292=EDGE_LOOP('',(#1771,#1772,#1773,#1774));
#7293=EDGE_LOOP('',(#1775,#1776,#1777,#1778));
#7294=EDGE_LOOP('',(#1779,#1780,#1781,#1782));
#7295=EDGE_LOOP('',(#1783,#1784,#1785,#1786));
#7296=EDGE_LOOP('',(#1787,#1788,#1789,#1790));
#7297=EDGE_LOOP('',(#1791,#1792,#1793,#1794));
#7298=EDGE_LOOP('',(#1795,#1796,#1797,#1798));
#7299=EDGE_LOOP('',(#1799,#1800,#1801,#1802));
#7300=EDGE_LOOP('',(#1803,#1804,#1805,#1806));
#7301=EDGE_LOOP('',(#1807,#1808,#1809,#1810));
#7302=EDGE_LOOP('',(#1811,#1812,#1813,#1814));
#7303=EDGE_LOOP('',(#1815,#1816,#1817,#1818));
#7304=EDGE_LOOP('',(#1819,#1820,#1821,#1822));
#7305=EDGE_LOOP('',(#1823,#1824,#1825,#1826));
#7306=EDGE_LOOP('',(#1827,#1828,#1829,#1830));
#7307=EDGE_LOOP('',(#1831,#1832,#1833,#1834));
#7308=EDGE_LOOP('',(#1835,#1836,#1837,#1838));
#7309=EDGE_LOOP('',(#1839,#1840,#1841,#1842));
#7310=EDGE_LOOP('',(#1843,#1844,#1845,#1846));
#7311=EDGE_LOOP('',(#1847,#1848,#1849,#1850));
#7312=EDGE_LOOP('',(#1851,#1852,#1853,#1854));
#7313=EDGE_LOOP('',(#1855,#1856,#1857,#1858));
#7314=EDGE_LOOP('',(#1859,#1860,#1861,#1862));
#7315=EDGE_LOOP('',(#1863,#1864,#1865,#1866));
#7316=EDGE_LOOP('',(#1867,#1868,#1869,#1870));
#7317=EDGE_LOOP('',(#1871,#1872,#1873,#1874));
#7318=EDGE_LOOP('',(#1875,#1876,#1877,#1878));
#7319=EDGE_LOOP('',(#1879,#1880,#1881,#1882));
#7320=EDGE_LOOP('',(#1883,#1884,#1885,#1886));
#7321=EDGE_LOOP('',(#1887,#1888,#1889,#1890));
#7322=EDGE_LOOP('',(#1891,#1892,#1893,#1894));
#7323=EDGE_LOOP('',(#1895,#1896,#1897,#1898));
#7324=EDGE_LOOP('',(#1899,#1900,#1901,#1902));
#7325=EDGE_LOOP('',(#1903,#1904,#1905,#1906));
#7326=EDGE_LOOP('',(#1907,#1908,#1909,#1910));
#7327=EDGE_LOOP('',(#1911,#1912,#1913,#1914));
#7328=EDGE_LOOP('',(#1915,#1916,#1917,#1918));
#7329=EDGE_LOOP('',(#1919,#1920,#1921,#1922));
#7330=EDGE_LOOP('',(#1923,#1924,#1925,#1926));
#7331=EDGE_LOOP('',(#1927,#1928,#1929,#1930));
#7332=EDGE_LOOP('',(#1931,#1932,#1933,#1934));
#7333=EDGE_LOOP('',(#1935,#1936,#1937,#1938));
#7334=EDGE_LOOP('',(#1939,#1940,#1941,#1942));
#7335=EDGE_LOOP('',(#1943,#1944,#1945,#1946));
#7336=EDGE_LOOP('',(#1947,#1948,#1949,#1950));
#7337=EDGE_LOOP('',(#1951,#1952,#1953,#1954));
#7338=EDGE_LOOP('',(#1955,#1956,#1957,#1958));
#7339=EDGE_LOOP('',(#1959,#1960,#1961,#1962));
#7340=EDGE_LOOP('',(#1963,#1964,#1965,#1966));
#7341=EDGE_LOOP('',(#1967,#1968,#1969,#1970));
#7342=EDGE_LOOP('',(#1971,#1972,#1973,#1974));
#7343=EDGE_LOOP('',(#1975,#1976,#1977,#1978));
#7344=EDGE_LOOP('',(#1979,#1980,#1981,#1982));
#7345=EDGE_LOOP('',(#1983));
#7346=EDGE_LOOP('',(#1984));
#7347=EDGE_LOOP('',(#1985,#1986,#1987,#1988));
#7348=EDGE_LOOP('',(#1989,#1990,#1991,#1992));
#7349=EDGE_LOOP('',(#1993,#1994,#1995,#1996));
#7350=EDGE_LOOP('',(#1997,#1998,#1999,#2000));
#7351=EDGE_LOOP('',(#2001,#2002,#2003,#2004));
#7352=EDGE_LOOP('',(#2005,#2006,#2007,#2008));
#7353=EDGE_LOOP('',(#2009,#2010,#2011,#2012));
#7354=EDGE_LOOP('',(#2013,#2014,#2015,#2016));
#7355=EDGE_LOOP('',(#2017,#2018,#2019,#2020));
#7356=EDGE_LOOP('',(#2021,#2022,#2023,#2024));
#7357=EDGE_LOOP('',(#2025,#2026,#2027,#2028));
#7358=EDGE_LOOP('',(#2029,#2030,#2031,#2032));
#7359=EDGE_LOOP('',(#2033,#2034,#2035,#2036));
#7360=EDGE_LOOP('',(#2037,#2038,#2039,#2040));
#7361=EDGE_LOOP('',(#2041,#2042,#2043,#2044));
#7362=EDGE_LOOP('',(#2045,#2046,#2047,#2048));
#7363=EDGE_LOOP('',(#2049,#2050,#2051,#2052));
#7364=EDGE_LOOP('',(#2053,#2054,#2055,#2056));
#7365=EDGE_LOOP('',(#2057,#2058,#2059,#2060));
#7366=EDGE_LOOP('',(#2061,#2062,#2063,#2064));
#7367=EDGE_LOOP('',(#2065,#2066,#2067,#2068));
#7368=EDGE_LOOP('',(#2069,#2070,#2071,#2072));
#7369=EDGE_LOOP('',(#2073,#2074,#2075,#2076));
#7370=EDGE_LOOP('',(#2077,#2078,#2079,#2080));
#7371=EDGE_LOOP('',(#2081,#2082,#2083,#2084));
#7372=EDGE_LOOP('',(#2085,#2086,#2087,#2088));
#7373=EDGE_LOOP('',(#2089,#2090,#2091,#2092));
#7374=EDGE_LOOP('',(#2093,#2094,#2095,#2096));
#7375=EDGE_LOOP('',(#2097,#2098,#2099,#2100));
#7376=EDGE_LOOP('',(#2101,#2102,#2103,#2104));
#7377=EDGE_LOOP('',(#2105,#2106,#2107,#2108));
#7378=EDGE_LOOP('',(#2109,#2110,#2111,#2112));
#7379=EDGE_LOOP('',(#2113,#2114,#2115,#2116));
#7380=EDGE_LOOP('',(#2117,#2118,#2119,#2120));
#7381=EDGE_LOOP('',(#2121,#2122,#2123,#2124));
#7382=EDGE_LOOP('',(#2125,#2126,#2127,#2128));
#7383=EDGE_LOOP('',(#2129,#2130,#2131,#2132));
#7384=EDGE_LOOP('',(#2133,#2134,#2135,#2136));
#7385=EDGE_LOOP('',(#2137,#2138,#2139,#2140));
#7386=EDGE_LOOP('',(#2141,#2142,#2143,#2144));
#7387=EDGE_LOOP('',(#2145,#2146,#2147,#2148));
#7388=EDGE_LOOP('',(#2149,#2150,#2151,#2152));
#7389=EDGE_LOOP('',(#2153,#2154,#2155,#2156));
#7390=EDGE_LOOP('',(#2157,#2158,#2159,#2160));
#7391=EDGE_LOOP('',(#2161,#2162,#2163,#2164));
#7392=EDGE_LOOP('',(#2165,#2166,#2167,#2168));
#7393=EDGE_LOOP('',(#2169,#2170,#2171,#2172));
#7394=EDGE_LOOP('',(#2173,#2174,#2175,#2176));
#7395=EDGE_LOOP('',(#2177,#2178,#2179,#2180));
#7396=EDGE_LOOP('',(#2181,#2182,#2183,#2184));
#7397=EDGE_LOOP('',(#2185,#2186,#2187,#2188));
#7398=EDGE_LOOP('',(#2189,#2190,#2191,#2192));
#7399=EDGE_LOOP('',(#2193,#2194,#2195,#2196));
#7400=EDGE_LOOP('',(#2197,#2198,#2199,#2200));
#7401=EDGE_LOOP('',(#2201,#2202,#2203,#2204));
#7402=EDGE_LOOP('',(#2205,#2206,#2207,#2208));
#7403=EDGE_LOOP('',(#2209,#2210,#2211,#2212));
#7404=EDGE_LOOP('',(#2213,#2214,#2215,#2216));
#7405=EDGE_LOOP('',(#2217,#2218,#2219,#2220));
#7406=EDGE_LOOP('',(#2221,#2222,#2223,#2224));
#7407=EDGE_LOOP('',(#2225,#2226,#2227,#2228));
#7408=EDGE_LOOP('',(#2229,#2230,#2231,#2232));
#7409=EDGE_LOOP('',(#2233,#2234,#2235,#2236));
#7410=EDGE_LOOP('',(#2237,#2238,#2239,#2240));
#7411=EDGE_LOOP('',(#2241,#2242,#2243,#2244));
#7412=EDGE_LOOP('',(#2245,#2246,#2247,#2248));
#7413=EDGE_LOOP('',(#2249,#2250,#2251,#2252));
#7414=EDGE_LOOP('',(#2253,#2254,#2255,#2256));
#7415=EDGE_LOOP('',(#2257,#2258,#2259,#2260));
#7416=EDGE_LOOP('',(#2261,#2262,#2263,#2264));
#7417=EDGE_LOOP('',(#2265,#2266,#2267,#2268));
#7418=EDGE_LOOP('',(#2269,#2270,#2271,#2272));
#7419=EDGE_LOOP('',(#2273,#2274,#2275,#2276));
#7420=EDGE_LOOP('',(#2277,#2278,#2279,#2280));
#7421=EDGE_LOOP('',(#2281,#2282,#2283,#2284));
#7422=EDGE_LOOP('',(#2285,#2286,#2287,#2288));
#7423=EDGE_LOOP('',(#2289,#2290,#2291,#2292));
#7424=EDGE_LOOP('',(#2293,#2294,#2295,#2296));
#7425=EDGE_LOOP('',(#2297,#2298,#2299,#2300));
#7426=EDGE_LOOP('',(#2301,#2302,#2303,#2304));
#7427=EDGE_LOOP('',(#2305,#2306,#2307,#2308));
#7428=EDGE_LOOP('',(#2309,#2310,#2311,#2312));
#7429=EDGE_LOOP('',(#2313,#2314,#2315,#2316));
#7430=EDGE_LOOP('',(#2317,#2318,#2319,#2320));
#7431=EDGE_LOOP('',(#2321,#2322,#2323,#2324));
#7432=EDGE_LOOP('',(#2325,#2326,#2327,#2328));
#7433=EDGE_LOOP('',(#2329,#2330,#2331,#2332));
#7434=EDGE_LOOP('',(#2333,#2334,#2335,#2336));
#7435=EDGE_LOOP('',(#2337,#2338,#2339,#2340));
#7436=EDGE_LOOP('',(#2341,#2342,#2343,#2344));
#7437=EDGE_LOOP('',(#2345,#2346,#2347,#2348));
#7438=EDGE_LOOP('',(#2349,#2350,#2351,#2352));
#7439=EDGE_LOOP('',(#2353,#2354,#2355,#2356));
#7440=EDGE_LOOP('',(#2357,#2358,#2359,#2360));
#7441=EDGE_LOOP('',(#2361,#2362,#2363,#2364));
#7442=EDGE_LOOP('',(#2365,#2366,#2367,#2368));
#7443=EDGE_LOOP('',(#2369,#2370,#2371,#2372));
#7444=EDGE_LOOP('',(#2373,#2374,#2375,#2376));
#7445=EDGE_LOOP('',(#2377,#2378,#2379,#2380));
#7446=EDGE_LOOP('',(#2381,#2382,#2383,#2384));
#7447=EDGE_LOOP('',(#2385,#2386,#2387,#2388));
#7448=EDGE_LOOP('',(#2389,#2390,#2391,#2392));
#7449=EDGE_LOOP('',(#2393,#2394,#2395,#2396));
#7450=EDGE_LOOP('',(#2397,#2398,#2399,#2400));
#7451=EDGE_LOOP('',(#2401,#2402,#2403,#2404));
#7452=EDGE_LOOP('',(#2405,#2406,#2407,#2408));
#7453=EDGE_LOOP('',(#2409,#2410,#2411,#2412));
#7454=EDGE_LOOP('',(#2413,#2414,#2415,#2416));
#7455=EDGE_LOOP('',(#2417,#2418,#2419,#2420));
#7456=EDGE_LOOP('',(#2421,#2422,#2423,#2424));
#7457=EDGE_LOOP('',(#2425,#2426,#2427,#2428));
#7458=EDGE_LOOP('',(#2429,#2430,#2431,#2432));
#7459=EDGE_LOOP('',(#2433,#2434,#2435,#2436));
#7460=EDGE_LOOP('',(#2437,#2438,#2439,#2440));
#7461=EDGE_LOOP('',(#2441,#2442,#2443,#2444));
#7462=EDGE_LOOP('',(#2445,#2446,#2447,#2448));
#7463=EDGE_LOOP('',(#2449,#2450,#2451,#2452));
#7464=EDGE_LOOP('',(#2453,#2454,#2455,#2456));
#7465=EDGE_LOOP('',(#2457,#2458,#2459,#2460));
#7466=EDGE_LOOP('',(#2461,#2462,#2463,#2464));
#7467=EDGE_LOOP('',(#2465,#2466,#2467,#2468));
#7468=EDGE_LOOP('',(#2469,#2470,#2471,#2472));
#7469=EDGE_LOOP('',(#2473,#2474,#2475,#2476));
#7470=EDGE_LOOP('',(#2477,#2478,#2479,#2480));
#7471=EDGE_LOOP('',(#2481,#2482,#2483,#2484));
#7472=EDGE_LOOP('',(#2485,#2486,#2487,#2488));
#7473=EDGE_LOOP('',(#2489,#2490,#2491,#2492));
#7474=EDGE_LOOP('',(#2493,#2494,#2495,#2496));
#7475=EDGE_LOOP('',(#2497,#2498,#2499,#2500));
#7476=EDGE_LOOP('',(#2501,#2502,#2503,#2504));
#7477=EDGE_LOOP('',(#2505,#2506,#2507,#2508));
#7478=EDGE_LOOP('',(#2509,#2510,#2511,#2512));
#7479=EDGE_LOOP('',(#2513,#2514,#2515,#2516));
#7480=EDGE_LOOP('',(#2517,#2518,#2519,#2520));
#7481=EDGE_LOOP('',(#2521,#2522,#2523,#2524));
#7482=EDGE_LOOP('',(#2525,#2526,#2527,#2528));
#7483=EDGE_LOOP('',(#2529,#2530,#2531,#2532));
#7484=EDGE_LOOP('',(#2533,#2534,#2535,#2536));
#7485=EDGE_LOOP('',(#2537,#2538,#2539,#2540));
#7486=EDGE_LOOP('',(#2541,#2542,#2543,#2544));
#7487=EDGE_LOOP('',(#2545,#2546,#2547,#2548));
#7488=EDGE_LOOP('',(#2549,#2550,#2551,#2552));
#7489=EDGE_LOOP('',(#2553,#2554,#2555,#2556));
#7490=EDGE_LOOP('',(#2557,#2558,#2559,#2560));
#7491=EDGE_LOOP('',(#2561,#2562,#2563,#2564));
#7492=EDGE_LOOP('',(#2565,#2566,#2567,#2568));
#7493=EDGE_LOOP('',(#2569,#2570,#2571,#2572));
#7494=EDGE_LOOP('',(#2573,#2574,#2575,#2576));
#7495=EDGE_LOOP('',(#2577,#2578,#2579,#2580));
#7496=EDGE_LOOP('',(#2581,#2582,#2583,#2584));
#7497=EDGE_LOOP('',(#2585,#2586,#2587,#2588));
#7498=EDGE_LOOP('',(#2589,#2590,#2591,#2592));
#7499=EDGE_LOOP('',(#2593,#2594,#2595,#2596));
#7500=EDGE_LOOP('',(#2597,#2598,#2599,#2600));
#7501=EDGE_LOOP('',(#2601,#2602,#2603,#2604));
#7502=EDGE_LOOP('',(#2605,#2606,#2607,#2608));
#7503=EDGE_LOOP('',(#2609,#2610,#2611,#2612));
#7504=EDGE_LOOP('',(#2613,#2614,#2615,#2616));
#7505=EDGE_LOOP('',(#2617,#2618,#2619,#2620));
#7506=EDGE_LOOP('',(#2621,#2622,#2623,#2624));
#7507=EDGE_LOOP('',(#2625,#2626,#2627,#2628));
#7508=EDGE_LOOP('',(#2629,#2630,#2631,#2632));
#7509=EDGE_LOOP('',(#2633,#2634,#2635,#2636));
#7510=EDGE_LOOP('',(#2637,#2638,#2639,#2640));
#7511=EDGE_LOOP('',(#2641,#2642,#2643,#2644));
#7512=EDGE_LOOP('',(#2645,#2646,#2647,#2648));
#7513=EDGE_LOOP('',(#2649,#2650,#2651,#2652));
#7514=EDGE_LOOP('',(#2653,#2654,#2655,#2656));
#7515=EDGE_LOOP('',(#2657,#2658,#2659,#2660));
#7516=EDGE_LOOP('',(#2661,#2662,#2663,#2664));
#7517=EDGE_LOOP('',(#2665,#2666,#2667,#2668));
#7518=EDGE_LOOP('',(#2669,#2670,#2671,#2672));
#7519=EDGE_LOOP('',(#2673,#2674,#2675,#2676));
#7520=EDGE_LOOP('',(#2677,#2678,#2679,#2680));
#7521=EDGE_LOOP('',(#2681,#2682,#2683,#2684));
#7522=EDGE_LOOP('',(#2685,#2686,#2687,#2688));
#7523=EDGE_LOOP('',(#2689,#2690,#2691,#2692));
#7524=EDGE_LOOP('',(#2693,#2694,#2695,#2696));
#7525=EDGE_LOOP('',(#2697,#2698,#2699,#2700));
#7526=EDGE_LOOP('',(#2701,#2702,#2703,#2704));
#7527=EDGE_LOOP('',(#2705,#2706,#2707,#2708));
#7528=EDGE_LOOP('',(#2709,#2710,#2711,#2712));
#7529=EDGE_LOOP('',(#2713,#2714,#2715,#2716));
#7530=EDGE_LOOP('',(#2717,#2718,#2719,#2720));
#7531=EDGE_LOOP('',(#2721,#2722,#2723,#2724));
#7532=EDGE_LOOP('',(#2725,#2726,#2727,#2728));
#7533=EDGE_LOOP('',(#2729,#2730,#2731,#2732));
#7534=EDGE_LOOP('',(#2733,#2734,#2735,#2736));
#7535=EDGE_LOOP('',(#2737,#2738,#2739,#2740));
#7536=EDGE_LOOP('',(#2741,#2742,#2743,#2744));
#7537=EDGE_LOOP('',(#2745,#2746,#2747,#2748));
#7538=EDGE_LOOP('',(#2749,#2750,#2751,#2752));
#7539=EDGE_LOOP('',(#2753,#2754,#2755,#2756));
#7540=EDGE_LOOP('',(#2757,#2758,#2759,#2760));
#7541=EDGE_LOOP('',(#2761,#2762,#2763,#2764));
#7542=EDGE_LOOP('',(#2765,#2766,#2767,#2768));
#7543=EDGE_LOOP('',(#2769,#2770,#2771,#2772));
#7544=EDGE_LOOP('',(#2773,#2774,#2775,#2776));
#7545=EDGE_LOOP('',(#2777,#2778,#2779,#2780));
#7546=EDGE_LOOP('',(#2781,#2782,#2783,#2784));
#7547=EDGE_LOOP('',(#2785,#2786,#2787,#2788));
#7548=EDGE_LOOP('',(#2789,#2790,#2791,#2792));
#7549=EDGE_LOOP('',(#2793,#2794,#2795,#2796));
#7550=EDGE_LOOP('',(#2797,#2798,#2799,#2800));
#7551=EDGE_LOOP('',(#2801,#2802,#2803,#2804));
#7552=EDGE_LOOP('',(#2805,#2806,#2807,#2808));
#7553=EDGE_LOOP('',(#2809,#2810,#2811,#2812));
#7554=EDGE_LOOP('',(#2813,#2814,#2815,#2816));
#7555=EDGE_LOOP('',(#2817,#2818,#2819,#2820));
#7556=EDGE_LOOP('',(#2821,#2822,#2823,#2824));
#7557=EDGE_LOOP('',(#2825,#2826,#2827,#2828));
#7558=EDGE_LOOP('',(#2829,#2830,#2831,#2832));
#7559=EDGE_LOOP('',(#2833,#2834,#2835,#2836));
#7560=EDGE_LOOP('',(#2837,#2838,#2839,#2840));
#7561=EDGE_LOOP('',(#2841,#2842,#2843,#2844));
#7562=EDGE_LOOP('',(#2845,#2846,#2847,#2848));
#7563=EDGE_LOOP('',(#2849,#2850,#2851,#2852));
#7564=EDGE_LOOP('',(#2853,#2854,#2855,#2856));
#7565=EDGE_LOOP('',(#2857,#2858,#2859,#2860));
#7566=EDGE_LOOP('',(#2861,#2862,#2863,#2864));
#7567=EDGE_LOOP('',(#2865,#2866,#2867,#2868));
#7568=EDGE_LOOP('',(#2869,#2870,#2871,#2872));
#7569=EDGE_LOOP('',(#2873,#2874,#2875,#2876));
#7570=EDGE_LOOP('',(#2877,#2878,#2879,#2880));
#7571=EDGE_LOOP('',(#2881,#2882,#2883,#2884));
#7572=EDGE_LOOP('',(#2885,#2886,#2887,#2888));
#7573=EDGE_LOOP('',(#2889,#2890,#2891,#2892));
#7574=EDGE_LOOP('',(#2893,#2894,#2895,#2896));
#7575=EDGE_LOOP('',(#2897,#2898,#2899,#2900));
#7576=EDGE_LOOP('',(#2901,#2902,#2903,#2904));
#7577=EDGE_LOOP('',(#2905,#2906,#2907,#2908));
#7578=EDGE_LOOP('',(#2909,#2910,#2911,#2912));
#7579=EDGE_LOOP('',(#2913,#2914,#2915,#2916));
#7580=EDGE_LOOP('',(#2917,#2918,#2919,#2920));
#7581=EDGE_LOOP('',(#2921,#2922,#2923,#2924));
#7582=EDGE_LOOP('',(#2925,#2926,#2927,#2928));
#7583=EDGE_LOOP('',(#2929,#2930,#2931,#2932));
#7584=EDGE_LOOP('',(#2933,#2934,#2935,#2936));
#7585=EDGE_LOOP('',(#2937,#2938,#2939,#2940));
#7586=EDGE_LOOP('',(#2941,#2942,#2943,#2944));
#7587=EDGE_LOOP('',(#2945,#2946,#2947,#2948));
#7588=EDGE_LOOP('',(#2949,#2950,#2951,#2952));
#7589=EDGE_LOOP('',(#2953,#2954,#2955,#2956));
#7590=EDGE_LOOP('',(#2957,#2958,#2959,#2960));
#7591=EDGE_LOOP('',(#2961,#2962,#2963,#2964));
#7592=EDGE_LOOP('',(#2965,#2966,#2967,#2968));
#7593=EDGE_LOOP('',(#2969,#2970,#2971,#2972));
#7594=EDGE_LOOP('',(#2973,#2974,#2975,#2976));
#7595=EDGE_LOOP('',(#2977,#2978,#2979,#2980));
#7596=EDGE_LOOP('',(#2981,#2982,#2983,#2984));
#7597=EDGE_LOOP('',(#2985,#2986,#2987,#2988));
#7598=EDGE_LOOP('',(#2989,#2990,#2991,#2992));
#7599=EDGE_LOOP('',(#2993,#2994,#2995,#2996));
#7600=EDGE_LOOP('',(#2997,#2998,#2999,#3000));
#7601=EDGE_LOOP('',(#3001,#3002,#3003,#3004));
#7602=EDGE_LOOP('',(#3005,#3006,#3007,#3008));
#7603=EDGE_LOOP('',(#3009,#3010,#3011,#3012));
#7604=EDGE_LOOP('',(#3013,#3014,#3015,#3016));
#7605=EDGE_LOOP('',(#3017,#3018,#3019,#3020));
#7606=EDGE_LOOP('',(#3021,#3022,#3023,#3024));
#7607=EDGE_LOOP('',(#3025,#3026,#3027,#3028));
#7608=EDGE_LOOP('',(#3029,#3030,#3031,#3032));
#7609=EDGE_LOOP('',(#3033,#3034,#3035,#3036));
#7610=EDGE_LOOP('',(#3037,#3038,#3039,#3040));
#7611=EDGE_LOOP('',(#3041,#3042,#3043,#3044));
#7612=EDGE_LOOP('',(#3045,#3046,#3047,#3048));
#7613=EDGE_LOOP('',(#3049,#3050,#3051,#3052));
#7614=EDGE_LOOP('',(#3053,#3054,#3055,#3056));
#7615=EDGE_LOOP('',(#3057,#3058,#3059,#3060));
#7616=EDGE_LOOP('',(#3061,#3062,#3063,#3064));
#7617=EDGE_LOOP('',(#3065,#3066,#3067,#3068));
#7618=EDGE_LOOP('',(#3069,#3070,#3071,#3072));
#7619=EDGE_LOOP('',(#3073,#3074,#3075,#3076));
#7620=EDGE_LOOP('',(#3077,#3078,#3079,#3080));
#7621=EDGE_LOOP('',(#3081,#3082,#3083,#3084));
#7622=EDGE_LOOP('',(#3085,#3086,#3087,#3088));
#7623=EDGE_LOOP('',(#3089,#3090,#3091,#3092));
#7624=EDGE_LOOP('',(#3093,#3094,#3095,#3096));
#7625=EDGE_LOOP('',(#3097,#3098,#3099,#3100));
#7626=EDGE_LOOP('',(#3101,#3102,#3103,#3104));
#7627=EDGE_LOOP('',(#3105,#3106,#3107,#3108));
#7628=EDGE_LOOP('',(#3109,#3110,#3111,#3112));
#7629=EDGE_LOOP('',(#3113,#3114,#3115,#3116));
#7630=EDGE_LOOP('',(#3117,#3118,#3119,#3120));
#7631=EDGE_LOOP('',(#3121,#3122,#3123,#3124));
#7632=EDGE_LOOP('',(#3125,#3126,#3127,#3128));
#7633=EDGE_LOOP('',(#3129,#3130,#3131,#3132));
#7634=EDGE_LOOP('',(#3133,#3134,#3135,#3136));
#7635=EDGE_LOOP('',(#3137,#3138,#3139,#3140));
#7636=EDGE_LOOP('',(#3141,#3142,#3143,#3144));
#7637=EDGE_LOOP('',(#3145,#3146,#3147,#3148));
#7638=EDGE_LOOP('',(#3149,#3150,#3151,#3152));
#7639=EDGE_LOOP('',(#3153,#3154,#3155,#3156));
#7640=EDGE_LOOP('',(#3157,#3158,#3159,#3160));
#7641=EDGE_LOOP('',(#3161,#3162,#3163,#3164));
#7642=EDGE_LOOP('',(#3165,#3166,#3167,#3168));
#7643=EDGE_LOOP('',(#3169,#3170,#3171,#3172));
#7644=EDGE_LOOP('',(#3173,#3174,#3175,#3176));
#7645=EDGE_LOOP('',(#3177,#3178,#3179,#3180));
#7646=EDGE_LOOP('',(#3181,#3182,#3183,#3184));
#7647=EDGE_LOOP('',(#3185,#3186,#3187,#3188));
#7648=EDGE_LOOP('',(#3189,#3190,#3191,#3192));
#7649=EDGE_LOOP('',(#3193,#3194,#3195,#3196));
#7650=EDGE_LOOP('',(#3197,#3198,#3199,#3200));
#7651=EDGE_LOOP('',(#3201,#3202,#3203,#3204));
#7652=EDGE_LOOP('',(#3205,#3206,#3207,#3208));
#7653=EDGE_LOOP('',(#3209,#3210,#3211,#3212));
#7654=EDGE_LOOP('',(#3213,#3214,#3215,#3216));
#7655=EDGE_LOOP('',(#3217,#3218,#3219,#3220));
#7656=EDGE_LOOP('',(#3221,#3222,#3223,#3224));
#7657=EDGE_LOOP('',(#3225,#3226,#3227,#3228));
#7658=EDGE_LOOP('',(#3229,#3230,#3231,#3232));
#7659=EDGE_LOOP('',(#3233,#3234,#3235,#3236));
#7660=EDGE_LOOP('',(#3237,#3238,#3239,#3240));
#7661=EDGE_LOOP('',(#3241,#3242,#3243,#3244));
#7662=EDGE_LOOP('',(#3245,#3246,#3247,#3248));
#7663=EDGE_LOOP('',(#3249,#3250,#3251,#3252));
#7664=EDGE_LOOP('',(#3253,#3254,#3255,#3256));
#7665=EDGE_LOOP('',(#3257,#3258,#3259,#3260));
#7666=EDGE_LOOP('',(#3261,#3262,#3263,#3264));
#7667=EDGE_LOOP('',(#3265,#3266,#3267,#3268));
#7668=EDGE_LOOP('',(#3269,#3270,#3271,#3272));
#7669=EDGE_LOOP('',(#3273,#3274,#3275,#3276));
#7670=EDGE_LOOP('',(#3277,#3278,#3279,#3280));
#7671=EDGE_LOOP('',(#3281,#3282,#3283,#3284));
#7672=EDGE_LOOP('',(#3285,#3286,#3287,#3288));
#7673=EDGE_LOOP('',(#3289,#3290,#3291,#3292));
#7674=EDGE_LOOP('',(#3293,#3294,#3295,#3296));
#7675=EDGE_LOOP('',(#3297,#3298,#3299,#3300));
#7676=EDGE_LOOP('',(#3301,#3302,#3303,#3304));
#7677=EDGE_LOOP('',(#3305,#3306,#3307,#3308));
#7678=EDGE_LOOP('',(#3309,#3310,#3311,#3312));
#7679=EDGE_LOOP('',(#3313,#3314,#3315,#3316));
#7680=EDGE_LOOP('',(#3317,#3318,#3319,#3320));
#7681=EDGE_LOOP('',(#3321,#3322,#3323,#3324));
#7682=EDGE_LOOP('',(#3325,#3326,#3327,#3328));
#7683=EDGE_LOOP('',(#3329,#3330,#3331,#3332));
#7684=EDGE_LOOP('',(#3333,#3334,#3335,#3336));
#7685=EDGE_LOOP('',(#3337,#3338,#3339,#3340));
#7686=EDGE_LOOP('',(#3341,#3342,#3343,#3344));
#7687=EDGE_LOOP('',(#3345,#3346,#3347,#3348));
#7688=EDGE_LOOP('',(#3349,#3350,#3351,#3352));
#7689=EDGE_LOOP('',(#3353,#3354,#3355,#3356));
#7690=EDGE_LOOP('',(#3357,#3358,#3359,#3360));
#7691=EDGE_LOOP('',(#3361,#3362,#3363,#3364));
#7692=EDGE_LOOP('',(#3365,#3366,#3367,#3368));
#7693=EDGE_LOOP('',(#3369,#3370,#3371,#3372));
#7694=EDGE_LOOP('',(#3373,#3374,#3375,#3376));
#7695=EDGE_LOOP('',(#3377,#3378,#3379,#3380));
#7696=EDGE_LOOP('',(#3381,#3382,#3383,#3384));
#7697=EDGE_LOOP('',(#3385,#3386,#3387,#3388));
#7698=EDGE_LOOP('',(#3389,#3390,#3391,#3392));
#7699=EDGE_LOOP('',(#3393,#3394,#3395,#3396));
#7700=EDGE_LOOP('',(#3397,#3398,#3399,#3400));
#7701=EDGE_LOOP('',(#3401,#3402,#3403,#3404));
#7702=EDGE_LOOP('',(#3405,#3406,#3407,#3408));
#7703=EDGE_LOOP('',(#3409,#3410,#3411,#3412));
#7704=EDGE_LOOP('',(#3413,#3414,#3415,#3416));
#7705=EDGE_LOOP('',(#3417,#3418,#3419,#3420));
#7706=EDGE_LOOP('',(#3421,#3422,#3423,#3424));
#7707=EDGE_LOOP('',(#3425,#3426,#3427,#3428));
#7708=EDGE_LOOP('',(#3429,#3430,#3431,#3432));
#7709=EDGE_LOOP('',(#3433,#3434,#3435,#3436));
#7710=EDGE_LOOP('',(#3437,#3438,#3439,#3440));
#7711=EDGE_LOOP('',(#3441,#3442,#3443,#3444));
#7712=EDGE_LOOP('',(#3445,#3446,#3447,#3448));
#7713=EDGE_LOOP('',(#3449,#3450,#3451,#3452));
#7714=EDGE_LOOP('',(#3453,#3454,#3455,#3456));
#7715=EDGE_LOOP('',(#3457,#3458,#3459,#3460));
#7716=EDGE_LOOP('',(#3461,#3462,#3463,#3464));
#7717=EDGE_LOOP('',(#3465,#3466,#3467,#3468));
#7718=EDGE_LOOP('',(#3469,#3470,#3471,#3472));
#7719=EDGE_LOOP('',(#3473,#3474,#3475,#3476));
#7720=EDGE_LOOP('',(#3477,#3478,#3479,#3480));
#7721=EDGE_LOOP('',(#3481,#3482,#3483,#3484));
#7722=EDGE_LOOP('',(#3485,#3486,#3487,#3488));
#7723=EDGE_LOOP('',(#3489,#3490,#3491,#3492));
#7724=EDGE_LOOP('',(#3493,#3494,#3495,#3496));
#7725=EDGE_LOOP('',(#3497,#3498,#3499,#3500));
#7726=EDGE_LOOP('',(#3501,#3502,#3503,#3504));
#7727=EDGE_LOOP('',(#3505,#3506,#3507,#3508));
#7728=EDGE_LOOP('',(#3509,#3510,#3511,#3512));
#7729=EDGE_LOOP('',(#3513,#3514,#3515,#3516));
#7730=EDGE_LOOP('',(#3517,#3518,#3519,#3520));
#7731=EDGE_LOOP('',(#3521,#3522,#3523,#3524));
#7732=EDGE_LOOP('',(#3525,#3526,#3527,#3528));
#7733=EDGE_LOOP('',(#3529,#3530,#3531,#3532));
#7734=EDGE_LOOP('',(#3533,#3534,#3535,#3536));
#7735=EDGE_LOOP('',(#3537,#3538,#3539,#3540));
#7736=EDGE_LOOP('',(#3541,#3542,#3543,#3544));
#7737=EDGE_LOOP('',(#3545,#3546,#3547,#3548));
#7738=EDGE_LOOP('',(#3549,#3550,#3551,#3552));
#7739=EDGE_LOOP('',(#3553));
#7740=EDGE_LOOP('',(#3554));
#7741=EDGE_LOOP('',(#3555));
#7742=EDGE_LOOP('',(#3556));
#7743=EDGE_LOOP('',(#3557));
#7744=EDGE_LOOP('',(#3558));
#7745=EDGE_LOOP('',(#3559));
#7746=EDGE_LOOP('',(#3560));
#7747=EDGE_LOOP('',(#3561));
#7748=EDGE_LOOP('',(#3562));
#7749=EDGE_LOOP('',(#3563));
#7750=EDGE_LOOP('',(#3564));
#7751=EDGE_LOOP('',(#3565));
#7752=EDGE_LOOP('',(#3566));
#7753=EDGE_LOOP('',(#3567));
#7754=EDGE_LOOP('',(#3568));
#7755=EDGE_LOOP('',(#3569));
#7756=EDGE_LOOP('',(#3570));
#7757=EDGE_LOOP('',(#3571));
#7758=EDGE_LOOP('',(#3572));
#7759=EDGE_LOOP('',(#3573));
#7760=EDGE_LOOP('',(#3574));
#7761=EDGE_LOOP('',(#3575));
#7762=EDGE_LOOP('',(#3576,#3577,#3578,#3579,#3580,#3581,#3582,#3583,#3584,
#3585,#3586,#3587,#3588,#3589,#3590,#3591,#3592,#3593,#3594,#3595,#3596,
#3597,#3598,#3599,#3600,#3601,#3602,#3603,#3604,#3605,#3606,#3607,#3608,
#3609,#3610,#3611,#3612,#3613,#3614,#3615,#3616,#3617,#3618,#3619,#3620,
#3621,#3622,#3623,#3624,#3625,#3626,#3627,#3628,#3629,#3630,#3631,#3632,
#3633,#3634,#3635,#3636,#3637,#3638,#3639,#3640,#3641,#3642,#3643,#3644,
#3645,#3646,#3647,#3648,#3649,#3650,#3651,#3652,#3653,#3654,#3655,#3656,
#3657,#3658,#3659,#3660,#3661,#3662,#3663,#3664,#3665,#3666,#3667,#3668,
#3669,#3670,#3671,#3672,#3673,#3674,#3675,#3676,#3677,#3678,#3679,#3680,
#3681,#3682,#3683,#3684,#3685,#3686,#3687,#3688,#3689,#3690,#3691,#3692,
#3693,#3694,#3695,#3696,#3697,#3698,#3699,#3700,#3701,#3702,#3703,#3704,
#3705,#3706,#3707,#3708,#3709,#3710,#3711,#3712,#3713,#3714,#3715,#3716,
#3717,#3718,#3719,#3720,#3721,#3722,#3723,#3724,#3725,#3726,#3727,#3728,
#3729,#3730,#3731,#3732,#3733,#3734,#3735,#3736,#3737,#3738,#3739,#3740,
#3741,#3742,#3743,#3744,#3745,#3746,#3747,#3748,#3749,#3750,#3751,#3752,
#3753,#3754,#3755,#3756,#3757,#3758,#3759,#3760,#3761,#3762,#3763,#3764,
#3765,#3766,#3767,#3768,#3769,#3770,#3771));
#7763=EDGE_LOOP('',(#3772));
#7764=EDGE_LOOP('',(#3773,#3774,#3775,#3776,#3777,#3778,#3779,#3780,#3781,
#3782,#3783,#3784,#3785,#3786,#3787,#3788,#3789,#3790,#3791,#3792,#3793,
#3794,#3795,#3796,#3797,#3798,#3799,#3800,#3801,#3802,#3803,#3804,#3805,
#3806,#3807,#3808,#3809,#3810,#3811,#3812,#3813,#3814,#3815,#3816,#3817,
#3818,#3819,#3820,#3821,#3822,#3823,#3824,#3825,#3826,#3827,#3828,#3829,
#3830,#3831,#3832,#3833,#3834,#3835,#3836,#3837,#3838,#3839,#3840,#3841,
#3842,#3843,#3844,#3845,#3846,#3847,#3848,#3849,#3850,#3851,#3852,#3853,
#3854,#3855,#3856,#3857,#3858,#3859,#3860,#3861,#3862,#3863,#3864,#3865,
#3866,#3867,#3868,#3869,#3870,#3871,#3872,#3873,#3874,#3875,#3876,#3877,
#3878,#3879,#3880,#3881,#3882,#3883,#3884,#3885,#3886,#3887,#3888,#3889,
#3890,#3891,#3892,#3893,#3894,#3895,#3896,#3897,#3898,#3899,#3900,#3901,
#3902,#3903,#3904,#3905,#3906,#3907,#3908,#3909,#3910,#3911,#3912,#3913,
#3914,#3915,#3916,#3917,#3918,#3919,#3920,#3921,#3922,#3923,#3924,#3925,
#3926,#3927,#3928,#3929,#3930,#3931,#3932,#3933,#3934,#3935,#3936,#3937,
#3938,#3939,#3940,#3941,#3942,#3943,#3944,#3945,#3946,#3947,#3948,#3949,
#3950,#3951,#3952,#3953,#3954,#3955,#3956,#3957,#3958,#3959,#3960,#3961,
#3962,#3963,#3964,#3965,#3966,#3967,#3968));
#7765=FACE_BOUND('',#7147,.T.);
#7766=FACE_BOUND('',#7148,.T.);
#7767=FACE_BOUND('',#7149,.T.);
#7768=FACE_BOUND('',#7150,.T.);
#7769=FACE_BOUND('',#7151,.T.);
#7770=FACE_BOUND('',#7152,.T.);
#7771=FACE_BOUND('',#7153,.T.);
#7772=FACE_BOUND('',#7154,.T.);
#7773=FACE_BOUND('',#7155,.T.);
#7774=FACE_BOUND('',#7156,.T.);
#7775=FACE_BOUND('',#7157,.T.);
#7776=FACE_BOUND('',#7158,.T.);
#7777=FACE_BOUND('',#7159,.T.);
#7778=FACE_BOUND('',#7160,.T.);
#7779=FACE_BOUND('',#7161,.T.);
#7780=FACE_BOUND('',#7162,.T.);
#7781=FACE_BOUND('',#7163,.T.);
#7782=FACE_BOUND('',#7164,.T.);
#7783=FACE_BOUND('',#7165,.T.);
#7784=FACE_BOUND('',#7166,.T.);
#7785=FACE_BOUND('',#7167,.T.);
#7786=FACE_BOUND('',#7168,.T.);
#7787=FACE_BOUND('',#7169,.T.);
#7788=FACE_BOUND('',#7170,.T.);
#7789=FACE_BOUND('',#7171,.T.);
#7790=FACE_BOUND('',#7172,.T.);
#7791=FACE_BOUND('',#7173,.T.);
#7792=FACE_BOUND('',#7174,.T.);
#7793=FACE_BOUND('',#7175,.T.);
#7794=FACE_BOUND('',#7176,.T.);
#7795=FACE_BOUND('',#7177,.T.);
#7796=FACE_BOUND('',#7178,.T.);
#7797=FACE_BOUND('',#7179,.T.);
#7798=FACE_BOUND('',#7180,.T.);
#7799=FACE_BOUND('',#7181,.T.);
#7800=FACE_BOUND('',#7182,.T.);
#7801=FACE_BOUND('',#7183,.T.);
#7802=FACE_BOUND('',#7184,.T.);
#7803=FACE_BOUND('',#7185,.T.);
#7804=FACE_BOUND('',#7186,.T.);
#7805=FACE_BOUND('',#7187,.T.);
#7806=FACE_BOUND('',#7188,.T.);
#7807=FACE_BOUND('',#7189,.T.);
#7808=FACE_BOUND('',#7190,.T.);
#7809=FACE_BOUND('',#7191,.T.);
#7810=FACE_BOUND('',#7192,.T.);
#7811=FACE_BOUND('',#7193,.T.);
#7812=FACE_BOUND('',#7194,.T.);
#7813=FACE_BOUND('',#7195,.T.);
#7814=FACE_BOUND('',#7196,.T.);
#7815=FACE_BOUND('',#7197,.T.);
#7816=FACE_BOUND('',#7198,.T.);
#7817=FACE_BOUND('',#7199,.T.);
#7818=FACE_BOUND('',#7200,.T.);
#7819=FACE_BOUND('',#7201,.T.);
#7820=FACE_BOUND('',#7202,.T.);
#7821=FACE_BOUND('',#7203,.T.);
#7822=FACE_BOUND('',#7204,.T.);
#7823=FACE_BOUND('',#7205,.T.);
#7824=FACE_BOUND('',#7206,.T.);
#7825=FACE_BOUND('',#7207,.T.);
#7826=FACE_BOUND('',#7208,.T.);
#7827=FACE_BOUND('',#7209,.T.);
#7828=FACE_BOUND('',#7210,.T.);
#7829=FACE_BOUND('',#7211,.T.);
#7830=FACE_BOUND('',#7212,.T.);
#7831=FACE_BOUND('',#7213,.T.);
#7832=FACE_BOUND('',#7214,.T.);
#7833=FACE_BOUND('',#7215,.T.);
#7834=FACE_BOUND('',#7216,.T.);
#7835=FACE_BOUND('',#7217,.T.);
#7836=FACE_BOUND('',#7218,.T.);
#7837=FACE_BOUND('',#7219,.T.);
#7838=FACE_BOUND('',#7220,.T.);
#7839=FACE_BOUND('',#7221,.T.);
#7840=FACE_BOUND('',#7222,.T.);
#7841=FACE_BOUND('',#7223,.T.);
#7842=FACE_BOUND('',#7224,.T.);
#7843=FACE_BOUND('',#7225,.T.);
#7844=FACE_BOUND('',#7226,.T.);
#7845=FACE_BOUND('',#7227,.T.);
#7846=FACE_BOUND('',#7228,.T.);
#7847=FACE_BOUND('',#7229,.T.);
#7848=FACE_BOUND('',#7230,.T.);
#7849=FACE_BOUND('',#7231,.T.);
#7850=FACE_BOUND('',#7232,.T.);
#7851=FACE_BOUND('',#7233,.T.);
#7852=FACE_BOUND('',#7234,.T.);
#7853=FACE_BOUND('',#7235,.T.);
#7854=FACE_BOUND('',#7236,.T.);
#7855=FACE_BOUND('',#7237,.T.);
#7856=FACE_BOUND('',#7238,.T.);
#7857=FACE_BOUND('',#7239,.T.);
#7858=FACE_BOUND('',#7240,.T.);
#7859=FACE_BOUND('',#7241,.T.);
#7860=FACE_BOUND('',#7242,.T.);
#7861=FACE_BOUND('',#7243,.T.);
#7862=FACE_BOUND('',#7244,.T.);
#7863=FACE_BOUND('',#7245,.T.);
#7864=FACE_BOUND('',#7246,.T.);
#7865=FACE_BOUND('',#7247,.T.);
#7866=FACE_BOUND('',#7248,.T.);
#7867=FACE_BOUND('',#7249,.T.);
#7868=FACE_BOUND('',#7250,.T.);
#7869=FACE_BOUND('',#7251,.T.);
#7870=FACE_BOUND('',#7252,.T.);
#7871=FACE_BOUND('',#7253,.T.);
#7872=FACE_BOUND('',#7254,.T.);
#7873=FACE_BOUND('',#7255,.T.);
#7874=FACE_BOUND('',#7256,.T.);
#7875=FACE_BOUND('',#7257,.T.);
#7876=FACE_BOUND('',#7258,.T.);
#7877=FACE_BOUND('',#7259,.T.);
#7878=FACE_BOUND('',#7260,.T.);
#7879=FACE_BOUND('',#7261,.T.);
#7880=FACE_BOUND('',#7262,.T.);
#7881=FACE_BOUND('',#7263,.T.);
#7882=FACE_BOUND('',#7264,.T.);
#7883=FACE_BOUND('',#7265,.T.);
#7884=FACE_BOUND('',#7266,.T.);
#7885=FACE_BOUND('',#7267,.T.);
#7886=FACE_BOUND('',#7268,.T.);
#7887=FACE_BOUND('',#7269,.T.);
#7888=FACE_BOUND('',#7270,.T.);
#7889=FACE_BOUND('',#7271,.T.);
#7890=FACE_BOUND('',#7272,.T.);
#7891=FACE_BOUND('',#7273,.T.);
#7892=FACE_BOUND('',#7274,.T.);
#7893=FACE_BOUND('',#7275,.T.);
#7894=FACE_BOUND('',#7276,.T.);
#7895=FACE_BOUND('',#7277,.T.);
#7896=FACE_BOUND('',#7278,.T.);
#7897=FACE_BOUND('',#7279,.T.);
#7898=FACE_BOUND('',#7280,.T.);
#7899=FACE_BOUND('',#7281,.T.);
#7900=FACE_BOUND('',#7282,.T.);
#7901=FACE_BOUND('',#7283,.T.);
#7902=FACE_BOUND('',#7284,.T.);
#7903=FACE_BOUND('',#7285,.T.);
#7904=FACE_BOUND('',#7286,.T.);
#7905=FACE_BOUND('',#7287,.T.);
#7906=FACE_BOUND('',#7288,.T.);
#7907=FACE_BOUND('',#7289,.T.);
#7908=FACE_BOUND('',#7290,.T.);
#7909=FACE_BOUND('',#7291,.T.);
#7910=FACE_BOUND('',#7292,.T.);
#7911=FACE_BOUND('',#7293,.T.);
#7912=FACE_BOUND('',#7294,.T.);
#7913=FACE_BOUND('',#7295,.T.);
#7914=FACE_BOUND('',#7296,.T.);
#7915=FACE_BOUND('',#7297,.T.);
#7916=FACE_BOUND('',#7298,.T.);
#7917=FACE_BOUND('',#7299,.T.);
#7918=FACE_BOUND('',#7300,.T.);
#7919=FACE_BOUND('',#7301,.T.);
#7920=FACE_BOUND('',#7302,.T.);
#7921=FACE_BOUND('',#7303,.T.);
#7922=FACE_BOUND('',#7304,.T.);
#7923=FACE_BOUND('',#7305,.T.);
#7924=FACE_BOUND('',#7306,.T.);
#7925=FACE_BOUND('',#7307,.T.);
#7926=FACE_BOUND('',#7308,.T.);
#7927=FACE_BOUND('',#7309,.T.);
#7928=FACE_BOUND('',#7310,.T.);
#7929=FACE_BOUND('',#7311,.T.);
#7930=FACE_BOUND('',#7312,.T.);
#7931=FACE_BOUND('',#7313,.T.);
#7932=FACE_BOUND('',#7314,.T.);
#7933=FACE_BOUND('',#7315,.T.);
#7934=FACE_BOUND('',#7316,.T.);
#7935=FACE_BOUND('',#7317,.T.);
#7936=FACE_BOUND('',#7318,.T.);
#7937=FACE_BOUND('',#7319,.T.);
#7938=FACE_BOUND('',#7320,.T.);
#7939=FACE_BOUND('',#7321,.T.);
#7940=FACE_BOUND('',#7322,.T.);
#7941=FACE_BOUND('',#7323,.T.);
#7942=FACE_BOUND('',#7324,.T.);
#7943=FACE_BOUND('',#7325,.T.);
#7944=FACE_BOUND('',#7326,.T.);
#7945=FACE_BOUND('',#7327,.T.);
#7946=FACE_BOUND('',#7328,.T.);
#7947=FACE_BOUND('',#7329,.T.);
#7948=FACE_BOUND('',#7330,.T.);
#7949=FACE_BOUND('',#7331,.T.);
#7950=FACE_BOUND('',#7332,.T.);
#7951=FACE_BOUND('',#7333,.T.);
#7952=FACE_BOUND('',#7334,.T.);
#7953=FACE_BOUND('',#7335,.T.);
#7954=FACE_BOUND('',#7336,.T.);
#7955=FACE_BOUND('',#7337,.T.);
#7956=FACE_BOUND('',#7338,.T.);
#7957=FACE_BOUND('',#7339,.T.);
#7958=FACE_BOUND('',#7340,.T.);
#7959=FACE_BOUND('',#7341,.T.);
#7960=FACE_BOUND('',#7342,.T.);
#7961=FACE_BOUND('',#7343,.T.);
#7962=FACE_BOUND('',#7344,.T.);
#7963=FACE_BOUND('',#7345,.T.);
#7964=FACE_BOUND('',#7346,.T.);
#7965=FACE_BOUND('',#7347,.T.);
#7966=FACE_BOUND('',#7348,.T.);
#7967=FACE_BOUND('',#7349,.T.);
#7968=FACE_BOUND('',#7350,.T.);
#7969=FACE_BOUND('',#7351,.T.);
#7970=FACE_BOUND('',#7352,.T.);
#7971=FACE_BOUND('',#7353,.T.);
#7972=FACE_BOUND('',#7354,.T.);
#7973=FACE_BOUND('',#7355,.T.);
#7974=FACE_BOUND('',#7356,.T.);
#7975=FACE_BOUND('',#7357,.T.);
#7976=FACE_BOUND('',#7358,.T.);
#7977=FACE_BOUND('',#7359,.T.);
#7978=FACE_BOUND('',#7360,.T.);
#7979=FACE_BOUND('',#7361,.T.);
#7980=FACE_BOUND('',#7362,.T.);
#7981=FACE_BOUND('',#7363,.T.);
#7982=FACE_BOUND('',#7364,.T.);
#7983=FACE_BOUND('',#7365,.T.);
#7984=FACE_BOUND('',#7366,.T.);
#7985=FACE_BOUND('',#7367,.T.);
#7986=FACE_BOUND('',#7368,.T.);
#7987=FACE_BOUND('',#7369,.T.);
#7988=FACE_BOUND('',#7370,.T.);
#7989=FACE_BOUND('',#7371,.T.);
#7990=FACE_BOUND('',#7372,.T.);
#7991=FACE_BOUND('',#7373,.T.);
#7992=FACE_BOUND('',#7374,.T.);
#7993=FACE_BOUND('',#7375,.T.);
#7994=FACE_BOUND('',#7376,.T.);
#7995=FACE_BOUND('',#7377,.T.);
#7996=FACE_BOUND('',#7378,.T.);
#7997=FACE_BOUND('',#7379,.T.);
#7998=FACE_BOUND('',#7380,.T.);
#7999=FACE_BOUND('',#7381,.T.);
#8000=FACE_BOUND('',#7382,.T.);
#8001=FACE_BOUND('',#7383,.T.);
#8002=FACE_BOUND('',#7384,.T.);
#8003=FACE_BOUND('',#7385,.T.);
#8004=FACE_BOUND('',#7386,.T.);
#8005=FACE_BOUND('',#7387,.T.);
#8006=FACE_BOUND('',#7388,.T.);
#8007=FACE_BOUND('',#7389,.T.);
#8008=FACE_BOUND('',#7390,.T.);
#8009=FACE_BOUND('',#7391,.T.);
#8010=FACE_BOUND('',#7392,.T.);
#8011=FACE_BOUND('',#7393,.T.);
#8012=FACE_BOUND('',#7394,.T.);
#8013=FACE_BOUND('',#7395,.T.);
#8014=FACE_BOUND('',#7396,.T.);
#8015=FACE_BOUND('',#7397,.T.);
#8016=FACE_BOUND('',#7398,.T.);
#8017=FACE_BOUND('',#7399,.T.);
#8018=FACE_BOUND('',#7400,.T.);
#8019=FACE_BOUND('',#7401,.T.);
#8020=FACE_BOUND('',#7402,.T.);
#8021=FACE_BOUND('',#7403,.T.);
#8022=FACE_BOUND('',#7404,.T.);
#8023=FACE_BOUND('',#7405,.T.);
#8024=FACE_BOUND('',#7406,.T.);
#8025=FACE_BOUND('',#7407,.T.);
#8026=FACE_BOUND('',#7408,.T.);
#8027=FACE_BOUND('',#7409,.T.);
#8028=FACE_BOUND('',#7410,.T.);
#8029=FACE_BOUND('',#7411,.T.);
#8030=FACE_BOUND('',#7412,.T.);
#8031=FACE_BOUND('',#7413,.T.);
#8032=FACE_BOUND('',#7414,.T.);
#8033=FACE_BOUND('',#7415,.T.);
#8034=FACE_BOUND('',#7416,.T.);
#8035=FACE_BOUND('',#7417,.T.);
#8036=FACE_BOUND('',#7418,.T.);
#8037=FACE_BOUND('',#7419,.T.);
#8038=FACE_BOUND('',#7420,.T.);
#8039=FACE_BOUND('',#7421,.T.);
#8040=FACE_BOUND('',#7422,.T.);
#8041=FACE_BOUND('',#7423,.T.);
#8042=FACE_BOUND('',#7424,.T.);
#8043=FACE_BOUND('',#7425,.T.);
#8044=FACE_BOUND('',#7426,.T.);
#8045=FACE_BOUND('',#7427,.T.);
#8046=FACE_BOUND('',#7428,.T.);
#8047=FACE_BOUND('',#7429,.T.);
#8048=FACE_BOUND('',#7430,.T.);
#8049=FACE_BOUND('',#7431,.T.);
#8050=FACE_BOUND('',#7432,.T.);
#8051=FACE_BOUND('',#7433,.T.);
#8052=FACE_BOUND('',#7434,.T.);
#8053=FACE_BOUND('',#7435,.T.);
#8054=FACE_BOUND('',#7436,.T.);
#8055=FACE_BOUND('',#7437,.T.);
#8056=FACE_BOUND('',#7438,.T.);
#8057=FACE_BOUND('',#7439,.T.);
#8058=FACE_BOUND('',#7440,.T.);
#8059=FACE_BOUND('',#7441,.T.);
#8060=FACE_BOUND('',#7442,.T.);
#8061=FACE_BOUND('',#7443,.T.);
#8062=FACE_BOUND('',#7444,.T.);
#8063=FACE_BOUND('',#7445,.T.);
#8064=FACE_BOUND('',#7446,.T.);
#8065=FACE_BOUND('',#7447,.T.);
#8066=FACE_BOUND('',#7448,.T.);
#8067=FACE_BOUND('',#7449,.T.);
#8068=FACE_BOUND('',#7450,.T.);
#8069=FACE_BOUND('',#7451,.T.);
#8070=FACE_BOUND('',#7452,.T.);
#8071=FACE_BOUND('',#7453,.T.);
#8072=FACE_BOUND('',#7454,.T.);
#8073=FACE_BOUND('',#7455,.T.);
#8074=FACE_BOUND('',#7456,.T.);
#8075=FACE_BOUND('',#7457,.T.);
#8076=FACE_BOUND('',#7458,.T.);
#8077=FACE_BOUND('',#7459,.T.);
#8078=FACE_BOUND('',#7460,.T.);
#8079=FACE_BOUND('',#7461,.T.);
#8080=FACE_BOUND('',#7462,.T.);
#8081=FACE_BOUND('',#7463,.T.);
#8082=FACE_BOUND('',#7464,.T.);
#8083=FACE_BOUND('',#7465,.T.);
#8084=FACE_BOUND('',#7466,.T.);
#8085=FACE_BOUND('',#7467,.T.);
#8086=FACE_BOUND('',#7468,.T.);
#8087=FACE_BOUND('',#7469,.T.);
#8088=FACE_BOUND('',#7470,.T.);
#8089=FACE_BOUND('',#7471,.T.);
#8090=FACE_BOUND('',#7472,.T.);
#8091=FACE_BOUND('',#7473,.T.);
#8092=FACE_BOUND('',#7474,.T.);
#8093=FACE_BOUND('',#7475,.T.);
#8094=FACE_BOUND('',#7476,.T.);
#8095=FACE_BOUND('',#7477,.T.);
#8096=FACE_BOUND('',#7478,.T.);
#8097=FACE_BOUND('',#7479,.T.);
#8098=FACE_BOUND('',#7480,.T.);
#8099=FACE_BOUND('',#7481,.T.);
#8100=FACE_BOUND('',#7482,.T.);
#8101=FACE_BOUND('',#7483,.T.);
#8102=FACE_BOUND('',#7484,.T.);
#8103=FACE_BOUND('',#7485,.T.);
#8104=FACE_BOUND('',#7486,.T.);
#8105=FACE_BOUND('',#7487,.T.);
#8106=FACE_BOUND('',#7488,.T.);
#8107=FACE_BOUND('',#7489,.T.);
#8108=FACE_BOUND('',#7490,.T.);
#8109=FACE_BOUND('',#7491,.T.);
#8110=FACE_BOUND('',#7492,.T.);
#8111=FACE_BOUND('',#7493,.T.);
#8112=FACE_BOUND('',#7494,.T.);
#8113=FACE_BOUND('',#7495,.T.);
#8114=FACE_BOUND('',#7496,.T.);
#8115=FACE_BOUND('',#7497,.T.);
#8116=FACE_BOUND('',#7498,.T.);
#8117=FACE_BOUND('',#7499,.T.);
#8118=FACE_BOUND('',#7500,.T.);
#8119=FACE_BOUND('',#7501,.T.);
#8120=FACE_BOUND('',#7502,.T.);
#8121=FACE_BOUND('',#7503,.T.);
#8122=FACE_BOUND('',#7504,.T.);
#8123=FACE_BOUND('',#7505,.T.);
#8124=FACE_BOUND('',#7506,.T.);
#8125=FACE_BOUND('',#7507,.T.);
#8126=FACE_BOUND('',#7508,.T.);
#8127=FACE_BOUND('',#7509,.T.);
#8128=FACE_BOUND('',#7510,.T.);
#8129=FACE_BOUND('',#7511,.T.);
#8130=FACE_BOUND('',#7512,.T.);
#8131=FACE_BOUND('',#7513,.T.);
#8132=FACE_BOUND('',#7514,.T.);
#8133=FACE_BOUND('',#7515,.T.);
#8134=FACE_BOUND('',#7516,.T.);
#8135=FACE_BOUND('',#7517,.T.);
#8136=FACE_BOUND('',#7518,.T.);
#8137=FACE_BOUND('',#7519,.T.);
#8138=FACE_BOUND('',#7520,.T.);
#8139=FACE_BOUND('',#7521,.T.);
#8140=FACE_BOUND('',#7522,.T.);
#8141=FACE_BOUND('',#7523,.T.);
#8142=FACE_BOUND('',#7524,.T.);
#8143=FACE_BOUND('',#7525,.T.);
#8144=FACE_BOUND('',#7526,.T.);
#8145=FACE_BOUND('',#7527,.T.);
#8146=FACE_BOUND('',#7528,.T.);
#8147=FACE_BOUND('',#7529,.T.);
#8148=FACE_BOUND('',#7530,.T.);
#8149=FACE_BOUND('',#7531,.T.);
#8150=FACE_BOUND('',#7532,.T.);
#8151=FACE_BOUND('',#7533,.T.);
#8152=FACE_BOUND('',#7534,.T.);
#8153=FACE_BOUND('',#7535,.T.);
#8154=FACE_BOUND('',#7536,.T.);
#8155=FACE_BOUND('',#7537,.T.);
#8156=FACE_BOUND('',#7538,.T.);
#8157=FACE_BOUND('',#7539,.T.);
#8158=FACE_BOUND('',#7540,.T.);
#8159=FACE_BOUND('',#7541,.T.);
#8160=FACE_BOUND('',#7542,.T.);
#8161=FACE_BOUND('',#7543,.T.);
#8162=FACE_BOUND('',#7544,.T.);
#8163=FACE_BOUND('',#7545,.T.);
#8164=FACE_BOUND('',#7546,.T.);
#8165=FACE_BOUND('',#7547,.T.);
#8166=FACE_BOUND('',#7548,.T.);
#8167=FACE_BOUND('',#7549,.T.);
#8168=FACE_BOUND('',#7550,.T.);
#8169=FACE_BOUND('',#7551,.T.);
#8170=FACE_BOUND('',#7552,.T.);
#8171=FACE_BOUND('',#7553,.T.);
#8172=FACE_BOUND('',#7554,.T.);
#8173=FACE_BOUND('',#7555,.T.);
#8174=FACE_BOUND('',#7556,.T.);
#8175=FACE_BOUND('',#7557,.T.);
#8176=FACE_BOUND('',#7558,.T.);
#8177=FACE_BOUND('',#7559,.T.);
#8178=FACE_BOUND('',#7560,.T.);
#8179=FACE_BOUND('',#7561,.T.);
#8180=FACE_BOUND('',#7562,.T.);
#8181=FACE_BOUND('',#7563,.T.);
#8182=FACE_BOUND('',#7564,.T.);
#8183=FACE_BOUND('',#7565,.T.);
#8184=FACE_BOUND('',#7566,.T.);
#8185=FACE_BOUND('',#7567,.T.);
#8186=FACE_BOUND('',#7568,.T.);
#8187=FACE_BOUND('',#7569,.T.);
#8188=FACE_BOUND('',#7570,.T.);
#8189=FACE_BOUND('',#7571,.T.);
#8190=FACE_BOUND('',#7572,.T.);
#8191=FACE_BOUND('',#7573,.T.);
#8192=FACE_BOUND('',#7574,.T.);
#8193=FACE_BOUND('',#7575,.T.);
#8194=FACE_BOUND('',#7576,.T.);
#8195=FACE_BOUND('',#7577,.T.);
#8196=FACE_BOUND('',#7578,.T.);
#8197=FACE_BOUND('',#7579,.T.);
#8198=FACE_BOUND('',#7580,.T.);
#8199=FACE_BOUND('',#7581,.T.);
#8200=FACE_BOUND('',#7582,.T.);
#8201=FACE_BOUND('',#7583,.T.);
#8202=FACE_BOUND('',#7584,.T.);
#8203=FACE_BOUND('',#7585,.T.);
#8204=FACE_BOUND('',#7586,.T.);
#8205=FACE_BOUND('',#7587,.T.);
#8206=FACE_BOUND('',#7588,.T.);
#8207=FACE_BOUND('',#7589,.T.);
#8208=FACE_BOUND('',#7590,.T.);
#8209=FACE_BOUND('',#7591,.T.);
#8210=FACE_BOUND('',#7592,.T.);
#8211=FACE_BOUND('',#7593,.T.);
#8212=FACE_BOUND('',#7594,.T.);
#8213=FACE_BOUND('',#7595,.T.);
#8214=FACE_BOUND('',#7596,.T.);
#8215=FACE_BOUND('',#7597,.T.);
#8216=FACE_BOUND('',#7598,.T.);
#8217=FACE_BOUND('',#7599,.T.);
#8218=FACE_BOUND('',#7600,.T.);
#8219=FACE_BOUND('',#7601,.T.);
#8220=FACE_BOUND('',#7602,.T.);
#8221=FACE_BOUND('',#7603,.T.);
#8222=FACE_BOUND('',#7604,.T.);
#8223=FACE_BOUND('',#7605,.T.);
#8224=FACE_BOUND('',#7606,.T.);
#8225=FACE_BOUND('',#7607,.T.);
#8226=FACE_BOUND('',#7608,.T.);
#8227=FACE_BOUND('',#7609,.T.);
#8228=FACE_BOUND('',#7610,.T.);
#8229=FACE_BOUND('',#7611,.T.);
#8230=FACE_BOUND('',#7612,.T.);
#8231=FACE_BOUND('',#7613,.T.);
#8232=FACE_BOUND('',#7614,.T.);
#8233=FACE_BOUND('',#7615,.T.);
#8234=FACE_BOUND('',#7616,.T.);
#8235=FACE_BOUND('',#7617,.T.);
#8236=FACE_BOUND('',#7618,.T.);
#8237=FACE_BOUND('',#7619,.T.);
#8238=FACE_BOUND('',#7620,.T.);
#8239=FACE_BOUND('',#7621,.T.);
#8240=FACE_BOUND('',#7622,.T.);
#8241=FACE_BOUND('',#7623,.T.);
#8242=FACE_BOUND('',#7624,.T.);
#8243=FACE_BOUND('',#7625,.T.);
#8244=FACE_BOUND('',#7626,.T.);
#8245=FACE_BOUND('',#7627,.T.);
#8246=FACE_BOUND('',#7628,.T.);
#8247=FACE_BOUND('',#7629,.T.);
#8248=FACE_BOUND('',#7630,.T.);
#8249=FACE_BOUND('',#7631,.T.);
#8250=FACE_BOUND('',#7632,.T.);
#8251=FACE_BOUND('',#7633,.T.);
#8252=FACE_BOUND('',#7634,.T.);
#8253=FACE_BOUND('',#7635,.T.);
#8254=FACE_BOUND('',#7636,.T.);
#8255=FACE_BOUND('',#7637,.T.);
#8256=FACE_BOUND('',#7638,.T.);
#8257=FACE_BOUND('',#7639,.T.);
#8258=FACE_BOUND('',#7640,.T.);
#8259=FACE_BOUND('',#7641,.T.);
#8260=FACE_BOUND('',#7642,.T.);
#8261=FACE_BOUND('',#7643,.T.);
#8262=FACE_BOUND('',#7644,.T.);
#8263=FACE_BOUND('',#7645,.T.);
#8264=FACE_BOUND('',#7646,.T.);
#8265=FACE_BOUND('',#7647,.T.);
#8266=FACE_BOUND('',#7648,.T.);
#8267=FACE_BOUND('',#7649,.T.);
#8268=FACE_BOUND('',#7650,.T.);
#8269=FACE_BOUND('',#7651,.T.);
#8270=FACE_BOUND('',#7652,.T.);
#8271=FACE_BOUND('',#7653,.T.);
#8272=FACE_BOUND('',#7654,.T.);
#8273=FACE_BOUND('',#7655,.T.);
#8274=FACE_BOUND('',#7656,.T.);
#8275=FACE_BOUND('',#7657,.T.);
#8276=FACE_BOUND('',#7658,.T.);
#8277=FACE_BOUND('',#7659,.T.);
#8278=FACE_BOUND('',#7660,.T.);
#8279=FACE_BOUND('',#7661,.T.);
#8280=FACE_BOUND('',#7662,.T.);
#8281=FACE_BOUND('',#7663,.T.);
#8282=FACE_BOUND('',#7664,.T.);
#8283=FACE_BOUND('',#7665,.T.);
#8284=FACE_BOUND('',#7666,.T.);
#8285=FACE_BOUND('',#7667,.T.);
#8286=FACE_BOUND('',#7668,.T.);
#8287=FACE_BOUND('',#7669,.T.);
#8288=FACE_BOUND('',#7670,.T.);
#8289=FACE_BOUND('',#7671,.T.);
#8290=FACE_BOUND('',#7672,.T.);
#8291=FACE_BOUND('',#7673,.T.);
#8292=FACE_BOUND('',#7674,.T.);
#8293=FACE_BOUND('',#7675,.T.);
#8294=FACE_BOUND('',#7676,.T.);
#8295=FACE_BOUND('',#7677,.T.);
#8296=FACE_BOUND('',#7678,.T.);
#8297=FACE_BOUND('',#7679,.T.);
#8298=FACE_BOUND('',#7680,.T.);
#8299=FACE_BOUND('',#7681,.T.);
#8300=FACE_BOUND('',#7682,.T.);
#8301=FACE_BOUND('',#7683,.T.);
#8302=FACE_BOUND('',#7684,.T.);
#8303=FACE_BOUND('',#7685,.T.);
#8304=FACE_BOUND('',#7686,.T.);
#8305=FACE_BOUND('',#7687,.T.);
#8306=FACE_BOUND('',#7688,.T.);
#8307=FACE_BOUND('',#7689,.T.);
#8308=FACE_BOUND('',#7690,.T.);
#8309=FACE_BOUND('',#7691,.T.);
#8310=FACE_BOUND('',#7692,.T.);
#8311=FACE_BOUND('',#7693,.T.);
#8312=FACE_BOUND('',#7694,.T.);
#8313=FACE_BOUND('',#7695,.T.);
#8314=FACE_BOUND('',#7696,.T.);
#8315=FACE_BOUND('',#7697,.T.);
#8316=FACE_BOUND('',#7698,.T.);
#8317=FACE_BOUND('',#7699,.T.);
#8318=FACE_BOUND('',#7700,.T.);
#8319=FACE_BOUND('',#7701,.T.);
#8320=FACE_BOUND('',#7702,.T.);
#8321=FACE_BOUND('',#7703,.T.);
#8322=FACE_BOUND('',#7704,.T.);
#8323=FACE_BOUND('',#7705,.T.);
#8324=FACE_BOUND('',#7706,.T.);
#8325=FACE_BOUND('',#7707,.T.);
#8326=FACE_BOUND('',#7708,.T.);
#8327=FACE_BOUND('',#7709,.T.);
#8328=FACE_BOUND('',#7710,.T.);
#8329=FACE_BOUND('',#7711,.T.);
#8330=FACE_BOUND('',#7712,.T.);
#8331=FACE_BOUND('',#7713,.T.);
#8332=FACE_BOUND('',#7714,.T.);
#8333=FACE_BOUND('',#7715,.T.);
#8334=FACE_BOUND('',#7716,.T.);
#8335=FACE_BOUND('',#7717,.T.);
#8336=FACE_BOUND('',#7718,.T.);
#8337=FACE_BOUND('',#7719,.T.);
#8338=FACE_BOUND('',#7720,.T.);
#8339=FACE_BOUND('',#7721,.T.);
#8340=FACE_BOUND('',#7722,.T.);
#8341=FACE_BOUND('',#7723,.T.);
#8342=FACE_BOUND('',#7724,.T.);
#8343=FACE_BOUND('',#7725,.T.);
#8344=FACE_BOUND('',#7726,.T.);
#8345=FACE_BOUND('',#7727,.T.);
#8346=FACE_BOUND('',#7728,.T.);
#8347=FACE_BOUND('',#7729,.T.);
#8348=FACE_BOUND('',#7730,.T.);
#8349=FACE_BOUND('',#7731,.T.);
#8350=FACE_BOUND('',#7732,.T.);
#8351=FACE_BOUND('',#7733,.T.);
#8352=FACE_BOUND('',#7734,.T.);
#8353=FACE_BOUND('',#7735,.T.);
#8354=FACE_BOUND('',#7736,.T.);
#8355=FACE_BOUND('',#7737,.T.);
#8356=FACE_BOUND('',#7738,.T.);
#8357=FACE_BOUND('',#7739,.T.);
#8358=FACE_BOUND('',#7740,.T.);
#8359=FACE_BOUND('',#7741,.T.);
#8360=FACE_BOUND('',#7742,.T.);
#8361=FACE_BOUND('',#7743,.T.);
#8362=FACE_BOUND('',#7744,.T.);
#8363=FACE_BOUND('',#7745,.T.);
#8364=FACE_BOUND('',#7746,.T.);
#8365=FACE_BOUND('',#7747,.T.);
#8366=FACE_BOUND('',#7748,.T.);
#8367=FACE_BOUND('',#7749,.T.);
#8368=FACE_BOUND('',#7750,.T.);
#8369=FACE_BOUND('',#7751,.T.);
#8370=FACE_BOUND('',#7752,.T.);
#8371=FACE_BOUND('',#7753,.T.);
#8372=FACE_BOUND('',#7754,.T.);
#8373=FACE_BOUND('',#7755,.T.);
#8374=FACE_BOUND('',#7756,.T.);
#8375=FACE_BOUND('',#7757,.T.);
#8376=FACE_BOUND('',#7758,.T.);
#8377=FACE_BOUND('',#7759,.T.);
#8378=FACE_BOUND('',#7760,.T.);
#8379=FACE_BOUND('',#7761,.T.);
#8380=FACE_BOUND('',#7762,.T.);
#8381=FACE_BOUND('',#7763,.T.);
#8382=FACE_BOUND('',#7764,.T.);
#8383=PLANE('',#9193);
#8384=PLANE('',#9198);
#8385=PLANE('',#9203);
#8386=PLANE('',#9208);
#8387=PLANE('',#9213);
#8388=PLANE('',#9218);
#8389=PLANE('',#9223);
#8390=PLANE('',#9228);
#8391=PLANE('',#9233);
#8392=PLANE('',#9238);
#8393=PLANE('',#9243);
#8394=PLANE('',#9248);
#8395=PLANE('',#9253);
#8396=PLANE('',#9258);
#8397=PLANE('',#9263);
#8398=PLANE('',#9268);
#8399=PLANE('',#9273);
#8400=PLANE('',#9278);
#8401=PLANE('',#9283);
#8402=PLANE('',#9288);
#8403=PLANE('',#9293);
#8404=PLANE('',#9298);
#8405=PLANE('',#9303);
#8406=PLANE('',#9308);
#8407=PLANE('',#9313);
#8408=PLANE('',#9318);
#8409=PLANE('',#9323);
#8410=PLANE('',#9328);
#8411=PLANE('',#9333);
#8412=PLANE('',#9338);
#8413=PLANE('',#9343);
#8414=PLANE('',#9348);
#8415=PLANE('',#9353);
#8416=PLANE('',#9358);
#8417=PLANE('',#9363);
#8418=PLANE('',#9368);
#8419=PLANE('',#9373);
#8420=PLANE('',#9378);
#8421=PLANE('',#9383);
#8422=PLANE('',#9388);
#8423=PLANE('',#9393);
#8424=PLANE('',#9398);
#8425=PLANE('',#9403);
#8426=PLANE('',#9408);
#8427=PLANE('',#9413);
#8428=PLANE('',#9418);
#8429=PLANE('',#9423);
#8430=PLANE('',#9428);
#8431=PLANE('',#9433);
#8432=PLANE('',#9438);
#8433=PLANE('',#9443);
#8434=PLANE('',#9448);
#8435=PLANE('',#9453);
#8436=PLANE('',#9458);
#8437=PLANE('',#9463);
#8438=PLANE('',#9468);
#8439=PLANE('',#9473);
#8440=PLANE('',#9478);
#8441=PLANE('',#9483);
#8442=PLANE('',#9488);
#8443=PLANE('',#9493);
#8444=PLANE('',#9498);
#8445=PLANE('',#9503);
#8446=PLANE('',#9508);
#8447=PLANE('',#9513);
#8448=PLANE('',#9518);
#8449=PLANE('',#9523);
#8450=PLANE('',#9528);
#8451=PLANE('',#9533);
#8452=PLANE('',#9538);
#8453=PLANE('',#9543);
#8454=PLANE('',#9548);
#8455=PLANE('',#9553);
#8456=PLANE('',#9558);
#8457=PLANE('',#9563);
#8458=PLANE('',#9568);
#8459=PLANE('',#9573);
#8460=PLANE('',#9578);
#8461=PLANE('',#9583);
#8462=PLANE('',#9588);
#8463=PLANE('',#9593);
#8464=PLANE('',#9598);
#8465=PLANE('',#9603);
#8466=PLANE('',#9608);
#8467=PLANE('',#9613);
#8468=PLANE('',#9618);
#8469=PLANE('',#9623);
#8470=PLANE('',#9628);
#8471=PLANE('',#9633);
#8472=PLANE('',#9638);
#8473=PLANE('',#9643);
#8474=PLANE('',#9648);
#8475=PLANE('',#9653);
#8476=PLANE('',#9658);
#8477=PLANE('',#9663);
#8478=PLANE('',#9668);
#8479=PLANE('',#9673);
#8480=PLANE('',#9678);
#8481=PLANE('',#9686);
#8482=PLANE('',#9691);
#8483=PLANE('',#9696);
#8484=PLANE('',#9701);
#8485=PLANE('',#9706);
#8486=PLANE('',#9711);
#8487=PLANE('',#9716);
#8488=PLANE('',#9721);
#8489=PLANE('',#9726);
#8490=PLANE('',#9731);
#8491=PLANE('',#9736);
#8492=PLANE('',#9741);
#8493=PLANE('',#9746);
#8494=PLANE('',#9751);
#8495=PLANE('',#9756);
#8496=PLANE('',#9761);
#8497=PLANE('',#9766);
#8498=PLANE('',#9771);
#8499=PLANE('',#9776);
#8500=PLANE('',#9781);
#8501=PLANE('',#9786);
#8502=PLANE('',#9791);
#8503=PLANE('',#9796);
#8504=PLANE('',#9801);
#8505=PLANE('',#9806);
#8506=PLANE('',#9811);
#8507=PLANE('',#9816);
#8508=PLANE('',#9821);
#8509=PLANE('',#9826);
#8510=PLANE('',#9831);
#8511=PLANE('',#9836);
#8512=PLANE('',#9841);
#8513=PLANE('',#9846);
#8514=PLANE('',#9851);
#8515=PLANE('',#9856);
#8516=PLANE('',#9861);
#8517=PLANE('',#9866);
#8518=PLANE('',#9871);
#8519=PLANE('',#9876);
#8520=PLANE('',#9881);
#8521=PLANE('',#9886);
#8522=PLANE('',#9891);
#8523=PLANE('',#9896);
#8524=PLANE('',#9901);
#8525=PLANE('',#9906);
#8526=PLANE('',#9911);
#8527=PLANE('',#9916);
#8528=PLANE('',#9921);
#8529=PLANE('',#9926);
#8530=PLANE('',#9931);
#8531=PLANE('',#9936);
#8532=PLANE('',#9941);
#8533=PLANE('',#9946);
#8534=PLANE('',#9951);
#8535=PLANE('',#9956);
#8536=PLANE('',#9961);
#8537=PLANE('',#9966);
#8538=PLANE('',#9971);
#8539=PLANE('',#9976);
#8540=PLANE('',#9981);
#8541=PLANE('',#9986);
#8542=PLANE('',#9991);
#8543=PLANE('',#9996);
#8544=PLANE('',#10001);
#8545=PLANE('',#10006);
#8546=PLANE('',#10011);
#8547=PLANE('',#10016);
#8548=PLANE('',#10021);
#8549=PLANE('',#10026);
#8550=PLANE('',#10031);
#8551=PLANE('',#10036);
#8552=PLANE('',#10041);
#8553=PLANE('',#10046);
#8554=PLANE('',#10051);
#8555=PLANE('',#10056);
#8556=PLANE('',#10061);
#8557=PLANE('',#10066);
#8558=PLANE('',#10071);
#8559=PLANE('',#10076);
#8560=PLANE('',#10081);
#8561=PLANE('',#10086);
#8562=PLANE('',#10091);
#8563=PLANE('',#10096);
#8564=PLANE('',#10101);
#8565=PLANE('',#10106);
#8566=PLANE('',#10111);
#8567=PLANE('',#10116);
#8568=PLANE('',#10121);
#8569=PLANE('',#10126);
#8570=PLANE('',#10131);
#8571=PLANE('',#10136);
#8572=PLANE('',#10141);
#8573=PLANE('',#10146);
#8574=PLANE('',#10151);
#8575=PLANE('',#10156);
#8576=PLANE('',#10161);
#8577=PLANE('',#10166);
#8578=PLANE('',#10171);
#8579=PLANE('',#10767);
#8580=PLANE('',#10773);
#8581=ADVANCED_FACE('',(#7765),#8383,.F.);
#8582=ADVANCED_FACE('',(#7766),#8384,.F.);
#8583=ADVANCED_FACE('',(#7767),#8385,.F.);
#8584=ADVANCED_FACE('',(#7768),#8386,.F.);
#8585=ADVANCED_FACE('',(#7769),#8387,.F.);
#8586=ADVANCED_FACE('',(#7770),#8388,.F.);
#8587=ADVANCED_FACE('',(#7771),#8389,.F.);
#8588=ADVANCED_FACE('',(#7772),#8390,.F.);
#8589=ADVANCED_FACE('',(#7773),#8391,.F.);
#8590=ADVANCED_FACE('',(#7774),#8392,.F.);
#8591=ADVANCED_FACE('',(#7775),#8393,.F.);
#8592=ADVANCED_FACE('',(#7776),#8394,.F.);
#8593=ADVANCED_FACE('',(#7777),#8395,.F.);
#8594=ADVANCED_FACE('',(#7778),#8396,.F.);
#8595=ADVANCED_FACE('',(#7779),#8397,.F.);
#8596=ADVANCED_FACE('',(#7780),#8398,.F.);
#8597=ADVANCED_FACE('',(#7781),#8399,.F.);
#8598=ADVANCED_FACE('',(#7782),#8400,.F.);
#8599=ADVANCED_FACE('',(#7783),#8401,.F.);
#8600=ADVANCED_FACE('',(#7784),#8402,.F.);
#8601=ADVANCED_FACE('',(#7785),#8403,.F.);
#8602=ADVANCED_FACE('',(#7786),#8404,.F.);
#8603=ADVANCED_FACE('',(#7787),#8405,.F.);
#8604=ADVANCED_FACE('',(#7788),#8406,.F.);
#8605=ADVANCED_FACE('',(#7789),#8407,.F.);
#8606=ADVANCED_FACE('',(#7790),#8408,.F.);
#8607=ADVANCED_FACE('',(#7791),#8409,.F.);
#8608=ADVANCED_FACE('',(#7792),#8410,.F.);
#8609=ADVANCED_FACE('',(#7793),#8411,.F.);
#8610=ADVANCED_FACE('',(#7794),#8412,.F.);
#8611=ADVANCED_FACE('',(#7795),#8413,.F.);
#8612=ADVANCED_FACE('',(#7796),#8414,.F.);
#8613=ADVANCED_FACE('',(#7797),#8415,.F.);
#8614=ADVANCED_FACE('',(#7798),#8416,.F.);
#8615=ADVANCED_FACE('',(#7799),#8417,.F.);
#8616=ADVANCED_FACE('',(#7800),#8418,.F.);
#8617=ADVANCED_FACE('',(#7801),#8419,.F.);
#8618=ADVANCED_FACE('',(#7802),#8420,.F.);
#8619=ADVANCED_FACE('',(#7803),#8421,.F.);
#8620=ADVANCED_FACE('',(#7804),#8422,.F.);
#8621=ADVANCED_FACE('',(#7805),#8423,.F.);
#8622=ADVANCED_FACE('',(#7806),#8424,.F.);
#8623=ADVANCED_FACE('',(#7807),#8425,.F.);
#8624=ADVANCED_FACE('',(#7808),#8426,.F.);
#8625=ADVANCED_FACE('',(#7809),#8427,.F.);
#8626=ADVANCED_FACE('',(#7810),#8428,.F.);
#8627=ADVANCED_FACE('',(#7811),#8429,.F.);
#8628=ADVANCED_FACE('',(#7812),#8430,.F.);
#8629=ADVANCED_FACE('',(#7813),#8431,.F.);
#8630=ADVANCED_FACE('',(#7814),#8432,.F.);
#8631=ADVANCED_FACE('',(#7815),#8433,.F.);
#8632=ADVANCED_FACE('',(#7816),#8434,.F.);
#8633=ADVANCED_FACE('',(#7817),#8435,.F.);
#8634=ADVANCED_FACE('',(#7818),#8436,.F.);
#8635=ADVANCED_FACE('',(#7819),#8437,.F.);
#8636=ADVANCED_FACE('',(#7820),#8438,.F.);
#8637=ADVANCED_FACE('',(#7821),#8439,.F.);
#8638=ADVANCED_FACE('',(#7822),#8440,.F.);
#8639=ADVANCED_FACE('',(#7823),#8441,.F.);
#8640=ADVANCED_FACE('',(#7824),#8442,.F.);
#8641=ADVANCED_FACE('',(#7825),#8443,.F.);
#8642=ADVANCED_FACE('',(#7826),#8444,.F.);
#8643=ADVANCED_FACE('',(#7827),#8445,.F.);
#8644=ADVANCED_FACE('',(#7828),#8446,.F.);
#8645=ADVANCED_FACE('',(#7829),#8447,.F.);
#8646=ADVANCED_FACE('',(#7830),#8448,.F.);
#8647=ADVANCED_FACE('',(#7831),#8449,.F.);
#8648=ADVANCED_FACE('',(#7832),#8450,.F.);
#8649=ADVANCED_FACE('',(#7833),#8451,.F.);
#8650=ADVANCED_FACE('',(#7834),#8452,.F.);
#8651=ADVANCED_FACE('',(#7835),#8453,.F.);
#8652=ADVANCED_FACE('',(#7836),#8454,.F.);
#8653=ADVANCED_FACE('',(#7837),#8455,.F.);
#8654=ADVANCED_FACE('',(#7838),#8456,.F.);
#8655=ADVANCED_FACE('',(#7839),#8457,.F.);
#8656=ADVANCED_FACE('',(#7840),#8458,.F.);
#8657=ADVANCED_FACE('',(#7841),#8459,.F.);
#8658=ADVANCED_FACE('',(#7842),#8460,.F.);
#8659=ADVANCED_FACE('',(#7843),#8461,.F.);
#8660=ADVANCED_FACE('',(#7844),#8462,.F.);
#8661=ADVANCED_FACE('',(#7845),#8463,.F.);
#8662=ADVANCED_FACE('',(#7846),#8464,.F.);
#8663=ADVANCED_FACE('',(#7847),#8465,.F.);
#8664=ADVANCED_FACE('',(#7848),#8466,.F.);
#8665=ADVANCED_FACE('',(#7849),#8467,.F.);
#8666=ADVANCED_FACE('',(#7850),#8468,.F.);
#8667=ADVANCED_FACE('',(#7851),#8469,.F.);
#8668=ADVANCED_FACE('',(#7852),#8470,.F.);
#8669=ADVANCED_FACE('',(#7853),#8471,.F.);
#8670=ADVANCED_FACE('',(#7854),#8472,.F.);
#8671=ADVANCED_FACE('',(#7855),#8473,.F.);
#8672=ADVANCED_FACE('',(#7856),#8474,.F.);
#8673=ADVANCED_FACE('',(#7857),#8475,.F.);
#8674=ADVANCED_FACE('',(#7858),#8476,.F.);
#8675=ADVANCED_FACE('',(#7859),#8477,.F.);
#8676=ADVANCED_FACE('',(#7860),#8478,.F.);
#8677=ADVANCED_FACE('',(#7861),#8479,.F.);
#8678=ADVANCED_FACE('',(#7862),#8480,.F.);
#8679=ADVANCED_FACE('',(#7863,#7864),#798,.T.);
#8680=ADVANCED_FACE('',(#7865),#8481,.F.);
#8681=ADVANCED_FACE('',(#7866),#8482,.F.);
#8682=ADVANCED_FACE('',(#7867),#8483,.F.);
#8683=ADVANCED_FACE('',(#7868),#8484,.F.);
#8684=ADVANCED_FACE('',(#7869),#8485,.F.);
#8685=ADVANCED_FACE('',(#7870),#8486,.F.);
#8686=ADVANCED_FACE('',(#7871),#8487,.F.);
#8687=ADVANCED_FACE('',(#7872),#8488,.F.);
#8688=ADVANCED_FACE('',(#7873),#8489,.F.);
#8689=ADVANCED_FACE('',(#7874),#8490,.F.);
#8690=ADVANCED_FACE('',(#7875),#8491,.F.);
#8691=ADVANCED_FACE('',(#7876),#8492,.F.);
#8692=ADVANCED_FACE('',(#7877),#8493,.F.);
#8693=ADVANCED_FACE('',(#7878),#8494,.F.);
#8694=ADVANCED_FACE('',(#7879),#8495,.F.);
#8695=ADVANCED_FACE('',(#7880),#8496,.F.);
#8696=ADVANCED_FACE('',(#7881),#8497,.F.);
#8697=ADVANCED_FACE('',(#7882),#8498,.F.);
#8698=ADVANCED_FACE('',(#7883),#8499,.F.);
#8699=ADVANCED_FACE('',(#7884),#8500,.F.);
#8700=ADVANCED_FACE('',(#7885),#8501,.F.);
#8701=ADVANCED_FACE('',(#7886),#8502,.F.);
#8702=ADVANCED_FACE('',(#7887),#8503,.F.);
#8703=ADVANCED_FACE('',(#7888),#8504,.F.);
#8704=ADVANCED_FACE('',(#7889),#8505,.F.);
#8705=ADVANCED_FACE('',(#7890),#8506,.F.);
#8706=ADVANCED_FACE('',(#7891),#8507,.F.);
#8707=ADVANCED_FACE('',(#7892),#8508,.F.);
#8708=ADVANCED_FACE('',(#7893),#8509,.F.);
#8709=ADVANCED_FACE('',(#7894),#8510,.F.);
#8710=ADVANCED_FACE('',(#7895),#8511,.F.);
#8711=ADVANCED_FACE('',(#7896),#8512,.F.);
#8712=ADVANCED_FACE('',(#7897),#8513,.F.);
#8713=ADVANCED_FACE('',(#7898),#8514,.F.);
#8714=ADVANCED_FACE('',(#7899),#8515,.F.);
#8715=ADVANCED_FACE('',(#7900),#8516,.F.);
#8716=ADVANCED_FACE('',(#7901),#8517,.F.);
#8717=ADVANCED_FACE('',(#7902),#8518,.F.);
#8718=ADVANCED_FACE('',(#7903),#8519,.F.);
#8719=ADVANCED_FACE('',(#7904),#8520,.F.);
#8720=ADVANCED_FACE('',(#7905),#8521,.F.);
#8721=ADVANCED_FACE('',(#7906),#8522,.F.);
#8722=ADVANCED_FACE('',(#7907),#8523,.F.);
#8723=ADVANCED_FACE('',(#7908),#8524,.F.);
#8724=ADVANCED_FACE('',(#7909),#8525,.F.);
#8725=ADVANCED_FACE('',(#7910),#8526,.F.);
#8726=ADVANCED_FACE('',(#7911),#8527,.F.);
#8727=ADVANCED_FACE('',(#7912),#8528,.F.);
#8728=ADVANCED_FACE('',(#7913),#8529,.F.);
#8729=ADVANCED_FACE('',(#7914),#8530,.F.);
#8730=ADVANCED_FACE('',(#7915),#8531,.F.);
#8731=ADVANCED_FACE('',(#7916),#8532,.F.);
#8732=ADVANCED_FACE('',(#7917),#8533,.F.);
#8733=ADVANCED_FACE('',(#7918),#8534,.F.);
#8734=ADVANCED_FACE('',(#7919),#8535,.F.);
#8735=ADVANCED_FACE('',(#7920),#8536,.F.);
#8736=ADVANCED_FACE('',(#7921),#8537,.F.);
#8737=ADVANCED_FACE('',(#7922),#8538,.F.);
#8738=ADVANCED_FACE('',(#7923),#8539,.F.);
#8739=ADVANCED_FACE('',(#7924),#8540,.F.);
#8740=ADVANCED_FACE('',(#7925),#8541,.F.);
#8741=ADVANCED_FACE('',(#7926),#8542,.F.);
#8742=ADVANCED_FACE('',(#7927),#8543,.F.);
#8743=ADVANCED_FACE('',(#7928),#8544,.F.);
#8744=ADVANCED_FACE('',(#7929),#8545,.F.);
#8745=ADVANCED_FACE('',(#7930),#8546,.F.);
#8746=ADVANCED_FACE('',(#7931),#8547,.F.);
#8747=ADVANCED_FACE('',(#7932),#8548,.F.);
#8748=ADVANCED_FACE('',(#7933),#8549,.F.);
#8749=ADVANCED_FACE('',(#7934),#8550,.F.);
#8750=ADVANCED_FACE('',(#7935),#8551,.F.);
#8751=ADVANCED_FACE('',(#7936),#8552,.F.);
#8752=ADVANCED_FACE('',(#7937),#8553,.F.);
#8753=ADVANCED_FACE('',(#7938),#8554,.F.);
#8754=ADVANCED_FACE('',(#7939),#8555,.F.);
#8755=ADVANCED_FACE('',(#7940),#8556,.F.);
#8756=ADVANCED_FACE('',(#7941),#8557,.F.);
#8757=ADVANCED_FACE('',(#7942),#8558,.F.);
#8758=ADVANCED_FACE('',(#7943),#8559,.F.);
#8759=ADVANCED_FACE('',(#7944),#8560,.F.);
#8760=ADVANCED_FACE('',(#7945),#8561,.F.);
#8761=ADVANCED_FACE('',(#7946),#8562,.F.);
#8762=ADVANCED_FACE('',(#7947),#8563,.F.);
#8763=ADVANCED_FACE('',(#7948),#8564,.F.);
#8764=ADVANCED_FACE('',(#7949),#8565,.F.);
#8765=ADVANCED_FACE('',(#7950),#8566,.F.);
#8766=ADVANCED_FACE('',(#7951),#8567,.F.);
#8767=ADVANCED_FACE('',(#7952),#8568,.F.);
#8768=ADVANCED_FACE('',(#7953),#8569,.F.);
#8769=ADVANCED_FACE('',(#7954),#8570,.F.);
#8770=ADVANCED_FACE('',(#7955),#8571,.F.);
#8771=ADVANCED_FACE('',(#7956),#8572,.F.);
#8772=ADVANCED_FACE('',(#7957),#8573,.F.);
#8773=ADVANCED_FACE('',(#7958),#8574,.F.);
#8774=ADVANCED_FACE('',(#7959),#8575,.F.);
#8775=ADVANCED_FACE('',(#7960),#8576,.F.);
#8776=ADVANCED_FACE('',(#7961),#8577,.F.);
#8777=ADVANCED_FACE('',(#7962),#8578,.F.);
#8778=ADVANCED_FACE('',(#7963,#7964),#799,.T.);
#8779=ADVANCED_FACE('',(#7965),#800,.T.);
#8780=ADVANCED_FACE('',(#7966),#801,.T.);
#8781=ADVANCED_FACE('',(#7967),#802,.T.);
#8782=ADVANCED_FACE('',(#7968),#803,.F.);
#8783=ADVANCED_FACE('',(#7969),#804,.T.);
#8784=ADVANCED_FACE('',(#7970),#805,.T.);
#8785=ADVANCED_FACE('',(#7971),#806,.T.);
#8786=ADVANCED_FACE('',(#7972),#807,.F.);
#8787=ADVANCED_FACE('',(#7973),#808,.T.);
#8788=ADVANCED_FACE('',(#7974),#809,.T.);
#8789=ADVANCED_FACE('',(#7975),#810,.T.);
#8790=ADVANCED_FACE('',(#7976),#811,.F.);
#8791=ADVANCED_FACE('',(#7977),#812,.T.);
#8792=ADVANCED_FACE('',(#7978),#813,.T.);
#8793=ADVANCED_FACE('',(#7979),#814,.T.);
#8794=ADVANCED_FACE('',(#7980),#815,.F.);
#8795=ADVANCED_FACE('',(#7981),#816,.T.);
#8796=ADVANCED_FACE('',(#7982),#817,.T.);
#8797=ADVANCED_FACE('',(#7983),#818,.T.);
#8798=ADVANCED_FACE('',(#7984),#819,.F.);
#8799=ADVANCED_FACE('',(#7985),#820,.T.);
#8800=ADVANCED_FACE('',(#7986),#821,.T.);
#8801=ADVANCED_FACE('',(#7987),#822,.T.);
#8802=ADVANCED_FACE('',(#7988),#823,.F.);
#8803=ADVANCED_FACE('',(#7989),#824,.T.);
#8804=ADVANCED_FACE('',(#7990),#825,.T.);
#8805=ADVANCED_FACE('',(#7991),#826,.T.);
#8806=ADVANCED_FACE('',(#7992),#827,.F.);
#8807=ADVANCED_FACE('',(#7993),#828,.T.);
#8808=ADVANCED_FACE('',(#7994),#829,.T.);
#8809=ADVANCED_FACE('',(#7995),#830,.T.);
#8810=ADVANCED_FACE('',(#7996),#831,.F.);
#8811=ADVANCED_FACE('',(#7997),#832,.T.);
#8812=ADVANCED_FACE('',(#7998),#833,.T.);
#8813=ADVANCED_FACE('',(#7999),#834,.T.);
#8814=ADVANCED_FACE('',(#8000),#835,.F.);
#8815=ADVANCED_FACE('',(#8001),#836,.T.);
#8816=ADVANCED_FACE('',(#8002),#837,.T.);
#8817=ADVANCED_FACE('',(#8003),#838,.T.);
#8818=ADVANCED_FACE('',(#8004),#839,.F.);
#8819=ADVANCED_FACE('',(#8005),#840,.T.);
#8820=ADVANCED_FACE('',(#8006),#841,.T.);
#8821=ADVANCED_FACE('',(#8007),#842,.T.);
#8822=ADVANCED_FACE('',(#8008),#843,.F.);
#8823=ADVANCED_FACE('',(#8009),#844,.T.);
#8824=ADVANCED_FACE('',(#8010),#845,.T.);
#8825=ADVANCED_FACE('',(#8011),#846,.T.);
#8826=ADVANCED_FACE('',(#8012),#847,.F.);
#8827=ADVANCED_FACE('',(#8013),#848,.T.);
#8828=ADVANCED_FACE('',(#8014),#849,.T.);
#8829=ADVANCED_FACE('',(#8015),#850,.T.);
#8830=ADVANCED_FACE('',(#8016),#851,.F.);
#8831=ADVANCED_FACE('',(#8017),#852,.T.);
#8832=ADVANCED_FACE('',(#8018),#853,.T.);
#8833=ADVANCED_FACE('',(#8019),#854,.T.);
#8834=ADVANCED_FACE('',(#8020),#855,.F.);
#8835=ADVANCED_FACE('',(#8021),#856,.T.);
#8836=ADVANCED_FACE('',(#8022),#857,.T.);
#8837=ADVANCED_FACE('',(#8023),#858,.T.);
#8838=ADVANCED_FACE('',(#8024),#859,.F.);
#8839=ADVANCED_FACE('',(#8025),#860,.T.);
#8840=ADVANCED_FACE('',(#8026),#861,.T.);
#8841=ADVANCED_FACE('',(#8027),#862,.T.);
#8842=ADVANCED_FACE('',(#8028),#863,.F.);
#8843=ADVANCED_FACE('',(#8029),#864,.T.);
#8844=ADVANCED_FACE('',(#8030),#865,.T.);
#8845=ADVANCED_FACE('',(#8031),#866,.T.);
#8846=ADVANCED_FACE('',(#8032),#867,.F.);
#8847=ADVANCED_FACE('',(#8033),#868,.T.);
#8848=ADVANCED_FACE('',(#8034),#869,.T.);
#8849=ADVANCED_FACE('',(#8035),#870,.T.);
#8850=ADVANCED_FACE('',(#8036),#871,.F.);
#8851=ADVANCED_FACE('',(#8037),#872,.T.);
#8852=ADVANCED_FACE('',(#8038),#873,.T.);
#8853=ADVANCED_FACE('',(#8039),#874,.T.);
#8854=ADVANCED_FACE('',(#8040),#875,.F.);
#8855=ADVANCED_FACE('',(#8041),#876,.T.);
#8856=ADVANCED_FACE('',(#8042),#877,.T.);
#8857=ADVANCED_FACE('',(#8043),#878,.T.);
#8858=ADVANCED_FACE('',(#8044),#879,.F.);
#8859=ADVANCED_FACE('',(#8045),#880,.T.);
#8860=ADVANCED_FACE('',(#8046),#881,.T.);
#8861=ADVANCED_FACE('',(#8047),#882,.T.);
#8862=ADVANCED_FACE('',(#8048),#883,.F.);
#8863=ADVANCED_FACE('',(#8049),#884,.T.);
#8864=ADVANCED_FACE('',(#8050),#885,.T.);
#8865=ADVANCED_FACE('',(#8051),#886,.T.);
#8866=ADVANCED_FACE('',(#8052),#887,.F.);
#8867=ADVANCED_FACE('',(#8053),#888,.T.);
#8868=ADVANCED_FACE('',(#8054),#889,.T.);
#8869=ADVANCED_FACE('',(#8055),#890,.T.);
#8870=ADVANCED_FACE('',(#8056),#891,.F.);
#8871=ADVANCED_FACE('',(#8057),#892,.T.);
#8872=ADVANCED_FACE('',(#8058),#893,.T.);
#8873=ADVANCED_FACE('',(#8059),#894,.T.);
#8874=ADVANCED_FACE('',(#8060),#895,.F.);
#8875=ADVANCED_FACE('',(#8061),#896,.T.);
#8876=ADVANCED_FACE('',(#8062),#897,.T.);
#8877=ADVANCED_FACE('',(#8063),#898,.T.);
#8878=ADVANCED_FACE('',(#8064),#899,.F.);
#8879=ADVANCED_FACE('',(#8065),#900,.T.);
#8880=ADVANCED_FACE('',(#8066),#901,.T.);
#8881=ADVANCED_FACE('',(#8067),#902,.T.);
#8882=ADVANCED_FACE('',(#8068),#903,.F.);
#8883=ADVANCED_FACE('',(#8069),#904,.T.);
#8884=ADVANCED_FACE('',(#8070),#905,.T.);
#8885=ADVANCED_FACE('',(#8071),#906,.T.);
#8886=ADVANCED_FACE('',(#8072),#907,.F.);
#8887=ADVANCED_FACE('',(#8073),#908,.T.);
#8888=ADVANCED_FACE('',(#8074),#909,.T.);
#8889=ADVANCED_FACE('',(#8075),#910,.T.);
#8890=ADVANCED_FACE('',(#8076),#911,.F.);
#8891=ADVANCED_FACE('',(#8077),#912,.T.);
#8892=ADVANCED_FACE('',(#8078),#913,.T.);
#8893=ADVANCED_FACE('',(#8079),#914,.T.);
#8894=ADVANCED_FACE('',(#8080),#915,.F.);
#8895=ADVANCED_FACE('',(#8081),#916,.T.);
#8896=ADVANCED_FACE('',(#8082),#917,.T.);
#8897=ADVANCED_FACE('',(#8083),#918,.T.);
#8898=ADVANCED_FACE('',(#8084),#919,.F.);
#8899=ADVANCED_FACE('',(#8085),#920,.T.);
#8900=ADVANCED_FACE('',(#8086),#921,.T.);
#8901=ADVANCED_FACE('',(#8087),#922,.T.);
#8902=ADVANCED_FACE('',(#8088),#923,.F.);
#8903=ADVANCED_FACE('',(#8089),#924,.T.);
#8904=ADVANCED_FACE('',(#8090),#925,.T.);
#8905=ADVANCED_FACE('',(#8091),#926,.T.);
#8906=ADVANCED_FACE('',(#8092),#927,.F.);
#8907=ADVANCED_FACE('',(#8093),#928,.T.);
#8908=ADVANCED_FACE('',(#8094),#929,.T.);
#8909=ADVANCED_FACE('',(#8095),#930,.T.);
#8910=ADVANCED_FACE('',(#8096),#931,.F.);
#8911=ADVANCED_FACE('',(#8097),#932,.T.);
#8912=ADVANCED_FACE('',(#8098),#933,.T.);
#8913=ADVANCED_FACE('',(#8099),#934,.T.);
#8914=ADVANCED_FACE('',(#8100),#935,.F.);
#8915=ADVANCED_FACE('',(#8101),#936,.T.);
#8916=ADVANCED_FACE('',(#8102),#937,.T.);
#8917=ADVANCED_FACE('',(#8103),#938,.T.);
#8918=ADVANCED_FACE('',(#8104),#939,.F.);
#8919=ADVANCED_FACE('',(#8105),#940,.T.);
#8920=ADVANCED_FACE('',(#8106),#941,.T.);
#8921=ADVANCED_FACE('',(#8107),#942,.T.);
#8922=ADVANCED_FACE('',(#8108),#943,.F.);
#8923=ADVANCED_FACE('',(#8109),#944,.T.);
#8924=ADVANCED_FACE('',(#8110),#945,.T.);
#8925=ADVANCED_FACE('',(#8111),#946,.T.);
#8926=ADVANCED_FACE('',(#8112),#947,.F.);
#8927=ADVANCED_FACE('',(#8113),#948,.T.);
#8928=ADVANCED_FACE('',(#8114),#949,.T.);
#8929=ADVANCED_FACE('',(#8115),#950,.T.);
#8930=ADVANCED_FACE('',(#8116),#951,.F.);
#8931=ADVANCED_FACE('',(#8117),#952,.T.);
#8932=ADVANCED_FACE('',(#8118),#953,.T.);
#8933=ADVANCED_FACE('',(#8119),#954,.T.);
#8934=ADVANCED_FACE('',(#8120),#955,.F.);
#8935=ADVANCED_FACE('',(#8121),#956,.T.);
#8936=ADVANCED_FACE('',(#8122),#957,.T.);
#8937=ADVANCED_FACE('',(#8123),#958,.T.);
#8938=ADVANCED_FACE('',(#8124),#959,.F.);
#8939=ADVANCED_FACE('',(#8125),#960,.T.);
#8940=ADVANCED_FACE('',(#8126),#961,.T.);
#8941=ADVANCED_FACE('',(#8127),#962,.T.);
#8942=ADVANCED_FACE('',(#8128),#963,.F.);
#8943=ADVANCED_FACE('',(#8129),#964,.T.);
#8944=ADVANCED_FACE('',(#8130),#965,.T.);
#8945=ADVANCED_FACE('',(#8131),#966,.T.);
#8946=ADVANCED_FACE('',(#8132),#967,.F.);
#8947=ADVANCED_FACE('',(#8133),#968,.T.);
#8948=ADVANCED_FACE('',(#8134),#969,.T.);
#8949=ADVANCED_FACE('',(#8135),#970,.T.);
#8950=ADVANCED_FACE('',(#8136),#971,.F.);
#8951=ADVANCED_FACE('',(#8137),#972,.T.);
#8952=ADVANCED_FACE('',(#8138),#973,.T.);
#8953=ADVANCED_FACE('',(#8139),#974,.T.);
#8954=ADVANCED_FACE('',(#8140),#975,.F.);
#8955=ADVANCED_FACE('',(#8141),#976,.T.);
#8956=ADVANCED_FACE('',(#8142),#977,.T.);
#8957=ADVANCED_FACE('',(#8143),#978,.T.);
#8958=ADVANCED_FACE('',(#8144),#979,.F.);
#8959=ADVANCED_FACE('',(#8145),#980,.T.);
#8960=ADVANCED_FACE('',(#8146),#981,.T.);
#8961=ADVANCED_FACE('',(#8147),#982,.T.);
#8962=ADVANCED_FACE('',(#8148),#983,.F.);
#8963=ADVANCED_FACE('',(#8149),#984,.T.);
#8964=ADVANCED_FACE('',(#8150),#985,.T.);
#8965=ADVANCED_FACE('',(#8151),#986,.T.);
#8966=ADVANCED_FACE('',(#8152),#987,.F.);
#8967=ADVANCED_FACE('',(#8153),#988,.T.);
#8968=ADVANCED_FACE('',(#8154),#989,.T.);
#8969=ADVANCED_FACE('',(#8155),#990,.T.);
#8970=ADVANCED_FACE('',(#8156),#991,.F.);
#8971=ADVANCED_FACE('',(#8157),#992,.T.);
#8972=ADVANCED_FACE('',(#8158),#993,.T.);
#8973=ADVANCED_FACE('',(#8159),#994,.T.);
#8974=ADVANCED_FACE('',(#8160),#995,.F.);
#8975=ADVANCED_FACE('',(#8161),#996,.T.);
#8976=ADVANCED_FACE('',(#8162),#997,.T.);
#8977=ADVANCED_FACE('',(#8163),#998,.T.);
#8978=ADVANCED_FACE('',(#8164),#999,.F.);
#8979=ADVANCED_FACE('',(#8165),#1000,.T.);
#8980=ADVANCED_FACE('',(#8166),#1001,.T.);
#8981=ADVANCED_FACE('',(#8167),#1002,.T.);
#8982=ADVANCED_FACE('',(#8168),#1003,.F.);
#8983=ADVANCED_FACE('',(#8169),#1004,.T.);
#8984=ADVANCED_FACE('',(#8170),#1005,.T.);
#8985=ADVANCED_FACE('',(#8171),#1006,.T.);
#8986=ADVANCED_FACE('',(#8172),#1007,.F.);
#8987=ADVANCED_FACE('',(#8173),#1008,.T.);
#8988=ADVANCED_FACE('',(#8174),#1009,.T.);
#8989=ADVANCED_FACE('',(#8175),#1010,.T.);
#8990=ADVANCED_FACE('',(#8176),#1011,.F.);
#8991=ADVANCED_FACE('',(#8177),#1012,.T.);
#8992=ADVANCED_FACE('',(#8178),#1013,.T.);
#8993=ADVANCED_FACE('',(#8179),#1014,.T.);
#8994=ADVANCED_FACE('',(#8180),#1015,.F.);
#8995=ADVANCED_FACE('',(#8181),#1016,.T.);
#8996=ADVANCED_FACE('',(#8182),#1017,.T.);
#8997=ADVANCED_FACE('',(#8183),#1018,.T.);
#8998=ADVANCED_FACE('',(#8184),#1019,.F.);
#8999=ADVANCED_FACE('',(#8185),#1020,.T.);
#9000=ADVANCED_FACE('',(#8186),#1021,.T.);
#9001=ADVANCED_FACE('',(#8187),#1022,.T.);
#9002=ADVANCED_FACE('',(#8188),#1023,.F.);
#9003=ADVANCED_FACE('',(#8189),#1024,.T.);
#9004=ADVANCED_FACE('',(#8190),#1025,.T.);
#9005=ADVANCED_FACE('',(#8191),#1026,.T.);
#9006=ADVANCED_FACE('',(#8192),#1027,.F.);
#9007=ADVANCED_FACE('',(#8193),#1028,.T.);
#9008=ADVANCED_FACE('',(#8194),#1029,.T.);
#9009=ADVANCED_FACE('',(#8195),#1030,.T.);
#9010=ADVANCED_FACE('',(#8196),#1031,.F.);
#9011=ADVANCED_FACE('',(#8197),#1032,.T.);
#9012=ADVANCED_FACE('',(#8198),#1033,.T.);
#9013=ADVANCED_FACE('',(#8199),#1034,.T.);
#9014=ADVANCED_FACE('',(#8200),#1035,.F.);
#9015=ADVANCED_FACE('',(#8201),#1036,.T.);
#9016=ADVANCED_FACE('',(#8202),#1037,.T.);
#9017=ADVANCED_FACE('',(#8203),#1038,.T.);
#9018=ADVANCED_FACE('',(#8204),#1039,.F.);
#9019=ADVANCED_FACE('',(#8205),#1040,.T.);
#9020=ADVANCED_FACE('',(#8206),#1041,.T.);
#9021=ADVANCED_FACE('',(#8207),#1042,.T.);
#9022=ADVANCED_FACE('',(#8208),#1043,.F.);
#9023=ADVANCED_FACE('',(#8209),#1044,.T.);
#9024=ADVANCED_FACE('',(#8210),#1045,.T.);
#9025=ADVANCED_FACE('',(#8211),#1046,.T.);
#9026=ADVANCED_FACE('',(#8212),#1047,.F.);
#9027=ADVANCED_FACE('',(#8213),#1048,.T.);
#9028=ADVANCED_FACE('',(#8214),#1049,.T.);
#9029=ADVANCED_FACE('',(#8215),#1050,.T.);
#9030=ADVANCED_FACE('',(#8216),#1051,.F.);
#9031=ADVANCED_FACE('',(#8217),#1052,.T.);
#9032=ADVANCED_FACE('',(#8218),#1053,.T.);
#9033=ADVANCED_FACE('',(#8219),#1054,.T.);
#9034=ADVANCED_FACE('',(#8220),#1055,.F.);
#9035=ADVANCED_FACE('',(#8221),#1056,.T.);
#9036=ADVANCED_FACE('',(#8222),#1057,.T.);
#9037=ADVANCED_FACE('',(#8223),#1058,.T.);
#9038=ADVANCED_FACE('',(#8224),#1059,.F.);
#9039=ADVANCED_FACE('',(#8225),#1060,.T.);
#9040=ADVANCED_FACE('',(#8226),#1061,.T.);
#9041=ADVANCED_FACE('',(#8227),#1062,.T.);
#9042=ADVANCED_FACE('',(#8228),#1063,.F.);
#9043=ADVANCED_FACE('',(#8229),#1064,.T.);
#9044=ADVANCED_FACE('',(#8230),#1065,.T.);
#9045=ADVANCED_FACE('',(#8231),#1066,.T.);
#9046=ADVANCED_FACE('',(#8232),#1067,.F.);
#9047=ADVANCED_FACE('',(#8233),#1068,.T.);
#9048=ADVANCED_FACE('',(#8234),#1069,.T.);
#9049=ADVANCED_FACE('',(#8235),#1070,.T.);
#9050=ADVANCED_FACE('',(#8236),#1071,.F.);
#9051=ADVANCED_FACE('',(#8237),#1072,.T.);
#9052=ADVANCED_FACE('',(#8238),#1073,.T.);
#9053=ADVANCED_FACE('',(#8239),#1074,.T.);
#9054=ADVANCED_FACE('',(#8240),#1075,.F.);
#9055=ADVANCED_FACE('',(#8241),#1076,.T.);
#9056=ADVANCED_FACE('',(#8242),#1077,.T.);
#9057=ADVANCED_FACE('',(#8243),#1078,.T.);
#9058=ADVANCED_FACE('',(#8244),#1079,.F.);
#9059=ADVANCED_FACE('',(#8245),#1080,.T.);
#9060=ADVANCED_FACE('',(#8246),#1081,.T.);
#9061=ADVANCED_FACE('',(#8247),#1082,.T.);
#9062=ADVANCED_FACE('',(#8248),#1083,.F.);
#9063=ADVANCED_FACE('',(#8249),#1084,.T.);
#9064=ADVANCED_FACE('',(#8250),#1085,.T.);
#9065=ADVANCED_FACE('',(#8251),#1086,.T.);
#9066=ADVANCED_FACE('',(#8252),#1087,.F.);
#9067=ADVANCED_FACE('',(#8253),#1088,.T.);
#9068=ADVANCED_FACE('',(#8254),#1089,.T.);
#9069=ADVANCED_FACE('',(#8255),#1090,.T.);
#9070=ADVANCED_FACE('',(#8256),#1091,.F.);
#9071=ADVANCED_FACE('',(#8257),#1092,.T.);
#9072=ADVANCED_FACE('',(#8258),#1093,.T.);
#9073=ADVANCED_FACE('',(#8259),#1094,.T.);
#9074=ADVANCED_FACE('',(#8260),#1095,.F.);
#9075=ADVANCED_FACE('',(#8261),#1096,.T.);
#9076=ADVANCED_FACE('',(#8262),#1097,.T.);
#9077=ADVANCED_FACE('',(#8263),#1098,.T.);
#9078=ADVANCED_FACE('',(#8264),#1099,.F.);
#9079=ADVANCED_FACE('',(#8265),#1100,.T.);
#9080=ADVANCED_FACE('',(#8266),#1101,.T.);
#9081=ADVANCED_FACE('',(#8267),#1102,.T.);
#9082=ADVANCED_FACE('',(#8268),#1103,.F.);
#9083=ADVANCED_FACE('',(#8269),#1104,.T.);
#9084=ADVANCED_FACE('',(#8270),#1105,.T.);
#9085=ADVANCED_FACE('',(#8271),#1106,.T.);
#9086=ADVANCED_FACE('',(#8272),#1107,.F.);
#9087=ADVANCED_FACE('',(#8273),#1108,.T.);
#9088=ADVANCED_FACE('',(#8274),#1109,.T.);
#9089=ADVANCED_FACE('',(#8275),#1110,.T.);
#9090=ADVANCED_FACE('',(#8276),#1111,.F.);
#9091=ADVANCED_FACE('',(#8277),#1112,.T.);
#9092=ADVANCED_FACE('',(#8278),#1113,.T.);
#9093=ADVANCED_FACE('',(#8279),#1114,.T.);
#9094=ADVANCED_FACE('',(#8280),#1115,.F.);
#9095=ADVANCED_FACE('',(#8281),#1116,.T.);
#9096=ADVANCED_FACE('',(#8282),#1117,.T.);
#9097=ADVANCED_FACE('',(#8283),#1118,.T.);
#9098=ADVANCED_FACE('',(#8284),#1119,.F.);
#9099=ADVANCED_FACE('',(#8285),#1120,.T.);
#9100=ADVANCED_FACE('',(#8286),#1121,.T.);
#9101=ADVANCED_FACE('',(#8287),#1122,.T.);
#9102=ADVANCED_FACE('',(#8288),#1123,.F.);
#9103=ADVANCED_FACE('',(#8289),#1124,.T.);
#9104=ADVANCED_FACE('',(#8290),#1125,.T.);
#9105=ADVANCED_FACE('',(#8291),#1126,.T.);
#9106=ADVANCED_FACE('',(#8292),#1127,.F.);
#9107=ADVANCED_FACE('',(#8293),#1128,.T.);
#9108=ADVANCED_FACE('',(#8294),#1129,.T.);
#9109=ADVANCED_FACE('',(#8295),#1130,.T.);
#9110=ADVANCED_FACE('',(#8296),#1131,.F.);
#9111=ADVANCED_FACE('',(#8297),#1132,.T.);
#9112=ADVANCED_FACE('',(#8298),#1133,.T.);
#9113=ADVANCED_FACE('',(#8299),#1134,.T.);
#9114=ADVANCED_FACE('',(#8300),#1135,.F.);
#9115=ADVANCED_FACE('',(#8301),#1136,.T.);
#9116=ADVANCED_FACE('',(#8302),#1137,.T.);
#9117=ADVANCED_FACE('',(#8303),#1138,.T.);
#9118=ADVANCED_FACE('',(#8304),#1139,.F.);
#9119=ADVANCED_FACE('',(#8305),#1140,.T.);
#9120=ADVANCED_FACE('',(#8306),#1141,.T.);
#9121=ADVANCED_FACE('',(#8307),#1142,.T.);
#9122=ADVANCED_FACE('',(#8308),#1143,.F.);
#9123=ADVANCED_FACE('',(#8309),#1144,.T.);
#9124=ADVANCED_FACE('',(#8310),#1145,.T.);
#9125=ADVANCED_FACE('',(#8311),#1146,.T.);
#9126=ADVANCED_FACE('',(#8312),#1147,.F.);
#9127=ADVANCED_FACE('',(#8313),#1148,.T.);
#9128=ADVANCED_FACE('',(#8314),#1149,.T.);
#9129=ADVANCED_FACE('',(#8315),#1150,.T.);
#9130=ADVANCED_FACE('',(#8316),#1151,.F.);
#9131=ADVANCED_FACE('',(#8317),#1152,.T.);
#9132=ADVANCED_FACE('',(#8318),#1153,.T.);
#9133=ADVANCED_FACE('',(#8319),#1154,.T.);
#9134=ADVANCED_FACE('',(#8320),#1155,.F.);
#9135=ADVANCED_FACE('',(#8321),#1156,.T.);
#9136=ADVANCED_FACE('',(#8322),#1157,.T.);
#9137=ADVANCED_FACE('',(#8323),#1158,.T.);
#9138=ADVANCED_FACE('',(#8324),#1159,.F.);
#9139=ADVANCED_FACE('',(#8325),#1160,.T.);
#9140=ADVANCED_FACE('',(#8326),#1161,.T.);
#9141=ADVANCED_FACE('',(#8327),#1162,.T.);
#9142=ADVANCED_FACE('',(#8328),#1163,.F.);
#9143=ADVANCED_FACE('',(#8329),#1164,.T.);
#9144=ADVANCED_FACE('',(#8330),#1165,.T.);
#9145=ADVANCED_FACE('',(#8331),#1166,.T.);
#9146=ADVANCED_FACE('',(#8332),#1167,.F.);
#9147=ADVANCED_FACE('',(#8333),#1168,.T.);
#9148=ADVANCED_FACE('',(#8334),#1169,.T.);
#9149=ADVANCED_FACE('',(#8335),#1170,.T.);
#9150=ADVANCED_FACE('',(#8336),#1171,.F.);
#9151=ADVANCED_FACE('',(#8337),#1172,.T.);
#9152=ADVANCED_FACE('',(#8338),#1173,.T.);
#9153=ADVANCED_FACE('',(#8339),#1174,.T.);
#9154=ADVANCED_FACE('',(#8340),#1175,.F.);
#9155=ADVANCED_FACE('',(#8341),#1176,.T.);
#9156=ADVANCED_FACE('',(#8342),#1177,.T.);
#9157=ADVANCED_FACE('',(#8343),#1178,.T.);
#9158=ADVANCED_FACE('',(#8344),#1179,.F.);
#9159=ADVANCED_FACE('',(#8345),#1180,.T.);
#9160=ADVANCED_FACE('',(#8346),#1181,.T.);
#9161=ADVANCED_FACE('',(#8347),#1182,.T.);
#9162=ADVANCED_FACE('',(#8348),#1183,.F.);
#9163=ADVANCED_FACE('',(#8349),#1184,.T.);
#9164=ADVANCED_FACE('',(#8350),#1185,.T.);
#9165=ADVANCED_FACE('',(#8351),#1186,.T.);
#9166=ADVANCED_FACE('',(#8352),#1187,.F.);
#9167=ADVANCED_FACE('',(#8353),#1188,.T.);
#9168=ADVANCED_FACE('',(#8354),#1189,.F.);
#9169=ADVANCED_FACE('',(#8355),#1190,.T.);
#9170=ADVANCED_FACE('',(#8356),#1191,.T.);
#9171=ADVANCED_FACE('',(#8357,#8358,#8359,#8360,#8361,#8362),#8579,.T.);
#9172=ADVANCED_FACE('',(#8363,#8364,#8365,#8366,#8367,#8368),#8580,.T.);
#9173=ADVANCED_FACE('',(#8369,#8370),#1192,.F.);
#9174=ADVANCED_FACE('',(#8371,#8372),#1193,.F.);
#9175=ADVANCED_FACE('',(#8373,#8374),#1194,.F.);
#9176=ADVANCED_FACE('',(#8375,#8376),#1195,.F.);
#9177=ADVANCED_FACE('',(#8377,#8378),#1196,.F.);
#9178=ADVANCED_FACE('',(#8379,#8380),#12,.T.);
#9179=ADVANCED_FACE('',(#8381,#8382),#13,.T.);
#9180=CLOSED_SHELL('',(#8581,#8582,#8583,#8584,#8585,#8586,#8587,#8588,
#8589,#8590,#8591,#8592,#8593,#8594,#8595,#8596,#8597,#8598,#8599,#8600,
#8601,#8602,#8603,#8604,#8605,#8606,#8607,#8608,#8609,#8610,#8611,#8612,
#8613,#8614,#8615,#8616,#8617,#8618,#8619,#8620,#8621,#8622,#8623,#8624,
#8625,#8626,#8627,#8628,#8629,#8630,#8631,#8632,#8633,#8634,#8635,#8636,
#8637,#8638,#8639,#8640,#8641,#8642,#8643,#8644,#8645,#8646,#8647,#8648,
#8649,#8650,#8651,#8652,#8653,#8654,#8655,#8656,#8657,#8658,#8659,#8660,
#8661,#8662,#8663,#8664,#8665,#8666,#8667,#8668,#8669,#8670,#8671,#8672,
#8673,#8674,#8675,#8676,#8677,#8678,#8679,#8680,#8681,#8682,#8683,#8684,
#8685,#8686,#8687,#8688,#8689,#8690,#8691,#8692,#8693,#8694,#8695,#8696,
#8697,#8698,#8699,#8700,#8701,#8702,#8703,#8704,#8705,#8706,#8707,#8708,
#8709,#8710,#8711,#8712,#8713,#8714,#8715,#8716,#8717,#8718,#8719,#8720,
#8721,#8722,#8723,#8724,#8725,#8726,#8727,#8728,#8729,#8730,#8731,#8732,
#8733,#8734,#8735,#8736,#8737,#8738,#8739,#8740,#8741,#8742,#8743,#8744,
#8745,#8746,#8747,#8748,#8749,#8750,#8751,#8752,#8753,#8754,#8755,#8756,
#8757,#8758,#8759,#8760,#8761,#8762,#8763,#8764,#8765,#8766,#8767,#8768,
#8769,#8770,#8771,#8772,#8773,#8774,#8775,#8776,#8777,#8778,#8779,#8780,
#8781,#8782,#8783,#8784,#8785,#8786,#8787,#8788,#8789,#8790,#8791,#8792,
#8793,#8794,#8795,#8796,#8797,#8798,#8799,#8800,#8801,#8802,#8803,#8804,
#8805,#8806,#8807,#8808,#8809,#8810,#8811,#8812,#8813,#8814,#8815,#8816,
#8817,#8818,#8819,#8820,#8821,#8822,#8823,#8824,#8825,#8826,#8827,#8828,
#8829,#8830,#8831,#8832,#8833,#8834,#8835,#8836,#8837,#8838,#8839,#8840,
#8841,#8842,#8843,#8844,#8845,#8846,#8847,#8848,#8849,#8850,#8851,#8852,
#8853,#8854,#8855,#8856,#8857,#8858,#8859,#8860,#8861,#8862,#8863,#8864,
#8865,#8866,#8867,#8868,#8869,#8870,#8871,#8872,#8873,#8874,#8875,#8876,
#8877,#8878,#8879,#8880,#8881,#8882,#8883,#8884,#8885,#8886,#8887,#8888,
#8889,#8890,#8891,#8892,#8893,#8894,#8895,#8896,#8897,#8898,#8899,#8900,
#8901,#8902,#8903,#8904,#8905,#8906,#8907,#8908,#8909,#8910,#8911,#8912,
#8913,#8914,#8915,#8916,#8917,#8918,#8919,#8920,#8921,#8922,#8923,#8924,
#8925,#8926,#8927,#8928,#8929,#8930,#8931,#8932,#8933,#8934,#8935,#8936,
#8937,#8938,#8939,#8940,#8941,#8942,#8943,#8944,#8945,#8946,#8947,#8948,
#8949,#8950,#8951,#8952,#8953,#8954,#8955,#8956,#8957,#8958,#8959,#8960,
#8961,#8962,#8963,#8964,#8965,#8966,#8967,#8968,#8969,#8970,#8971,#8972,
#8973,#8974,#8975,#8976,#8977,#8978,#8979,#8980,#8981,#8982,#8983,#8984,
#8985,#8986,#8987,#8988,#8989,#8990,#8991,#8992,#8993,#8994,#8995,#8996,
#8997,#8998,#8999,#9000,#9001,#9002,#9003,#9004,#9005,#9006,#9007,#9008,
#9009,#9010,#9011,#9012,#9013,#9014,#9015,#9016,#9017,#9018,#9019,#9020,
#9021,#9022,#9023,#9024,#9025,#9026,#9027,#9028,#9029,#9030,#9031,#9032,
#9033,#9034,#9035,#9036,#9037,#9038,#9039,#9040,#9041,#9042,#9043,#9044,
#9045,#9046,#9047,#9048,#9049,#9050,#9051,#9052,#9053,#9054,#9055,#9056,
#9057,#9058,#9059,#9060,#9061,#9062,#9063,#9064,#9065,#9066,#9067,#9068,
#9069,#9070,#9071,#9072,#9073,#9074,#9075,#9076,#9077,#9078,#9079,#9080,
#9081,#9082,#9083,#9084,#9085,#9086,#9087,#9088,#9089,#9090,#9091,#9092,
#9093,#9094,#9095,#9096,#9097,#9098,#9099,#9100,#9101,#9102,#9103,#9104,
#9105,#9106,#9107,#9108,#9109,#9110,#9111,#9112,#9113,#9114,#9115,#9116,
#9117,#9118,#9119,#9120,#9121,#9122,#9123,#9124,#9125,#9126,#9127,#9128,
#9129,#9130,#9131,#9132,#9133,#9134,#9135,#9136,#9137,#9138,#9139,#9140,
#9141,#9142,#9143,#9144,#9145,#9146,#9147,#9148,#9149,#9150,#9151,#9152,
#9153,#9154,#9155,#9156,#9157,#9158,#9159,#9160,#9161,#9162,#9163,#9164,
#9165,#9166,#9167,#9168,#9169,#9170,#9171,#9172,#9173,#9174,#9175,#9176,
#9177,#9178,#9179));
#9181=STYLED_ITEM('',(#9182),#9189);
#9182=PRESENTATION_STYLE_ASSIGNMENT((#9183));
#9183=SURFACE_STYLE_USAGE(.BOTH.,#9184);
#9184=SURFACE_SIDE_STYLE('',(#9185));
#9185=SURFACE_STYLE_FILL_AREA(#9186);
#9186=FILL_AREA_STYLE('',(#9187));
#9187=FILL_AREA_STYLE_COLOUR('',#9188);
#9188=COLOUR_RGB('',0.615686274509804,0.811764705882353,0.929411764705882);
#9189=MANIFOLD_SOLID_BREP('98T GT2 Pulley 9mm Wide',#9180);
#9190=SHAPE_DEFINITION_REPRESENTATION(#17156,#9191);
#9191=SHAPE_REPRESENTATION('98T GT2 Pulley 9mm Wide',(#9192),#17151);
#9192=AXIS2_PLACEMENT_3D('',#14366,#10786,#10787);
#9193=AXIS2_PLACEMENT_3D('',#14367,#10788,#10789);
#9194=AXIS2_PLACEMENT_3D('',#14368,#10790,#10791);
#9195=AXIS2_PLACEMENT_3D('',#14371,#10792,#10793);
#9196=AXIS2_PLACEMENT_3D('',#14373,#10794,#10795);
#9197=AXIS2_PLACEMENT_3D('',#14375,#10796,#10797);
#9198=AXIS2_PLACEMENT_3D('',#14376,#10798,#10799);
#9199=AXIS2_PLACEMENT_3D('',#14377,#10800,#10801);
#9200=AXIS2_PLACEMENT_3D('',#14380,#10802,#10803);
#9201=AXIS2_PLACEMENT_3D('',#14382,#10804,#10805);
#9202=AXIS2_PLACEMENT_3D('',#14384,#10806,#10807);
#9203=AXIS2_PLACEMENT_3D('',#14385,#10808,#10809);
#9204=AXIS2_PLACEMENT_3D('',#14386,#10810,#10811);
#9205=AXIS2_PLACEMENT_3D('',#14389,#10812,#10813);
#9206=AXIS2_PLACEMENT_3D('',#14391,#10814,#10815);
#9207=AXIS2_PLACEMENT_3D('',#14393,#10816,#10817);
#9208=AXIS2_PLACEMENT_3D('',#14394,#10818,#10819);
#9209=AXIS2_PLACEMENT_3D('',#14395,#10820,#10821);
#9210=AXIS2_PLACEMENT_3D('',#14398,#10822,#10823);
#9211=AXIS2_PLACEMENT_3D('',#14400,#10824,#10825);
#9212=AXIS2_PLACEMENT_3D('',#14402,#10826,#10827);
#9213=AXIS2_PLACEMENT_3D('',#14403,#10828,#10829);
#9214=AXIS2_PLACEMENT_3D('',#14404,#10830,#10831);
#9215=AXIS2_PLACEMENT_3D('',#14407,#10832,#10833);
#9216=AXIS2_PLACEMENT_3D('',#14409,#10834,#10835);
#9217=AXIS2_PLACEMENT_3D('',#14411,#10836,#10837);
#9218=AXIS2_PLACEMENT_3D('',#14412,#10838,#10839);
#9219=AXIS2_PLACEMENT_3D('',#14413,#10840,#10841);
#9220=AXIS2_PLACEMENT_3D('',#14416,#10842,#10843);
#9221=AXIS2_PLACEMENT_3D('',#14418,#10844,#10845);
#9222=AXIS2_PLACEMENT_3D('',#14420,#10846,#10847);
#9223=AXIS2_PLACEMENT_3D('',#14421,#10848,#10849);
#9224=AXIS2_PLACEMENT_3D('',#14422,#10850,#10851);
#9225=AXIS2_PLACEMENT_3D('',#14425,#10852,#10853);
#9226=AXIS2_PLACEMENT_3D('',#14427,#10854,#10855);
#9227=AXIS2_PLACEMENT_3D('',#14429,#10856,#10857);
#9228=AXIS2_PLACEMENT_3D('',#14430,#10858,#10859);
#9229=AXIS2_PLACEMENT_3D('',#14431,#10860,#10861);
#9230=AXIS2_PLACEMENT_3D('',#14434,#10862,#10863);
#9231=AXIS2_PLACEMENT_3D('',#14436,#10864,#10865);
#9232=AXIS2_PLACEMENT_3D('',#14438,#10866,#10867);
#9233=AXIS2_PLACEMENT_3D('',#14439,#10868,#10869);
#9234=AXIS2_PLACEMENT_3D('',#14440,#10870,#10871);
#9235=AXIS2_PLACEMENT_3D('',#14443,#10872,#10873);
#9236=AXIS2_PLACEMENT_3D('',#14445,#10874,#10875);
#9237=AXIS2_PLACEMENT_3D('',#14447,#10876,#10877);
#9238=AXIS2_PLACEMENT_3D('',#14448,#10878,#10879);
#9239=AXIS2_PLACEMENT_3D('',#14449,#10880,#10881);
#9240=AXIS2_PLACEMENT_3D('',#14452,#10882,#10883);
#9241=AXIS2_PLACEMENT_3D('',#14454,#10884,#10885);
#9242=AXIS2_PLACEMENT_3D('',#14456,#10886,#10887);
#9243=AXIS2_PLACEMENT_3D('',#14457,#10888,#10889);
#9244=AXIS2_PLACEMENT_3D('',#14458,#10890,#10891);
#9245=AXIS2_PLACEMENT_3D('',#14461,#10892,#10893);
#9246=AXIS2_PLACEMENT_3D('',#14463,#10894,#10895);
#9247=AXIS2_PLACEMENT_3D('',#14465,#10896,#10897);
#9248=AXIS2_PLACEMENT_3D('',#14466,#10898,#10899);
#9249=AXIS2_PLACEMENT_3D('',#14467,#10900,#10901);
#9250=AXIS2_PLACEMENT_3D('',#14470,#10902,#10903);
#9251=AXIS2_PLACEMENT_3D('',#14472,#10904,#10905);
#9252=AXIS2_PLACEMENT_3D('',#14474,#10906,#10907);
#9253=AXIS2_PLACEMENT_3D('',#14475,#10908,#10909);
#9254=AXIS2_PLACEMENT_3D('',#14476,#10910,#10911);
#9255=AXIS2_PLACEMENT_3D('',#14479,#10912,#10913);
#9256=AXIS2_PLACEMENT_3D('',#14481,#10914,#10915);
#9257=AXIS2_PLACEMENT_3D('',#14483,#10916,#10917);
#9258=AXIS2_PLACEMENT_3D('',#14484,#10918,#10919);
#9259=AXIS2_PLACEMENT_3D('',#14485,#10920,#10921);
#9260=AXIS2_PLACEMENT_3D('',#14488,#10922,#10923);
#9261=AXIS2_PLACEMENT_3D('',#14490,#10924,#10925);
#9262=AXIS2_PLACEMENT_3D('',#14492,#10926,#10927);
#9263=AXIS2_PLACEMENT_3D('',#14493,#10928,#10929);
#9264=AXIS2_PLACEMENT_3D('',#14494,#10930,#10931);
#9265=AXIS2_PLACEMENT_3D('',#14497,#10932,#10933);
#9266=AXIS2_PLACEMENT_3D('',#14499,#10934,#10935);
#9267=AXIS2_PLACEMENT_3D('',#14501,#10936,#10937);
#9268=AXIS2_PLACEMENT_3D('',#14502,#10938,#10939);
#9269=AXIS2_PLACEMENT_3D('',#14503,#10940,#10941);
#9270=AXIS2_PLACEMENT_3D('',#14506,#10942,#10943);
#9271=AXIS2_PLACEMENT_3D('',#14508,#10944,#10945);
#9272=AXIS2_PLACEMENT_3D('',#14510,#10946,#10947);
#9273=AXIS2_PLACEMENT_3D('',#14511,#10948,#10949);
#9274=AXIS2_PLACEMENT_3D('',#14512,#10950,#10951);
#9275=AXIS2_PLACEMENT_3D('',#14515,#10952,#10953);
#9276=AXIS2_PLACEMENT_3D('',#14517,#10954,#10955);
#9277=AXIS2_PLACEMENT_3D('',#14519,#10956,#10957);
#9278=AXIS2_PLACEMENT_3D('',#14520,#10958,#10959);
#9279=AXIS2_PLACEMENT_3D('',#14521,#10960,#10961);
#9280=AXIS2_PLACEMENT_3D('',#14524,#10962,#10963);
#9281=AXIS2_PLACEMENT_3D('',#14526,#10964,#10965);
#9282=AXIS2_PLACEMENT_3D('',#14528,#10966,#10967);
#9283=AXIS2_PLACEMENT_3D('',#14529,#10968,#10969);
#9284=AXIS2_PLACEMENT_3D('',#14530,#10970,#10971);
#9285=AXIS2_PLACEMENT_3D('',#14533,#10972,#10973);
#9286=AXIS2_PLACEMENT_3D('',#14535,#10974,#10975);
#9287=AXIS2_PLACEMENT_3D('',#14537,#10976,#10977);
#9288=AXIS2_PLACEMENT_3D('',#14538,#10978,#10979);
#9289=AXIS2_PLACEMENT_3D('',#14539,#10980,#10981);
#9290=AXIS2_PLACEMENT_3D('',#14542,#10982,#10983);
#9291=AXIS2_PLACEMENT_3D('',#14544,#10984,#10985);
#9292=AXIS2_PLACEMENT_3D('',#14546,#10986,#10987);
#9293=AXIS2_PLACEMENT_3D('',#14547,#10988,#10989);
#9294=AXIS2_PLACEMENT_3D('',#14548,#10990,#10991);
#9295=AXIS2_PLACEMENT_3D('',#14551,#10992,#10993);
#9296=AXIS2_PLACEMENT_3D('',#14553,#10994,#10995);
#9297=AXIS2_PLACEMENT_3D('',#14555,#10996,#10997);
#9298=AXIS2_PLACEMENT_3D('',#14556,#10998,#10999);
#9299=AXIS2_PLACEMENT_3D('',#14557,#11000,#11001);
#9300=AXIS2_PLACEMENT_3D('',#14560,#11002,#11003);
#9301=AXIS2_PLACEMENT_3D('',#14562,#11004,#11005);
#9302=AXIS2_PLACEMENT_3D('',#14564,#11006,#11007);
#9303=AXIS2_PLACEMENT_3D('',#14565,#11008,#11009);
#9304=AXIS2_PLACEMENT_3D('',#14566,#11010,#11011);
#9305=AXIS2_PLACEMENT_3D('',#14569,#11012,#11013);
#9306=AXIS2_PLACEMENT_3D('',#14571,#11014,#11015);
#9307=AXIS2_PLACEMENT_3D('',#14573,#11016,#11017);
#9308=AXIS2_PLACEMENT_3D('',#14574,#11018,#11019);
#9309=AXIS2_PLACEMENT_3D('',#14575,#11020,#11021);
#9310=AXIS2_PLACEMENT_3D('',#14578,#11022,#11023);
#9311=AXIS2_PLACEMENT_3D('',#14580,#11024,#11025);
#9312=AXIS2_PLACEMENT_3D('',#14582,#11026,#11027);
#9313=AXIS2_PLACEMENT_3D('',#14583,#11028,#11029);
#9314=AXIS2_PLACEMENT_3D('',#14584,#11030,#11031);
#9315=AXIS2_PLACEMENT_3D('',#14587,#11032,#11033);
#9316=AXIS2_PLACEMENT_3D('',#14589,#11034,#11035);
#9317=AXIS2_PLACEMENT_3D('',#14591,#11036,#11037);
#9318=AXIS2_PLACEMENT_3D('',#14592,#11038,#11039);
#9319=AXIS2_PLACEMENT_3D('',#14593,#11040,#11041);
#9320=AXIS2_PLACEMENT_3D('',#14596,#11042,#11043);
#9321=AXIS2_PLACEMENT_3D('',#14598,#11044,#11045);
#9322=AXIS2_PLACEMENT_3D('',#14600,#11046,#11047);
#9323=AXIS2_PLACEMENT_3D('',#14601,#11048,#11049);
#9324=AXIS2_PLACEMENT_3D('',#14602,#11050,#11051);
#9325=AXIS2_PLACEMENT_3D('',#14605,#11052,#11053);
#9326=AXIS2_PLACEMENT_3D('',#14607,#11054,#11055);
#9327=AXIS2_PLACEMENT_3D('',#14609,#11056,#11057);
#9328=AXIS2_PLACEMENT_3D('',#14610,#11058,#11059);
#9329=AXIS2_PLACEMENT_3D('',#14611,#11060,#11061);
#9330=AXIS2_PLACEMENT_3D('',#14614,#11062,#11063);
#9331=AXIS2_PLACEMENT_3D('',#14616,#11064,#11065);
#9332=AXIS2_PLACEMENT_3D('',#14618,#11066,#11067);
#9333=AXIS2_PLACEMENT_3D('',#14619,#11068,#11069);
#9334=AXIS2_PLACEMENT_3D('',#14620,#11070,#11071);
#9335=AXIS2_PLACEMENT_3D('',#14623,#11072,#11073);
#9336=AXIS2_PLACEMENT_3D('',#14625,#11074,#11075);
#9337=AXIS2_PLACEMENT_3D('',#14627,#11076,#11077);
#9338=AXIS2_PLACEMENT_3D('',#14628,#11078,#11079);
#9339=AXIS2_PLACEMENT_3D('',#14629,#11080,#11081);
#9340=AXIS2_PLACEMENT_3D('',#14632,#11082,#11083);
#9341=AXIS2_PLACEMENT_3D('',#14634,#11084,#11085);
#9342=AXIS2_PLACEMENT_3D('',#14636,#11086,#11087);
#9343=AXIS2_PLACEMENT_3D('',#14637,#11088,#11089);
#9344=AXIS2_PLACEMENT_3D('',#14638,#11090,#11091);
#9345=AXIS2_PLACEMENT_3D('',#14641,#11092,#11093);
#9346=AXIS2_PLACEMENT_3D('',#14643,#11094,#11095);
#9347=AXIS2_PLACEMENT_3D('',#14645,#11096,#11097);
#9348=AXIS2_PLACEMENT_3D('',#14646,#11098,#11099);
#9349=AXIS2_PLACEMENT_3D('',#14647,#11100,#11101);
#9350=AXIS2_PLACEMENT_3D('',#14650,#11102,#11103);
#9351=AXIS2_PLACEMENT_3D('',#14652,#11104,#11105);
#9352=AXIS2_PLACEMENT_3D('',#14654,#11106,#11107);
#9353=AXIS2_PLACEMENT_3D('',#14655,#11108,#11109);
#9354=AXIS2_PLACEMENT_3D('',#14656,#11110,#11111);
#9355=AXIS2_PLACEMENT_3D('',#14659,#11112,#11113);
#9356=AXIS2_PLACEMENT_3D('',#14661,#11114,#11115);
#9357=AXIS2_PLACEMENT_3D('',#14663,#11116,#11117);
#9358=AXIS2_PLACEMENT_3D('',#14664,#11118,#11119);
#9359=AXIS2_PLACEMENT_3D('',#14665,#11120,#11121);
#9360=AXIS2_PLACEMENT_3D('',#14668,#11122,#11123);
#9361=AXIS2_PLACEMENT_3D('',#14670,#11124,#11125);
#9362=AXIS2_PLACEMENT_3D('',#14672,#11126,#11127);
#9363=AXIS2_PLACEMENT_3D('',#14673,#11128,#11129);
#9364=AXIS2_PLACEMENT_3D('',#14674,#11130,#11131);
#9365=AXIS2_PLACEMENT_3D('',#14677,#11132,#11133);
#9366=AXIS2_PLACEMENT_3D('',#14679,#11134,#11135);
#9367=AXIS2_PLACEMENT_3D('',#14681,#11136,#11137);
#9368=AXIS2_PLACEMENT_3D('',#14682,#11138,#11139);
#9369=AXIS2_PLACEMENT_3D('',#14683,#11140,#11141);
#9370=AXIS2_PLACEMENT_3D('',#14686,#11142,#11143);
#9371=AXIS2_PLACEMENT_3D('',#14688,#11144,#11145);
#9372=AXIS2_PLACEMENT_3D('',#14690,#11146,#11147);
#9373=AXIS2_PLACEMENT_3D('',#14691,#11148,#11149);
#9374=AXIS2_PLACEMENT_3D('',#14692,#11150,#11151);
#9375=AXIS2_PLACEMENT_3D('',#14695,#11152,#11153);
#9376=AXIS2_PLACEMENT_3D('',#14697,#11154,#11155);
#9377=AXIS2_PLACEMENT_3D('',#14699,#11156,#11157);
#9378=AXIS2_PLACEMENT_3D('',#14700,#11158,#11159);
#9379=AXIS2_PLACEMENT_3D('',#14701,#11160,#11161);
#9380=AXIS2_PLACEMENT_3D('',#14704,#11162,#11163);
#9381=AXIS2_PLACEMENT_3D('',#14706,#11164,#11165);
#9382=AXIS2_PLACEMENT_3D('',#14708,#11166,#11167);
#9383=AXIS2_PLACEMENT_3D('',#14709,#11168,#11169);
#9384=AXIS2_PLACEMENT_3D('',#14710,#11170,#11171);
#9385=AXIS2_PLACEMENT_3D('',#14713,#11172,#11173);
#9386=AXIS2_PLACEMENT_3D('',#14715,#11174,#11175);
#9387=AXIS2_PLACEMENT_3D('',#14717,#11176,#11177);
#9388=AXIS2_PLACEMENT_3D('',#14718,#11178,#11179);
#9389=AXIS2_PLACEMENT_3D('',#14719,#11180,#11181);
#9390=AXIS2_PLACEMENT_3D('',#14722,#11182,#11183);
#9391=AXIS2_PLACEMENT_3D('',#14724,#11184,#11185);
#9392=AXIS2_PLACEMENT_3D('',#14726,#11186,#11187);
#9393=AXIS2_PLACEMENT_3D('',#14727,#11188,#11189);
#9394=AXIS2_PLACEMENT_3D('',#14728,#11190,#11191);
#9395=AXIS2_PLACEMENT_3D('',#14731,#11192,#11193);
#9396=AXIS2_PLACEMENT_3D('',#14733,#11194,#11195);
#9397=AXIS2_PLACEMENT_3D('',#14735,#11196,#11197);
#9398=AXIS2_PLACEMENT_3D('',#14736,#11198,#11199);
#9399=AXIS2_PLACEMENT_3D('',#14737,#11200,#11201);
#9400=AXIS2_PLACEMENT_3D('',#14740,#11202,#11203);
#9401=AXIS2_PLACEMENT_3D('',#14742,#11204,#11205);
#9402=AXIS2_PLACEMENT_3D('',#14744,#11206,#11207);
#9403=AXIS2_PLACEMENT_3D('',#14745,#11208,#11209);
#9404=AXIS2_PLACEMENT_3D('',#14746,#11210,#11211);
#9405=AXIS2_PLACEMENT_3D('',#14749,#11212,#11213);
#9406=AXIS2_PLACEMENT_3D('',#14751,#11214,#11215);
#9407=AXIS2_PLACEMENT_3D('',#14753,#11216,#11217);
#9408=AXIS2_PLACEMENT_3D('',#14754,#11218,#11219);
#9409=AXIS2_PLACEMENT_3D('',#14755,#11220,#11221);
#9410=AXIS2_PLACEMENT_3D('',#14758,#11222,#11223);
#9411=AXIS2_PLACEMENT_3D('',#14760,#11224,#11225);
#9412=AXIS2_PLACEMENT_3D('',#14762,#11226,#11227);
#9413=AXIS2_PLACEMENT_3D('',#14763,#11228,#11229);
#9414=AXIS2_PLACEMENT_3D('',#14764,#11230,#11231);
#9415=AXIS2_PLACEMENT_3D('',#14767,#11232,#11233);
#9416=AXIS2_PLACEMENT_3D('',#14769,#11234,#11235);
#9417=AXIS2_PLACEMENT_3D('',#14771,#11236,#11237);
#9418=AXIS2_PLACEMENT_3D('',#14772,#11238,#11239);
#9419=AXIS2_PLACEMENT_3D('',#14773,#11240,#11241);
#9420=AXIS2_PLACEMENT_3D('',#14776,#11242,#11243);
#9421=AXIS2_PLACEMENT_3D('',#14778,#11244,#11245);
#9422=AXIS2_PLACEMENT_3D('',#14780,#11246,#11247);
#9423=AXIS2_PLACEMENT_3D('',#14781,#11248,#11249);
#9424=AXIS2_PLACEMENT_3D('',#14782,#11250,#11251);
#9425=AXIS2_PLACEMENT_3D('',#14785,#11252,#11253);
#9426=AXIS2_PLACEMENT_3D('',#14787,#11254,#11255);
#9427=AXIS2_PLACEMENT_3D('',#14789,#11256,#11257);
#9428=AXIS2_PLACEMENT_3D('',#14790,#11258,#11259);
#9429=AXIS2_PLACEMENT_3D('',#14791,#11260,#11261);
#9430=AXIS2_PLACEMENT_3D('',#14794,#11262,#11263);
#9431=AXIS2_PLACEMENT_3D('',#14796,#11264,#11265);
#9432=AXIS2_PLACEMENT_3D('',#14798,#11266,#11267);
#9433=AXIS2_PLACEMENT_3D('',#14799,#11268,#11269);
#9434=AXIS2_PLACEMENT_3D('',#14800,#11270,#11271);
#9435=AXIS2_PLACEMENT_3D('',#14803,#11272,#11273);
#9436=AXIS2_PLACEMENT_3D('',#14805,#11274,#11275);
#9437=AXIS2_PLACEMENT_3D('',#14807,#11276,#11277);
#9438=AXIS2_PLACEMENT_3D('',#14808,#11278,#11279);
#9439=AXIS2_PLACEMENT_3D('',#14809,#11280,#11281);
#9440=AXIS2_PLACEMENT_3D('',#14812,#11282,#11283);
#9441=AXIS2_PLACEMENT_3D('',#14814,#11284,#11285);
#9442=AXIS2_PLACEMENT_3D('',#14816,#11286,#11287);
#9443=AXIS2_PLACEMENT_3D('',#14817,#11288,#11289);
#9444=AXIS2_PLACEMENT_3D('',#14818,#11290,#11291);
#9445=AXIS2_PLACEMENT_3D('',#14821,#11292,#11293);
#9446=AXIS2_PLACEMENT_3D('',#14823,#11294,#11295);
#9447=AXIS2_PLACEMENT_3D('',#14825,#11296,#11297);
#9448=AXIS2_PLACEMENT_3D('',#14826,#11298,#11299);
#9449=AXIS2_PLACEMENT_3D('',#14827,#11300,#11301);
#9450=AXIS2_PLACEMENT_3D('',#14830,#11302,#11303);
#9451=AXIS2_PLACEMENT_3D('',#14832,#11304,#11305);
#9452=AXIS2_PLACEMENT_3D('',#14834,#11306,#11307);
#9453=AXIS2_PLACEMENT_3D('',#14835,#11308,#11309);
#9454=AXIS2_PLACEMENT_3D('',#14836,#11310,#11311);
#9455=AXIS2_PLACEMENT_3D('',#14839,#11312,#11313);
#9456=AXIS2_PLACEMENT_3D('',#14841,#11314,#11315);
#9457=AXIS2_PLACEMENT_3D('',#14843,#11316,#11317);
#9458=AXIS2_PLACEMENT_3D('',#14844,#11318,#11319);
#9459=AXIS2_PLACEMENT_3D('',#14845,#11320,#11321);
#9460=AXIS2_PLACEMENT_3D('',#14848,#11322,#11323);
#9461=AXIS2_PLACEMENT_3D('',#14850,#11324,#11325);
#9462=AXIS2_PLACEMENT_3D('',#14852,#11326,#11327);
#9463=AXIS2_PLACEMENT_3D('',#14853,#11328,#11329);
#9464=AXIS2_PLACEMENT_3D('',#14854,#11330,#11331);
#9465=AXIS2_PLACEMENT_3D('',#14857,#11332,#11333);
#9466=AXIS2_PLACEMENT_3D('',#14859,#11334,#11335);
#9467=AXIS2_PLACEMENT_3D('',#14861,#11336,#11337);
#9468=AXIS2_PLACEMENT_3D('',#14862,#11338,#11339);
#9469=AXIS2_PLACEMENT_3D('',#14863,#11340,#11341);
#9470=AXIS2_PLACEMENT_3D('',#14866,#11342,#11343);
#9471=AXIS2_PLACEMENT_3D('',#14868,#11344,#11345);
#9472=AXIS2_PLACEMENT_3D('',#14870,#11346,#11347);
#9473=AXIS2_PLACEMENT_3D('',#14871,#11348,#11349);
#9474=AXIS2_PLACEMENT_3D('',#14872,#11350,#11351);
#9475=AXIS2_PLACEMENT_3D('',#14875,#11352,#11353);
#9476=AXIS2_PLACEMENT_3D('',#14877,#11354,#11355);
#9477=AXIS2_PLACEMENT_3D('',#14879,#11356,#11357);
#9478=AXIS2_PLACEMENT_3D('',#14880,#11358,#11359);
#9479=AXIS2_PLACEMENT_3D('',#14881,#11360,#11361);
#9480=AXIS2_PLACEMENT_3D('',#14884,#11362,#11363);
#9481=AXIS2_PLACEMENT_3D('',#14886,#11364,#11365);
#9482=AXIS2_PLACEMENT_3D('',#14888,#11366,#11367);
#9483=AXIS2_PLACEMENT_3D('',#14889,#11368,#11369);
#9484=AXIS2_PLACEMENT_3D('',#14890,#11370,#11371);
#9485=AXIS2_PLACEMENT_3D('',#14893,#11372,#11373);
#9486=AXIS2_PLACEMENT_3D('',#14895,#11374,#11375);
#9487=AXIS2_PLACEMENT_3D('',#14897,#11376,#11377);
#9488=AXIS2_PLACEMENT_3D('',#14898,#11378,#11379);
#9489=AXIS2_PLACEMENT_3D('',#14899,#11380,#11381);
#9490=AXIS2_PLACEMENT_3D('',#14902,#11382,#11383);
#9491=AXIS2_PLACEMENT_3D('',#14904,#11384,#11385);
#9492=AXIS2_PLACEMENT_3D('',#14906,#11386,#11387);
#9493=AXIS2_PLACEMENT_3D('',#14907,#11388,#11389);
#9494=AXIS2_PLACEMENT_3D('',#14908,#11390,#11391);
#9495=AXIS2_PLACEMENT_3D('',#14911,#11392,#11393);
#9496=AXIS2_PLACEMENT_3D('',#14913,#11394,#11395);
#9497=AXIS2_PLACEMENT_3D('',#14915,#11396,#11397);
#9498=AXIS2_PLACEMENT_3D('',#14916,#11398,#11399);
#9499=AXIS2_PLACEMENT_3D('',#14917,#11400,#11401);
#9500=AXIS2_PLACEMENT_3D('',#14920,#11402,#11403);
#9501=AXIS2_PLACEMENT_3D('',#14922,#11404,#11405);
#9502=AXIS2_PLACEMENT_3D('',#14924,#11406,#11407);
#9503=AXIS2_PLACEMENT_3D('',#14925,#11408,#11409);
#9504=AXIS2_PLACEMENT_3D('',#14926,#11410,#11411);
#9505=AXIS2_PLACEMENT_3D('',#14929,#11412,#11413);
#9506=AXIS2_PLACEMENT_3D('',#14931,#11414,#11415);
#9507=AXIS2_PLACEMENT_3D('',#14933,#11416,#11417);
#9508=AXIS2_PLACEMENT_3D('',#14934,#11418,#11419);
#9509=AXIS2_PLACEMENT_3D('',#14935,#11420,#11421);
#9510=AXIS2_PLACEMENT_3D('',#14938,#11422,#11423);
#9511=AXIS2_PLACEMENT_3D('',#14940,#11424,#11425);
#9512=AXIS2_PLACEMENT_3D('',#14942,#11426,#11427);
#9513=AXIS2_PLACEMENT_3D('',#14943,#11428,#11429);
#9514=AXIS2_PLACEMENT_3D('',#14944,#11430,#11431);
#9515=AXIS2_PLACEMENT_3D('',#14947,#11432,#11433);
#9516=AXIS2_PLACEMENT_3D('',#14949,#11434,#11435);
#9517=AXIS2_PLACEMENT_3D('',#14951,#11436,#11437);
#9518=AXIS2_PLACEMENT_3D('',#14952,#11438,#11439);
#9519=AXIS2_PLACEMENT_3D('',#14953,#11440,#11441);
#9520=AXIS2_PLACEMENT_3D('',#14956,#11442,#11443);
#9521=AXIS2_PLACEMENT_3D('',#14958,#11444,#11445);
#9522=AXIS2_PLACEMENT_3D('',#14960,#11446,#11447);
#9523=AXIS2_PLACEMENT_3D('',#14961,#11448,#11449);
#9524=AXIS2_PLACEMENT_3D('',#14962,#11450,#11451);
#9525=AXIS2_PLACEMENT_3D('',#14965,#11452,#11453);
#9526=AXIS2_PLACEMENT_3D('',#14967,#11454,#11455);
#9527=AXIS2_PLACEMENT_3D('',#14969,#11456,#11457);
#9528=AXIS2_PLACEMENT_3D('',#14970,#11458,#11459);
#9529=AXIS2_PLACEMENT_3D('',#14971,#11460,#11461);
#9530=AXIS2_PLACEMENT_3D('',#14974,#11462,#11463);
#9531=AXIS2_PLACEMENT_3D('',#14976,#11464,#11465);
#9532=AXIS2_PLACEMENT_3D('',#14978,#11466,#11467);
#9533=AXIS2_PLACEMENT_3D('',#14979,#11468,#11469);
#9534=AXIS2_PLACEMENT_3D('',#14980,#11470,#11471);
#9535=AXIS2_PLACEMENT_3D('',#14983,#11472,#11473);
#9536=AXIS2_PLACEMENT_3D('',#14985,#11474,#11475);
#9537=AXIS2_PLACEMENT_3D('',#14987,#11476,#11477);
#9538=AXIS2_PLACEMENT_3D('',#14988,#11478,#11479);
#9539=AXIS2_PLACEMENT_3D('',#14989,#11480,#11481);
#9540=AXIS2_PLACEMENT_3D('',#14992,#11482,#11483);
#9541=AXIS2_PLACEMENT_3D('',#14994,#11484,#11485);
#9542=AXIS2_PLACEMENT_3D('',#14996,#11486,#11487);
#9543=AXIS2_PLACEMENT_3D('',#14997,#11488,#11489);
#9544=AXIS2_PLACEMENT_3D('',#14998,#11490,#11491);
#9545=AXIS2_PLACEMENT_3D('',#15001,#11492,#11493);
#9546=AXIS2_PLACEMENT_3D('',#15003,#11494,#11495);
#9547=AXIS2_PLACEMENT_3D('',#15005,#11496,#11497);
#9548=AXIS2_PLACEMENT_3D('',#15006,#11498,#11499);
#9549=AXIS2_PLACEMENT_3D('',#15007,#11500,#11501);
#9550=AXIS2_PLACEMENT_3D('',#15010,#11502,#11503);
#9551=AXIS2_PLACEMENT_3D('',#15012,#11504,#11505);
#9552=AXIS2_PLACEMENT_3D('',#15014,#11506,#11507);
#9553=AXIS2_PLACEMENT_3D('',#15015,#11508,#11509);
#9554=AXIS2_PLACEMENT_3D('',#15016,#11510,#11511);
#9555=AXIS2_PLACEMENT_3D('',#15019,#11512,#11513);
#9556=AXIS2_PLACEMENT_3D('',#15021,#11514,#11515);
#9557=AXIS2_PLACEMENT_3D('',#15023,#11516,#11517);
#9558=AXIS2_PLACEMENT_3D('',#15024,#11518,#11519);
#9559=AXIS2_PLACEMENT_3D('',#15025,#11520,#11521);
#9560=AXIS2_PLACEMENT_3D('',#15028,#11522,#11523);
#9561=AXIS2_PLACEMENT_3D('',#15030,#11524,#11525);
#9562=AXIS2_PLACEMENT_3D('',#15032,#11526,#11527);
#9563=AXIS2_PLACEMENT_3D('',#15033,#11528,#11529);
#9564=AXIS2_PLACEMENT_3D('',#15034,#11530,#11531);
#9565=AXIS2_PLACEMENT_3D('',#15037,#11532,#11533);
#9566=AXIS2_PLACEMENT_3D('',#15039,#11534,#11535);
#9567=AXIS2_PLACEMENT_3D('',#15041,#11536,#11537);
#9568=AXIS2_PLACEMENT_3D('',#15042,#11538,#11539);
#9569=AXIS2_PLACEMENT_3D('',#15043,#11540,#11541);
#9570=AXIS2_PLACEMENT_3D('',#15046,#11542,#11543);
#9571=AXIS2_PLACEMENT_3D('',#15048,#11544,#11545);
#9572=AXIS2_PLACEMENT_3D('',#15050,#11546,#11547);
#9573=AXIS2_PLACEMENT_3D('',#15051,#11548,#11549);
#9574=AXIS2_PLACEMENT_3D('',#15052,#11550,#11551);
#9575=AXIS2_PLACEMENT_3D('',#15055,#11552,#11553);
#9576=AXIS2_PLACEMENT_3D('',#15057,#11554,#11555);
#9577=AXIS2_PLACEMENT_3D('',#15059,#11556,#11557);
#9578=AXIS2_PLACEMENT_3D('',#15060,#11558,#11559);
#9579=AXIS2_PLACEMENT_3D('',#15061,#11560,#11561);
#9580=AXIS2_PLACEMENT_3D('',#15064,#11562,#11563);
#9581=AXIS2_PLACEMENT_3D('',#15066,#11564,#11565);
#9582=AXIS2_PLACEMENT_3D('',#15068,#11566,#11567);
#9583=AXIS2_PLACEMENT_3D('',#15069,#11568,#11569);
#9584=AXIS2_PLACEMENT_3D('',#15070,#11570,#11571);
#9585=AXIS2_PLACEMENT_3D('',#15073,#11572,#11573);
#9586=AXIS2_PLACEMENT_3D('',#15075,#11574,#11575);
#9587=AXIS2_PLACEMENT_3D('',#15077,#11576,#11577);
#9588=AXIS2_PLACEMENT_3D('',#15078,#11578,#11579);
#9589=AXIS2_PLACEMENT_3D('',#15079,#11580,#11581);
#9590=AXIS2_PLACEMENT_3D('',#15082,#11582,#11583);
#9591=AXIS2_PLACEMENT_3D('',#15084,#11584,#11585);
#9592=AXIS2_PLACEMENT_3D('',#15086,#11586,#11587);
#9593=AXIS2_PLACEMENT_3D('',#15087,#11588,#11589);
#9594=AXIS2_PLACEMENT_3D('',#15088,#11590,#11591);
#9595=AXIS2_PLACEMENT_3D('',#15091,#11592,#11593);
#9596=AXIS2_PLACEMENT_3D('',#15093,#11594,#11595);
#9597=AXIS2_PLACEMENT_3D('',#15095,#11596,#11597);
#9598=AXIS2_PLACEMENT_3D('',#15096,#11598,#11599);
#9599=AXIS2_PLACEMENT_3D('',#15097,#11600,#11601);
#9600=AXIS2_PLACEMENT_3D('',#15100,#11602,#11603);
#9601=AXIS2_PLACEMENT_3D('',#15102,#11604,#11605);
#9602=AXIS2_PLACEMENT_3D('',#15104,#11606,#11607);
#9603=AXIS2_PLACEMENT_3D('',#15105,#11608,#11609);
#9604=AXIS2_PLACEMENT_3D('',#15106,#11610,#11611);
#9605=AXIS2_PLACEMENT_3D('',#15109,#11612,#11613);
#9606=AXIS2_PLACEMENT_3D('',#15111,#11614,#11615);
#9607=AXIS2_PLACEMENT_3D('',#15113,#11616,#11617);
#9608=AXIS2_PLACEMENT_3D('',#15114,#11618,#11619);
#9609=AXIS2_PLACEMENT_3D('',#15115,#11620,#11621);
#9610=AXIS2_PLACEMENT_3D('',#15118,#11622,#11623);
#9611=AXIS2_PLACEMENT_3D('',#15120,#11624,#11625);
#9612=AXIS2_PLACEMENT_3D('',#15122,#11626,#11627);
#9613=AXIS2_PLACEMENT_3D('',#15123,#11628,#11629);
#9614=AXIS2_PLACEMENT_3D('',#15124,#11630,#11631);
#9615=AXIS2_PLACEMENT_3D('',#15127,#11632,#11633);
#9616=AXIS2_PLACEMENT_3D('',#15129,#11634,#11635);
#9617=AXIS2_PLACEMENT_3D('',#15131,#11636,#11637);
#9618=AXIS2_PLACEMENT_3D('',#15132,#11638,#11639);
#9619=AXIS2_PLACEMENT_3D('',#15133,#11640,#11641);
#9620=AXIS2_PLACEMENT_3D('',#15136,#11642,#11643);
#9621=AXIS2_PLACEMENT_3D('',#15138,#11644,#11645);
#9622=AXIS2_PLACEMENT_3D('',#15140,#11646,#11647);
#9623=AXIS2_PLACEMENT_3D('',#15141,#11648,#11649);
#9624=AXIS2_PLACEMENT_3D('',#15142,#11650,#11651);
#9625=AXIS2_PLACEMENT_3D('',#15145,#11652,#11653);
#9626=AXIS2_PLACEMENT_3D('',#15147,#11654,#11655);
#9627=AXIS2_PLACEMENT_3D('',#15149,#11656,#11657);
#9628=AXIS2_PLACEMENT_3D('',#15150,#11658,#11659);
#9629=AXIS2_PLACEMENT_3D('',#15151,#11660,#11661);
#9630=AXIS2_PLACEMENT_3D('',#15154,#11662,#11663);
#9631=AXIS2_PLACEMENT_3D('',#15156,#11664,#11665);
#9632=AXIS2_PLACEMENT_3D('',#15158,#11666,#11667);
#9633=AXIS2_PLACEMENT_3D('',#15159,#11668,#11669);
#9634=AXIS2_PLACEMENT_3D('',#15160,#11670,#11671);
#9635=AXIS2_PLACEMENT_3D('',#15163,#11672,#11673);
#9636=AXIS2_PLACEMENT_3D('',#15165,#11674,#11675);
#9637=AXIS2_PLACEMENT_3D('',#15167,#11676,#11677);
#9638=AXIS2_PLACEMENT_3D('',#15168,#11678,#11679);
#9639=AXIS2_PLACEMENT_3D('',#15169,#11680,#11681);
#9640=AXIS2_PLACEMENT_3D('',#15172,#11682,#11683);
#9641=AXIS2_PLACEMENT_3D('',#15174,#11684,#11685);
#9642=AXIS2_PLACEMENT_3D('',#15176,#11686,#11687);
#9643=AXIS2_PLACEMENT_3D('',#15177,#11688,#11689);
#9644=AXIS2_PLACEMENT_3D('',#15178,#11690,#11691);
#9645=AXIS2_PLACEMENT_3D('',#15181,#11692,#11693);
#9646=AXIS2_PLACEMENT_3D('',#15183,#11694,#11695);
#9647=AXIS2_PLACEMENT_3D('',#15185,#11696,#11697);
#9648=AXIS2_PLACEMENT_3D('',#15186,#11698,#11699);
#9649=AXIS2_PLACEMENT_3D('',#15187,#11700,#11701);
#9650=AXIS2_PLACEMENT_3D('',#15190,#11702,#11703);
#9651=AXIS2_PLACEMENT_3D('',#15192,#11704,#11705);
#9652=AXIS2_PLACEMENT_3D('',#15194,#11706,#11707);
#9653=AXIS2_PLACEMENT_3D('',#15195,#11708,#11709);
#9654=AXIS2_PLACEMENT_3D('',#15196,#11710,#11711);
#9655=AXIS2_PLACEMENT_3D('',#15199,#11712,#11713);
#9656=AXIS2_PLACEMENT_3D('',#15201,#11714,#11715);
#9657=AXIS2_PLACEMENT_3D('',#15203,#11716,#11717);
#9658=AXIS2_PLACEMENT_3D('',#15204,#11718,#11719);
#9659=AXIS2_PLACEMENT_3D('',#15205,#11720,#11721);
#9660=AXIS2_PLACEMENT_3D('',#15208,#11722,#11723);
#9661=AXIS2_PLACEMENT_3D('',#15210,#11724,#11725);
#9662=AXIS2_PLACEMENT_3D('',#15212,#11726,#11727);
#9663=AXIS2_PLACEMENT_3D('',#15213,#11728,#11729);
#9664=AXIS2_PLACEMENT_3D('',#15214,#11730,#11731);
#9665=AXIS2_PLACEMENT_3D('',#15217,#11732,#11733);
#9666=AXIS2_PLACEMENT_3D('',#15219,#11734,#11735);
#9667=AXIS2_PLACEMENT_3D('',#15221,#11736,#11737);
#9668=AXIS2_PLACEMENT_3D('',#15222,#11738,#11739);
#9669=AXIS2_PLACEMENT_3D('',#15223,#11740,#11741);
#9670=AXIS2_PLACEMENT_3D('',#15226,#11742,#11743);
#9671=AXIS2_PLACEMENT_3D('',#15228,#11744,#11745);
#9672=AXIS2_PLACEMENT_3D('',#15230,#11746,#11747);
#9673=AXIS2_PLACEMENT_3D('',#15231,#11748,#11749);
#9674=AXIS2_PLACEMENT_3D('',#15232,#11750,#11751);
#9675=AXIS2_PLACEMENT_3D('',#15235,#11752,#11753);
#9676=AXIS2_PLACEMENT_3D('',#15237,#11754,#11755);
#9677=AXIS2_PLACEMENT_3D('',#15239,#11756,#11757);
#9678=AXIS2_PLACEMENT_3D('',#15240,#11758,#11759);
#9679=AXIS2_PLACEMENT_3D('',#15241,#11760,#11761);
#9680=AXIS2_PLACEMENT_3D('',#15244,#11762,#11763);
#9681=AXIS2_PLACEMENT_3D('',#15246,#11764,#11765);
#9682=AXIS2_PLACEMENT_3D('',#15248,#11766,#11767);
#9683=AXIS2_PLACEMENT_3D('',#15249,#11768,#11769);
#9684=AXIS2_PLACEMENT_3D('',#15250,#11770,#11771);
#9685=AXIS2_PLACEMENT_3D('',#15252,#11772,#11773);
#9686=AXIS2_PLACEMENT_3D('',#15254,#11774,#11775);
#9687=AXIS2_PLACEMENT_3D('',#15255,#11776,#11777);
#9688=AXIS2_PLACEMENT_3D('',#15258,#11778,#11779);
#9689=AXIS2_PLACEMENT_3D('',#15260,#11780,#11781);
#9690=AXIS2_PLACEMENT_3D('',#15262,#11782,#11783);
#9691=AXIS2_PLACEMENT_3D('',#15263,#11784,#11785);
#9692=AXIS2_PLACEMENT_3D('',#15264,#11786,#11787);
#9693=AXIS2_PLACEMENT_3D('',#15267,#11788,#11789);
#9694=AXIS2_PLACEMENT_3D('',#15269,#11790,#11791);
#9695=AXIS2_PLACEMENT_3D('',#15271,#11792,#11793);
#9696=AXIS2_PLACEMENT_3D('',#15272,#11794,#11795);
#9697=AXIS2_PLACEMENT_3D('',#15273,#11796,#11797);
#9698=AXIS2_PLACEMENT_3D('',#15276,#11798,#11799);
#9699=AXIS2_PLACEMENT_3D('',#15278,#11800,#11801);
#9700=AXIS2_PLACEMENT_3D('',#15280,#11802,#11803);
#9701=AXIS2_PLACEMENT_3D('',#15281,#11804,#11805);
#9702=AXIS2_PLACEMENT_3D('',#15282,#11806,#11807);
#9703=AXIS2_PLACEMENT_3D('',#15285,#11808,#11809);
#9704=AXIS2_PLACEMENT_3D('',#15287,#11810,#11811);
#9705=AXIS2_PLACEMENT_3D('',#15289,#11812,#11813);
#9706=AXIS2_PLACEMENT_3D('',#15290,#11814,#11815);
#9707=AXIS2_PLACEMENT_3D('',#15291,#11816,#11817);
#9708=AXIS2_PLACEMENT_3D('',#15294,#11818,#11819);
#9709=AXIS2_PLACEMENT_3D('',#15296,#11820,#11821);
#9710=AXIS2_PLACEMENT_3D('',#15298,#11822,#11823);
#9711=AXIS2_PLACEMENT_3D('',#15299,#11824,#11825);
#9712=AXIS2_PLACEMENT_3D('',#15300,#11826,#11827);
#9713=AXIS2_PLACEMENT_3D('',#15303,#11828,#11829);
#9714=AXIS2_PLACEMENT_3D('',#15305,#11830,#11831);
#9715=AXIS2_PLACEMENT_3D('',#15307,#11832,#11833);
#9716=AXIS2_PLACEMENT_3D('',#15308,#11834,#11835);
#9717=AXIS2_PLACEMENT_3D('',#15309,#11836,#11837);
#9718=AXIS2_PLACEMENT_3D('',#15312,#11838,#11839);
#9719=AXIS2_PLACEMENT_3D('',#15314,#11840,#11841);
#9720=AXIS2_PLACEMENT_3D('',#15316,#11842,#11843);
#9721=AXIS2_PLACEMENT_3D('',#15317,#11844,#11845);
#9722=AXIS2_PLACEMENT_3D('',#15318,#11846,#11847);
#9723=AXIS2_PLACEMENT_3D('',#15321,#11848,#11849);
#9724=AXIS2_PLACEMENT_3D('',#15323,#11850,#11851);
#9725=AXIS2_PLACEMENT_3D('',#15325,#11852,#11853);
#9726=AXIS2_PLACEMENT_3D('',#15326,#11854,#11855);
#9727=AXIS2_PLACEMENT_3D('',#15327,#11856,#11857);
#9728=AXIS2_PLACEMENT_3D('',#15330,#11858,#11859);
#9729=AXIS2_PLACEMENT_3D('',#15332,#11860,#11861);
#9730=AXIS2_PLACEMENT_3D('',#15334,#11862,#11863);
#9731=AXIS2_PLACEMENT_3D('',#15335,#11864,#11865);
#9732=AXIS2_PLACEMENT_3D('',#15336,#11866,#11867);
#9733=AXIS2_PLACEMENT_3D('',#15339,#11868,#11869);
#9734=AXIS2_PLACEMENT_3D('',#15341,#11870,#11871);
#9735=AXIS2_PLACEMENT_3D('',#15343,#11872,#11873);
#9736=AXIS2_PLACEMENT_3D('',#15344,#11874,#11875);
#9737=AXIS2_PLACEMENT_3D('',#15345,#11876,#11877);
#9738=AXIS2_PLACEMENT_3D('',#15348,#11878,#11879);
#9739=AXIS2_PLACEMENT_3D('',#15350,#11880,#11881);
#9740=AXIS2_PLACEMENT_3D('',#15352,#11882,#11883);
#9741=AXIS2_PLACEMENT_3D('',#15353,#11884,#11885);
#9742=AXIS2_PLACEMENT_3D('',#15354,#11886,#11887);
#9743=AXIS2_PLACEMENT_3D('',#15357,#11888,#11889);
#9744=AXIS2_PLACEMENT_3D('',#15359,#11890,#11891);
#9745=AXIS2_PLACEMENT_3D('',#15361,#11892,#11893);
#9746=AXIS2_PLACEMENT_3D('',#15362,#11894,#11895);
#9747=AXIS2_PLACEMENT_3D('',#15363,#11896,#11897);
#9748=AXIS2_PLACEMENT_3D('',#15366,#11898,#11899);
#9749=AXIS2_PLACEMENT_3D('',#15368,#11900,#11901);
#9750=AXIS2_PLACEMENT_3D('',#15370,#11902,#11903);
#9751=AXIS2_PLACEMENT_3D('',#15371,#11904,#11905);
#9752=AXIS2_PLACEMENT_3D('',#15372,#11906,#11907);
#9753=AXIS2_PLACEMENT_3D('',#15375,#11908,#11909);
#9754=AXIS2_PLACEMENT_3D('',#15377,#11910,#11911);
#9755=AXIS2_PLACEMENT_3D('',#15379,#11912,#11913);
#9756=AXIS2_PLACEMENT_3D('',#15380,#11914,#11915);
#9757=AXIS2_PLACEMENT_3D('',#15381,#11916,#11917);
#9758=AXIS2_PLACEMENT_3D('',#15384,#11918,#11919);
#9759=AXIS2_PLACEMENT_3D('',#15386,#11920,#11921);
#9760=AXIS2_PLACEMENT_3D('',#15388,#11922,#11923);
#9761=AXIS2_PLACEMENT_3D('',#15389,#11924,#11925);
#9762=AXIS2_PLACEMENT_3D('',#15390,#11926,#11927);
#9763=AXIS2_PLACEMENT_3D('',#15393,#11928,#11929);
#9764=AXIS2_PLACEMENT_3D('',#15395,#11930,#11931);
#9765=AXIS2_PLACEMENT_3D('',#15397,#11932,#11933);
#9766=AXIS2_PLACEMENT_3D('',#15398,#11934,#11935);
#9767=AXIS2_PLACEMENT_3D('',#15399,#11936,#11937);
#9768=AXIS2_PLACEMENT_3D('',#15402,#11938,#11939);
#9769=AXIS2_PLACEMENT_3D('',#15404,#11940,#11941);
#9770=AXIS2_PLACEMENT_3D('',#15406,#11942,#11943);
#9771=AXIS2_PLACEMENT_3D('',#15407,#11944,#11945);
#9772=AXIS2_PLACEMENT_3D('',#15408,#11946,#11947);
#9773=AXIS2_PLACEMENT_3D('',#15411,#11948,#11949);
#9774=AXIS2_PLACEMENT_3D('',#15413,#11950,#11951);
#9775=AXIS2_PLACEMENT_3D('',#15415,#11952,#11953);
#9776=AXIS2_PLACEMENT_3D('',#15416,#11954,#11955);
#9777=AXIS2_PLACEMENT_3D('',#15417,#11956,#11957);
#9778=AXIS2_PLACEMENT_3D('',#15420,#11958,#11959);
#9779=AXIS2_PLACEMENT_3D('',#15422,#11960,#11961);
#9780=AXIS2_PLACEMENT_3D('',#15424,#11962,#11963);
#9781=AXIS2_PLACEMENT_3D('',#15425,#11964,#11965);
#9782=AXIS2_PLACEMENT_3D('',#15426,#11966,#11967);
#9783=AXIS2_PLACEMENT_3D('',#15429,#11968,#11969);
#9784=AXIS2_PLACEMENT_3D('',#15431,#11970,#11971);
#9785=AXIS2_PLACEMENT_3D('',#15433,#11972,#11973);
#9786=AXIS2_PLACEMENT_3D('',#15434,#11974,#11975);
#9787=AXIS2_PLACEMENT_3D('',#15435,#11976,#11977);
#9788=AXIS2_PLACEMENT_3D('',#15438,#11978,#11979);
#9789=AXIS2_PLACEMENT_3D('',#15440,#11980,#11981);
#9790=AXIS2_PLACEMENT_3D('',#15442,#11982,#11983);
#9791=AXIS2_PLACEMENT_3D('',#15443,#11984,#11985);
#9792=AXIS2_PLACEMENT_3D('',#15444,#11986,#11987);
#9793=AXIS2_PLACEMENT_3D('',#15447,#11988,#11989);
#9794=AXIS2_PLACEMENT_3D('',#15449,#11990,#11991);
#9795=AXIS2_PLACEMENT_3D('',#15451,#11992,#11993);
#9796=AXIS2_PLACEMENT_3D('',#15452,#11994,#11995);
#9797=AXIS2_PLACEMENT_3D('',#15453,#11996,#11997);
#9798=AXIS2_PLACEMENT_3D('',#15456,#11998,#11999);
#9799=AXIS2_PLACEMENT_3D('',#15458,#12000,#12001);
#9800=AXIS2_PLACEMENT_3D('',#15460,#12002,#12003);
#9801=AXIS2_PLACEMENT_3D('',#15461,#12004,#12005);
#9802=AXIS2_PLACEMENT_3D('',#15462,#12006,#12007);
#9803=AXIS2_PLACEMENT_3D('',#15465,#12008,#12009);
#9804=AXIS2_PLACEMENT_3D('',#15467,#12010,#12011);
#9805=AXIS2_PLACEMENT_3D('',#15469,#12012,#12013);
#9806=AXIS2_PLACEMENT_3D('',#15470,#12014,#12015);
#9807=AXIS2_PLACEMENT_3D('',#15471,#12016,#12017);
#9808=AXIS2_PLACEMENT_3D('',#15474,#12018,#12019);
#9809=AXIS2_PLACEMENT_3D('',#15476,#12020,#12021);
#9810=AXIS2_PLACEMENT_3D('',#15478,#12022,#12023);
#9811=AXIS2_PLACEMENT_3D('',#15479,#12024,#12025);
#9812=AXIS2_PLACEMENT_3D('',#15480,#12026,#12027);
#9813=AXIS2_PLACEMENT_3D('',#15483,#12028,#12029);
#9814=AXIS2_PLACEMENT_3D('',#15485,#12030,#12031);
#9815=AXIS2_PLACEMENT_3D('',#15487,#12032,#12033);
#9816=AXIS2_PLACEMENT_3D('',#15488,#12034,#12035);
#9817=AXIS2_PLACEMENT_3D('',#15489,#12036,#12037);
#9818=AXIS2_PLACEMENT_3D('',#15492,#12038,#12039);
#9819=AXIS2_PLACEMENT_3D('',#15494,#12040,#12041);
#9820=AXIS2_PLACEMENT_3D('',#15496,#12042,#12043);
#9821=AXIS2_PLACEMENT_3D('',#15497,#12044,#12045);
#9822=AXIS2_PLACEMENT_3D('',#15498,#12046,#12047);
#9823=AXIS2_PLACEMENT_3D('',#15501,#12048,#12049);
#9824=AXIS2_PLACEMENT_3D('',#15503,#12050,#12051);
#9825=AXIS2_PLACEMENT_3D('',#15505,#12052,#12053);
#9826=AXIS2_PLACEMENT_3D('',#15506,#12054,#12055);
#9827=AXIS2_PLACEMENT_3D('',#15507,#12056,#12057);
#9828=AXIS2_PLACEMENT_3D('',#15510,#12058,#12059);
#9829=AXIS2_PLACEMENT_3D('',#15512,#12060,#12061);
#9830=AXIS2_PLACEMENT_3D('',#15514,#12062,#12063);
#9831=AXIS2_PLACEMENT_3D('',#15515,#12064,#12065);
#9832=AXIS2_PLACEMENT_3D('',#15516,#12066,#12067);
#9833=AXIS2_PLACEMENT_3D('',#15519,#12068,#12069);
#9834=AXIS2_PLACEMENT_3D('',#15521,#12070,#12071);
#9835=AXIS2_PLACEMENT_3D('',#15523,#12072,#12073);
#9836=AXIS2_PLACEMENT_3D('',#15524,#12074,#12075);
#9837=AXIS2_PLACEMENT_3D('',#15525,#12076,#12077);
#9838=AXIS2_PLACEMENT_3D('',#15528,#12078,#12079);
#9839=AXIS2_PLACEMENT_3D('',#15530,#12080,#12081);
#9840=AXIS2_PLACEMENT_3D('',#15532,#12082,#12083);
#9841=AXIS2_PLACEMENT_3D('',#15533,#12084,#12085);
#9842=AXIS2_PLACEMENT_3D('',#15534,#12086,#12087);
#9843=AXIS2_PLACEMENT_3D('',#15537,#12088,#12089);
#9844=AXIS2_PLACEMENT_3D('',#15539,#12090,#12091);
#9845=AXIS2_PLACEMENT_3D('',#15541,#12092,#12093);
#9846=AXIS2_PLACEMENT_3D('',#15542,#12094,#12095);
#9847=AXIS2_PLACEMENT_3D('',#15543,#12096,#12097);
#9848=AXIS2_PLACEMENT_3D('',#15546,#12098,#12099);
#9849=AXIS2_PLACEMENT_3D('',#15548,#12100,#12101);
#9850=AXIS2_PLACEMENT_3D('',#15550,#12102,#12103);
#9851=AXIS2_PLACEMENT_3D('',#15551,#12104,#12105);
#9852=AXIS2_PLACEMENT_3D('',#15552,#12106,#12107);
#9853=AXIS2_PLACEMENT_3D('',#15555,#12108,#12109);
#9854=AXIS2_PLACEMENT_3D('',#15557,#12110,#12111);
#9855=AXIS2_PLACEMENT_3D('',#15559,#12112,#12113);
#9856=AXIS2_PLACEMENT_3D('',#15560,#12114,#12115);
#9857=AXIS2_PLACEMENT_3D('',#15561,#12116,#12117);
#9858=AXIS2_PLACEMENT_3D('',#15564,#12118,#12119);
#9859=AXIS2_PLACEMENT_3D('',#15566,#12120,#12121);
#9860=AXIS2_PLACEMENT_3D('',#15568,#12122,#12123);
#9861=AXIS2_PLACEMENT_3D('',#15569,#12124,#12125);
#9862=AXIS2_PLACEMENT_3D('',#15570,#12126,#12127);
#9863=AXIS2_PLACEMENT_3D('',#15573,#12128,#12129);
#9864=AXIS2_PLACEMENT_3D('',#15575,#12130,#12131);
#9865=AXIS2_PLACEMENT_3D('',#15577,#12132,#12133);
#9866=AXIS2_PLACEMENT_3D('',#15578,#12134,#12135);
#9867=AXIS2_PLACEMENT_3D('',#15579,#12136,#12137);
#9868=AXIS2_PLACEMENT_3D('',#15582,#12138,#12139);
#9869=AXIS2_PLACEMENT_3D('',#15584,#12140,#12141);
#9870=AXIS2_PLACEMENT_3D('',#15586,#12142,#12143);
#9871=AXIS2_PLACEMENT_3D('',#15587,#12144,#12145);
#9872=AXIS2_PLACEMENT_3D('',#15588,#12146,#12147);
#9873=AXIS2_PLACEMENT_3D('',#15591,#12148,#12149);
#9874=AXIS2_PLACEMENT_3D('',#15593,#12150,#12151);
#9875=AXIS2_PLACEMENT_3D('',#15595,#12152,#12153);
#9876=AXIS2_PLACEMENT_3D('',#15596,#12154,#12155);
#9877=AXIS2_PLACEMENT_3D('',#15597,#12156,#12157);
#9878=AXIS2_PLACEMENT_3D('',#15600,#12158,#12159);
#9879=AXIS2_PLACEMENT_3D('',#15602,#12160,#12161);
#9880=AXIS2_PLACEMENT_3D('',#15604,#12162,#12163);
#9881=AXIS2_PLACEMENT_3D('',#15605,#12164,#12165);
#9882=AXIS2_PLACEMENT_3D('',#15606,#12166,#12167);
#9883=AXIS2_PLACEMENT_3D('',#15609,#12168,#12169);
#9884=AXIS2_PLACEMENT_3D('',#15611,#12170,#12171);
#9885=AXIS2_PLACEMENT_3D('',#15613,#12172,#12173);
#9886=AXIS2_PLACEMENT_3D('',#15614,#12174,#12175);
#9887=AXIS2_PLACEMENT_3D('',#15615,#12176,#12177);
#9888=AXIS2_PLACEMENT_3D('',#15618,#12178,#12179);
#9889=AXIS2_PLACEMENT_3D('',#15620,#12180,#12181);
#9890=AXIS2_PLACEMENT_3D('',#15622,#12182,#12183);
#9891=AXIS2_PLACEMENT_3D('',#15623,#12184,#12185);
#9892=AXIS2_PLACEMENT_3D('',#15624,#12186,#12187);
#9893=AXIS2_PLACEMENT_3D('',#15627,#12188,#12189);
#9894=AXIS2_PLACEMENT_3D('',#15629,#12190,#12191);
#9895=AXIS2_PLACEMENT_3D('',#15631,#12192,#12193);
#9896=AXIS2_PLACEMENT_3D('',#15632,#12194,#12195);
#9897=AXIS2_PLACEMENT_3D('',#15633,#12196,#12197);
#9898=AXIS2_PLACEMENT_3D('',#15636,#12198,#12199);
#9899=AXIS2_PLACEMENT_3D('',#15638,#12200,#12201);
#9900=AXIS2_PLACEMENT_3D('',#15640,#12202,#12203);
#9901=AXIS2_PLACEMENT_3D('',#15641,#12204,#12205);
#9902=AXIS2_PLACEMENT_3D('',#15642,#12206,#12207);
#9903=AXIS2_PLACEMENT_3D('',#15645,#12208,#12209);
#9904=AXIS2_PLACEMENT_3D('',#15647,#12210,#12211);
#9905=AXIS2_PLACEMENT_3D('',#15649,#12212,#12213);
#9906=AXIS2_PLACEMENT_3D('',#15650,#12214,#12215);
#9907=AXIS2_PLACEMENT_3D('',#15651,#12216,#12217);
#9908=AXIS2_PLACEMENT_3D('',#15654,#12218,#12219);
#9909=AXIS2_PLACEMENT_3D('',#15656,#12220,#12221);
#9910=AXIS2_PLACEMENT_3D('',#15658,#12222,#12223);
#9911=AXIS2_PLACEMENT_3D('',#15659,#12224,#12225);
#9912=AXIS2_PLACEMENT_3D('',#15660,#12226,#12227);
#9913=AXIS2_PLACEMENT_3D('',#15663,#12228,#12229);
#9914=AXIS2_PLACEMENT_3D('',#15665,#12230,#12231);
#9915=AXIS2_PLACEMENT_3D('',#15667,#12232,#12233);
#9916=AXIS2_PLACEMENT_3D('',#15668,#12234,#12235);
#9917=AXIS2_PLACEMENT_3D('',#15669,#12236,#12237);
#9918=AXIS2_PLACEMENT_3D('',#15672,#12238,#12239);
#9919=AXIS2_PLACEMENT_3D('',#15674,#12240,#12241);
#9920=AXIS2_PLACEMENT_3D('',#15676,#12242,#12243);
#9921=AXIS2_PLACEMENT_3D('',#15677,#12244,#12245);
#9922=AXIS2_PLACEMENT_3D('',#15678,#12246,#12247);
#9923=AXIS2_PLACEMENT_3D('',#15681,#12248,#12249);
#9924=AXIS2_PLACEMENT_3D('',#15683,#12250,#12251);
#9925=AXIS2_PLACEMENT_3D('',#15685,#12252,#12253);
#9926=AXIS2_PLACEMENT_3D('',#15686,#12254,#12255);
#9927=AXIS2_PLACEMENT_3D('',#15687,#12256,#12257);
#9928=AXIS2_PLACEMENT_3D('',#15690,#12258,#12259);
#9929=AXIS2_PLACEMENT_3D('',#15692,#12260,#12261);
#9930=AXIS2_PLACEMENT_3D('',#15694,#12262,#12263);
#9931=AXIS2_PLACEMENT_3D('',#15695,#12264,#12265);
#9932=AXIS2_PLACEMENT_3D('',#15696,#12266,#12267);
#9933=AXIS2_PLACEMENT_3D('',#15699,#12268,#12269);
#9934=AXIS2_PLACEMENT_3D('',#15701,#12270,#12271);
#9935=AXIS2_PLACEMENT_3D('',#15703,#12272,#12273);
#9936=AXIS2_PLACEMENT_3D('',#15704,#12274,#12275);
#9937=AXIS2_PLACEMENT_3D('',#15705,#12276,#12277);
#9938=AXIS2_PLACEMENT_3D('',#15708,#12278,#12279);
#9939=AXIS2_PLACEMENT_3D('',#15710,#12280,#12281);
#9940=AXIS2_PLACEMENT_3D('',#15712,#12282,#12283);
#9941=AXIS2_PLACEMENT_3D('',#15713,#12284,#12285);
#9942=AXIS2_PLACEMENT_3D('',#15714,#12286,#12287);
#9943=AXIS2_PLACEMENT_3D('',#15717,#12288,#12289);
#9944=AXIS2_PLACEMENT_3D('',#15719,#12290,#12291);
#9945=AXIS2_PLACEMENT_3D('',#15721,#12292,#12293);
#9946=AXIS2_PLACEMENT_3D('',#15722,#12294,#12295);
#9947=AXIS2_PLACEMENT_3D('',#15723,#12296,#12297);
#9948=AXIS2_PLACEMENT_3D('',#15726,#12298,#12299);
#9949=AXIS2_PLACEMENT_3D('',#15728,#12300,#12301);
#9950=AXIS2_PLACEMENT_3D('',#15730,#12302,#12303);
#9951=AXIS2_PLACEMENT_3D('',#15731,#12304,#12305);
#9952=AXIS2_PLACEMENT_3D('',#15732,#12306,#12307);
#9953=AXIS2_PLACEMENT_3D('',#15735,#12308,#12309);
#9954=AXIS2_PLACEMENT_3D('',#15737,#12310,#12311);
#9955=AXIS2_PLACEMENT_3D('',#15739,#12312,#12313);
#9956=AXIS2_PLACEMENT_3D('',#15740,#12314,#12315);
#9957=AXIS2_PLACEMENT_3D('',#15741,#12316,#12317);
#9958=AXIS2_PLACEMENT_3D('',#15744,#12318,#12319);
#9959=AXIS2_PLACEMENT_3D('',#15746,#12320,#12321);
#9960=AXIS2_PLACEMENT_3D('',#15748,#12322,#12323);
#9961=AXIS2_PLACEMENT_3D('',#15749,#12324,#12325);
#9962=AXIS2_PLACEMENT_3D('',#15750,#12326,#12327);
#9963=AXIS2_PLACEMENT_3D('',#15753,#12328,#12329);
#9964=AXIS2_PLACEMENT_3D('',#15755,#12330,#12331);
#9965=AXIS2_PLACEMENT_3D('',#15757,#12332,#12333);
#9966=AXIS2_PLACEMENT_3D('',#15758,#12334,#12335);
#9967=AXIS2_PLACEMENT_3D('',#15759,#12336,#12337);
#9968=AXIS2_PLACEMENT_3D('',#15762,#12338,#12339);
#9969=AXIS2_PLACEMENT_3D('',#15764,#12340,#12341);
#9970=AXIS2_PLACEMENT_3D('',#15766,#12342,#12343);
#9971=AXIS2_PLACEMENT_3D('',#15767,#12344,#12345);
#9972=AXIS2_PLACEMENT_3D('',#15768,#12346,#12347);
#9973=AXIS2_PLACEMENT_3D('',#15771,#12348,#12349);
#9974=AXIS2_PLACEMENT_3D('',#15773,#12350,#12351);
#9975=AXIS2_PLACEMENT_3D('',#15775,#12352,#12353);
#9976=AXIS2_PLACEMENT_3D('',#15776,#12354,#12355);
#9977=AXIS2_PLACEMENT_3D('',#15777,#12356,#12357);
#9978=AXIS2_PLACEMENT_3D('',#15780,#12358,#12359);
#9979=AXIS2_PLACEMENT_3D('',#15782,#12360,#12361);
#9980=AXIS2_PLACEMENT_3D('',#15784,#12362,#12363);
#9981=AXIS2_PLACEMENT_3D('',#15785,#12364,#12365);
#9982=AXIS2_PLACEMENT_3D('',#15786,#12366,#12367);
#9983=AXIS2_PLACEMENT_3D('',#15789,#12368,#12369);
#9984=AXIS2_PLACEMENT_3D('',#15791,#12370,#12371);
#9985=AXIS2_PLACEMENT_3D('',#15793,#12372,#12373);
#9986=AXIS2_PLACEMENT_3D('',#15794,#12374,#12375);
#9987=AXIS2_PLACEMENT_3D('',#15795,#12376,#12377);
#9988=AXIS2_PLACEMENT_3D('',#15798,#12378,#12379);
#9989=AXIS2_PLACEMENT_3D('',#15800,#12380,#12381);
#9990=AXIS2_PLACEMENT_3D('',#15802,#12382,#12383);
#9991=AXIS2_PLACEMENT_3D('',#15803,#12384,#12385);
#9992=AXIS2_PLACEMENT_3D('',#15804,#12386,#12387);
#9993=AXIS2_PLACEMENT_3D('',#15807,#12388,#12389);
#9994=AXIS2_PLACEMENT_3D('',#15809,#12390,#12391);
#9995=AXIS2_PLACEMENT_3D('',#15811,#12392,#12393);
#9996=AXIS2_PLACEMENT_3D('',#15812,#12394,#12395);
#9997=AXIS2_PLACEMENT_3D('',#15813,#12396,#12397);
#9998=AXIS2_PLACEMENT_3D('',#15816,#12398,#12399);
#9999=AXIS2_PLACEMENT_3D('',#15818,#12400,#12401);
#10000=AXIS2_PLACEMENT_3D('',#15820,#12402,#12403);
#10001=AXIS2_PLACEMENT_3D('',#15821,#12404,#12405);
#10002=AXIS2_PLACEMENT_3D('',#15822,#12406,#12407);
#10003=AXIS2_PLACEMENT_3D('',#15825,#12408,#12409);
#10004=AXIS2_PLACEMENT_3D('',#15827,#12410,#12411);
#10005=AXIS2_PLACEMENT_3D('',#15829,#12412,#12413);
#10006=AXIS2_PLACEMENT_3D('',#15830,#12414,#12415);
#10007=AXIS2_PLACEMENT_3D('',#15831,#12416,#12417);
#10008=AXIS2_PLACEMENT_3D('',#15834,#12418,#12419);
#10009=AXIS2_PLACEMENT_3D('',#15836,#12420,#12421);
#10010=AXIS2_PLACEMENT_3D('',#15838,#12422,#12423);
#10011=AXIS2_PLACEMENT_3D('',#15839,#12424,#12425);
#10012=AXIS2_PLACEMENT_3D('',#15840,#12426,#12427);
#10013=AXIS2_PLACEMENT_3D('',#15843,#12428,#12429);
#10014=AXIS2_PLACEMENT_3D('',#15845,#12430,#12431);
#10015=AXIS2_PLACEMENT_3D('',#15847,#12432,#12433);
#10016=AXIS2_PLACEMENT_3D('',#15848,#12434,#12435);
#10017=AXIS2_PLACEMENT_3D('',#15849,#12436,#12437);
#10018=AXIS2_PLACEMENT_3D('',#15852,#12438,#12439);
#10019=AXIS2_PLACEMENT_3D('',#15854,#12440,#12441);
#10020=AXIS2_PLACEMENT_3D('',#15856,#12442,#12443);
#10021=AXIS2_PLACEMENT_3D('',#15857,#12444,#12445);
#10022=AXIS2_PLACEMENT_3D('',#15858,#12446,#12447);
#10023=AXIS2_PLACEMENT_3D('',#15861,#12448,#12449);
#10024=AXIS2_PLACEMENT_3D('',#15863,#12450,#12451);
#10025=AXIS2_PLACEMENT_3D('',#15865,#12452,#12453);
#10026=AXIS2_PLACEMENT_3D('',#15866,#12454,#12455);
#10027=AXIS2_PLACEMENT_3D('',#15867,#12456,#12457);
#10028=AXIS2_PLACEMENT_3D('',#15870,#12458,#12459);
#10029=AXIS2_PLACEMENT_3D('',#15872,#12460,#12461);
#10030=AXIS2_PLACEMENT_3D('',#15874,#12462,#12463);
#10031=AXIS2_PLACEMENT_3D('',#15875,#12464,#12465);
#10032=AXIS2_PLACEMENT_3D('',#15876,#12466,#12467);
#10033=AXIS2_PLACEMENT_3D('',#15879,#12468,#12469);
#10034=AXIS2_PLACEMENT_3D('',#15881,#12470,#12471);
#10035=AXIS2_PLACEMENT_3D('',#15883,#12472,#12473);
#10036=AXIS2_PLACEMENT_3D('',#15884,#12474,#12475);
#10037=AXIS2_PLACEMENT_3D('',#15885,#12476,#12477);
#10038=AXIS2_PLACEMENT_3D('',#15888,#12478,#12479);
#10039=AXIS2_PLACEMENT_3D('',#15890,#12480,#12481);
#10040=AXIS2_PLACEMENT_3D('',#15892,#12482,#12483);
#10041=AXIS2_PLACEMENT_3D('',#15893,#12484,#12485);
#10042=AXIS2_PLACEMENT_3D('',#15894,#12486,#12487);
#10043=AXIS2_PLACEMENT_3D('',#15897,#12488,#12489);
#10044=AXIS2_PLACEMENT_3D('',#15899,#12490,#12491);
#10045=AXIS2_PLACEMENT_3D('',#15901,#12492,#12493);
#10046=AXIS2_PLACEMENT_3D('',#15902,#12494,#12495);
#10047=AXIS2_PLACEMENT_3D('',#15903,#12496,#12497);
#10048=AXIS2_PLACEMENT_3D('',#15906,#12498,#12499);
#10049=AXIS2_PLACEMENT_3D('',#15908,#12500,#12501);
#10050=AXIS2_PLACEMENT_3D('',#15910,#12502,#12503);
#10051=AXIS2_PLACEMENT_3D('',#15911,#12504,#12505);
#10052=AXIS2_PLACEMENT_3D('',#15912,#12506,#12507);
#10053=AXIS2_PLACEMENT_3D('',#15915,#12508,#12509);
#10054=AXIS2_PLACEMENT_3D('',#15917,#12510,#12511);
#10055=AXIS2_PLACEMENT_3D('',#15919,#12512,#12513);
#10056=AXIS2_PLACEMENT_3D('',#15920,#12514,#12515);
#10057=AXIS2_PLACEMENT_3D('',#15921,#12516,#12517);
#10058=AXIS2_PLACEMENT_3D('',#15924,#12518,#12519);
#10059=AXIS2_PLACEMENT_3D('',#15926,#12520,#12521);
#10060=AXIS2_PLACEMENT_3D('',#15928,#12522,#12523);
#10061=AXIS2_PLACEMENT_3D('',#15929,#12524,#12525);
#10062=AXIS2_PLACEMENT_3D('',#15930,#12526,#12527);
#10063=AXIS2_PLACEMENT_3D('',#15933,#12528,#12529);
#10064=AXIS2_PLACEMENT_3D('',#15935,#12530,#12531);
#10065=AXIS2_PLACEMENT_3D('',#15937,#12532,#12533);
#10066=AXIS2_PLACEMENT_3D('',#15938,#12534,#12535);
#10067=AXIS2_PLACEMENT_3D('',#15939,#12536,#12537);
#10068=AXIS2_PLACEMENT_3D('',#15942,#12538,#12539);
#10069=AXIS2_PLACEMENT_3D('',#15944,#12540,#12541);
#10070=AXIS2_PLACEMENT_3D('',#15946,#12542,#12543);
#10071=AXIS2_PLACEMENT_3D('',#15947,#12544,#12545);
#10072=AXIS2_PLACEMENT_3D('',#15948,#12546,#12547);
#10073=AXIS2_PLACEMENT_3D('',#15951,#12548,#12549);
#10074=AXIS2_PLACEMENT_3D('',#15953,#12550,#12551);
#10075=AXIS2_PLACEMENT_3D('',#15955,#12552,#12553);
#10076=AXIS2_PLACEMENT_3D('',#15956,#12554,#12555);
#10077=AXIS2_PLACEMENT_3D('',#15957,#12556,#12557);
#10078=AXIS2_PLACEMENT_3D('',#15960,#12558,#12559);
#10079=AXIS2_PLACEMENT_3D('',#15962,#12560,#12561);
#10080=AXIS2_PLACEMENT_3D('',#15964,#12562,#12563);
#10081=AXIS2_PLACEMENT_3D('',#15965,#12564,#12565);
#10082=AXIS2_PLACEMENT_3D('',#15966,#12566,#12567);
#10083=AXIS2_PLACEMENT_3D('',#15969,#12568,#12569);
#10084=AXIS2_PLACEMENT_3D('',#15971,#12570,#12571);
#10085=AXIS2_PLACEMENT_3D('',#15973,#12572,#12573);
#10086=AXIS2_PLACEMENT_3D('',#15974,#12574,#12575);
#10087=AXIS2_PLACEMENT_3D('',#15975,#12576,#12577);
#10088=AXIS2_PLACEMENT_3D('',#15978,#12578,#12579);
#10089=AXIS2_PLACEMENT_3D('',#15980,#12580,#12581);
#10090=AXIS2_PLACEMENT_3D('',#15982,#12582,#12583);
#10091=AXIS2_PLACEMENT_3D('',#15983,#12584,#12585);
#10092=AXIS2_PLACEMENT_3D('',#15984,#12586,#12587);
#10093=AXIS2_PLACEMENT_3D('',#15987,#12588,#12589);
#10094=AXIS2_PLACEMENT_3D('',#15989,#12590,#12591);
#10095=AXIS2_PLACEMENT_3D('',#15991,#12592,#12593);
#10096=AXIS2_PLACEMENT_3D('',#15992,#12594,#12595);
#10097=AXIS2_PLACEMENT_3D('',#15993,#12596,#12597);
#10098=AXIS2_PLACEMENT_3D('',#15996,#12598,#12599);
#10099=AXIS2_PLACEMENT_3D('',#15998,#12600,#12601);
#10100=AXIS2_PLACEMENT_3D('',#16000,#12602,#12603);
#10101=AXIS2_PLACEMENT_3D('',#16001,#12604,#12605);
#10102=AXIS2_PLACEMENT_3D('',#16002,#12606,#12607);
#10103=AXIS2_PLACEMENT_3D('',#16005,#12608,#12609);
#10104=AXIS2_PLACEMENT_3D('',#16007,#12610,#12611);
#10105=AXIS2_PLACEMENT_3D('',#16009,#12612,#12613);
#10106=AXIS2_PLACEMENT_3D('',#16010,#12614,#12615);
#10107=AXIS2_PLACEMENT_3D('',#16011,#12616,#12617);
#10108=AXIS2_PLACEMENT_3D('',#16014,#12618,#12619);
#10109=AXIS2_PLACEMENT_3D('',#16016,#12620,#12621);
#10110=AXIS2_PLACEMENT_3D('',#16018,#12622,#12623);
#10111=AXIS2_PLACEMENT_3D('',#16019,#12624,#12625);
#10112=AXIS2_PLACEMENT_3D('',#16020,#12626,#12627);
#10113=AXIS2_PLACEMENT_3D('',#16023,#12628,#12629);
#10114=AXIS2_PLACEMENT_3D('',#16025,#12630,#12631);
#10115=AXIS2_PLACEMENT_3D('',#16027,#12632,#12633);
#10116=AXIS2_PLACEMENT_3D('',#16028,#12634,#12635);
#10117=AXIS2_PLACEMENT_3D('',#16029,#12636,#12637);
#10118=AXIS2_PLACEMENT_3D('',#16032,#12638,#12639);
#10119=AXIS2_PLACEMENT_3D('',#16034,#12640,#12641);
#10120=AXIS2_PLACEMENT_3D('',#16036,#12642,#12643);
#10121=AXIS2_PLACEMENT_3D('',#16037,#12644,#12645);
#10122=AXIS2_PLACEMENT_3D('',#16038,#12646,#12647);
#10123=AXIS2_PLACEMENT_3D('',#16041,#12648,#12649);
#10124=AXIS2_PLACEMENT_3D('',#16043,#12650,#12651);
#10125=AXIS2_PLACEMENT_3D('',#16045,#12652,#12653);
#10126=AXIS2_PLACEMENT_3D('',#16046,#12654,#12655);
#10127=AXIS2_PLACEMENT_3D('',#16047,#12656,#12657);
#10128=AXIS2_PLACEMENT_3D('',#16050,#12658,#12659);
#10129=AXIS2_PLACEMENT_3D('',#16052,#12660,#12661);
#10130=AXIS2_PLACEMENT_3D('',#16054,#12662,#12663);
#10131=AXIS2_PLACEMENT_3D('',#16055,#12664,#12665);
#10132=AXIS2_PLACEMENT_3D('',#16056,#12666,#12667);
#10133=AXIS2_PLACEMENT_3D('',#16059,#12668,#12669);
#10134=AXIS2_PLACEMENT_3D('',#16061,#12670,#12671);
#10135=AXIS2_PLACEMENT_3D('',#16063,#12672,#12673);
#10136=AXIS2_PLACEMENT_3D('',#16064,#12674,#12675);
#10137=AXIS2_PLACEMENT_3D('',#16065,#12676,#12677);
#10138=AXIS2_PLACEMENT_3D('',#16068,#12678,#12679);
#10139=AXIS2_PLACEMENT_3D('',#16070,#12680,#12681);
#10140=AXIS2_PLACEMENT_3D('',#16072,#12682,#12683);
#10141=AXIS2_PLACEMENT_3D('',#16073,#12684,#12685);
#10142=AXIS2_PLACEMENT_3D('',#16074,#12686,#12687);
#10143=AXIS2_PLACEMENT_3D('',#16077,#12688,#12689);
#10144=AXIS2_PLACEMENT_3D('',#16079,#12690,#12691);
#10145=AXIS2_PLACEMENT_3D('',#16081,#12692,#12693);
#10146=AXIS2_PLACEMENT_3D('',#16082,#12694,#12695);
#10147=AXIS2_PLACEMENT_3D('',#16083,#12696,#12697);
#10148=AXIS2_PLACEMENT_3D('',#16086,#12698,#12699);
#10149=AXIS2_PLACEMENT_3D('',#16088,#12700,#12701);
#10150=AXIS2_PLACEMENT_3D('',#16090,#12702,#12703);
#10151=AXIS2_PLACEMENT_3D('',#16091,#12704,#12705);
#10152=AXIS2_PLACEMENT_3D('',#16092,#12706,#12707);
#10153=AXIS2_PLACEMENT_3D('',#16095,#12708,#12709);
#10154=AXIS2_PLACEMENT_3D('',#16097,#12710,#12711);
#10155=AXIS2_PLACEMENT_3D('',#16099,#12712,#12713);
#10156=AXIS2_PLACEMENT_3D('',#16100,#12714,#12715);
#10157=AXIS2_PLACEMENT_3D('',#16101,#12716,#12717);
#10158=AXIS2_PLACEMENT_3D('',#16104,#12718,#12719);
#10159=AXIS2_PLACEMENT_3D('',#16106,#12720,#12721);
#10160=AXIS2_PLACEMENT_3D('',#16108,#12722,#12723);
#10161=AXIS2_PLACEMENT_3D('',#16109,#12724,#12725);
#10162=AXIS2_PLACEMENT_3D('',#16110,#12726,#12727);
#10163=AXIS2_PLACEMENT_3D('',#16113,#12728,#12729);
#10164=AXIS2_PLACEMENT_3D('',#16115,#12730,#12731);
#10165=AXIS2_PLACEMENT_3D('',#16117,#12732,#12733);
#10166=AXIS2_PLACEMENT_3D('',#16118,#12734,#12735);
#10167=AXIS2_PLACEMENT_3D('',#16119,#12736,#12737);
#10168=AXIS2_PLACEMENT_3D('',#16122,#12738,#12739);
#10169=AXIS2_PLACEMENT_3D('',#16124,#12740,#12741);
#10170=AXIS2_PLACEMENT_3D('',#16126,#12742,#12743);
#10171=AXIS2_PLACEMENT_3D('',#16127,#12744,#12745);
#10172=AXIS2_PLACEMENT_3D('',#16128,#12746,#12747);
#10173=AXIS2_PLACEMENT_3D('',#16131,#12748,#12749);
#10174=AXIS2_PLACEMENT_3D('',#16133,#12750,#12751);
#10175=AXIS2_PLACEMENT_3D('',#16135,#12752,#12753);
#10176=AXIS2_PLACEMENT_3D('',#16136,#12754,#12755);
#10177=AXIS2_PLACEMENT_3D('',#16137,#12756,#12757);
#10178=AXIS2_PLACEMENT_3D('',#16139,#12758,#12759);
#10179=AXIS2_PLACEMENT_3D('',#16141,#12760,#12761);
#10180=AXIS2_PLACEMENT_3D('',#16142,#12762,#12763);
#10181=AXIS2_PLACEMENT_3D('',#16144,#12765,#12766);
#10182=AXIS2_PLACEMENT_3D('',#16146,#12768,#12769);
#10183=AXIS2_PLACEMENT_3D('',#16148,#12771,#12772);
#10184=AXIS2_PLACEMENT_3D('',#16151,#12775,#12776);
#10185=AXIS2_PLACEMENT_3D('',#16152,#12777,#12778);
#10186=AXIS2_PLACEMENT_3D('',#16153,#12779,#12780);
#10187=AXIS2_PLACEMENT_3D('',#16155,#12782,#12783);
#10188=AXIS2_PLACEMENT_3D('',#16157,#12785,#12786);
#10189=AXIS2_PLACEMENT_3D('',#16159,#12788,#12789);
#10190=AXIS2_PLACEMENT_3D('',#16161,#12791,#12792);
#10191=AXIS2_PLACEMENT_3D('',#16162,#12793,#12794);
#10192=AXIS2_PLACEMENT_3D('',#16163,#12795,#12796);
#10193=AXIS2_PLACEMENT_3D('',#16165,#12798,#12799);
#10194=AXIS2_PLACEMENT_3D('',#16167,#12801,#12802);
#10195=AXIS2_PLACEMENT_3D('',#16169,#12804,#12805);
#10196=AXIS2_PLACEMENT_3D('',#16171,#12807,#12808);
#10197=AXIS2_PLACEMENT_3D('',#16172,#12809,#12810);
#10198=AXIS2_PLACEMENT_3D('',#16173,#12811,#12812);
#10199=AXIS2_PLACEMENT_3D('',#16175,#12814,#12815);
#10200=AXIS2_PLACEMENT_3D('',#16177,#12817,#12818);
#10201=AXIS2_PLACEMENT_3D('',#16179,#12820,#12821);
#10202=AXIS2_PLACEMENT_3D('',#16181,#12823,#12824);
#10203=AXIS2_PLACEMENT_3D('',#16182,#12825,#12826);
#10204=AXIS2_PLACEMENT_3D('',#16183,#12827,#12828);
#10205=AXIS2_PLACEMENT_3D('',#16185,#12830,#12831);
#10206=AXIS2_PLACEMENT_3D('',#16187,#12833,#12834);
#10207=AXIS2_PLACEMENT_3D('',#16189,#12836,#12837);
#10208=AXIS2_PLACEMENT_3D('',#16191,#12839,#12840);
#10209=AXIS2_PLACEMENT_3D('',#16192,#12841,#12842);
#10210=AXIS2_PLACEMENT_3D('',#16193,#12843,#12844);
#10211=AXIS2_PLACEMENT_3D('',#16195,#12846,#12847);
#10212=AXIS2_PLACEMENT_3D('',#16197,#12849,#12850);
#10213=AXIS2_PLACEMENT_3D('',#16199,#12852,#12853);
#10214=AXIS2_PLACEMENT_3D('',#16201,#12855,#12856);
#10215=AXIS2_PLACEMENT_3D('',#16202,#12857,#12858);
#10216=AXIS2_PLACEMENT_3D('',#16203,#12859,#12860);
#10217=AXIS2_PLACEMENT_3D('',#16205,#12862,#12863);
#10218=AXIS2_PLACEMENT_3D('',#16207,#12865,#12866);
#10219=AXIS2_PLACEMENT_3D('',#16209,#12868,#12869);
#10220=AXIS2_PLACEMENT_3D('',#16211,#12871,#12872);
#10221=AXIS2_PLACEMENT_3D('',#16212,#12873,#12874);
#10222=AXIS2_PLACEMENT_3D('',#16213,#12875,#12876);
#10223=AXIS2_PLACEMENT_3D('',#16215,#12878,#12879);
#10224=AXIS2_PLACEMENT_3D('',#16217,#12881,#12882);
#10225=AXIS2_PLACEMENT_3D('',#16219,#12884,#12885);
#10226=AXIS2_PLACEMENT_3D('',#16221,#12887,#12888);
#10227=AXIS2_PLACEMENT_3D('',#16222,#12889,#12890);
#10228=AXIS2_PLACEMENT_3D('',#16223,#12891,#12892);
#10229=AXIS2_PLACEMENT_3D('',#16225,#12894,#12895);
#10230=AXIS2_PLACEMENT_3D('',#16227,#12897,#12898);
#10231=AXIS2_PLACEMENT_3D('',#16229,#12900,#12901);
#10232=AXIS2_PLACEMENT_3D('',#16231,#12903,#12904);
#10233=AXIS2_PLACEMENT_3D('',#16232,#12905,#12906);
#10234=AXIS2_PLACEMENT_3D('',#16233,#12907,#12908);
#10235=AXIS2_PLACEMENT_3D('',#16235,#12910,#12911);
#10236=AXIS2_PLACEMENT_3D('',#16237,#12913,#12914);
#10237=AXIS2_PLACEMENT_3D('',#16239,#12916,#12917);
#10238=AXIS2_PLACEMENT_3D('',#16241,#12919,#12920);
#10239=AXIS2_PLACEMENT_3D('',#16242,#12921,#12922);
#10240=AXIS2_PLACEMENT_3D('',#16243,#12923,#12924);
#10241=AXIS2_PLACEMENT_3D('',#16245,#12926,#12927);
#10242=AXIS2_PLACEMENT_3D('',#16247,#12929,#12930);
#10243=AXIS2_PLACEMENT_3D('',#16249,#12932,#12933);
#10244=AXIS2_PLACEMENT_3D('',#16251,#12935,#12936);
#10245=AXIS2_PLACEMENT_3D('',#16252,#12937,#12938);
#10246=AXIS2_PLACEMENT_3D('',#16253,#12939,#12940);
#10247=AXIS2_PLACEMENT_3D('',#16255,#12942,#12943);
#10248=AXIS2_PLACEMENT_3D('',#16257,#12945,#12946);
#10249=AXIS2_PLACEMENT_3D('',#16259,#12948,#12949);
#10250=AXIS2_PLACEMENT_3D('',#16261,#12951,#12952);
#10251=AXIS2_PLACEMENT_3D('',#16262,#12953,#12954);
#10252=AXIS2_PLACEMENT_3D('',#16263,#12955,#12956);
#10253=AXIS2_PLACEMENT_3D('',#16265,#12958,#12959);
#10254=AXIS2_PLACEMENT_3D('',#16267,#12961,#12962);
#10255=AXIS2_PLACEMENT_3D('',#16269,#12964,#12965);
#10256=AXIS2_PLACEMENT_3D('',#16271,#12967,#12968);
#10257=AXIS2_PLACEMENT_3D('',#16272,#12969,#12970);
#10258=AXIS2_PLACEMENT_3D('',#16273,#12971,#12972);
#10259=AXIS2_PLACEMENT_3D('',#16275,#12974,#12975);
#10260=AXIS2_PLACEMENT_3D('',#16277,#12977,#12978);
#10261=AXIS2_PLACEMENT_3D('',#16279,#12980,#12981);
#10262=AXIS2_PLACEMENT_3D('',#16281,#12983,#12984);
#10263=AXIS2_PLACEMENT_3D('',#16282,#12985,#12986);
#10264=AXIS2_PLACEMENT_3D('',#16283,#12987,#12988);
#10265=AXIS2_PLACEMENT_3D('',#16285,#12990,#12991);
#10266=AXIS2_PLACEMENT_3D('',#16287,#12993,#12994);
#10267=AXIS2_PLACEMENT_3D('',#16289,#12996,#12997);
#10268=AXIS2_PLACEMENT_3D('',#16291,#12999,#13000);
#10269=AXIS2_PLACEMENT_3D('',#16292,#13001,#13002);
#10270=AXIS2_PLACEMENT_3D('',#16293,#13003,#13004);
#10271=AXIS2_PLACEMENT_3D('',#16295,#13006,#13007);
#10272=AXIS2_PLACEMENT_3D('',#16297,#13009,#13010);
#10273=AXIS2_PLACEMENT_3D('',#16299,#13012,#13013);
#10274=AXIS2_PLACEMENT_3D('',#16301,#13015,#13016);
#10275=AXIS2_PLACEMENT_3D('',#16302,#13017,#13018);
#10276=AXIS2_PLACEMENT_3D('',#16303,#13019,#13020);
#10277=AXIS2_PLACEMENT_3D('',#16305,#13022,#13023);
#10278=AXIS2_PLACEMENT_3D('',#16307,#13025,#13026);
#10279=AXIS2_PLACEMENT_3D('',#16309,#13028,#13029);
#10280=AXIS2_PLACEMENT_3D('',#16311,#13031,#13032);
#10281=AXIS2_PLACEMENT_3D('',#16312,#13033,#13034);
#10282=AXIS2_PLACEMENT_3D('',#16313,#13035,#13036);
#10283=AXIS2_PLACEMENT_3D('',#16315,#13038,#13039);
#10284=AXIS2_PLACEMENT_3D('',#16317,#13041,#13042);
#10285=AXIS2_PLACEMENT_3D('',#16319,#13044,#13045);
#10286=AXIS2_PLACEMENT_3D('',#16321,#13047,#13048);
#10287=AXIS2_PLACEMENT_3D('',#16322,#13049,#13050);
#10288=AXIS2_PLACEMENT_3D('',#16323,#13051,#13052);
#10289=AXIS2_PLACEMENT_3D('',#16325,#13054,#13055);
#10290=AXIS2_PLACEMENT_3D('',#16327,#13057,#13058);
#10291=AXIS2_PLACEMENT_3D('',#16329,#13060,#13061);
#10292=AXIS2_PLACEMENT_3D('',#16331,#13063,#13064);
#10293=AXIS2_PLACEMENT_3D('',#16332,#13065,#13066);
#10294=AXIS2_PLACEMENT_3D('',#16333,#13067,#13068);
#10295=AXIS2_PLACEMENT_3D('',#16335,#13070,#13071);
#10296=AXIS2_PLACEMENT_3D('',#16337,#13073,#13074);
#10297=AXIS2_PLACEMENT_3D('',#16339,#13076,#13077);
#10298=AXIS2_PLACEMENT_3D('',#16341,#13079,#13080);
#10299=AXIS2_PLACEMENT_3D('',#16342,#13081,#13082);
#10300=AXIS2_PLACEMENT_3D('',#16343,#13083,#13084);
#10301=AXIS2_PLACEMENT_3D('',#16345,#13086,#13087);
#10302=AXIS2_PLACEMENT_3D('',#16347,#13089,#13090);
#10303=AXIS2_PLACEMENT_3D('',#16349,#13092,#13093);
#10304=AXIS2_PLACEMENT_3D('',#16351,#13095,#13096);
#10305=AXIS2_PLACEMENT_3D('',#16352,#13097,#13098);
#10306=AXIS2_PLACEMENT_3D('',#16353,#13099,#13100);
#10307=AXIS2_PLACEMENT_3D('',#16355,#13102,#13103);
#10308=AXIS2_PLACEMENT_3D('',#16357,#13105,#13106);
#10309=AXIS2_PLACEMENT_3D('',#16359,#13108,#13109);
#10310=AXIS2_PLACEMENT_3D('',#16361,#13111,#13112);
#10311=AXIS2_PLACEMENT_3D('',#16362,#13113,#13114);
#10312=AXIS2_PLACEMENT_3D('',#16363,#13115,#13116);
#10313=AXIS2_PLACEMENT_3D('',#16365,#13118,#13119);
#10314=AXIS2_PLACEMENT_3D('',#16367,#13121,#13122);
#10315=AXIS2_PLACEMENT_3D('',#16369,#13124,#13125);
#10316=AXIS2_PLACEMENT_3D('',#16371,#13127,#13128);
#10317=AXIS2_PLACEMENT_3D('',#16372,#13129,#13130);
#10318=AXIS2_PLACEMENT_3D('',#16373,#13131,#13132);
#10319=AXIS2_PLACEMENT_3D('',#16375,#13134,#13135);
#10320=AXIS2_PLACEMENT_3D('',#16377,#13137,#13138);
#10321=AXIS2_PLACEMENT_3D('',#16379,#13140,#13141);
#10322=AXIS2_PLACEMENT_3D('',#16381,#13143,#13144);
#10323=AXIS2_PLACEMENT_3D('',#16382,#13145,#13146);
#10324=AXIS2_PLACEMENT_3D('',#16383,#13147,#13148);
#10325=AXIS2_PLACEMENT_3D('',#16385,#13150,#13151);
#10326=AXIS2_PLACEMENT_3D('',#16387,#13153,#13154);
#10327=AXIS2_PLACEMENT_3D('',#16389,#13156,#13157);
#10328=AXIS2_PLACEMENT_3D('',#16391,#13159,#13160);
#10329=AXIS2_PLACEMENT_3D('',#16392,#13161,#13162);
#10330=AXIS2_PLACEMENT_3D('',#16393,#13163,#13164);
#10331=AXIS2_PLACEMENT_3D('',#16395,#13166,#13167);
#10332=AXIS2_PLACEMENT_3D('',#16397,#13169,#13170);
#10333=AXIS2_PLACEMENT_3D('',#16399,#13172,#13173);
#10334=AXIS2_PLACEMENT_3D('',#16401,#13175,#13176);
#10335=AXIS2_PLACEMENT_3D('',#16402,#13177,#13178);
#10336=AXIS2_PLACEMENT_3D('',#16403,#13179,#13180);
#10337=AXIS2_PLACEMENT_3D('',#16405,#13182,#13183);
#10338=AXIS2_PLACEMENT_3D('',#16407,#13185,#13186);
#10339=AXIS2_PLACEMENT_3D('',#16409,#13188,#13189);
#10340=AXIS2_PLACEMENT_3D('',#16411,#13191,#13192);
#10341=AXIS2_PLACEMENT_3D('',#16412,#13193,#13194);
#10342=AXIS2_PLACEMENT_3D('',#16413,#13195,#13196);
#10343=AXIS2_PLACEMENT_3D('',#16415,#13198,#13199);
#10344=AXIS2_PLACEMENT_3D('',#16417,#13201,#13202);
#10345=AXIS2_PLACEMENT_3D('',#16419,#13204,#13205);
#10346=AXIS2_PLACEMENT_3D('',#16421,#13207,#13208);
#10347=AXIS2_PLACEMENT_3D('',#16422,#13209,#13210);
#10348=AXIS2_PLACEMENT_3D('',#16423,#13211,#13212);
#10349=AXIS2_PLACEMENT_3D('',#16425,#13214,#13215);
#10350=AXIS2_PLACEMENT_3D('',#16427,#13217,#13218);
#10351=AXIS2_PLACEMENT_3D('',#16429,#13220,#13221);
#10352=AXIS2_PLACEMENT_3D('',#16431,#13223,#13224);
#10353=AXIS2_PLACEMENT_3D('',#16432,#13225,#13226);
#10354=AXIS2_PLACEMENT_3D('',#16433,#13227,#13228);
#10355=AXIS2_PLACEMENT_3D('',#16435,#13230,#13231);
#10356=AXIS2_PLACEMENT_3D('',#16437,#13233,#13234);
#10357=AXIS2_PLACEMENT_3D('',#16439,#13236,#13237);
#10358=AXIS2_PLACEMENT_3D('',#16441,#13239,#13240);
#10359=AXIS2_PLACEMENT_3D('',#16442,#13241,#13242);
#10360=AXIS2_PLACEMENT_3D('',#16443,#13243,#13244);
#10361=AXIS2_PLACEMENT_3D('',#16445,#13246,#13247);
#10362=AXIS2_PLACEMENT_3D('',#16447,#13249,#13250);
#10363=AXIS2_PLACEMENT_3D('',#16449,#13252,#13253);
#10364=AXIS2_PLACEMENT_3D('',#16451,#13255,#13256);
#10365=AXIS2_PLACEMENT_3D('',#16452,#13257,#13258);
#10366=AXIS2_PLACEMENT_3D('',#16453,#13259,#13260);
#10367=AXIS2_PLACEMENT_3D('',#16455,#13262,#13263);
#10368=AXIS2_PLACEMENT_3D('',#16457,#13265,#13266);
#10369=AXIS2_PLACEMENT_3D('',#16459,#13268,#13269);
#10370=AXIS2_PLACEMENT_3D('',#16461,#13271,#13272);
#10371=AXIS2_PLACEMENT_3D('',#16462,#13273,#13274);
#10372=AXIS2_PLACEMENT_3D('',#16463,#13275,#13276);
#10373=AXIS2_PLACEMENT_3D('',#16465,#13278,#13279);
#10374=AXIS2_PLACEMENT_3D('',#16467,#13281,#13282);
#10375=AXIS2_PLACEMENT_3D('',#16469,#13284,#13285);
#10376=AXIS2_PLACEMENT_3D('',#16471,#13287,#13288);
#10377=AXIS2_PLACEMENT_3D('',#16472,#13289,#13290);
#10378=AXIS2_PLACEMENT_3D('',#16473,#13291,#13292);
#10379=AXIS2_PLACEMENT_3D('',#16475,#13294,#13295);
#10380=AXIS2_PLACEMENT_3D('',#16477,#13297,#13298);
#10381=AXIS2_PLACEMENT_3D('',#16479,#13300,#13301);
#10382=AXIS2_PLACEMENT_3D('',#16481,#13303,#13304);
#10383=AXIS2_PLACEMENT_3D('',#16482,#13305,#13306);
#10384=AXIS2_PLACEMENT_3D('',#16483,#13307,#13308);
#10385=AXIS2_PLACEMENT_3D('',#16485,#13310,#13311);
#10386=AXIS2_PLACEMENT_3D('',#16487,#13313,#13314);
#10387=AXIS2_PLACEMENT_3D('',#16489,#13316,#13317);
#10388=AXIS2_PLACEMENT_3D('',#16491,#13319,#13320);
#10389=AXIS2_PLACEMENT_3D('',#16492,#13321,#13322);
#10390=AXIS2_PLACEMENT_3D('',#16493,#13323,#13324);
#10391=AXIS2_PLACEMENT_3D('',#16495,#13326,#13327);
#10392=AXIS2_PLACEMENT_3D('',#16497,#13329,#13330);
#10393=AXIS2_PLACEMENT_3D('',#16499,#13332,#13333);
#10394=AXIS2_PLACEMENT_3D('',#16501,#13335,#13336);
#10395=AXIS2_PLACEMENT_3D('',#16502,#13337,#13338);
#10396=AXIS2_PLACEMENT_3D('',#16503,#13339,#13340);
#10397=AXIS2_PLACEMENT_3D('',#16505,#13342,#13343);
#10398=AXIS2_PLACEMENT_3D('',#16507,#13345,#13346);
#10399=AXIS2_PLACEMENT_3D('',#16509,#13348,#13349);
#10400=AXIS2_PLACEMENT_3D('',#16511,#13351,#13352);
#10401=AXIS2_PLACEMENT_3D('',#16512,#13353,#13354);
#10402=AXIS2_PLACEMENT_3D('',#16513,#13355,#13356);
#10403=AXIS2_PLACEMENT_3D('',#16515,#13358,#13359);
#10404=AXIS2_PLACEMENT_3D('',#16517,#13361,#13362);
#10405=AXIS2_PLACEMENT_3D('',#16519,#13364,#13365);
#10406=AXIS2_PLACEMENT_3D('',#16521,#13367,#13368);
#10407=AXIS2_PLACEMENT_3D('',#16522,#13369,#13370);
#10408=AXIS2_PLACEMENT_3D('',#16523,#13371,#13372);
#10409=AXIS2_PLACEMENT_3D('',#16525,#13374,#13375);
#10410=AXIS2_PLACEMENT_3D('',#16527,#13377,#13378);
#10411=AXIS2_PLACEMENT_3D('',#16529,#13380,#13381);
#10412=AXIS2_PLACEMENT_3D('',#16531,#13383,#13384);
#10413=AXIS2_PLACEMENT_3D('',#16532,#13385,#13386);
#10414=AXIS2_PLACEMENT_3D('',#16533,#13387,#13388);
#10415=AXIS2_PLACEMENT_3D('',#16535,#13390,#13391);
#10416=AXIS2_PLACEMENT_3D('',#16537,#13393,#13394);
#10417=AXIS2_PLACEMENT_3D('',#16539,#13396,#13397);
#10418=AXIS2_PLACEMENT_3D('',#16541,#13399,#13400);
#10419=AXIS2_PLACEMENT_3D('',#16542,#13401,#13402);
#10420=AXIS2_PLACEMENT_3D('',#16543,#13403,#13404);
#10421=AXIS2_PLACEMENT_3D('',#16545,#13406,#13407);
#10422=AXIS2_PLACEMENT_3D('',#16547,#13409,#13410);
#10423=AXIS2_PLACEMENT_3D('',#16549,#13412,#13413);
#10424=AXIS2_PLACEMENT_3D('',#16551,#13415,#13416);
#10425=AXIS2_PLACEMENT_3D('',#16552,#13417,#13418);
#10426=AXIS2_PLACEMENT_3D('',#16553,#13419,#13420);
#10427=AXIS2_PLACEMENT_3D('',#16555,#13422,#13423);
#10428=AXIS2_PLACEMENT_3D('',#16557,#13425,#13426);
#10429=AXIS2_PLACEMENT_3D('',#16559,#13428,#13429);
#10430=AXIS2_PLACEMENT_3D('',#16561,#13431,#13432);
#10431=AXIS2_PLACEMENT_3D('',#16562,#13433,#13434);
#10432=AXIS2_PLACEMENT_3D('',#16563,#13435,#13436);
#10433=AXIS2_PLACEMENT_3D('',#16565,#13438,#13439);
#10434=AXIS2_PLACEMENT_3D('',#16567,#13441,#13442);
#10435=AXIS2_PLACEMENT_3D('',#16569,#13444,#13445);
#10436=AXIS2_PLACEMENT_3D('',#16571,#13447,#13448);
#10437=AXIS2_PLACEMENT_3D('',#16572,#13449,#13450);
#10438=AXIS2_PLACEMENT_3D('',#16573,#13451,#13452);
#10439=AXIS2_PLACEMENT_3D('',#16575,#13454,#13455);
#10440=AXIS2_PLACEMENT_3D('',#16577,#13457,#13458);
#10441=AXIS2_PLACEMENT_3D('',#16579,#13460,#13461);
#10442=AXIS2_PLACEMENT_3D('',#16581,#13463,#13464);
#10443=AXIS2_PLACEMENT_3D('',#16582,#13465,#13466);
#10444=AXIS2_PLACEMENT_3D('',#16583,#13467,#13468);
#10445=AXIS2_PLACEMENT_3D('',#16585,#13470,#13471);
#10446=AXIS2_PLACEMENT_3D('',#16587,#13473,#13474);
#10447=AXIS2_PLACEMENT_3D('',#16589,#13476,#13477);
#10448=AXIS2_PLACEMENT_3D('',#16591,#13479,#13480);
#10449=AXIS2_PLACEMENT_3D('',#16592,#13481,#13482);
#10450=AXIS2_PLACEMENT_3D('',#16593,#13483,#13484);
#10451=AXIS2_PLACEMENT_3D('',#16595,#13486,#13487);
#10452=AXIS2_PLACEMENT_3D('',#16597,#13489,#13490);
#10453=AXIS2_PLACEMENT_3D('',#16599,#13492,#13493);
#10454=AXIS2_PLACEMENT_3D('',#16601,#13495,#13496);
#10455=AXIS2_PLACEMENT_3D('',#16602,#13497,#13498);
#10456=AXIS2_PLACEMENT_3D('',#16603,#13499,#13500);
#10457=AXIS2_PLACEMENT_3D('',#16605,#13502,#13503);
#10458=AXIS2_PLACEMENT_3D('',#16607,#13505,#13506);
#10459=AXIS2_PLACEMENT_3D('',#16609,#13508,#13509);
#10460=AXIS2_PLACEMENT_3D('',#16611,#13511,#13512);
#10461=AXIS2_PLACEMENT_3D('',#16612,#13513,#13514);
#10462=AXIS2_PLACEMENT_3D('',#16613,#13515,#13516);
#10463=AXIS2_PLACEMENT_3D('',#16615,#13518,#13519);
#10464=AXIS2_PLACEMENT_3D('',#16617,#13521,#13522);
#10465=AXIS2_PLACEMENT_3D('',#16619,#13524,#13525);
#10466=AXIS2_PLACEMENT_3D('',#16621,#13527,#13528);
#10467=AXIS2_PLACEMENT_3D('',#16622,#13529,#13530);
#10468=AXIS2_PLACEMENT_3D('',#16623,#13531,#13532);
#10469=AXIS2_PLACEMENT_3D('',#16625,#13534,#13535);
#10470=AXIS2_PLACEMENT_3D('',#16627,#13537,#13538);
#10471=AXIS2_PLACEMENT_3D('',#16629,#13540,#13541);
#10472=AXIS2_PLACEMENT_3D('',#16631,#13543,#13544);
#10473=AXIS2_PLACEMENT_3D('',#16632,#13545,#13546);
#10474=AXIS2_PLACEMENT_3D('',#16633,#13547,#13548);
#10475=AXIS2_PLACEMENT_3D('',#16635,#13550,#13551);
#10476=AXIS2_PLACEMENT_3D('',#16637,#13553,#13554);
#10477=AXIS2_PLACEMENT_3D('',#16639,#13556,#13557);
#10478=AXIS2_PLACEMENT_3D('',#16641,#13559,#13560);
#10479=AXIS2_PLACEMENT_3D('',#16642,#13561,#13562);
#10480=AXIS2_PLACEMENT_3D('',#16643,#13563,#13564);
#10481=AXIS2_PLACEMENT_3D('',#16645,#13566,#13567);
#10482=AXIS2_PLACEMENT_3D('',#16647,#13569,#13570);
#10483=AXIS2_PLACEMENT_3D('',#16649,#13572,#13573);
#10484=AXIS2_PLACEMENT_3D('',#16651,#13575,#13576);
#10485=AXIS2_PLACEMENT_3D('',#16652,#13577,#13578);
#10486=AXIS2_PLACEMENT_3D('',#16653,#13579,#13580);
#10487=AXIS2_PLACEMENT_3D('',#16655,#13582,#13583);
#10488=AXIS2_PLACEMENT_3D('',#16657,#13585,#13586);
#10489=AXIS2_PLACEMENT_3D('',#16659,#13588,#13589);
#10490=AXIS2_PLACEMENT_3D('',#16661,#13591,#13592);
#10491=AXIS2_PLACEMENT_3D('',#16662,#13593,#13594);
#10492=AXIS2_PLACEMENT_3D('',#16663,#13595,#13596);
#10493=AXIS2_PLACEMENT_3D('',#16665,#13598,#13599);
#10494=AXIS2_PLACEMENT_3D('',#16667,#13601,#13602);
#10495=AXIS2_PLACEMENT_3D('',#16669,#13604,#13605);
#10496=AXIS2_PLACEMENT_3D('',#16671,#13607,#13608);
#10497=AXIS2_PLACEMENT_3D('',#16672,#13609,#13610);
#10498=AXIS2_PLACEMENT_3D('',#16673,#13611,#13612);
#10499=AXIS2_PLACEMENT_3D('',#16675,#13614,#13615);
#10500=AXIS2_PLACEMENT_3D('',#16677,#13617,#13618);
#10501=AXIS2_PLACEMENT_3D('',#16679,#13620,#13621);
#10502=AXIS2_PLACEMENT_3D('',#16681,#13623,#13624);
#10503=AXIS2_PLACEMENT_3D('',#16682,#13625,#13626);
#10504=AXIS2_PLACEMENT_3D('',#16683,#13627,#13628);
#10505=AXIS2_PLACEMENT_3D('',#16685,#13630,#13631);
#10506=AXIS2_PLACEMENT_3D('',#16687,#13633,#13634);
#10507=AXIS2_PLACEMENT_3D('',#16689,#13636,#13637);
#10508=AXIS2_PLACEMENT_3D('',#16691,#13639,#13640);
#10509=AXIS2_PLACEMENT_3D('',#16692,#13641,#13642);
#10510=AXIS2_PLACEMENT_3D('',#16693,#13643,#13644);
#10511=AXIS2_PLACEMENT_3D('',#16695,#13646,#13647);
#10512=AXIS2_PLACEMENT_3D('',#16697,#13649,#13650);
#10513=AXIS2_PLACEMENT_3D('',#16699,#13652,#13653);
#10514=AXIS2_PLACEMENT_3D('',#16701,#13655,#13656);
#10515=AXIS2_PLACEMENT_3D('',#16702,#13657,#13658);
#10516=AXIS2_PLACEMENT_3D('',#16703,#13659,#13660);
#10517=AXIS2_PLACEMENT_3D('',#16705,#13662,#13663);
#10518=AXIS2_PLACEMENT_3D('',#16707,#13665,#13666);
#10519=AXIS2_PLACEMENT_3D('',#16709,#13668,#13669);
#10520=AXIS2_PLACEMENT_3D('',#16711,#13671,#13672);
#10521=AXIS2_PLACEMENT_3D('',#16712,#13673,#13674);
#10522=AXIS2_PLACEMENT_3D('',#16713,#13675,#13676);
#10523=AXIS2_PLACEMENT_3D('',#16715,#13678,#13679);
#10524=AXIS2_PLACEMENT_3D('',#16717,#13681,#13682);
#10525=AXIS2_PLACEMENT_3D('',#16719,#13684,#13685);
#10526=AXIS2_PLACEMENT_3D('',#16721,#13687,#13688);
#10527=AXIS2_PLACEMENT_3D('',#16722,#13689,#13690);
#10528=AXIS2_PLACEMENT_3D('',#16723,#13691,#13692);
#10529=AXIS2_PLACEMENT_3D('',#16725,#13694,#13695);
#10530=AXIS2_PLACEMENT_3D('',#16727,#13697,#13698);
#10531=AXIS2_PLACEMENT_3D('',#16729,#13700,#13701);
#10532=AXIS2_PLACEMENT_3D('',#16731,#13703,#13704);
#10533=AXIS2_PLACEMENT_3D('',#16732,#13705,#13706);
#10534=AXIS2_PLACEMENT_3D('',#16733,#13707,#13708);
#10535=AXIS2_PLACEMENT_3D('',#16735,#13710,#13711);
#10536=AXIS2_PLACEMENT_3D('',#16737,#13713,#13714);
#10537=AXIS2_PLACEMENT_3D('',#16739,#13716,#13717);
#10538=AXIS2_PLACEMENT_3D('',#16741,#13719,#13720);
#10539=AXIS2_PLACEMENT_3D('',#16742,#13721,#13722);
#10540=AXIS2_PLACEMENT_3D('',#16743,#13723,#13724);
#10541=AXIS2_PLACEMENT_3D('',#16745,#13726,#13727);
#10542=AXIS2_PLACEMENT_3D('',#16747,#13729,#13730);
#10543=AXIS2_PLACEMENT_3D('',#16749,#13732,#13733);
#10544=AXIS2_PLACEMENT_3D('',#16751,#13735,#13736);
#10545=AXIS2_PLACEMENT_3D('',#16752,#13737,#13738);
#10546=AXIS2_PLACEMENT_3D('',#16753,#13739,#13740);
#10547=AXIS2_PLACEMENT_3D('',#16755,#13742,#13743);
#10548=AXIS2_PLACEMENT_3D('',#16757,#13745,#13746);
#10549=AXIS2_PLACEMENT_3D('',#16759,#13748,#13749);
#10550=AXIS2_PLACEMENT_3D('',#16761,#13751,#13752);
#10551=AXIS2_PLACEMENT_3D('',#16762,#13753,#13754);
#10552=AXIS2_PLACEMENT_3D('',#16763,#13755,#13756);
#10553=AXIS2_PLACEMENT_3D('',#16765,#13758,#13759);
#10554=AXIS2_PLACEMENT_3D('',#16767,#13761,#13762);
#10555=AXIS2_PLACEMENT_3D('',#16769,#13764,#13765);
#10556=AXIS2_PLACEMENT_3D('',#16771,#13767,#13768);
#10557=AXIS2_PLACEMENT_3D('',#16772,#13769,#13770);
#10558=AXIS2_PLACEMENT_3D('',#16773,#13771,#13772);
#10559=AXIS2_PLACEMENT_3D('',#16775,#13774,#13775);
#10560=AXIS2_PLACEMENT_3D('',#16777,#13777,#13778);
#10561=AXIS2_PLACEMENT_3D('',#16779,#13780,#13781);
#10562=AXIS2_PLACEMENT_3D('',#16781,#13783,#13784);
#10563=AXIS2_PLACEMENT_3D('',#16782,#13785,#13786);
#10564=AXIS2_PLACEMENT_3D('',#16783,#13787,#13788);
#10565=AXIS2_PLACEMENT_3D('',#16785,#13790,#13791);
#10566=AXIS2_PLACEMENT_3D('',#16787,#13793,#13794);
#10567=AXIS2_PLACEMENT_3D('',#16789,#13796,#13797);
#10568=AXIS2_PLACEMENT_3D('',#16791,#13799,#13800);
#10569=AXIS2_PLACEMENT_3D('',#16792,#13801,#13802);
#10570=AXIS2_PLACEMENT_3D('',#16793,#13803,#13804);
#10571=AXIS2_PLACEMENT_3D('',#16795,#13806,#13807);
#10572=AXIS2_PLACEMENT_3D('',#16797,#13809,#13810);
#10573=AXIS2_PLACEMENT_3D('',#16799,#13812,#13813);
#10574=AXIS2_PLACEMENT_3D('',#16801,#13815,#13816);
#10575=AXIS2_PLACEMENT_3D('',#16802,#13817,#13818);
#10576=AXIS2_PLACEMENT_3D('',#16803,#13819,#13820);
#10577=AXIS2_PLACEMENT_3D('',#16805,#13822,#13823);
#10578=AXIS2_PLACEMENT_3D('',#16807,#13825,#13826);
#10579=AXIS2_PLACEMENT_3D('',#16809,#13828,#13829);
#10580=AXIS2_PLACEMENT_3D('',#16811,#13831,#13832);
#10581=AXIS2_PLACEMENT_3D('',#16812,#13833,#13834);
#10582=AXIS2_PLACEMENT_3D('',#16813,#13835,#13836);
#10583=AXIS2_PLACEMENT_3D('',#16815,#13838,#13839);
#10584=AXIS2_PLACEMENT_3D('',#16817,#13841,#13842);
#10585=AXIS2_PLACEMENT_3D('',#16819,#13844,#13845);
#10586=AXIS2_PLACEMENT_3D('',#16821,#13847,#13848);
#10587=AXIS2_PLACEMENT_3D('',#16822,#13849,#13850);
#10588=AXIS2_PLACEMENT_3D('',#16823,#13851,#13852);
#10589=AXIS2_PLACEMENT_3D('',#16825,#13854,#13855);
#10590=AXIS2_PLACEMENT_3D('',#16827,#13857,#13858);
#10591=AXIS2_PLACEMENT_3D('',#16829,#13860,#13861);
#10592=AXIS2_PLACEMENT_3D('',#16831,#13863,#13864);
#10593=AXIS2_PLACEMENT_3D('',#16832,#13865,#13866);
#10594=AXIS2_PLACEMENT_3D('',#16833,#13867,#13868);
#10595=AXIS2_PLACEMENT_3D('',#16835,#13870,#13871);
#10596=AXIS2_PLACEMENT_3D('',#16837,#13873,#13874);
#10597=AXIS2_PLACEMENT_3D('',#16839,#13876,#13877);
#10598=AXIS2_PLACEMENT_3D('',#16841,#13879,#13880);
#10599=AXIS2_PLACEMENT_3D('',#16842,#13881,#13882);
#10600=AXIS2_PLACEMENT_3D('',#16843,#13883,#13884);
#10601=AXIS2_PLACEMENT_3D('',#16845,#13886,#13887);
#10602=AXIS2_PLACEMENT_3D('',#16847,#13889,#13890);
#10603=AXIS2_PLACEMENT_3D('',#16849,#13892,#13893);
#10604=AXIS2_PLACEMENT_3D('',#16851,#13895,#13896);
#10605=AXIS2_PLACEMENT_3D('',#16852,#13897,#13898);
#10606=AXIS2_PLACEMENT_3D('',#16853,#13899,#13900);
#10607=AXIS2_PLACEMENT_3D('',#16855,#13902,#13903);
#10608=AXIS2_PLACEMENT_3D('',#16857,#13905,#13906);
#10609=AXIS2_PLACEMENT_3D('',#16859,#13908,#13909);
#10610=AXIS2_PLACEMENT_3D('',#16861,#13911,#13912);
#10611=AXIS2_PLACEMENT_3D('',#16862,#13913,#13914);
#10612=AXIS2_PLACEMENT_3D('',#16863,#13915,#13916);
#10613=AXIS2_PLACEMENT_3D('',#16865,#13918,#13919);
#10614=AXIS2_PLACEMENT_3D('',#16867,#13921,#13922);
#10615=AXIS2_PLACEMENT_3D('',#16869,#13924,#13925);
#10616=AXIS2_PLACEMENT_3D('',#16871,#13927,#13928);
#10617=AXIS2_PLACEMENT_3D('',#16872,#13929,#13930);
#10618=AXIS2_PLACEMENT_3D('',#16873,#13931,#13932);
#10619=AXIS2_PLACEMENT_3D('',#16875,#13934,#13935);
#10620=AXIS2_PLACEMENT_3D('',#16877,#13937,#13938);
#10621=AXIS2_PLACEMENT_3D('',#16879,#13940,#13941);
#10622=AXIS2_PLACEMENT_3D('',#16881,#13943,#13944);
#10623=AXIS2_PLACEMENT_3D('',#16882,#13945,#13946);
#10624=AXIS2_PLACEMENT_3D('',#16883,#13947,#13948);
#10625=AXIS2_PLACEMENT_3D('',#16885,#13950,#13951);
#10626=AXIS2_PLACEMENT_3D('',#16887,#13953,#13954);
#10627=AXIS2_PLACEMENT_3D('',#16889,#13956,#13957);
#10628=AXIS2_PLACEMENT_3D('',#16891,#13959,#13960);
#10629=AXIS2_PLACEMENT_3D('',#16892,#13961,#13962);
#10630=AXIS2_PLACEMENT_3D('',#16893,#13963,#13964);
#10631=AXIS2_PLACEMENT_3D('',#16895,#13966,#13967);
#10632=AXIS2_PLACEMENT_3D('',#16897,#13969,#13970);
#10633=AXIS2_PLACEMENT_3D('',#16899,#13972,#13973);
#10634=AXIS2_PLACEMENT_3D('',#16901,#13975,#13976);
#10635=AXIS2_PLACEMENT_3D('',#16902,#13977,#13978);
#10636=AXIS2_PLACEMENT_3D('',#16903,#13979,#13980);
#10637=AXIS2_PLACEMENT_3D('',#16905,#13982,#13983);
#10638=AXIS2_PLACEMENT_3D('',#16907,#13985,#13986);
#10639=AXIS2_PLACEMENT_3D('',#16909,#13988,#13989);
#10640=AXIS2_PLACEMENT_3D('',#16911,#13991,#13992);
#10641=AXIS2_PLACEMENT_3D('',#16912,#13993,#13994);
#10642=AXIS2_PLACEMENT_3D('',#16913,#13995,#13996);
#10643=AXIS2_PLACEMENT_3D('',#16915,#13998,#13999);
#10644=AXIS2_PLACEMENT_3D('',#16917,#14001,#14002);
#10645=AXIS2_PLACEMENT_3D('',#16919,#14004,#14005);
#10646=AXIS2_PLACEMENT_3D('',#16921,#14007,#14008);
#10647=AXIS2_PLACEMENT_3D('',#16922,#14009,#14010);
#10648=AXIS2_PLACEMENT_3D('',#16923,#14011,#14012);
#10649=AXIS2_PLACEMENT_3D('',#16925,#14014,#14015);
#10650=AXIS2_PLACEMENT_3D('',#16927,#14017,#14018);
#10651=AXIS2_PLACEMENT_3D('',#16929,#14020,#14021);
#10652=AXIS2_PLACEMENT_3D('',#16931,#14023,#14024);
#10653=AXIS2_PLACEMENT_3D('',#16932,#14025,#14026);
#10654=AXIS2_PLACEMENT_3D('',#16933,#14027,#14028);
#10655=AXIS2_PLACEMENT_3D('',#16935,#14030,#14031);
#10656=AXIS2_PLACEMENT_3D('',#16937,#14033,#14034);
#10657=AXIS2_PLACEMENT_3D('',#16939,#14036,#14037);
#10658=AXIS2_PLACEMENT_3D('',#16941,#14039,#14040);
#10659=AXIS2_PLACEMENT_3D('',#16942,#14041,#14042);
#10660=AXIS2_PLACEMENT_3D('',#16943,#14043,#14044);
#10661=AXIS2_PLACEMENT_3D('',#16945,#14046,#14047);
#10662=AXIS2_PLACEMENT_3D('',#16947,#14049,#14050);
#10663=AXIS2_PLACEMENT_3D('',#16949,#14052,#14053);
#10664=AXIS2_PLACEMENT_3D('',#16951,#14055,#14056);
#10665=AXIS2_PLACEMENT_3D('',#16952,#14057,#14058);
#10666=AXIS2_PLACEMENT_3D('',#16953,#14059,#14060);
#10667=AXIS2_PLACEMENT_3D('',#16955,#14062,#14063);
#10668=AXIS2_PLACEMENT_3D('',#16957,#14065,#14066);
#10669=AXIS2_PLACEMENT_3D('',#16959,#14068,#14069);
#10670=AXIS2_PLACEMENT_3D('',#16961,#14071,#14072);
#10671=AXIS2_PLACEMENT_3D('',#16962,#14073,#14074);
#10672=AXIS2_PLACEMENT_3D('',#16963,#14075,#14076);
#10673=AXIS2_PLACEMENT_3D('',#16965,#14078,#14079);
#10674=AXIS2_PLACEMENT_3D('',#16967,#14081,#14082);
#10675=AXIS2_PLACEMENT_3D('',#16969,#14084,#14085);
#10676=AXIS2_PLACEMENT_3D('',#16971,#14087,#14088);
#10677=AXIS2_PLACEMENT_3D('',#16972,#14089,#14090);
#10678=AXIS2_PLACEMENT_3D('',#16973,#14091,#14092);
#10679=AXIS2_PLACEMENT_3D('',#16975,#14094,#14095);
#10680=AXIS2_PLACEMENT_3D('',#16977,#14097,#14098);
#10681=AXIS2_PLACEMENT_3D('',#16979,#14100,#14101);
#10682=AXIS2_PLACEMENT_3D('',#16981,#14103,#14104);
#10683=AXIS2_PLACEMENT_3D('',#16982,#14105,#14106);
#10684=AXIS2_PLACEMENT_3D('',#16983,#14107,#14108);
#10685=AXIS2_PLACEMENT_3D('',#16985,#14110,#14111);
#10686=AXIS2_PLACEMENT_3D('',#16987,#14113,#14114);
#10687=AXIS2_PLACEMENT_3D('',#16989,#14116,#14117);
#10688=AXIS2_PLACEMENT_3D('',#16991,#14119,#14120);
#10689=AXIS2_PLACEMENT_3D('',#16992,#14121,#14122);
#10690=AXIS2_PLACEMENT_3D('',#16993,#14123,#14124);
#10691=AXIS2_PLACEMENT_3D('',#16995,#14126,#14127);
#10692=AXIS2_PLACEMENT_3D('',#16997,#14129,#14130);
#10693=AXIS2_PLACEMENT_3D('',#16999,#14132,#14133);
#10694=AXIS2_PLACEMENT_3D('',#17001,#14135,#14136);
#10695=AXIS2_PLACEMENT_3D('',#17002,#14137,#14138);
#10696=AXIS2_PLACEMENT_3D('',#17003,#14139,#14140);
#10697=AXIS2_PLACEMENT_3D('',#17005,#14142,#14143);
#10698=AXIS2_PLACEMENT_3D('',#17007,#14145,#14146);
#10699=AXIS2_PLACEMENT_3D('',#17009,#14148,#14149);
#10700=AXIS2_PLACEMENT_3D('',#17011,#14151,#14152);
#10701=AXIS2_PLACEMENT_3D('',#17012,#14153,#14154);
#10702=AXIS2_PLACEMENT_3D('',#17013,#14155,#14156);
#10703=AXIS2_PLACEMENT_3D('',#17015,#14158,#14159);
#10704=AXIS2_PLACEMENT_3D('',#17017,#14161,#14162);
#10705=AXIS2_PLACEMENT_3D('',#17019,#14164,#14165);
#10706=AXIS2_PLACEMENT_3D('',#17021,#14167,#14168);
#10707=AXIS2_PLACEMENT_3D('',#17022,#14169,#14170);
#10708=AXIS2_PLACEMENT_3D('',#17023,#14171,#14172);
#10709=AXIS2_PLACEMENT_3D('',#17025,#14174,#14175);
#10710=AXIS2_PLACEMENT_3D('',#17027,#14177,#14178);
#10711=AXIS2_PLACEMENT_3D('',#17029,#14180,#14181);
#10712=AXIS2_PLACEMENT_3D('',#17031,#14183,#14184);
#10713=AXIS2_PLACEMENT_3D('',#17032,#14185,#14186);
#10714=AXIS2_PLACEMENT_3D('',#17033,#14187,#14188);
#10715=AXIS2_PLACEMENT_3D('',#17035,#14190,#14191);
#10716=AXIS2_PLACEMENT_3D('',#17037,#14193,#14194);
#10717=AXIS2_PLACEMENT_3D('',#17039,#14196,#14197);
#10718=AXIS2_PLACEMENT_3D('',#17041,#14199,#14200);
#10719=AXIS2_PLACEMENT_3D('',#17042,#14201,#14202);
#10720=AXIS2_PLACEMENT_3D('',#17043,#14203,#14204);
#10721=AXIS2_PLACEMENT_3D('',#17045,#14206,#14207);
#10722=AXIS2_PLACEMENT_3D('',#17047,#14209,#14210);
#10723=AXIS2_PLACEMENT_3D('',#17049,#14212,#14213);
#10724=AXIS2_PLACEMENT_3D('',#17051,#14215,#14216);
#10725=AXIS2_PLACEMENT_3D('',#17052,#14217,#14218);
#10726=AXIS2_PLACEMENT_3D('',#17053,#14219,#14220);
#10727=AXIS2_PLACEMENT_3D('',#17055,#14222,#14223);
#10728=AXIS2_PLACEMENT_3D('',#17057,#14225,#14226);
#10729=AXIS2_PLACEMENT_3D('',#17059,#14228,#14229);
#10730=AXIS2_PLACEMENT_3D('',#17061,#14231,#14232);
#10731=AXIS2_PLACEMENT_3D('',#17062,#14233,#14234);
#10732=AXIS2_PLACEMENT_3D('',#17063,#14235,#14236);
#10733=AXIS2_PLACEMENT_3D('',#17065,#14238,#14239);
#10734=AXIS2_PLACEMENT_3D('',#17067,#14241,#14242);
#10735=AXIS2_PLACEMENT_3D('',#17069,#14244,#14245);
#10736=AXIS2_PLACEMENT_3D('',#17071,#14247,#14248);
#10737=AXIS2_PLACEMENT_3D('',#17072,#14249,#14250);
#10738=AXIS2_PLACEMENT_3D('',#17073,#14251,#14252);
#10739=AXIS2_PLACEMENT_3D('',#17075,#14254,#14255);
#10740=AXIS2_PLACEMENT_3D('',#17077,#14257,#14258);
#10741=AXIS2_PLACEMENT_3D('',#17079,#14260,#14261);
#10742=AXIS2_PLACEMENT_3D('',#17081,#14263,#14264);
#10743=AXIS2_PLACEMENT_3D('',#17082,#14265,#14266);
#10744=AXIS2_PLACEMENT_3D('',#17083,#14267,#14268);
#10745=AXIS2_PLACEMENT_3D('',#17085,#14270,#14271);
#10746=AXIS2_PLACEMENT_3D('',#17087,#14273,#14274);
#10747=AXIS2_PLACEMENT_3D('',#17089,#14276,#14277);
#10748=AXIS2_PLACEMENT_3D('',#17091,#14279,#14280);
#10749=AXIS2_PLACEMENT_3D('',#17092,#14281,#14282);
#10750=AXIS2_PLACEMENT_3D('',#17093,#14283,#14284);
#10751=AXIS2_PLACEMENT_3D('',#17095,#14286,#14287);
#10752=AXIS2_PLACEMENT_3D('',#17097,#14289,#14290);
#10753=AXIS2_PLACEMENT_3D('',#17099,#14292,#14293);
#10754=AXIS2_PLACEMENT_3D('',#17101,#14295,#14296);
#10755=AXIS2_PLACEMENT_3D('',#17102,#14297,#14298);
#10756=AXIS2_PLACEMENT_3D('',#17103,#14299,#14300);
#10757=AXIS2_PLACEMENT_3D('',#17105,#14302,#14303);
#10758=AXIS2_PLACEMENT_3D('',#17107,#14305,#14306);
#10759=AXIS2_PLACEMENT_3D('',#17109,#14308,#14309);
#10760=AXIS2_PLACEMENT_3D('',#17111,#14311,#14312);
#10761=AXIS2_PLACEMENT_3D('',#17112,#14313,#14314);
#10762=AXIS2_PLACEMENT_3D('',#17113,#14315,#14316);
#10763=AXIS2_PLACEMENT_3D('',#17115,#14318,#14319);
#10764=AXIS2_PLACEMENT_3D('',#17116,#14320,#14321);
#10765=AXIS2_PLACEMENT_3D('',#17119,#14324,#14325);
#10766=AXIS2_PLACEMENT_3D('',#17120,#14326,#14327);
#10767=AXIS2_PLACEMENT_3D('',#17121,#14328,#14329);
#10768=AXIS2_PLACEMENT_3D('',#17122,#14330,#14331);
#10769=AXIS2_PLACEMENT_3D('',#17124,#14332,#14333);
#10770=AXIS2_PLACEMENT_3D('',#17126,#14334,#14335);
#10771=AXIS2_PLACEMENT_3D('',#17128,#14336,#14337);
#10772=AXIS2_PLACEMENT_3D('',#17130,#14338,#14339);
#10773=AXIS2_PLACEMENT_3D('',#17132,#14340,#14341);
#10774=AXIS2_PLACEMENT_3D('',#17133,#14342,#14343);
#10775=AXIS2_PLACEMENT_3D('',#17135,#14344,#14345);
#10776=AXIS2_PLACEMENT_3D('',#17137,#14346,#14347);
#10777=AXIS2_PLACEMENT_3D('',#17139,#14348,#14349);
#10778=AXIS2_PLACEMENT_3D('',#17141,#14350,#14351);
#10779=AXIS2_PLACEMENT_3D('',#17143,#14352,#14353);
#10780=AXIS2_PLACEMENT_3D('',#17144,#14354,#14355);
#10781=AXIS2_PLACEMENT_3D('',#17145,#14356,#14357);
#10782=AXIS2_PLACEMENT_3D('',#17146,#14358,#14359);
#10783=AXIS2_PLACEMENT_3D('',#17147,#14360,#14361);
#10784=AXIS2_PLACEMENT_3D('',#17148,#14362,#14363);
#10785=AXIS2_PLACEMENT_3D('',#17149,#14364,#14365);
#10786=DIRECTION('',(0.,0.,1.));
#10787=DIRECTION('',(1.,0.,0.));
#10788=DIRECTION('',(0.,-1.,0.));
#10789=DIRECTION('',(1.,0.,0.));
#10790=DIRECTION('',(0.,-1.,0.));
#10791=DIRECTION('',(0.,0.,-1.));
#10792=DIRECTION('',(0.,-1.,0.));
#10793=DIRECTION('',(-0.0640702199807132,0.,0.997945392750336));
#10794=DIRECTION('',(0.,-1.,0.));
#10795=DIRECTION('',(-0.0640702199807132,0.,0.997945392750336));
#10796=DIRECTION('',(0.,-1.,0.));
#10797=DIRECTION('',(-0.0640702199807132,0.,0.997945392750336));
#10798=DIRECTION('',(0.,-1.,0.));
#10799=DIRECTION('',(1.,0.,0.));
#10800=DIRECTION('',(0.,-1.,0.));
#10801=DIRECTION('',(0.,0.,-1.));
#10802=DIRECTION('',(0.,-1.,0.));
#10803=DIRECTION('',(-0.127877161684506,0.,0.991790013823246));
#10804=DIRECTION('',(0.,-1.,0.));
#10805=DIRECTION('',(-0.127877161684506,0.,0.991790013823246));
#10806=DIRECTION('',(0.,-1.,0.));
#10807=DIRECTION('',(-0.127877161684506,0.,0.991790013823246));
#10808=DIRECTION('',(0.,-1.,0.));
#10809=DIRECTION('',(1.,0.,0.));
#10810=DIRECTION('',(0.,-1.,0.));
#10811=DIRECTION('',(0.,0.,-1.));
#10812=DIRECTION('',(0.,-1.,0.));
#10813=DIRECTION('',(-0.191158628701373,0.,0.981559156991065));
#10814=DIRECTION('',(0.,-1.,0.));
#10815=DIRECTION('',(-0.191158628701373,0.,0.981559156991065));
#10816=DIRECTION('',(0.,-1.,0.));
#10817=DIRECTION('',(-0.191158628701373,0.,0.981559156991065));
#10818=DIRECTION('',(0.,-1.,0.));
#10819=DIRECTION('',(1.,0.,0.));
#10820=DIRECTION('',(0.,-1.,0.));
#10821=DIRECTION('',(0.,0.,-1.));
#10822=DIRECTION('',(0.,-1.,0.));
#10823=DIRECTION('',(-0.253654583909508,0.,0.967294863039029));
#10824=DIRECTION('',(0.,-1.,0.));
#10825=DIRECTION('',(-0.253654583909508,0.,0.967294863039029));
#10826=DIRECTION('',(0.,-1.,0.));
#10827=DIRECTION('',(-0.253654583909508,0.,0.967294863039029));
#10828=DIRECTION('',(0.,-1.,0.));
#10829=DIRECTION('',(1.,0.,0.));
#10830=DIRECTION('',(0.,-1.,0.));
#10831=DIRECTION('',(0.,0.,-1.));
#10832=DIRECTION('',(0.,-1.,0.));
#10833=DIRECTION('',(-0.315108218023621,0.,0.949055747010669));
#10834=DIRECTION('',(0.,-1.,0.));
#10835=DIRECTION('',(-0.315108218023621,0.,0.949055747010669));
#10836=DIRECTION('',(0.,-1.,0.));
#10837=DIRECTION('',(-0.315108218023621,0.,0.949055747010669));
#10838=DIRECTION('',(0.,-1.,0.));
#10839=DIRECTION('',(1.,0.,0.));
#10840=DIRECTION('',(0.,-1.,0.));
#10841=DIRECTION('',(0.,0.,-1.));
#10842=DIRECTION('',(0.,-1.,0.));
#10843=DIRECTION('',(-0.375267004879375,0.,0.926916757346022));
#10844=DIRECTION('',(0.,-1.,0.));
#10845=DIRECTION('',(-0.375267004879375,0.,0.926916757346022));
#10846=DIRECTION('',(0.,-1.,0.));
#10847=DIRECTION('',(-0.375267004879375,0.,0.926916757346022));
#10848=DIRECTION('',(0.,-1.,0.));
#10849=DIRECTION('',(1.,0.,0.));
#10850=DIRECTION('',(0.,-1.,0.));
#10851=DIRECTION('',(0.,0.,-1.));
#10852=DIRECTION('',(0.,-1.,0.));
#10853=DIRECTION('',(-0.433883739117559,0.,0.900968867902419));
#10854=DIRECTION('',(0.,-1.,0.));
#10855=DIRECTION('',(-0.433883739117559,0.,0.900968867902419));
#10856=DIRECTION('',(0.,-1.,0.));
#10857=DIRECTION('',(-0.433883739117559,0.,0.900968867902419));
#10858=DIRECTION('',(0.,-1.,0.));
#10859=DIRECTION('',(1.,0.,0.));
#10860=DIRECTION('',(0.,-1.,0.));
#10861=DIRECTION('',(0.,0.,-1.));
#10862=DIRECTION('',(0.,-1.,0.));
#10863=DIRECTION('',(-0.490717552003938,0.,0.871318704123389));
#10864=DIRECTION('',(0.,-1.,0.));
#10865=DIRECTION('',(-0.490717552003938,0.,0.871318704123389));
#10866=DIRECTION('',(0.,-1.,0.));
#10867=DIRECTION('',(-0.490717552003938,0.,0.871318704123389));
#10868=DIRECTION('',(0.,-1.,0.));
#10869=DIRECTION('',(1.,0.,0.));
#10870=DIRECTION('',(0.,-1.,0.));
#10871=DIRECTION('',(0.,0.,-1.));
#10872=DIRECTION('',(0.,-1.,0.));
#10873=DIRECTION('',(-0.545534901210549,0.,0.83808810489184));
#10874=DIRECTION('',(0.,-1.,0.));
#10875=DIRECTION('',(-0.545534901210549,0.,0.83808810489184));
#10876=DIRECTION('',(0.,-1.,0.));
#10877=DIRECTION('',(-0.545534901210549,0.,0.83808810489184));
#10878=DIRECTION('',(0.,-1.,0.));
#10879=DIRECTION('',(1.,0.,0.));
#10880=DIRECTION('',(0.,-1.,0.));
#10881=DIRECTION('',(0.,0.,-1.));
#10882=DIRECTION('',(0.,-1.,0.));
#10883=DIRECTION('',(-0.598110530491216,0.,0.801413621867957));
#10884=DIRECTION('',(0.,-1.,0.));
#10885=DIRECTION('',(-0.598110530491216,0.,0.801413621867957));
#10886=DIRECTION('',(0.,-1.,0.));
#10887=DIRECTION('',(-0.598110530491216,0.,0.801413621867957));
#10888=DIRECTION('',(0.,-1.,0.));
#10889=DIRECTION('',(1.,0.,0.));
#10890=DIRECTION('',(0.,-1.,0.));
#10891=DIRECTION('',(0.,0.,-1.));
#10892=DIRECTION('',(0.,-1.,0.));
#10893=DIRECTION('',(-0.648228395307789,0.,0.761445958369134));
#10894=DIRECTION('',(0.,-1.,0.));
#10895=DIRECTION('',(-0.648228395307789,0.,0.761445958369134));
#10896=DIRECTION('',(0.,-1.,0.));
#10897=DIRECTION('',(-0.648228395307789,0.,0.761445958369134));
#10898=DIRECTION('',(0.,-1.,0.));
#10899=DIRECTION('',(1.,0.,0.));
#10900=DIRECTION('',(0.,-1.,0.));
#10901=DIRECTION('',(0.,0.,-1.));
#10902=DIRECTION('',(0.,-1.,0.));
#10903=DIRECTION('',(-0.695682550603487,0.,0.718349350097728));
#10904=DIRECTION('',(0.,-1.,0.));
#10905=DIRECTION('',(-0.695682550603487,0.,0.718349350097728));
#10906=DIRECTION('',(0.,-1.,0.));
#10907=DIRECTION('',(-0.695682550603487,0.,0.718349350097728));
#10908=DIRECTION('',(0.,-1.,0.));
#10909=DIRECTION('',(1.,0.,0.));
#10910=DIRECTION('',(0.,-1.,0.));
#10911=DIRECTION('',(0.,0.,-1.));
#10912=DIRECTION('',(0.,-1.,0.));
#10913=DIRECTION('',(-0.740277997075316,0.,0.672300890261317));
#10914=DIRECTION('',(0.,-1.,0.));
#10915=DIRECTION('',(-0.740277997075316,0.,0.672300890261317));
#10916=DIRECTION('',(0.,-1.,0.));
#10917=DIRECTION('',(-0.740277997075316,0.,0.672300890261317));
#10918=DIRECTION('',(0.,-1.,0.));
#10919=DIRECTION('',(1.,0.,0.));
#10920=DIRECTION('',(0.,-1.,0.));
#10921=DIRECTION('',(0.,0.,-1.));
#10922=DIRECTION('',(0.,-1.,0.));
#10923=DIRECTION('',(-0.78183148246803,0.,0.623489801858734));
#10924=DIRECTION('',(0.,-1.,0.));
#10925=DIRECTION('',(-0.78183148246803,0.,0.623489801858734));
#10926=DIRECTION('',(0.,-1.,0.));
#10927=DIRECTION('',(-0.78183148246803,0.,0.623489801858734));
#10928=DIRECTION('',(0.,-1.,0.));
#10929=DIRECTION('',(1.,0.,0.));
#10930=DIRECTION('',(0.,-1.,0.));
#10931=DIRECTION('',(0.,0.,-1.));
#10932=DIRECTION('',(0.,-1.,0.));
#10933=DIRECTION('',(-0.820172254596956,0.,0.572116660122169));
#10934=DIRECTION('',(0.,-1.,0.));
#10935=DIRECTION('',(-0.820172254596956,0.,0.572116660122169));
#10936=DIRECTION('',(0.,-1.,0.));
#10937=DIRECTION('',(-0.820172254596956,0.,0.572116660122169));
#10938=DIRECTION('',(0.,-1.,0.));
#10939=DIRECTION('',(1.,0.,0.));
#10940=DIRECTION('',(0.,-1.,0.));
#10941=DIRECTION('',(0.,0.,-1.));
#10942=DIRECTION('',(0.,-1.,0.));
#10943=DIRECTION('',(-0.855142763005346,0.,0.518392568310525));
#10944=DIRECTION('',(0.,-1.,0.));
#10945=DIRECTION('',(-0.855142763005346,0.,0.518392568310525));
#10946=DIRECTION('',(0.,-1.,0.));
#10947=DIRECTION('',(-0.855142763005346,0.,0.518392568310525));
#10948=DIRECTION('',(0.,-1.,0.));
#10949=DIRECTION('',(1.,0.,0.));
#10950=DIRECTION('',(0.,-1.,0.));
#10951=DIRECTION('',(0.,0.,-1.));
#10952=DIRECTION('',(0.,-1.,0.));
#10953=DIRECTION('',(-0.886599306373,0.,0.462538290240835));
#10954=DIRECTION('',(0.,-1.,0.));
#10955=DIRECTION('',(-0.886599306373,0.,0.462538290240835));
#10956=DIRECTION('',(0.,-1.,0.));
#10957=DIRECTION('',(-0.886599306373,0.,0.462538290240835));
#10958=DIRECTION('',(0.,-1.,0.));
#10959=DIRECTION('',(1.,0.,0.));
#10960=DIRECTION('',(0.,-1.,0.));
#10961=DIRECTION('',(0.,0.,-1.));
#10962=DIRECTION('',(0.,-1.,0.));
#10963=DIRECTION('',(-0.914412623015812,0.,0.404783343122394));
#10964=DIRECTION('',(0.,-1.,0.));
#10965=DIRECTION('',(-0.914412623015812,0.,0.404783343122394));
#10966=DIRECTION('',(0.,-1.,0.));
#10967=DIRECTION('',(-0.914412623015812,0.,0.404783343122394));
#10968=DIRECTION('',(0.,-1.,0.));
#10969=DIRECTION('',(1.,0.,0.));
#10970=DIRECTION('',(0.,-1.,0.));
#10971=DIRECTION('',(0.,0.,-1.));
#10972=DIRECTION('',(0.,-1.,0.));
#10973=DIRECTION('',(-0.93846842204976,0.,0.345365054421307));
#10974=DIRECTION('',(0.,-1.,0.));
#10975=DIRECTION('',(-0.93846842204976,0.,0.345365054421307));
#10976=DIRECTION('',(0.,-1.,0.));
#10977=DIRECTION('',(-0.93846842204976,0.,0.345365054421307));
#10978=DIRECTION('',(0.,-1.,0.));
#10979=DIRECTION('',(1.,0.,0.));
#10980=DIRECTION('',(0.,-1.,0.));
#10981=DIRECTION('',(0.,0.,-1.));
#10982=DIRECTION('',(0.,-1.,0.));
#10983=DIRECTION('',(-0.958667853036661,0.,0.284527586631033));
#10984=DIRECTION('',(0.,-1.,0.));
#10985=DIRECTION('',(-0.958667853036661,0.,0.284527586631033));
#10986=DIRECTION('',(0.,-1.,0.));
#10987=DIRECTION('',(-0.958667853036661,0.,0.284527586631033));
#10988=DIRECTION('',(0.,-1.,0.));
#10989=DIRECTION('',(1.,0.,0.));
#10990=DIRECTION('',(0.,-1.,0.));
#10991=DIRECTION('',(0.,0.,-1.));
#10992=DIRECTION('',(0.,-1.,0.));
#10993=DIRECTION('',(-0.974927912181824,0.,0.222520933956315));
#10994=DIRECTION('',(0.,-1.,0.));
#10995=DIRECTION('',(-0.974927912181824,0.,0.222520933956315));
#10996=DIRECTION('',(0.,-1.,0.));
#10997=DIRECTION('',(-0.974927912181824,0.,0.222520933956315));
#10998=DIRECTION('',(0.,-1.,0.));
#10999=DIRECTION('',(1.,0.,0.));
#11000=DIRECTION('',(0.,-1.,0.));
#11001=DIRECTION('',(0.,0.,-1.));
#11002=DIRECTION('',(0.,-1.,0.));
#11003=DIRECTION('',(-0.98718178341445,0.,0.159599895033379));
#11004=DIRECTION('',(0.,-1.,0.));
#11005=DIRECTION('',(-0.98718178341445,0.,0.159599895033379));
#11006=DIRECTION('',(0.,-1.,0.));
#11007=DIRECTION('',(-0.98718178341445,0.,0.159599895033379));
#11008=DIRECTION('',(0.,-1.,0.));
#11009=DIRECTION('',(1.,0.,0.));
#11010=DIRECTION('',(0.,-1.,0.));
#11011=DIRECTION('',(0.,0.,-1.));
#11012=DIRECTION('',(0.,-1.,0.));
#11013=DIRECTION('',(-0.995379112949198,0.,0.0960230259076815));
#11014=DIRECTION('',(0.,-1.,0.));
#11015=DIRECTION('',(-0.995379112949198,0.,0.0960230259076815));
#11016=DIRECTION('',(0.,-1.,0.));
#11017=DIRECTION('',(-0.995379112949198,0.,0.0960230259076815));
#11018=DIRECTION('',(0.,-1.,0.));
#11019=DIRECTION('',(1.,0.,0.));
#11020=DIRECTION('',(0.,-1.,0.));
#11021=DIRECTION('',(0.,0.,-1.));
#11022=DIRECTION('',(0.,-1.,0.));
#11023=DIRECTION('',(-0.999486216200688,0.,0.032051577571655));
#11024=DIRECTION('',(0.,-1.,0.));
#11025=DIRECTION('',(-0.999486216200688,0.,0.032051577571655));
#11026=DIRECTION('',(0.,-1.,0.));
#11027=DIRECTION('',(-0.999486216200688,0.,0.032051577571655));
#11028=DIRECTION('',(0.,-1.,0.));
#11029=DIRECTION('',(1.,0.,0.));
#11030=DIRECTION('',(0.,-1.,0.));
#11031=DIRECTION('',(0.,0.,-1.));
#11032=DIRECTION('',(0.,-1.,0.));
#11033=DIRECTION('',(-0.999486216200688,0.,-0.0320515775716553));
#11034=DIRECTION('',(0.,-1.,0.));
#11035=DIRECTION('',(-0.999486216200688,0.,-0.0320515775716553));
#11036=DIRECTION('',(0.,-1.,0.));
#11037=DIRECTION('',(-0.999486216200688,0.,-0.0320515775716553));
#11038=DIRECTION('',(0.,-1.,0.));
#11039=DIRECTION('',(1.,0.,0.));
#11040=DIRECTION('',(0.,-1.,0.));
#11041=DIRECTION('',(0.,0.,-1.));
#11042=DIRECTION('',(0.,-1.,0.));
#11043=DIRECTION('',(-0.995379112949198,0.,-0.0960230259076819));
#11044=DIRECTION('',(0.,-1.,0.));
#11045=DIRECTION('',(-0.995379112949198,0.,-0.0960230259076819));
#11046=DIRECTION('',(0.,-1.,0.));
#11047=DIRECTION('',(-0.995379112949198,0.,-0.0960230259076819));
#11048=DIRECTION('',(0.,-1.,0.));
#11049=DIRECTION('',(1.,0.,0.));
#11050=DIRECTION('',(0.,-1.,0.));
#11051=DIRECTION('',(0.,0.,-1.));
#11052=DIRECTION('',(0.,-1.,0.));
#11053=DIRECTION('',(-0.98718178341445,0.,-0.159599895033379));
#11054=DIRECTION('',(0.,-1.,0.));
#11055=DIRECTION('',(-0.98718178341445,0.,-0.159599895033379));
#11056=DIRECTION('',(0.,-1.,0.));
#11057=DIRECTION('',(-0.98718178341445,0.,-0.159599895033379));
#11058=DIRECTION('',(0.,-1.,0.));
#11059=DIRECTION('',(1.,0.,0.));
#11060=DIRECTION('',(0.,-1.,0.));
#11061=DIRECTION('',(0.,0.,-1.));
#11062=DIRECTION('',(0.,-1.,0.));
#11063=DIRECTION('',(-0.974927912181824,0.,-0.222520933956315));
#11064=DIRECTION('',(0.,-1.,0.));
#11065=DIRECTION('',(-0.974927912181824,0.,-0.222520933956315));
#11066=DIRECTION('',(0.,-1.,0.));
#11067=DIRECTION('',(-0.974927912181824,0.,-0.222520933956315));
#11068=DIRECTION('',(0.,-1.,0.));
#11069=DIRECTION('',(1.,0.,0.));
#11070=DIRECTION('',(0.,-1.,0.));
#11071=DIRECTION('',(0.,0.,-1.));
#11072=DIRECTION('',(0.,-1.,0.));
#11073=DIRECTION('',(-0.958667853036661,0.,-0.284527586631033));
#11074=DIRECTION('',(0.,-1.,0.));
#11075=DIRECTION('',(-0.958667853036661,0.,-0.284527586631033));
#11076=DIRECTION('',(0.,-1.,0.));
#11077=DIRECTION('',(-0.958667853036661,0.,-0.284527586631033));
#11078=DIRECTION('',(0.,-1.,0.));
#11079=DIRECTION('',(1.,0.,0.));
#11080=DIRECTION('',(0.,-1.,0.));
#11081=DIRECTION('',(0.,0.,-1.));
#11082=DIRECTION('',(0.,-1.,0.));
#11083=DIRECTION('',(-0.93846842204976,0.,-0.345365054421308));
#11084=DIRECTION('',(0.,-1.,0.));
#11085=DIRECTION('',(-0.93846842204976,0.,-0.345365054421308));
#11086=DIRECTION('',(0.,-1.,0.));
#11087=DIRECTION('',(-0.93846842204976,0.,-0.345365054421308));
#11088=DIRECTION('',(0.,-1.,0.));
#11089=DIRECTION('',(1.,0.,0.));
#11090=DIRECTION('',(0.,-1.,0.));
#11091=DIRECTION('',(0.,0.,-1.));
#11092=DIRECTION('',(0.,-1.,0.));
#11093=DIRECTION('',(-0.914412623015812,0.,-0.404783343122394));
#11094=DIRECTION('',(0.,-1.,0.));
#11095=DIRECTION('',(-0.914412623015812,0.,-0.404783343122394));
#11096=DIRECTION('',(0.,-1.,0.));
#11097=DIRECTION('',(-0.914412623015812,0.,-0.404783343122394));
#11098=DIRECTION('',(0.,-1.,0.));
#11099=DIRECTION('',(1.,0.,0.));
#11100=DIRECTION('',(0.,-1.,0.));
#11101=DIRECTION('',(0.,0.,-1.));
#11102=DIRECTION('',(0.,-1.,0.));
#11103=DIRECTION('',(-0.886599306373,0.,-0.462538290240835));
#11104=DIRECTION('',(0.,-1.,0.));
#11105=DIRECTION('',(-0.886599306373,0.,-0.462538290240835));
#11106=DIRECTION('',(0.,-1.,0.));
#11107=DIRECTION('',(-0.886599306373,0.,-0.462538290240835));
#11108=DIRECTION('',(0.,-1.,0.));
#11109=DIRECTION('',(1.,0.,0.));
#11110=DIRECTION('',(0.,-1.,0.));
#11111=DIRECTION('',(0.,0.,-1.));
#11112=DIRECTION('',(0.,-1.,0.));
#11113=DIRECTION('',(-0.855142763005346,0.,-0.518392568310525));
#11114=DIRECTION('',(0.,-1.,0.));
#11115=DIRECTION('',(-0.855142763005346,0.,-0.518392568310525));
#11116=DIRECTION('',(0.,-1.,0.));
#11117=DIRECTION('',(-0.855142763005346,0.,-0.518392568310525));
#11118=DIRECTION('',(0.,-1.,0.));
#11119=DIRECTION('',(1.,0.,0.));
#11120=DIRECTION('',(0.,-1.,0.));
#11121=DIRECTION('',(0.,0.,-1.));
#11122=DIRECTION('',(0.,-1.,0.));
#11123=DIRECTION('',(-0.820172254596956,0.,-0.57211666012217));
#11124=DIRECTION('',(0.,-1.,0.));
#11125=DIRECTION('',(-0.820172254596956,0.,-0.57211666012217));
#11126=DIRECTION('',(0.,-1.,0.));
#11127=DIRECTION('',(-0.820172254596956,0.,-0.57211666012217));
#11128=DIRECTION('',(0.,-1.,0.));
#11129=DIRECTION('',(1.,0.,0.));
#11130=DIRECTION('',(0.,-1.,0.));
#11131=DIRECTION('',(0.,0.,-1.));
#11132=DIRECTION('',(0.,-1.,0.));
#11133=DIRECTION('',(-0.78183148246803,0.,-0.623489801858734));
#11134=DIRECTION('',(0.,-1.,0.));
#11135=DIRECTION('',(-0.78183148246803,0.,-0.623489801858734));
#11136=DIRECTION('',(0.,-1.,0.));
#11137=DIRECTION('',(-0.78183148246803,0.,-0.623489801858734));
#11138=DIRECTION('',(0.,-1.,0.));
#11139=DIRECTION('',(1.,0.,0.));
#11140=DIRECTION('',(0.,-1.,0.));
#11141=DIRECTION('',(0.,0.,-1.));
#11142=DIRECTION('',(0.,-1.,0.));
#11143=DIRECTION('',(-0.740277997075316,0.,-0.672300890261317));
#11144=DIRECTION('',(0.,-1.,0.));
#11145=DIRECTION('',(-0.740277997075316,0.,-0.672300890261317));
#11146=DIRECTION('',(0.,-1.,0.));
#11147=DIRECTION('',(-0.740277997075316,0.,-0.672300890261317));
#11148=DIRECTION('',(0.,-1.,0.));
#11149=DIRECTION('',(1.,0.,0.));
#11150=DIRECTION('',(0.,-1.,0.));
#11151=DIRECTION('',(0.,0.,-1.));
#11152=DIRECTION('',(0.,-1.,0.));
#11153=DIRECTION('',(-0.695682550603486,0.,-0.718349350097728));
#11154=DIRECTION('',(0.,-1.,0.));
#11155=DIRECTION('',(-0.695682550603486,0.,-0.718349350097728));
#11156=DIRECTION('',(0.,-1.,0.));
#11157=DIRECTION('',(-0.695682550603486,0.,-0.718349350097728));
#11158=DIRECTION('',(0.,-1.,0.));
#11159=DIRECTION('',(1.,0.,0.));
#11160=DIRECTION('',(0.,-1.,0.));
#11161=DIRECTION('',(0.,0.,-1.));
#11162=DIRECTION('',(0.,-1.,0.));
#11163=DIRECTION('',(-0.648228395307788,0.,-0.761445958369134));
#11164=DIRECTION('',(0.,-1.,0.));
#11165=DIRECTION('',(-0.648228395307788,0.,-0.761445958369134));
#11166=DIRECTION('',(0.,-1.,0.));
#11167=DIRECTION('',(-0.648228395307788,0.,-0.761445958369134));
#11168=DIRECTION('',(0.,-1.,0.));
#11169=DIRECTION('',(1.,0.,0.));
#11170=DIRECTION('',(0.,-1.,0.));
#11171=DIRECTION('',(0.,0.,-1.));
#11172=DIRECTION('',(0.,-1.,0.));
#11173=DIRECTION('',(-0.598110530491216,0.,-0.801413621867957));
#11174=DIRECTION('',(0.,-1.,0.));
#11175=DIRECTION('',(-0.598110530491216,0.,-0.801413621867957));
#11176=DIRECTION('',(0.,-1.,0.));
#11177=DIRECTION('',(-0.598110530491216,0.,-0.801413621867957));
#11178=DIRECTION('',(0.,-1.,0.));
#11179=DIRECTION('',(1.,0.,0.));
#11180=DIRECTION('',(0.,-1.,0.));
#11181=DIRECTION('',(0.,0.,-1.));
#11182=DIRECTION('',(0.,-1.,0.));
#11183=DIRECTION('',(-0.545534901210549,0.,-0.838088104891841));
#11184=DIRECTION('',(0.,-1.,0.));
#11185=DIRECTION('',(-0.545534901210549,0.,-0.838088104891841));
#11186=DIRECTION('',(0.,-1.,0.));
#11187=DIRECTION('',(-0.545534901210549,0.,-0.838088104891841));
#11188=DIRECTION('',(0.,-1.,0.));
#11189=DIRECTION('',(1.,0.,0.));
#11190=DIRECTION('',(0.,-1.,0.));
#11191=DIRECTION('',(0.,0.,-1.));
#11192=DIRECTION('',(0.,-1.,0.));
#11193=DIRECTION('',(-0.490717552003938,0.,-0.871318704123389));
#11194=DIRECTION('',(0.,-1.,0.));
#11195=DIRECTION('',(-0.490717552003938,0.,-0.871318704123389));
#11196=DIRECTION('',(0.,-1.,0.));
#11197=DIRECTION('',(-0.490717552003938,0.,-0.871318704123389));
#11198=DIRECTION('',(0.,-1.,0.));
#11199=DIRECTION('',(1.,0.,0.));
#11200=DIRECTION('',(0.,-1.,0.));
#11201=DIRECTION('',(0.,0.,-1.));
#11202=DIRECTION('',(0.,-1.,0.));
#11203=DIRECTION('',(-0.433883739117558,0.,-0.900968867902419));
#11204=DIRECTION('',(0.,-1.,0.));
#11205=DIRECTION('',(-0.433883739117558,0.,-0.900968867902419));
#11206=DIRECTION('',(0.,-1.,0.));
#11207=DIRECTION('',(-0.433883739117558,0.,-0.900968867902419));
#11208=DIRECTION('',(0.,-1.,0.));
#11209=DIRECTION('',(1.,0.,0.));
#11210=DIRECTION('',(0.,-1.,0.));
#11211=DIRECTION('',(0.,0.,-1.));
#11212=DIRECTION('',(0.,-1.,0.));
#11213=DIRECTION('',(-0.375267004879374,0.,-0.926916757346022));
#11214=DIRECTION('',(0.,-1.,0.));
#11215=DIRECTION('',(-0.375267004879374,0.,-0.926916757346022));
#11216=DIRECTION('',(0.,-1.,0.));
#11217=DIRECTION('',(-0.375267004879374,0.,-0.926916757346022));
#11218=DIRECTION('',(0.,-1.,0.));
#11219=DIRECTION('',(1.,0.,0.));
#11220=DIRECTION('',(0.,-1.,0.));
#11221=DIRECTION('',(0.,0.,-1.));
#11222=DIRECTION('',(0.,-1.,0.));
#11223=DIRECTION('',(-0.31510821802362,0.,-0.949055747010669));
#11224=DIRECTION('',(0.,-1.,0.));
#11225=DIRECTION('',(-0.31510821802362,0.,-0.949055747010669));
#11226=DIRECTION('',(0.,-1.,0.));
#11227=DIRECTION('',(-0.31510821802362,0.,-0.949055747010669));
#11228=DIRECTION('',(0.,-1.,0.));
#11229=DIRECTION('',(1.,0.,0.));
#11230=DIRECTION('',(0.,-1.,0.));
#11231=DIRECTION('',(0.,0.,-1.));
#11232=DIRECTION('',(0.,-1.,0.));
#11233=DIRECTION('',(-0.253654583909508,0.,-0.967294863039029));
#11234=DIRECTION('',(0.,-1.,0.));
#11235=DIRECTION('',(-0.253654583909508,0.,-0.967294863039029));
#11236=DIRECTION('',(0.,-1.,0.));
#11237=DIRECTION('',(-0.253654583909508,0.,-0.967294863039029));
#11238=DIRECTION('',(0.,-1.,0.));
#11239=DIRECTION('',(1.,0.,0.));
#11240=DIRECTION('',(0.,-1.,0.));
#11241=DIRECTION('',(0.,0.,-1.));
#11242=DIRECTION('',(0.,-1.,0.));
#11243=DIRECTION('',(-0.191158628701373,0.,-0.981559156991065));
#11244=DIRECTION('',(0.,-1.,0.));
#11245=DIRECTION('',(-0.191158628701373,0.,-0.981559156991065));
#11246=DIRECTION('',(0.,-1.,0.));
#11247=DIRECTION('',(-0.191158628701373,0.,-0.981559156991065));
#11248=DIRECTION('',(0.,-1.,0.));
#11249=DIRECTION('',(1.,0.,0.));
#11250=DIRECTION('',(0.,-1.,0.));
#11251=DIRECTION('',(0.,0.,-1.));
#11252=DIRECTION('',(0.,-1.,0.));
#11253=DIRECTION('',(-0.127877161684506,0.,-0.991790013823246));
#11254=DIRECTION('',(0.,-1.,0.));
#11255=DIRECTION('',(-0.127877161684506,0.,-0.991790013823246));
#11256=DIRECTION('',(0.,-1.,0.));
#11257=DIRECTION('',(-0.127877161684506,0.,-0.991790013823246));
#11258=DIRECTION('',(0.,-1.,0.));
#11259=DIRECTION('',(1.,0.,0.));
#11260=DIRECTION('',(0.,-1.,0.));
#11261=DIRECTION('',(0.,0.,-1.));
#11262=DIRECTION('',(0.,-1.,0.));
#11263=DIRECTION('',(-0.0640702199807129,0.,-0.997945392750336));
#11264=DIRECTION('',(0.,-1.,0.));
#11265=DIRECTION('',(-0.0640702199807129,0.,-0.997945392750336));
#11266=DIRECTION('',(0.,-1.,0.));
#11267=DIRECTION('',(-0.0640702199807129,0.,-0.997945392750336));
#11268=DIRECTION('',(0.,-1.,0.));
#11269=DIRECTION('',(1.,0.,0.));
#11270=DIRECTION('',(0.,-1.,0.));
#11271=DIRECTION('',(0.,0.,-1.));
#11272=DIRECTION('',(0.,-1.,0.));
#11273=DIRECTION('',(0.,0.,-1.));
#11274=DIRECTION('',(0.,-1.,0.));
#11275=DIRECTION('',(0.,0.,-1.));
#11276=DIRECTION('',(0.,-1.,0.));
#11277=DIRECTION('',(0.,0.,-1.));
#11278=DIRECTION('',(0.,-1.,0.));
#11279=DIRECTION('',(1.,0.,0.));
#11280=DIRECTION('',(0.,-1.,0.));
#11281=DIRECTION('',(0.,0.,-1.));
#11282=DIRECTION('',(0.,-1.,0.));
#11283=DIRECTION('',(0.0640702199807138,0.,-0.997945392750336));
#11284=DIRECTION('',(0.,-1.,0.));
#11285=DIRECTION('',(0.0640702199807138,0.,-0.997945392750336));
#11286=DIRECTION('',(0.,-1.,0.));
#11287=DIRECTION('',(0.0640702199807138,0.,-0.997945392750336));
#11288=DIRECTION('',(0.,-1.,0.));
#11289=DIRECTION('',(1.,0.,0.));
#11290=DIRECTION('',(0.,-1.,0.));
#11291=DIRECTION('',(0.,0.,-1.));
#11292=DIRECTION('',(0.,-1.,0.));
#11293=DIRECTION('',(0.127877161684507,0.,-0.991790013823246));
#11294=DIRECTION('',(0.,-1.,0.));
#11295=DIRECTION('',(0.127877161684507,0.,-0.991790013823246));
#11296=DIRECTION('',(0.,-1.,0.));
#11297=DIRECTION('',(0.127877161684507,0.,-0.991790013823246));
#11298=DIRECTION('',(0.,-1.,0.));
#11299=DIRECTION('',(1.,0.,0.));
#11300=DIRECTION('',(0.,-1.,0.));
#11301=DIRECTION('',(0.,0.,-1.));
#11302=DIRECTION('',(0.,-1.,0.));
#11303=DIRECTION('',(0.191158628701373,0.,-0.981559156991065));
#11304=DIRECTION('',(0.,-1.,0.));
#11305=DIRECTION('',(0.191158628701373,0.,-0.981559156991065));
#11306=DIRECTION('',(0.,-1.,0.));
#11307=DIRECTION('',(0.191158628701373,0.,-0.981559156991065));
#11308=DIRECTION('',(0.,-1.,0.));
#11309=DIRECTION('',(1.,0.,0.));
#11310=DIRECTION('',(0.,-1.,0.));
#11311=DIRECTION('',(0.,0.,-1.));
#11312=DIRECTION('',(0.,-1.,0.));
#11313=DIRECTION('',(0.253654583909509,0.,-0.967294863039029));
#11314=DIRECTION('',(0.,-1.,0.));
#11315=DIRECTION('',(0.253654583909509,0.,-0.967294863039029));
#11316=DIRECTION('',(0.,-1.,0.));
#11317=DIRECTION('',(0.253654583909509,0.,-0.967294863039029));
#11318=DIRECTION('',(0.,-1.,0.));
#11319=DIRECTION('',(1.,0.,0.));
#11320=DIRECTION('',(0.,-1.,0.));
#11321=DIRECTION('',(0.,0.,-1.));
#11322=DIRECTION('',(0.,-1.,0.));
#11323=DIRECTION('',(0.315108218023621,0.,-0.949055747010668));
#11324=DIRECTION('',(0.,-1.,0.));
#11325=DIRECTION('',(0.315108218023621,0.,-0.949055747010668));
#11326=DIRECTION('',(0.,-1.,0.));
#11327=DIRECTION('',(0.315108218023621,0.,-0.949055747010668));
#11328=DIRECTION('',(0.,-1.,0.));
#11329=DIRECTION('',(1.,0.,0.));
#11330=DIRECTION('',(0.,-1.,0.));
#11331=DIRECTION('',(0.,0.,-1.));
#11332=DIRECTION('',(0.,-1.,0.));
#11333=DIRECTION('',(0.375267004879375,0.,-0.926916757346022));
#11334=DIRECTION('',(0.,-1.,0.));
#11335=DIRECTION('',(0.375267004879375,0.,-0.926916757346022));
#11336=DIRECTION('',(0.,-1.,0.));
#11337=DIRECTION('',(0.375267004879375,0.,-0.926916757346022));
#11338=DIRECTION('',(0.,-1.,0.));
#11339=DIRECTION('',(1.,0.,0.));
#11340=DIRECTION('',(0.,-1.,0.));
#11341=DIRECTION('',(0.,0.,-1.));
#11342=DIRECTION('',(0.,-1.,0.));
#11343=DIRECTION('',(0.433883739117559,0.,-0.900968867902419));
#11344=DIRECTION('',(0.,-1.,0.));
#11345=DIRECTION('',(0.433883739117559,0.,-0.900968867902419));
#11346=DIRECTION('',(0.,-1.,0.));
#11347=DIRECTION('',(0.433883739117559,0.,-0.900968867902419));
#11348=DIRECTION('',(0.,-1.,0.));
#11349=DIRECTION('',(1.,0.,0.));
#11350=DIRECTION('',(0.,-1.,0.));
#11351=DIRECTION('',(0.,0.,-1.));
#11352=DIRECTION('',(0.,-1.,0.));
#11353=DIRECTION('',(0.490717552003939,0.,-0.871318704123389));
#11354=DIRECTION('',(0.,-1.,0.));
#11355=DIRECTION('',(0.490717552003939,0.,-0.871318704123389));
#11356=DIRECTION('',(0.,-1.,0.));
#11357=DIRECTION('',(0.490717552003939,0.,-0.871318704123389));
#11358=DIRECTION('',(0.,-1.,0.));
#11359=DIRECTION('',(1.,0.,0.));
#11360=DIRECTION('',(0.,-1.,0.));
#11361=DIRECTION('',(0.,0.,-1.));
#11362=DIRECTION('',(0.,-1.,0.));
#11363=DIRECTION('',(0.545534901210549,0.,-0.83808810489184));
#11364=DIRECTION('',(0.,-1.,0.));
#11365=DIRECTION('',(0.545534901210549,0.,-0.83808810489184));
#11366=DIRECTION('',(0.,-1.,0.));
#11367=DIRECTION('',(0.545534901210549,0.,-0.83808810489184));
#11368=DIRECTION('',(0.,-1.,0.));
#11369=DIRECTION('',(1.,0.,0.));
#11370=DIRECTION('',(0.,-1.,0.));
#11371=DIRECTION('',(0.,0.,-1.));
#11372=DIRECTION('',(0.,-1.,0.));
#11373=DIRECTION('',(0.598110530491216,0.,-0.801413621867957));
#11374=DIRECTION('',(0.,-1.,0.));
#11375=DIRECTION('',(0.598110530491216,0.,-0.801413621867957));
#11376=DIRECTION('',(0.,-1.,0.));
#11377=DIRECTION('',(0.598110530491216,0.,-0.801413621867957));
#11378=DIRECTION('',(0.,-1.,0.));
#11379=DIRECTION('',(1.,0.,0.));
#11380=DIRECTION('',(0.,-1.,0.));
#11381=DIRECTION('',(0.,0.,-1.));
#11382=DIRECTION('',(0.,-1.,0.));
#11383=DIRECTION('',(0.648228395307789,0.,-0.761445958369134));
#11384=DIRECTION('',(0.,-1.,0.));
#11385=DIRECTION('',(0.648228395307789,0.,-0.761445958369134));
#11386=DIRECTION('',(0.,-1.,0.));
#11387=DIRECTION('',(0.648228395307789,0.,-0.761445958369134));
#11388=DIRECTION('',(0.,-1.,0.));
#11389=DIRECTION('',(1.,0.,0.));
#11390=DIRECTION('',(0.,-1.,0.));
#11391=DIRECTION('',(0.,0.,-1.));
#11392=DIRECTION('',(0.,-1.,0.));
#11393=DIRECTION('',(0.695682550603487,0.,-0.718349350097727));
#11394=DIRECTION('',(0.,-1.,0.));
#11395=DIRECTION('',(0.695682550603487,0.,-0.718349350097727));
#11396=DIRECTION('',(0.,-1.,0.));
#11397=DIRECTION('',(0.695682550603487,0.,-0.718349350097727));
#11398=DIRECTION('',(0.,-1.,0.));
#11399=DIRECTION('',(1.,0.,0.));
#11400=DIRECTION('',(0.,-1.,0.));
#11401=DIRECTION('',(0.,0.,-1.));
#11402=DIRECTION('',(0.,-1.,0.));
#11403=DIRECTION('',(0.740277997075316,0.,-0.672300890261317));
#11404=DIRECTION('',(0.,-1.,0.));
#11405=DIRECTION('',(0.740277997075316,0.,-0.672300890261317));
#11406=DIRECTION('',(0.,-1.,0.));
#11407=DIRECTION('',(0.740277997075316,0.,-0.672300890261317));
#11408=DIRECTION('',(0.,-1.,0.));
#11409=DIRECTION('',(1.,0.,0.));
#11410=DIRECTION('',(0.,-1.,0.));
#11411=DIRECTION('',(0.,0.,-1.));
#11412=DIRECTION('',(0.,-1.,0.));
#11413=DIRECTION('',(0.78183148246803,0.,-0.623489801858733));
#11414=DIRECTION('',(0.,-1.,0.));
#11415=DIRECTION('',(0.78183148246803,0.,-0.623489801858733));
#11416=DIRECTION('',(0.,-1.,0.));
#11417=DIRECTION('',(0.78183148246803,0.,-0.623489801858733));
#11418=DIRECTION('',(0.,-1.,0.));
#11419=DIRECTION('',(1.,0.,0.));
#11420=DIRECTION('',(0.,-1.,0.));
#11421=DIRECTION('',(0.,0.,-1.));
#11422=DIRECTION('',(0.,-1.,0.));
#11423=DIRECTION('',(0.820172254596956,0.,-0.572116660122169));
#11424=DIRECTION('',(0.,-1.,0.));
#11425=DIRECTION('',(0.820172254596956,0.,-0.572116660122169));
#11426=DIRECTION('',(0.,-1.,0.));
#11427=DIRECTION('',(0.820172254596956,0.,-0.572116660122169));
#11428=DIRECTION('',(0.,-1.,0.));
#11429=DIRECTION('',(1.,0.,0.));
#11430=DIRECTION('',(0.,-1.,0.));
#11431=DIRECTION('',(0.,0.,-1.));
#11432=DIRECTION('',(0.,-1.,0.));
#11433=DIRECTION('',(0.855142763005346,0.,-0.518392568310525));
#11434=DIRECTION('',(0.,-1.,0.));
#11435=DIRECTION('',(0.855142763005346,0.,-0.518392568310525));
#11436=DIRECTION('',(0.,-1.,0.));
#11437=DIRECTION('',(0.855142763005346,0.,-0.518392568310525));
#11438=DIRECTION('',(0.,-1.,0.));
#11439=DIRECTION('',(1.,0.,0.));
#11440=DIRECTION('',(0.,-1.,0.));
#11441=DIRECTION('',(0.,0.,-1.));
#11442=DIRECTION('',(0.,-1.,0.));
#11443=DIRECTION('',(0.886599306373,0.,-0.462538290240835));
#11444=DIRECTION('',(0.,-1.,0.));
#11445=DIRECTION('',(0.886599306373,0.,-0.462538290240835));
#11446=DIRECTION('',(0.,-1.,0.));
#11447=DIRECTION('',(0.886599306373,0.,-0.462538290240835));
#11448=DIRECTION('',(0.,-1.,0.));
#11449=DIRECTION('',(1.,0.,0.));
#11450=DIRECTION('',(0.,-1.,0.));
#11451=DIRECTION('',(0.,0.,-1.));
#11452=DIRECTION('',(0.,-1.,0.));
#11453=DIRECTION('',(0.914412623015813,0.,-0.404783343122393));
#11454=DIRECTION('',(0.,-1.,0.));
#11455=DIRECTION('',(0.914412623015813,0.,-0.404783343122393));
#11456=DIRECTION('',(0.,-1.,0.));
#11457=DIRECTION('',(0.914412623015813,0.,-0.404783343122393));
#11458=DIRECTION('',(0.,-1.,0.));
#11459=DIRECTION('',(1.,0.,0.));
#11460=DIRECTION('',(0.,-1.,0.));
#11461=DIRECTION('',(0.,0.,-1.));
#11462=DIRECTION('',(0.,-1.,0.));
#11463=DIRECTION('',(0.938468422049761,0.,-0.345365054421307));
#11464=DIRECTION('',(0.,-1.,0.));
#11465=DIRECTION('',(0.938468422049761,0.,-0.345365054421307));
#11466=DIRECTION('',(0.,-1.,0.));
#11467=DIRECTION('',(0.938468422049761,0.,-0.345365054421307));
#11468=DIRECTION('',(0.,-1.,0.));
#11469=DIRECTION('',(1.,0.,0.));
#11470=DIRECTION('',(0.,-1.,0.));
#11471=DIRECTION('',(0.,0.,-1.));
#11472=DIRECTION('',(0.,-1.,0.));
#11473=DIRECTION('',(0.958667853036661,0.,-0.284527586631032));
#11474=DIRECTION('',(0.,-1.,0.));
#11475=DIRECTION('',(0.958667853036661,0.,-0.284527586631032));
#11476=DIRECTION('',(0.,-1.,0.));
#11477=DIRECTION('',(0.958667853036661,0.,-0.284527586631032));
#11478=DIRECTION('',(0.,-1.,0.));
#11479=DIRECTION('',(1.,0.,0.));
#11480=DIRECTION('',(0.,-1.,0.));
#11481=DIRECTION('',(0.,0.,-1.));
#11482=DIRECTION('',(0.,-1.,0.));
#11483=DIRECTION('',(0.974927912181824,0.,-0.222520933956314));
#11484=DIRECTION('',(0.,-1.,0.));
#11485=DIRECTION('',(0.974927912181824,0.,-0.222520933956314));
#11486=DIRECTION('',(0.,-1.,0.));
#11487=DIRECTION('',(0.974927912181824,0.,-0.222520933956314));
#11488=DIRECTION('',(0.,-1.,0.));
#11489=DIRECTION('',(1.,0.,0.));
#11490=DIRECTION('',(0.,-1.,0.));
#11491=DIRECTION('',(0.,0.,-1.));
#11492=DIRECTION('',(0.,-1.,0.));
#11493=DIRECTION('',(0.98718178341445,0.,-0.159599895033378));
#11494=DIRECTION('',(0.,-1.,0.));
#11495=DIRECTION('',(0.98718178341445,0.,-0.159599895033378));
#11496=DIRECTION('',(0.,-1.,0.));
#11497=DIRECTION('',(0.98718178341445,0.,-0.159599895033378));
#11498=DIRECTION('',(0.,-1.,0.));
#11499=DIRECTION('',(1.,0.,0.));
#11500=DIRECTION('',(0.,-1.,0.));
#11501=DIRECTION('',(0.,0.,-1.));
#11502=DIRECTION('',(0.,-1.,0.));
#11503=DIRECTION('',(0.995379112949198,0.,-0.0960230259076812));
#11504=DIRECTION('',(0.,-1.,0.));
#11505=DIRECTION('',(0.995379112949198,0.,-0.0960230259076812));
#11506=DIRECTION('',(0.,-1.,0.));
#11507=DIRECTION('',(0.995379112949198,0.,-0.0960230259076812));
#11508=DIRECTION('',(0.,-1.,0.));
#11509=DIRECTION('',(1.,0.,0.));
#11510=DIRECTION('',(0.,-1.,0.));
#11511=DIRECTION('',(0.,0.,-1.));
#11512=DIRECTION('',(0.,-1.,0.));
#11513=DIRECTION('',(0.999486216200688,0.,-0.0320515775716548));
#11514=DIRECTION('',(0.,-1.,0.));
#11515=DIRECTION('',(0.999486216200688,0.,-0.0320515775716548));
#11516=DIRECTION('',(0.,-1.,0.));
#11517=DIRECTION('',(0.999486216200688,0.,-0.0320515775716548));
#11518=DIRECTION('',(0.,-1.,0.));
#11519=DIRECTION('',(1.,0.,0.));
#11520=DIRECTION('',(0.,-1.,0.));
#11521=DIRECTION('',(0.,0.,-1.));
#11522=DIRECTION('',(0.,-1.,0.));
#11523=DIRECTION('',(0.999486216200688,0.,0.0320515775716552));
#11524=DIRECTION('',(0.,-1.,0.));
#11525=DIRECTION('',(0.999486216200688,0.,0.0320515775716552));
#11526=DIRECTION('',(0.,-1.,0.));
#11527=DIRECTION('',(0.999486216200688,0.,0.0320515775716552));
#11528=DIRECTION('',(0.,-1.,0.));
#11529=DIRECTION('',(1.,0.,0.));
#11530=DIRECTION('',(0.,-1.,0.));
#11531=DIRECTION('',(0.,0.,-1.));
#11532=DIRECTION('',(0.,-1.,0.));
#11533=DIRECTION('',(0.995379112949198,0.,0.0960230259076824));
#11534=DIRECTION('',(0.,-1.,0.));
#11535=DIRECTION('',(0.995379112949198,0.,0.0960230259076824));
#11536=DIRECTION('',(0.,-1.,0.));
#11537=DIRECTION('',(0.995379112949198,0.,0.0960230259076824));
#11538=DIRECTION('',(0.,-1.,0.));
#11539=DIRECTION('',(1.,0.,0.));
#11540=DIRECTION('',(0.,-1.,0.));
#11541=DIRECTION('',(0.,0.,-1.));
#11542=DIRECTION('',(0.,-1.,0.));
#11543=DIRECTION('',(0.98718178341445,0.,0.159599895033379));
#11544=DIRECTION('',(0.,-1.,0.));
#11545=DIRECTION('',(0.98718178341445,0.,0.159599895033379));
#11546=DIRECTION('',(0.,-1.,0.));
#11547=DIRECTION('',(0.98718178341445,0.,0.159599895033379));
#11548=DIRECTION('',(0.,-1.,0.));
#11549=DIRECTION('',(1.,0.,0.));
#11550=DIRECTION('',(0.,-1.,0.));
#11551=DIRECTION('',(0.,0.,-1.));
#11552=DIRECTION('',(0.,-1.,0.));
#11553=DIRECTION('',(0.974927912181824,0.,0.222520933956315));
#11554=DIRECTION('',(0.,-1.,0.));
#11555=DIRECTION('',(0.974927912181824,0.,0.222520933956315));
#11556=DIRECTION('',(0.,-1.,0.));
#11557=DIRECTION('',(0.974927912181824,0.,0.222520933956315));
#11558=DIRECTION('',(0.,-1.,0.));
#11559=DIRECTION('',(1.,0.,0.));
#11560=DIRECTION('',(0.,-1.,0.));
#11561=DIRECTION('',(0.,0.,-1.));
#11562=DIRECTION('',(0.,-1.,0.));
#11563=DIRECTION('',(0.95866785303666,0.,0.284527586631033));
#11564=DIRECTION('',(0.,-1.,0.));
#11565=DIRECTION('',(0.95866785303666,0.,0.284527586631033));
#11566=DIRECTION('',(0.,-1.,0.));
#11567=DIRECTION('',(0.95866785303666,0.,0.284527586631033));
#11568=DIRECTION('',(0.,-1.,0.));
#11569=DIRECTION('',(1.,0.,0.));
#11570=DIRECTION('',(0.,-1.,0.));
#11571=DIRECTION('',(0.,0.,-1.));
#11572=DIRECTION('',(0.,-1.,0.));
#11573=DIRECTION('',(0.93846842204976,0.,0.345365054421308));
#11574=DIRECTION('',(0.,-1.,0.));
#11575=DIRECTION('',(0.93846842204976,0.,0.345365054421308));
#11576=DIRECTION('',(0.,-1.,0.));
#11577=DIRECTION('',(0.93846842204976,0.,0.345365054421308));
#11578=DIRECTION('',(0.,-1.,0.));
#11579=DIRECTION('',(1.,0.,0.));
#11580=DIRECTION('',(0.,-1.,0.));
#11581=DIRECTION('',(0.,0.,-1.));
#11582=DIRECTION('',(0.,-1.,0.));
#11583=DIRECTION('',(0.914412623015812,0.,0.404783343122394));
#11584=DIRECTION('',(0.,-1.,0.));
#11585=DIRECTION('',(0.914412623015812,0.,0.404783343122394));
#11586=DIRECTION('',(0.,-1.,0.));
#11587=DIRECTION('',(0.914412623015812,0.,0.404783343122394));
#11588=DIRECTION('',(0.,-1.,0.));
#11589=DIRECTION('',(1.,0.,0.));
#11590=DIRECTION('',(0.,-1.,0.));
#11591=DIRECTION('',(0.,0.,-1.));
#11592=DIRECTION('',(0.,-1.,0.));
#11593=DIRECTION('',(0.886599306373,0.,0.462538290240835));
#11594=DIRECTION('',(0.,-1.,0.));
#11595=DIRECTION('',(0.886599306373,0.,0.462538290240835));
#11596=DIRECTION('',(0.,-1.,0.));
#11597=DIRECTION('',(0.886599306373,0.,0.462538290240835));
#11598=DIRECTION('',(0.,-1.,0.));
#11599=DIRECTION('',(1.,0.,0.));
#11600=DIRECTION('',(0.,-1.,0.));
#11601=DIRECTION('',(0.,0.,-1.));
#11602=DIRECTION('',(0.,-1.,0.));
#11603=DIRECTION('',(0.855142763005346,0.,0.518392568310526));
#11604=DIRECTION('',(0.,-1.,0.));
#11605=DIRECTION('',(0.855142763005346,0.,0.518392568310526));
#11606=DIRECTION('',(0.,-1.,0.));
#11607=DIRECTION('',(0.855142763005346,0.,0.518392568310526));
#11608=DIRECTION('',(0.,-1.,0.));
#11609=DIRECTION('',(1.,0.,0.));
#11610=DIRECTION('',(0.,-1.,0.));
#11611=DIRECTION('',(0.,0.,-1.));
#11612=DIRECTION('',(0.,-1.,0.));
#11613=DIRECTION('',(0.820172254596956,0.,0.57211666012217));
#11614=DIRECTION('',(0.,-1.,0.));
#11615=DIRECTION('',(0.820172254596956,0.,0.57211666012217));
#11616=DIRECTION('',(0.,-1.,0.));
#11617=DIRECTION('',(0.820172254596956,0.,0.57211666012217));
#11618=DIRECTION('',(0.,-1.,0.));
#11619=DIRECTION('',(1.,0.,0.));
#11620=DIRECTION('',(0.,-1.,0.));
#11621=DIRECTION('',(0.,0.,-1.));
#11622=DIRECTION('',(0.,-1.,0.));
#11623=DIRECTION('',(0.78183148246803,0.,0.623489801858734));
#11624=DIRECTION('',(0.,-1.,0.));
#11625=DIRECTION('',(0.78183148246803,0.,0.623489801858734));
#11626=DIRECTION('',(0.,-1.,0.));
#11627=DIRECTION('',(0.78183148246803,0.,0.623489801858734));
#11628=DIRECTION('',(0.,-1.,0.));
#11629=DIRECTION('',(1.,0.,0.));
#11630=DIRECTION('',(0.,-1.,0.));
#11631=DIRECTION('',(0.,0.,-1.));
#11632=DIRECTION('',(0.,-1.,0.));
#11633=DIRECTION('',(0.740277997075315,0.,0.672300890261317));
#11634=DIRECTION('',(0.,-1.,0.));
#11635=DIRECTION('',(0.740277997075315,0.,0.672300890261317));
#11636=DIRECTION('',(0.,-1.,0.));
#11637=DIRECTION('',(0.740277997075315,0.,0.672300890261317));
#11638=DIRECTION('',(0.,-1.,0.));
#11639=DIRECTION('',(1.,0.,0.));
#11640=DIRECTION('',(0.,-1.,0.));
#11641=DIRECTION('',(0.,0.,-1.));
#11642=DIRECTION('',(0.,-1.,0.));
#11643=DIRECTION('',(0.695682550603486,0.,0.718349350097728));
#11644=DIRECTION('',(0.,-1.,0.));
#11645=DIRECTION('',(0.695682550603486,0.,0.718349350097728));
#11646=DIRECTION('',(0.,-1.,0.));
#11647=DIRECTION('',(0.695682550603486,0.,0.718349350097728));
#11648=DIRECTION('',(0.,-1.,0.));
#11649=DIRECTION('',(1.,0.,0.));
#11650=DIRECTION('',(0.,-1.,0.));
#11651=DIRECTION('',(0.,0.,-1.));
#11652=DIRECTION('',(0.,-1.,0.));
#11653=DIRECTION('',(0.648228395307788,0.,0.761445958369135));
#11654=DIRECTION('',(0.,-1.,0.));
#11655=DIRECTION('',(0.648228395307788,0.,0.761445958369135));
#11656=DIRECTION('',(0.,-1.,0.));
#11657=DIRECTION('',(0.648228395307788,0.,0.761445958369135));
#11658=DIRECTION('',(0.,-1.,0.));
#11659=DIRECTION('',(1.,0.,0.));
#11660=DIRECTION('',(0.,-1.,0.));
#11661=DIRECTION('',(0.,0.,-1.));
#11662=DIRECTION('',(0.,-1.,0.));
#11663=DIRECTION('',(0.598110530491216,0.,0.801413621867957));
#11664=DIRECTION('',(0.,-1.,0.));
#11665=DIRECTION('',(0.598110530491216,0.,0.801413621867957));
#11666=DIRECTION('',(0.,-1.,0.));
#11667=DIRECTION('',(0.598110530491216,0.,0.801413621867957));
#11668=DIRECTION('',(0.,-1.,0.));
#11669=DIRECTION('',(1.,0.,0.));
#11670=DIRECTION('',(0.,-1.,0.));
#11671=DIRECTION('',(0.,0.,-1.));
#11672=DIRECTION('',(0.,-1.,0.));
#11673=DIRECTION('',(0.545534901210549,0.,0.838088104891841));
#11674=DIRECTION('',(0.,-1.,0.));
#11675=DIRECTION('',(0.545534901210549,0.,0.838088104891841));
#11676=DIRECTION('',(0.,-1.,0.));
#11677=DIRECTION('',(0.545534901210549,0.,0.838088104891841));
#11678=DIRECTION('',(0.,-1.,0.));
#11679=DIRECTION('',(1.,0.,0.));
#11680=DIRECTION('',(0.,-1.,0.));
#11681=DIRECTION('',(0.,0.,-1.));
#11682=DIRECTION('',(0.,-1.,0.));
#11683=DIRECTION('',(0.490717552003938,0.,0.87131870412339));
#11684=DIRECTION('',(0.,-1.,0.));
#11685=DIRECTION('',(0.490717552003938,0.,0.87131870412339));
#11686=DIRECTION('',(0.,-1.,0.));
#11687=DIRECTION('',(0.490717552003938,0.,0.87131870412339));
#11688=DIRECTION('',(0.,-1.,0.));
#11689=DIRECTION('',(1.,0.,0.));
#11690=DIRECTION('',(0.,-1.,0.));
#11691=DIRECTION('',(0.,0.,-1.));
#11692=DIRECTION('',(0.,-1.,0.));
#11693=DIRECTION('',(0.433883739117558,0.,0.900968867902419));
#11694=DIRECTION('',(0.,-1.,0.));
#11695=DIRECTION('',(0.433883739117558,0.,0.900968867902419));
#11696=DIRECTION('',(0.,-1.,0.));
#11697=DIRECTION('',(0.433883739117558,0.,0.900968867902419));
#11698=DIRECTION('',(0.,-1.,0.));
#11699=DIRECTION('',(1.,0.,0.));
#11700=DIRECTION('',(0.,-1.,0.));
#11701=DIRECTION('',(0.,0.,-1.));
#11702=DIRECTION('',(0.,-1.,0.));
#11703=DIRECTION('',(0.375267004879374,0.,0.926916757346022));
#11704=DIRECTION('',(0.,-1.,0.));
#11705=DIRECTION('',(0.375267004879374,0.,0.926916757346022));
#11706=DIRECTION('',(0.,-1.,0.));
#11707=DIRECTION('',(0.375267004879374,0.,0.926916757346022));
#11708=DIRECTION('',(0.,-1.,0.));
#11709=DIRECTION('',(1.,0.,0.));
#11710=DIRECTION('',(0.,-1.,0.));
#11711=DIRECTION('',(0.,0.,-1.));
#11712=DIRECTION('',(0.,-1.,0.));
#11713=DIRECTION('',(0.31510821802362,0.,0.949055747010669));
#11714=DIRECTION('',(0.,-1.,0.));
#11715=DIRECTION('',(0.31510821802362,0.,0.949055747010669));
#11716=DIRECTION('',(0.,-1.,0.));
#11717=DIRECTION('',(0.31510821802362,0.,0.949055747010669));
#11718=DIRECTION('',(0.,-1.,0.));
#11719=DIRECTION('',(1.,0.,0.));
#11720=DIRECTION('',(0.,-1.,0.));
#11721=DIRECTION('',(0.,0.,-1.));
#11722=DIRECTION('',(0.,-1.,0.));
#11723=DIRECTION('',(0.253654583909507,0.,0.967294863039029));
#11724=DIRECTION('',(0.,-1.,0.));
#11725=DIRECTION('',(0.253654583909507,0.,0.967294863039029));
#11726=DIRECTION('',(0.,-1.,0.));
#11727=DIRECTION('',(0.253654583909507,0.,0.967294863039029));
#11728=DIRECTION('',(0.,-1.,0.));
#11729=DIRECTION('',(1.,0.,0.));
#11730=DIRECTION('',(0.,-1.,0.));
#11731=DIRECTION('',(0.,0.,-1.));
#11732=DIRECTION('',(0.,-1.,0.));
#11733=DIRECTION('',(0.191158628701372,0.,0.981559156991065));
#11734=DIRECTION('',(0.,-1.,0.));
#11735=DIRECTION('',(0.191158628701372,0.,0.981559156991065));
#11736=DIRECTION('',(0.,-1.,0.));
#11737=DIRECTION('',(0.191158628701372,0.,0.981559156991065));
#11738=DIRECTION('',(0.,-1.,0.));
#11739=DIRECTION('',(1.,0.,0.));
#11740=DIRECTION('',(0.,-1.,0.));
#11741=DIRECTION('',(0.,0.,-1.));
#11742=DIRECTION('',(0.,-1.,0.));
#11743=DIRECTION('',(0.127877161684506,0.,0.991790013823246));
#11744=DIRECTION('',(0.,-1.,0.));
#11745=DIRECTION('',(0.127877161684506,0.,0.991790013823246));
#11746=DIRECTION('',(0.,-1.,0.));
#11747=DIRECTION('',(0.127877161684506,0.,0.991790013823246));
#11748=DIRECTION('',(0.,-1.,0.));
#11749=DIRECTION('',(1.,0.,0.));
#11750=DIRECTION('',(0.,-1.,0.));
#11751=DIRECTION('',(0.,0.,-1.));
#11752=DIRECTION('',(0.,-1.,0.));
#11753=DIRECTION('',(0.0640702199807126,0.,0.997945392750336));
#11754=DIRECTION('',(0.,-1.,0.));
#11755=DIRECTION('',(0.0640702199807126,0.,0.997945392750336));
#11756=DIRECTION('',(0.,-1.,0.));
#11757=DIRECTION('',(0.0640702199807126,0.,0.997945392750336));
#11758=DIRECTION('',(0.,-1.,0.));
#11759=DIRECTION('',(1.,0.,0.));
#11760=DIRECTION('',(0.,-1.,0.));
#11761=DIRECTION('',(0.,0.,-1.));
#11762=DIRECTION('',(0.,-1.,0.));
#11763=DIRECTION('',(-1.22464679914735E-16,0.,1.));
#11764=DIRECTION('',(0.,-1.,0.));
#11765=DIRECTION('',(-1.22464679914735E-16,0.,1.));
#11766=DIRECTION('',(0.,-1.,0.));
#11767=DIRECTION('',(-1.22464679914735E-16,0.,1.));
#11768=DIRECTION('',(0.,1.,0.));
#11769=DIRECTION('',(0.,0.,1.));
#11770=DIRECTION('',(0.,-1.,0.));
#11771=DIRECTION('',(0.,0.,-1.));
#11772=DIRECTION('',(0.,-1.,0.));
#11773=DIRECTION('',(0.,0.,-1.));
#11774=DIRECTION('',(0.,1.,0.));
#11775=DIRECTION('',(1.,0.,0.));
#11776=DIRECTION('',(0.,-1.,0.));
#11777=DIRECTION('',(0.,0.,-1.));
#11778=DIRECTION('',(0.,-1.,0.));
#11779=DIRECTION('',(-0.0640702199807129,0.,-0.997945392750336));
#11780=DIRECTION('',(0.,-1.,0.));
#11781=DIRECTION('',(-0.0640702199807129,0.,-0.997945392750336));
#11782=DIRECTION('',(0.,-1.,0.));
#11783=DIRECTION('',(-0.0640702199807129,0.,-0.997945392750336));
#11784=DIRECTION('',(0.,1.,0.));
#11785=DIRECTION('',(1.,0.,0.));
#11786=DIRECTION('',(0.,-1.,0.));
#11787=DIRECTION('',(0.,0.,-1.));
#11788=DIRECTION('',(0.,-1.,0.));
#11789=DIRECTION('',(-0.127877161684506,0.,-0.991790013823246));
#11790=DIRECTION('',(0.,-1.,0.));
#11791=DIRECTION('',(-0.127877161684506,0.,-0.991790013823246));
#11792=DIRECTION('',(0.,-1.,0.));
#11793=DIRECTION('',(-0.127877161684506,0.,-0.991790013823246));
#11794=DIRECTION('',(0.,1.,0.));
#11795=DIRECTION('',(1.,0.,0.));
#11796=DIRECTION('',(0.,-1.,0.));
#11797=DIRECTION('',(0.,0.,-1.));
#11798=DIRECTION('',(0.,-1.,0.));
#11799=DIRECTION('',(-0.191158628701373,0.,-0.981559156991065));
#11800=DIRECTION('',(0.,-1.,0.));
#11801=DIRECTION('',(-0.191158628701373,0.,-0.981559156991065));
#11802=DIRECTION('',(0.,-1.,0.));
#11803=DIRECTION('',(-0.191158628701373,0.,-0.981559156991065));
#11804=DIRECTION('',(0.,1.,0.));
#11805=DIRECTION('',(1.,0.,0.));
#11806=DIRECTION('',(0.,-1.,0.));
#11807=DIRECTION('',(0.,0.,-1.));
#11808=DIRECTION('',(0.,-1.,0.));
#11809=DIRECTION('',(-0.253654583909508,0.,-0.967294863039029));
#11810=DIRECTION('',(0.,-1.,0.));
#11811=DIRECTION('',(-0.253654583909508,0.,-0.967294863039029));
#11812=DIRECTION('',(0.,-1.,0.));
#11813=DIRECTION('',(-0.253654583909508,0.,-0.967294863039029));
#11814=DIRECTION('',(0.,1.,0.));
#11815=DIRECTION('',(1.,0.,0.));
#11816=DIRECTION('',(0.,-1.,0.));
#11817=DIRECTION('',(0.,0.,-1.));
#11818=DIRECTION('',(0.,-1.,0.));
#11819=DIRECTION('',(-0.31510821802362,0.,-0.949055747010669));
#11820=DIRECTION('',(0.,-1.,0.));
#11821=DIRECTION('',(-0.31510821802362,0.,-0.949055747010669));
#11822=DIRECTION('',(0.,-1.,0.));
#11823=DIRECTION('',(-0.31510821802362,0.,-0.949055747010669));
#11824=DIRECTION('',(0.,1.,0.));
#11825=DIRECTION('',(1.,0.,0.));
#11826=DIRECTION('',(0.,-1.,0.));
#11827=DIRECTION('',(0.,0.,-1.));
#11828=DIRECTION('',(0.,-1.,0.));
#11829=DIRECTION('',(-0.375267004879374,0.,-0.926916757346022));
#11830=DIRECTION('',(0.,-1.,0.));
#11831=DIRECTION('',(-0.375267004879374,0.,-0.926916757346022));
#11832=DIRECTION('',(0.,-1.,0.));
#11833=DIRECTION('',(-0.375267004879374,0.,-0.926916757346022));
#11834=DIRECTION('',(0.,1.,0.));
#11835=DIRECTION('',(1.,0.,0.));
#11836=DIRECTION('',(0.,-1.,0.));
#11837=DIRECTION('',(0.,0.,-1.));
#11838=DIRECTION('',(0.,-1.,0.));
#11839=DIRECTION('',(-0.433883739117558,0.,-0.900968867902419));
#11840=DIRECTION('',(0.,-1.,0.));
#11841=DIRECTION('',(-0.433883739117558,0.,-0.900968867902419));
#11842=DIRECTION('',(0.,-1.,0.));
#11843=DIRECTION('',(-0.433883739117558,0.,-0.900968867902419));
#11844=DIRECTION('',(0.,1.,0.));
#11845=DIRECTION('',(1.,0.,0.));
#11846=DIRECTION('',(0.,-1.,0.));
#11847=DIRECTION('',(0.,0.,-1.));
#11848=DIRECTION('',(0.,-1.,0.));
#11849=DIRECTION('',(-0.490717552003938,0.,-0.871318704123389));
#11850=DIRECTION('',(0.,-1.,0.));
#11851=DIRECTION('',(-0.490717552003938,0.,-0.871318704123389));
#11852=DIRECTION('',(0.,-1.,0.));
#11853=DIRECTION('',(-0.490717552003938,0.,-0.871318704123389));
#11854=DIRECTION('',(0.,1.,0.));
#11855=DIRECTION('',(1.,0.,0.));
#11856=DIRECTION('',(0.,-1.,0.));
#11857=DIRECTION('',(0.,0.,-1.));
#11858=DIRECTION('',(0.,-1.,0.));
#11859=DIRECTION('',(-0.545534901210549,0.,-0.838088104891841));
#11860=DIRECTION('',(0.,-1.,0.));
#11861=DIRECTION('',(-0.545534901210549,0.,-0.838088104891841));
#11862=DIRECTION('',(0.,-1.,0.));
#11863=DIRECTION('',(-0.545534901210549,0.,-0.838088104891841));
#11864=DIRECTION('',(0.,1.,0.));
#11865=DIRECTION('',(1.,0.,0.));
#11866=DIRECTION('',(0.,-1.,0.));
#11867=DIRECTION('',(0.,0.,-1.));
#11868=DIRECTION('',(0.,-1.,0.));
#11869=DIRECTION('',(-0.598110530491216,0.,-0.801413621867957));
#11870=DIRECTION('',(0.,-1.,0.));
#11871=DIRECTION('',(-0.598110530491216,0.,-0.801413621867957));
#11872=DIRECTION('',(0.,-1.,0.));
#11873=DIRECTION('',(-0.598110530491216,0.,-0.801413621867957));
#11874=DIRECTION('',(0.,1.,0.));
#11875=DIRECTION('',(1.,0.,0.));
#11876=DIRECTION('',(0.,-1.,0.));
#11877=DIRECTION('',(0.,0.,-1.));
#11878=DIRECTION('',(0.,-1.,0.));
#11879=DIRECTION('',(-0.648228395307788,0.,-0.761445958369134));
#11880=DIRECTION('',(0.,-1.,0.));
#11881=DIRECTION('',(-0.648228395307788,0.,-0.761445958369134));
#11882=DIRECTION('',(0.,-1.,0.));
#11883=DIRECTION('',(-0.648228395307788,0.,-0.761445958369134));
#11884=DIRECTION('',(0.,1.,0.));
#11885=DIRECTION('',(1.,0.,0.));
#11886=DIRECTION('',(0.,-1.,0.));
#11887=DIRECTION('',(0.,0.,-1.));
#11888=DIRECTION('',(0.,-1.,0.));
#11889=DIRECTION('',(-0.695682550603486,0.,-0.718349350097728));
#11890=DIRECTION('',(0.,-1.,0.));
#11891=DIRECTION('',(-0.695682550603486,0.,-0.718349350097728));
#11892=DIRECTION('',(0.,-1.,0.));
#11893=DIRECTION('',(-0.695682550603486,0.,-0.718349350097728));
#11894=DIRECTION('',(0.,1.,0.));
#11895=DIRECTION('',(1.,0.,0.));
#11896=DIRECTION('',(0.,-1.,0.));
#11897=DIRECTION('',(0.,0.,-1.));
#11898=DIRECTION('',(0.,-1.,0.));
#11899=DIRECTION('',(-0.740277997075316,0.,-0.672300890261317));
#11900=DIRECTION('',(0.,-1.,0.));
#11901=DIRECTION('',(-0.740277997075316,0.,-0.672300890261317));
#11902=DIRECTION('',(0.,-1.,0.));
#11903=DIRECTION('',(-0.740277997075316,0.,-0.672300890261317));
#11904=DIRECTION('',(0.,1.,0.));
#11905=DIRECTION('',(1.,0.,0.));
#11906=DIRECTION('',(0.,-1.,0.));
#11907=DIRECTION('',(0.,0.,-1.));
#11908=DIRECTION('',(0.,-1.,0.));
#11909=DIRECTION('',(-0.78183148246803,0.,-0.623489801858734));
#11910=DIRECTION('',(0.,-1.,0.));
#11911=DIRECTION('',(-0.78183148246803,0.,-0.623489801858734));
#11912=DIRECTION('',(0.,-1.,0.));
#11913=DIRECTION('',(-0.78183148246803,0.,-0.623489801858734));
#11914=DIRECTION('',(0.,1.,0.));
#11915=DIRECTION('',(1.,0.,0.));
#11916=DIRECTION('',(0.,-1.,0.));
#11917=DIRECTION('',(0.,0.,-1.));
#11918=DIRECTION('',(0.,-1.,0.));
#11919=DIRECTION('',(-0.820172254596956,0.,-0.57211666012217));
#11920=DIRECTION('',(0.,-1.,0.));
#11921=DIRECTION('',(-0.820172254596956,0.,-0.57211666012217));
#11922=DIRECTION('',(0.,-1.,0.));
#11923=DIRECTION('',(-0.820172254596956,0.,-0.57211666012217));
#11924=DIRECTION('',(0.,1.,0.));
#11925=DIRECTION('',(1.,0.,0.));
#11926=DIRECTION('',(0.,-1.,0.));
#11927=DIRECTION('',(0.,0.,-1.));
#11928=DIRECTION('',(0.,-1.,0.));
#11929=DIRECTION('',(-0.855142763005346,0.,-0.518392568310525));
#11930=DIRECTION('',(0.,-1.,0.));
#11931=DIRECTION('',(-0.855142763005346,0.,-0.518392568310525));
#11932=DIRECTION('',(0.,-1.,0.));
#11933=DIRECTION('',(-0.855142763005346,0.,-0.518392568310525));
#11934=DIRECTION('',(0.,1.,0.));
#11935=DIRECTION('',(1.,0.,0.));
#11936=DIRECTION('',(0.,-1.,0.));
#11937=DIRECTION('',(0.,0.,-1.));
#11938=DIRECTION('',(0.,-1.,0.));
#11939=DIRECTION('',(-0.886599306373,0.,-0.462538290240835));
#11940=DIRECTION('',(0.,-1.,0.));
#11941=DIRECTION('',(-0.886599306373,0.,-0.462538290240835));
#11942=DIRECTION('',(0.,-1.,0.));
#11943=DIRECTION('',(-0.886599306373,0.,-0.462538290240835));
#11944=DIRECTION('',(0.,1.,0.));
#11945=DIRECTION('',(1.,0.,0.));
#11946=DIRECTION('',(0.,-1.,0.));
#11947=DIRECTION('',(0.,0.,-1.));
#11948=DIRECTION('',(0.,-1.,0.));
#11949=DIRECTION('',(-0.914412623015812,0.,-0.404783343122394));
#11950=DIRECTION('',(0.,-1.,0.));
#11951=DIRECTION('',(-0.914412623015812,0.,-0.404783343122394));
#11952=DIRECTION('',(0.,-1.,0.));
#11953=DIRECTION('',(-0.914412623015812,0.,-0.404783343122394));
#11954=DIRECTION('',(0.,1.,0.));
#11955=DIRECTION('',(1.,0.,0.));
#11956=DIRECTION('',(0.,-1.,0.));
#11957=DIRECTION('',(0.,0.,-1.));
#11958=DIRECTION('',(0.,-1.,0.));
#11959=DIRECTION('',(-0.93846842204976,0.,-0.345365054421308));
#11960=DIRECTION('',(0.,-1.,0.));
#11961=DIRECTION('',(-0.93846842204976,0.,-0.345365054421308));
#11962=DIRECTION('',(0.,-1.,0.));
#11963=DIRECTION('',(-0.93846842204976,0.,-0.345365054421308));
#11964=DIRECTION('',(0.,1.,0.));
#11965=DIRECTION('',(1.,0.,0.));
#11966=DIRECTION('',(0.,-1.,0.));
#11967=DIRECTION('',(0.,0.,-1.));
#11968=DIRECTION('',(0.,-1.,0.));
#11969=DIRECTION('',(-0.958667853036661,0.,-0.284527586631033));
#11970=DIRECTION('',(0.,-1.,0.));
#11971=DIRECTION('',(-0.958667853036661,0.,-0.284527586631033));
#11972=DIRECTION('',(0.,-1.,0.));
#11973=DIRECTION('',(-0.958667853036661,0.,-0.284527586631033));
#11974=DIRECTION('',(0.,1.,0.));
#11975=DIRECTION('',(1.,0.,0.));
#11976=DIRECTION('',(0.,-1.,0.));
#11977=DIRECTION('',(0.,0.,-1.));
#11978=DIRECTION('',(0.,-1.,0.));
#11979=DIRECTION('',(-0.974927912181824,0.,-0.222520933956315));
#11980=DIRECTION('',(0.,-1.,0.));
#11981=DIRECTION('',(-0.974927912181824,0.,-0.222520933956315));
#11982=DIRECTION('',(0.,-1.,0.));
#11983=DIRECTION('',(-0.974927912181824,0.,-0.222520933956315));
#11984=DIRECTION('',(0.,1.,0.));
#11985=DIRECTION('',(1.,0.,0.));
#11986=DIRECTION('',(0.,-1.,0.));
#11987=DIRECTION('',(0.,0.,-1.));
#11988=DIRECTION('',(0.,-1.,0.));
#11989=DIRECTION('',(-0.98718178341445,0.,-0.159599895033379));
#11990=DIRECTION('',(0.,-1.,0.));
#11991=DIRECTION('',(-0.98718178341445,0.,-0.159599895033379));
#11992=DIRECTION('',(0.,-1.,0.));
#11993=DIRECTION('',(-0.98718178341445,0.,-0.159599895033379));
#11994=DIRECTION('',(0.,1.,0.));
#11995=DIRECTION('',(1.,0.,0.));
#11996=DIRECTION('',(0.,-1.,0.));
#11997=DIRECTION('',(0.,0.,-1.));
#11998=DIRECTION('',(0.,-1.,0.));
#11999=DIRECTION('',(-0.995379112949198,0.,-0.0960230259076819));
#12000=DIRECTION('',(0.,-1.,0.));
#12001=DIRECTION('',(-0.995379112949198,0.,-0.0960230259076819));
#12002=DIRECTION('',(0.,-1.,0.));
#12003=DIRECTION('',(-0.995379112949198,0.,-0.0960230259076819));
#12004=DIRECTION('',(0.,1.,0.));
#12005=DIRECTION('',(1.,0.,0.));
#12006=DIRECTION('',(0.,-1.,0.));
#12007=DIRECTION('',(0.,0.,-1.));
#12008=DIRECTION('',(0.,-1.,0.));
#12009=DIRECTION('',(-0.999486216200688,0.,-0.0320515775716553));
#12010=DIRECTION('',(0.,-1.,0.));
#12011=DIRECTION('',(-0.999486216200688,0.,-0.0320515775716553));
#12012=DIRECTION('',(0.,-1.,0.));
#12013=DIRECTION('',(-0.999486216200688,0.,-0.0320515775716553));
#12014=DIRECTION('',(0.,1.,0.));
#12015=DIRECTION('',(1.,0.,0.));
#12016=DIRECTION('',(0.,-1.,0.));
#12017=DIRECTION('',(0.,0.,-1.));
#12018=DIRECTION('',(0.,-1.,0.));
#12019=DIRECTION('',(-0.999486216200688,0.,0.032051577571655));
#12020=DIRECTION('',(0.,-1.,0.));
#12021=DIRECTION('',(-0.999486216200688,0.,0.032051577571655));
#12022=DIRECTION('',(0.,-1.,0.));
#12023=DIRECTION('',(-0.999486216200688,0.,0.032051577571655));
#12024=DIRECTION('',(0.,1.,0.));
#12025=DIRECTION('',(1.,0.,0.));
#12026=DIRECTION('',(0.,-1.,0.));
#12027=DIRECTION('',(0.,0.,-1.));
#12028=DIRECTION('',(0.,-1.,0.));
#12029=DIRECTION('',(-0.995379112949198,0.,0.0960230259076815));
#12030=DIRECTION('',(0.,-1.,0.));
#12031=DIRECTION('',(-0.995379112949198,0.,0.0960230259076815));
#12032=DIRECTION('',(0.,-1.,0.));
#12033=DIRECTION('',(-0.995379112949198,0.,0.0960230259076815));
#12034=DIRECTION('',(0.,1.,0.));
#12035=DIRECTION('',(1.,0.,0.));
#12036=DIRECTION('',(0.,-1.,0.));
#12037=DIRECTION('',(0.,0.,-1.));
#12038=DIRECTION('',(0.,-1.,0.));
#12039=DIRECTION('',(-0.98718178341445,0.,0.159599895033379));
#12040=DIRECTION('',(0.,-1.,0.));
#12041=DIRECTION('',(-0.98718178341445,0.,0.159599895033379));
#12042=DIRECTION('',(0.,-1.,0.));
#12043=DIRECTION('',(-0.98718178341445,0.,0.159599895033379));
#12044=DIRECTION('',(0.,1.,0.));
#12045=DIRECTION('',(1.,0.,0.));
#12046=DIRECTION('',(0.,-1.,0.));
#12047=DIRECTION('',(0.,0.,-1.));
#12048=DIRECTION('',(0.,-1.,0.));
#12049=DIRECTION('',(-0.974927912181824,0.,0.222520933956315));
#12050=DIRECTION('',(0.,-1.,0.));
#12051=DIRECTION('',(-0.974927912181824,0.,0.222520933956315));
#12052=DIRECTION('',(0.,-1.,0.));
#12053=DIRECTION('',(-0.974927912181824,0.,0.222520933956315));
#12054=DIRECTION('',(0.,1.,0.));
#12055=DIRECTION('',(1.,0.,0.));
#12056=DIRECTION('',(0.,-1.,0.));
#12057=DIRECTION('',(0.,0.,-1.));
#12058=DIRECTION('',(0.,-1.,0.));
#12059=DIRECTION('',(-0.958667853036661,0.,0.284527586631033));
#12060=DIRECTION('',(0.,-1.,0.));
#12061=DIRECTION('',(-0.958667853036661,0.,0.284527586631033));
#12062=DIRECTION('',(0.,-1.,0.));
#12063=DIRECTION('',(-0.958667853036661,0.,0.284527586631033));
#12064=DIRECTION('',(0.,1.,0.));
#12065=DIRECTION('',(1.,0.,0.));
#12066=DIRECTION('',(0.,-1.,0.));
#12067=DIRECTION('',(0.,0.,-1.));
#12068=DIRECTION('',(0.,-1.,0.));
#12069=DIRECTION('',(-0.93846842204976,0.,0.345365054421307));
#12070=DIRECTION('',(0.,-1.,0.));
#12071=DIRECTION('',(-0.93846842204976,0.,0.345365054421307));
#12072=DIRECTION('',(0.,-1.,0.));
#12073=DIRECTION('',(-0.93846842204976,0.,0.345365054421307));
#12074=DIRECTION('',(0.,1.,0.));
#12075=DIRECTION('',(1.,0.,0.));
#12076=DIRECTION('',(0.,-1.,0.));
#12077=DIRECTION('',(0.,0.,-1.));
#12078=DIRECTION('',(0.,-1.,0.));
#12079=DIRECTION('',(-0.914412623015812,0.,0.404783343122394));
#12080=DIRECTION('',(0.,-1.,0.));
#12081=DIRECTION('',(-0.914412623015812,0.,0.404783343122394));
#12082=DIRECTION('',(0.,-1.,0.));
#12083=DIRECTION('',(-0.914412623015812,0.,0.404783343122394));
#12084=DIRECTION('',(0.,1.,0.));
#12085=DIRECTION('',(1.,0.,0.));
#12086=DIRECTION('',(0.,-1.,0.));
#12087=DIRECTION('',(0.,0.,-1.));
#12088=DIRECTION('',(0.,-1.,0.));
#12089=DIRECTION('',(-0.886599306373,0.,0.462538290240835));
#12090=DIRECTION('',(0.,-1.,0.));
#12091=DIRECTION('',(-0.886599306373,0.,0.462538290240835));
#12092=DIRECTION('',(0.,-1.,0.));
#12093=DIRECTION('',(-0.886599306373,0.,0.462538290240835));
#12094=DIRECTION('',(0.,1.,0.));
#12095=DIRECTION('',(1.,0.,0.));
#12096=DIRECTION('',(0.,-1.,0.));
#12097=DIRECTION('',(0.,0.,-1.));
#12098=DIRECTION('',(0.,-1.,0.));
#12099=DIRECTION('',(-0.855142763005346,0.,0.518392568310525));
#12100=DIRECTION('',(0.,-1.,0.));
#12101=DIRECTION('',(-0.855142763005346,0.,0.518392568310525));
#12102=DIRECTION('',(0.,-1.,0.));
#12103=DIRECTION('',(-0.855142763005346,0.,0.518392568310525));
#12104=DIRECTION('',(0.,1.,0.));
#12105=DIRECTION('',(1.,0.,0.));
#12106=DIRECTION('',(0.,-1.,0.));
#12107=DIRECTION('',(0.,0.,-1.));
#12108=DIRECTION('',(0.,-1.,0.));
#12109=DIRECTION('',(-0.820172254596956,0.,0.572116660122169));
#12110=DIRECTION('',(0.,-1.,0.));
#12111=DIRECTION('',(-0.820172254596956,0.,0.572116660122169));
#12112=DIRECTION('',(0.,-1.,0.));
#12113=DIRECTION('',(-0.820172254596956,0.,0.572116660122169));
#12114=DIRECTION('',(0.,1.,0.));
#12115=DIRECTION('',(1.,0.,0.));
#12116=DIRECTION('',(0.,-1.,0.));
#12117=DIRECTION('',(0.,0.,-1.));
#12118=DIRECTION('',(0.,-1.,0.));
#12119=DIRECTION('',(-0.78183148246803,0.,0.623489801858734));
#12120=DIRECTION('',(0.,-1.,0.));
#12121=DIRECTION('',(-0.78183148246803,0.,0.623489801858734));
#12122=DIRECTION('',(0.,-1.,0.));
#12123=DIRECTION('',(-0.78183148246803,0.,0.623489801858734));
#12124=DIRECTION('',(0.,1.,0.));
#12125=DIRECTION('',(1.,0.,0.));
#12126=DIRECTION('',(0.,-1.,0.));
#12127=DIRECTION('',(0.,0.,-1.));
#12128=DIRECTION('',(0.,-1.,0.));
#12129=DIRECTION('',(-0.740277997075316,0.,0.672300890261317));
#12130=DIRECTION('',(0.,-1.,0.));
#12131=DIRECTION('',(-0.740277997075316,0.,0.672300890261317));
#12132=DIRECTION('',(0.,-1.,0.));
#12133=DIRECTION('',(-0.740277997075316,0.,0.672300890261317));
#12134=DIRECTION('',(0.,1.,0.));
#12135=DIRECTION('',(1.,0.,0.));
#12136=DIRECTION('',(0.,-1.,0.));
#12137=DIRECTION('',(0.,0.,-1.));
#12138=DIRECTION('',(0.,-1.,0.));
#12139=DIRECTION('',(-0.695682550603487,0.,0.718349350097728));
#12140=DIRECTION('',(0.,-1.,0.));
#12141=DIRECTION('',(-0.695682550603487,0.,0.718349350097728));
#12142=DIRECTION('',(0.,-1.,0.));
#12143=DIRECTION('',(-0.695682550603487,0.,0.718349350097728));
#12144=DIRECTION('',(0.,1.,0.));
#12145=DIRECTION('',(1.,0.,0.));
#12146=DIRECTION('',(0.,-1.,0.));
#12147=DIRECTION('',(0.,0.,-1.));
#12148=DIRECTION('',(0.,-1.,0.));
#12149=DIRECTION('',(-0.648228395307789,0.,0.761445958369134));
#12150=DIRECTION('',(0.,-1.,0.));
#12151=DIRECTION('',(-0.648228395307789,0.,0.761445958369134));
#12152=DIRECTION('',(0.,-1.,0.));
#12153=DIRECTION('',(-0.648228395307789,0.,0.761445958369134));
#12154=DIRECTION('',(0.,1.,0.));
#12155=DIRECTION('',(1.,0.,0.));
#12156=DIRECTION('',(0.,-1.,0.));
#12157=DIRECTION('',(0.,0.,-1.));
#12158=DIRECTION('',(0.,-1.,0.));
#12159=DIRECTION('',(-0.598110530491216,0.,0.801413621867957));
#12160=DIRECTION('',(0.,-1.,0.));
#12161=DIRECTION('',(-0.598110530491216,0.,0.801413621867957));
#12162=DIRECTION('',(0.,-1.,0.));
#12163=DIRECTION('',(-0.598110530491216,0.,0.801413621867957));
#12164=DIRECTION('',(0.,1.,0.));
#12165=DIRECTION('',(1.,0.,0.));
#12166=DIRECTION('',(0.,-1.,0.));
#12167=DIRECTION('',(0.,0.,-1.));
#12168=DIRECTION('',(0.,-1.,0.));
#12169=DIRECTION('',(-0.545534901210549,0.,0.83808810489184));
#12170=DIRECTION('',(0.,-1.,0.));
#12171=DIRECTION('',(-0.545534901210549,0.,0.83808810489184));
#12172=DIRECTION('',(0.,-1.,0.));
#12173=DIRECTION('',(-0.545534901210549,0.,0.83808810489184));
#12174=DIRECTION('',(0.,1.,0.));
#12175=DIRECTION('',(1.,0.,0.));
#12176=DIRECTION('',(0.,-1.,0.));
#12177=DIRECTION('',(0.,0.,-1.));
#12178=DIRECTION('',(0.,-1.,0.));
#12179=DIRECTION('',(-0.490717552003938,0.,0.871318704123389));
#12180=DIRECTION('',(0.,-1.,0.));
#12181=DIRECTION('',(-0.490717552003938,0.,0.871318704123389));
#12182=DIRECTION('',(0.,-1.,0.));
#12183=DIRECTION('',(-0.490717552003938,0.,0.871318704123389));
#12184=DIRECTION('',(0.,1.,0.));
#12185=DIRECTION('',(1.,0.,0.));
#12186=DIRECTION('',(0.,-1.,0.));
#12187=DIRECTION('',(0.,0.,-1.));
#12188=DIRECTION('',(0.,-1.,0.));
#12189=DIRECTION('',(-0.433883739117559,0.,0.900968867902419));
#12190=DIRECTION('',(0.,-1.,0.));
#12191=DIRECTION('',(-0.433883739117559,0.,0.900968867902419));
#12192=DIRECTION('',(0.,-1.,0.));
#12193=DIRECTION('',(-0.433883739117559,0.,0.900968867902419));
#12194=DIRECTION('',(0.,1.,0.));
#12195=DIRECTION('',(1.,0.,0.));
#12196=DIRECTION('',(0.,-1.,0.));
#12197=DIRECTION('',(0.,0.,-1.));
#12198=DIRECTION('',(0.,-1.,0.));
#12199=DIRECTION('',(-0.375267004879375,0.,0.926916757346022));
#12200=DIRECTION('',(0.,-1.,0.));
#12201=DIRECTION('',(-0.375267004879375,0.,0.926916757346022));
#12202=DIRECTION('',(0.,-1.,0.));
#12203=DIRECTION('',(-0.375267004879375,0.,0.926916757346022));
#12204=DIRECTION('',(0.,1.,0.));
#12205=DIRECTION('',(1.,0.,0.));
#12206=DIRECTION('',(0.,-1.,0.));
#12207=DIRECTION('',(0.,0.,-1.));
#12208=DIRECTION('',(0.,-1.,0.));
#12209=DIRECTION('',(-0.315108218023621,0.,0.949055747010669));
#12210=DIRECTION('',(0.,-1.,0.));
#12211=DIRECTION('',(-0.315108218023621,0.,0.949055747010669));
#12212=DIRECTION('',(0.,-1.,0.));
#12213=DIRECTION('',(-0.315108218023621,0.,0.949055747010669));
#12214=DIRECTION('',(0.,1.,0.));
#12215=DIRECTION('',(1.,0.,0.));
#12216=DIRECTION('',(0.,-1.,0.));
#12217=DIRECTION('',(0.,0.,-1.));
#12218=DIRECTION('',(0.,-1.,0.));
#12219=DIRECTION('',(-0.253654583909508,0.,0.967294863039029));
#12220=DIRECTION('',(0.,-1.,0.));
#12221=DIRECTION('',(-0.253654583909508,0.,0.967294863039029));
#12222=DIRECTION('',(0.,-1.,0.));
#12223=DIRECTION('',(-0.253654583909508,0.,0.967294863039029));
#12224=DIRECTION('',(0.,1.,0.));
#12225=DIRECTION('',(1.,0.,0.));
#12226=DIRECTION('',(0.,-1.,0.));
#12227=DIRECTION('',(0.,0.,-1.));
#12228=DIRECTION('',(0.,-1.,0.));
#12229=DIRECTION('',(-0.191158628701373,0.,0.981559156991065));
#12230=DIRECTION('',(0.,-1.,0.));
#12231=DIRECTION('',(-0.191158628701373,0.,0.981559156991065));
#12232=DIRECTION('',(0.,-1.,0.));
#12233=DIRECTION('',(-0.191158628701373,0.,0.981559156991065));
#12234=DIRECTION('',(0.,1.,0.));
#12235=DIRECTION('',(1.,0.,0.));
#12236=DIRECTION('',(0.,-1.,0.));
#12237=DIRECTION('',(0.,0.,-1.));
#12238=DIRECTION('',(0.,-1.,0.));
#12239=DIRECTION('',(-0.127877161684506,0.,0.991790013823246));
#12240=DIRECTION('',(0.,-1.,0.));
#12241=DIRECTION('',(-0.127877161684506,0.,0.991790013823246));
#12242=DIRECTION('',(0.,-1.,0.));
#12243=DIRECTION('',(-0.127877161684506,0.,0.991790013823246));
#12244=DIRECTION('',(0.,1.,0.));
#12245=DIRECTION('',(1.,0.,0.));
#12246=DIRECTION('',(0.,-1.,0.));
#12247=DIRECTION('',(0.,0.,-1.));
#12248=DIRECTION('',(0.,-1.,0.));
#12249=DIRECTION('',(-0.0640702199807132,0.,0.997945392750336));
#12250=DIRECTION('',(0.,-1.,0.));
#12251=DIRECTION('',(-0.0640702199807132,0.,0.997945392750336));
#12252=DIRECTION('',(0.,-1.,0.));
#12253=DIRECTION('',(-0.0640702199807132,0.,0.997945392750336));
#12254=DIRECTION('',(0.,1.,0.));
#12255=DIRECTION('',(1.,0.,0.));
#12256=DIRECTION('',(0.,-1.,0.));
#12257=DIRECTION('',(0.,0.,-1.));
#12258=DIRECTION('',(0.,-1.,0.));
#12259=DIRECTION('',(-1.22464679914735E-16,0.,1.));
#12260=DIRECTION('',(0.,-1.,0.));
#12261=DIRECTION('',(-1.22464679914735E-16,0.,1.));
#12262=DIRECTION('',(0.,-1.,0.));
#12263=DIRECTION('',(-1.22464679914735E-16,0.,1.));
#12264=DIRECTION('',(0.,1.,0.));
#12265=DIRECTION('',(1.,0.,0.));
#12266=DIRECTION('',(0.,-1.,0.));
#12267=DIRECTION('',(0.,0.,-1.));
#12268=DIRECTION('',(0.,-1.,0.));
#12269=DIRECTION('',(0.0640702199807126,0.,0.997945392750336));
#12270=DIRECTION('',(0.,-1.,0.));
#12271=DIRECTION('',(0.0640702199807126,0.,0.997945392750336));
#12272=DIRECTION('',(0.,-1.,0.));
#12273=DIRECTION('',(0.0640702199807126,0.,0.997945392750336));
#12274=DIRECTION('',(0.,1.,0.));
#12275=DIRECTION('',(1.,0.,0.));
#12276=DIRECTION('',(0.,-1.,0.));
#12277=DIRECTION('',(0.,0.,-1.));
#12278=DIRECTION('',(0.,-1.,0.));
#12279=DIRECTION('',(0.127877161684506,0.,0.991790013823246));
#12280=DIRECTION('',(0.,-1.,0.));
#12281=DIRECTION('',(0.127877161684506,0.,0.991790013823246));
#12282=DIRECTION('',(0.,-1.,0.));
#12283=DIRECTION('',(0.127877161684506,0.,0.991790013823246));
#12284=DIRECTION('',(0.,1.,0.));
#12285=DIRECTION('',(1.,0.,0.));
#12286=DIRECTION('',(0.,-1.,0.));
#12287=DIRECTION('',(0.,0.,-1.));
#12288=DIRECTION('',(0.,-1.,0.));
#12289=DIRECTION('',(0.191158628701372,0.,0.981559156991065));
#12290=DIRECTION('',(0.,-1.,0.));
#12291=DIRECTION('',(0.191158628701372,0.,0.981559156991065));
#12292=DIRECTION('',(0.,-1.,0.));
#12293=DIRECTION('',(0.191158628701372,0.,0.981559156991065));
#12294=DIRECTION('',(0.,1.,0.));
#12295=DIRECTION('',(1.,0.,0.));
#12296=DIRECTION('',(0.,-1.,0.));
#12297=DIRECTION('',(0.,0.,-1.));
#12298=DIRECTION('',(0.,-1.,0.));
#12299=DIRECTION('',(0.253654583909507,0.,0.967294863039029));
#12300=DIRECTION('',(0.,-1.,0.));
#12301=DIRECTION('',(0.253654583909507,0.,0.967294863039029));
#12302=DIRECTION('',(0.,-1.,0.));
#12303=DIRECTION('',(0.253654583909507,0.,0.967294863039029));
#12304=DIRECTION('',(0.,1.,0.));
#12305=DIRECTION('',(1.,0.,0.));
#12306=DIRECTION('',(0.,-1.,0.));
#12307=DIRECTION('',(0.,0.,-1.));
#12308=DIRECTION('',(0.,-1.,0.));
#12309=DIRECTION('',(0.31510821802362,0.,0.949055747010669));
#12310=DIRECTION('',(0.,-1.,0.));
#12311=DIRECTION('',(0.31510821802362,0.,0.949055747010669));
#12312=DIRECTION('',(0.,-1.,0.));
#12313=DIRECTION('',(0.31510821802362,0.,0.949055747010669));
#12314=DIRECTION('',(0.,1.,0.));
#12315=DIRECTION('',(1.,0.,0.));
#12316=DIRECTION('',(0.,-1.,0.));
#12317=DIRECTION('',(0.,0.,-1.));
#12318=DIRECTION('',(0.,-1.,0.));
#12319=DIRECTION('',(0.375267004879374,0.,0.926916757346022));
#12320=DIRECTION('',(0.,-1.,0.));
#12321=DIRECTION('',(0.375267004879374,0.,0.926916757346022));
#12322=DIRECTION('',(0.,-1.,0.));
#12323=DIRECTION('',(0.375267004879374,0.,0.926916757346022));
#12324=DIRECTION('',(0.,1.,0.));
#12325=DIRECTION('',(1.,0.,0.));
#12326=DIRECTION('',(0.,-1.,0.));
#12327=DIRECTION('',(0.,0.,-1.));
#12328=DIRECTION('',(0.,-1.,0.));
#12329=DIRECTION('',(0.433883739117558,0.,0.900968867902419));
#12330=DIRECTION('',(0.,-1.,0.));
#12331=DIRECTION('',(0.433883739117558,0.,0.900968867902419));
#12332=DIRECTION('',(0.,-1.,0.));
#12333=DIRECTION('',(0.433883739117558,0.,0.900968867902419));
#12334=DIRECTION('',(0.,1.,0.));
#12335=DIRECTION('',(1.,0.,0.));
#12336=DIRECTION('',(0.,-1.,0.));
#12337=DIRECTION('',(0.,0.,-1.));
#12338=DIRECTION('',(0.,-1.,0.));
#12339=DIRECTION('',(0.490717552003938,0.,0.87131870412339));
#12340=DIRECTION('',(0.,-1.,0.));
#12341=DIRECTION('',(0.490717552003938,0.,0.87131870412339));
#12342=DIRECTION('',(0.,-1.,0.));
#12343=DIRECTION('',(0.490717552003938,0.,0.87131870412339));
#12344=DIRECTION('',(0.,1.,0.));
#12345=DIRECTION('',(1.,0.,0.));
#12346=DIRECTION('',(0.,-1.,0.));
#12347=DIRECTION('',(0.,0.,-1.));
#12348=DIRECTION('',(0.,-1.,0.));
#12349=DIRECTION('',(0.545534901210549,0.,0.838088104891841));
#12350=DIRECTION('',(0.,-1.,0.));
#12351=DIRECTION('',(0.545534901210549,0.,0.838088104891841));
#12352=DIRECTION('',(0.,-1.,0.));
#12353=DIRECTION('',(0.545534901210549,0.,0.838088104891841));
#12354=DIRECTION('',(0.,1.,0.));
#12355=DIRECTION('',(1.,0.,0.));
#12356=DIRECTION('',(0.,-1.,0.));
#12357=DIRECTION('',(0.,0.,-1.));
#12358=DIRECTION('',(0.,-1.,0.));
#12359=DIRECTION('',(0.598110530491216,0.,0.801413621867957));
#12360=DIRECTION('',(0.,-1.,0.));
#12361=DIRECTION('',(0.598110530491216,0.,0.801413621867957));
#12362=DIRECTION('',(0.,-1.,0.));
#12363=DIRECTION('',(0.598110530491216,0.,0.801413621867957));
#12364=DIRECTION('',(0.,1.,0.));
#12365=DIRECTION('',(1.,0.,0.));
#12366=DIRECTION('',(0.,-1.,0.));
#12367=DIRECTION('',(0.,0.,-1.));
#12368=DIRECTION('',(0.,-1.,0.));
#12369=DIRECTION('',(0.648228395307788,0.,0.761445958369135));
#12370=DIRECTION('',(0.,-1.,0.));
#12371=DIRECTION('',(0.648228395307788,0.,0.761445958369135));
#12372=DIRECTION('',(0.,-1.,0.));
#12373=DIRECTION('',(0.648228395307788,0.,0.761445958369135));
#12374=DIRECTION('',(0.,1.,0.));
#12375=DIRECTION('',(1.,0.,0.));
#12376=DIRECTION('',(0.,-1.,0.));
#12377=DIRECTION('',(0.,0.,-1.));
#12378=DIRECTION('',(0.,-1.,0.));
#12379=DIRECTION('',(0.695682550603486,0.,0.718349350097728));
#12380=DIRECTION('',(0.,-1.,0.));
#12381=DIRECTION('',(0.695682550603486,0.,0.718349350097728));
#12382=DIRECTION('',(0.,-1.,0.));
#12383=DIRECTION('',(0.695682550603486,0.,0.718349350097728));
#12384=DIRECTION('',(0.,1.,0.));
#12385=DIRECTION('',(1.,0.,0.));
#12386=DIRECTION('',(0.,-1.,0.));
#12387=DIRECTION('',(0.,0.,-1.));
#12388=DIRECTION('',(0.,-1.,0.));
#12389=DIRECTION('',(0.740277997075315,0.,0.672300890261317));
#12390=DIRECTION('',(0.,-1.,0.));
#12391=DIRECTION('',(0.740277997075315,0.,0.672300890261317));
#12392=DIRECTION('',(0.,-1.,0.));
#12393=DIRECTION('',(0.740277997075315,0.,0.672300890261317));
#12394=DIRECTION('',(0.,1.,0.));
#12395=DIRECTION('',(1.,0.,0.));
#12396=DIRECTION('',(0.,-1.,0.));
#12397=DIRECTION('',(0.,0.,-1.));
#12398=DIRECTION('',(0.,-1.,0.));
#12399=DIRECTION('',(0.78183148246803,0.,0.623489801858734));
#12400=DIRECTION('',(0.,-1.,0.));
#12401=DIRECTION('',(0.78183148246803,0.,0.623489801858734));
#12402=DIRECTION('',(0.,-1.,0.));
#12403=DIRECTION('',(0.78183148246803,0.,0.623489801858734));
#12404=DIRECTION('',(0.,1.,0.));
#12405=DIRECTION('',(1.,0.,0.));
#12406=DIRECTION('',(0.,-1.,0.));
#12407=DIRECTION('',(0.,0.,-1.));
#12408=DIRECTION('',(0.,-1.,0.));
#12409=DIRECTION('',(0.820172254596956,0.,0.57211666012217));
#12410=DIRECTION('',(0.,-1.,0.));
#12411=DIRECTION('',(0.820172254596956,0.,0.57211666012217));
#12412=DIRECTION('',(0.,-1.,0.));
#12413=DIRECTION('',(0.820172254596956,0.,0.57211666012217));
#12414=DIRECTION('',(0.,1.,0.));
#12415=DIRECTION('',(1.,0.,0.));
#12416=DIRECTION('',(0.,-1.,0.));
#12417=DIRECTION('',(0.,0.,-1.));
#12418=DIRECTION('',(0.,-1.,0.));
#12419=DIRECTION('',(0.855142763005346,0.,0.518392568310526));
#12420=DIRECTION('',(0.,-1.,0.));
#12421=DIRECTION('',(0.855142763005346,0.,0.518392568310526));
#12422=DIRECTION('',(0.,-1.,0.));
#12423=DIRECTION('',(0.855142763005346,0.,0.518392568310526));
#12424=DIRECTION('',(0.,1.,0.));
#12425=DIRECTION('',(1.,0.,0.));
#12426=DIRECTION('',(0.,-1.,0.));
#12427=DIRECTION('',(0.,0.,-1.));
#12428=DIRECTION('',(0.,-1.,0.));
#12429=DIRECTION('',(0.886599306373,0.,0.462538290240835));
#12430=DIRECTION('',(0.,-1.,0.));
#12431=DIRECTION('',(0.886599306373,0.,0.462538290240835));
#12432=DIRECTION('',(0.,-1.,0.));
#12433=DIRECTION('',(0.886599306373,0.,0.462538290240835));
#12434=DIRECTION('',(0.,1.,0.));
#12435=DIRECTION('',(1.,0.,0.));
#12436=DIRECTION('',(0.,-1.,0.));
#12437=DIRECTION('',(0.,0.,-1.));
#12438=DIRECTION('',(0.,-1.,0.));
#12439=DIRECTION('',(0.914412623015812,0.,0.404783343122394));
#12440=DIRECTION('',(0.,-1.,0.));
#12441=DIRECTION('',(0.914412623015812,0.,0.404783343122394));
#12442=DIRECTION('',(0.,-1.,0.));
#12443=DIRECTION('',(0.914412623015812,0.,0.404783343122394));
#12444=DIRECTION('',(0.,1.,0.));
#12445=DIRECTION('',(1.,0.,0.));
#12446=DIRECTION('',(0.,-1.,0.));
#12447=DIRECTION('',(0.,0.,-1.));
#12448=DIRECTION('',(0.,-1.,0.));
#12449=DIRECTION('',(0.93846842204976,0.,0.345365054421308));
#12450=DIRECTION('',(0.,-1.,0.));
#12451=DIRECTION('',(0.93846842204976,0.,0.345365054421308));
#12452=DIRECTION('',(0.,-1.,0.));
#12453=DIRECTION('',(0.93846842204976,0.,0.345365054421308));
#12454=DIRECTION('',(0.,1.,0.));
#12455=DIRECTION('',(1.,0.,0.));
#12456=DIRECTION('',(0.,-1.,0.));
#12457=DIRECTION('',(0.,0.,-1.));
#12458=DIRECTION('',(0.,-1.,0.));
#12459=DIRECTION('',(0.95866785303666,0.,0.284527586631033));
#12460=DIRECTION('',(0.,-1.,0.));
#12461=DIRECTION('',(0.95866785303666,0.,0.284527586631033));
#12462=DIRECTION('',(0.,-1.,0.));
#12463=DIRECTION('',(0.95866785303666,0.,0.284527586631033));
#12464=DIRECTION('',(0.,1.,0.));
#12465=DIRECTION('',(1.,0.,0.));
#12466=DIRECTION('',(0.,-1.,0.));
#12467=DIRECTION('',(0.,0.,-1.));
#12468=DIRECTION('',(0.,-1.,0.));
#12469=DIRECTION('',(0.974927912181824,0.,0.222520933956315));
#12470=DIRECTION('',(0.,-1.,0.));
#12471=DIRECTION('',(0.974927912181824,0.,0.222520933956315));
#12472=DIRECTION('',(0.,-1.,0.));
#12473=DIRECTION('',(0.974927912181824,0.,0.222520933956315));
#12474=DIRECTION('',(0.,1.,0.));
#12475=DIRECTION('',(1.,0.,0.));
#12476=DIRECTION('',(0.,-1.,0.));
#12477=DIRECTION('',(0.,0.,-1.));
#12478=DIRECTION('',(0.,-1.,0.));
#12479=DIRECTION('',(0.98718178341445,0.,0.159599895033379));
#12480=DIRECTION('',(0.,-1.,0.));
#12481=DIRECTION('',(0.98718178341445,0.,0.159599895033379));
#12482=DIRECTION('',(0.,-1.,0.));
#12483=DIRECTION('',(0.98718178341445,0.,0.159599895033379));
#12484=DIRECTION('',(0.,1.,0.));
#12485=DIRECTION('',(1.,0.,0.));
#12486=DIRECTION('',(0.,-1.,0.));
#12487=DIRECTION('',(0.,0.,-1.));
#12488=DIRECTION('',(0.,-1.,0.));
#12489=DIRECTION('',(0.995379112949198,0.,0.0960230259076824));
#12490=DIRECTION('',(0.,-1.,0.));
#12491=DIRECTION('',(0.995379112949198,0.,0.0960230259076824));
#12492=DIRECTION('',(0.,-1.,0.));
#12493=DIRECTION('',(0.995379112949198,0.,0.0960230259076824));
#12494=DIRECTION('',(0.,1.,0.));
#12495=DIRECTION('',(1.,0.,0.));
#12496=DIRECTION('',(0.,-1.,0.));
#12497=DIRECTION('',(0.,0.,-1.));
#12498=DIRECTION('',(0.,-1.,0.));
#12499=DIRECTION('',(0.999486216200688,0.,0.0320515775716552));
#12500=DIRECTION('',(0.,-1.,0.));
#12501=DIRECTION('',(0.999486216200688,0.,0.0320515775716552));
#12502=DIRECTION('',(0.,-1.,0.));
#12503=DIRECTION('',(0.999486216200688,0.,0.0320515775716552));
#12504=DIRECTION('',(0.,1.,0.));
#12505=DIRECTION('',(1.,0.,0.));
#12506=DIRECTION('',(0.,-1.,0.));
#12507=DIRECTION('',(0.,0.,-1.));
#12508=DIRECTION('',(0.,-1.,0.));
#12509=DIRECTION('',(0.999486216200688,0.,-0.0320515775716548));
#12510=DIRECTION('',(0.,-1.,0.));
#12511=DIRECTION('',(0.999486216200688,0.,-0.0320515775716548));
#12512=DIRECTION('',(0.,-1.,0.));
#12513=DIRECTION('',(0.999486216200688,0.,-0.0320515775716548));
#12514=DIRECTION('',(0.,1.,0.));
#12515=DIRECTION('',(1.,0.,0.));
#12516=DIRECTION('',(0.,-1.,0.));
#12517=DIRECTION('',(0.,0.,-1.));
#12518=DIRECTION('',(0.,-1.,0.));
#12519=DIRECTION('',(0.995379112949198,0.,-0.0960230259076812));
#12520=DIRECTION('',(0.,-1.,0.));
#12521=DIRECTION('',(0.995379112949198,0.,-0.0960230259076812));
#12522=DIRECTION('',(0.,-1.,0.));
#12523=DIRECTION('',(0.995379112949198,0.,-0.0960230259076812));
#12524=DIRECTION('',(0.,1.,0.));
#12525=DIRECTION('',(1.,0.,0.));
#12526=DIRECTION('',(0.,-1.,0.));
#12527=DIRECTION('',(0.,0.,-1.));
#12528=DIRECTION('',(0.,-1.,0.));
#12529=DIRECTION('',(0.98718178341445,0.,-0.159599895033378));
#12530=DIRECTION('',(0.,-1.,0.));
#12531=DIRECTION('',(0.98718178341445,0.,-0.159599895033378));
#12532=DIRECTION('',(0.,-1.,0.));
#12533=DIRECTION('',(0.98718178341445,0.,-0.159599895033378));
#12534=DIRECTION('',(0.,1.,0.));
#12535=DIRECTION('',(1.,0.,0.));
#12536=DIRECTION('',(0.,-1.,0.));
#12537=DIRECTION('',(0.,0.,-1.));
#12538=DIRECTION('',(0.,-1.,0.));
#12539=DIRECTION('',(0.974927912181824,0.,-0.222520933956314));
#12540=DIRECTION('',(0.,-1.,0.));
#12541=DIRECTION('',(0.974927912181824,0.,-0.222520933956314));
#12542=DIRECTION('',(0.,-1.,0.));
#12543=DIRECTION('',(0.974927912181824,0.,-0.222520933956314));
#12544=DIRECTION('',(0.,1.,0.));
#12545=DIRECTION('',(1.,0.,0.));
#12546=DIRECTION('',(0.,-1.,0.));
#12547=DIRECTION('',(0.,0.,-1.));
#12548=DIRECTION('',(0.,-1.,0.));
#12549=DIRECTION('',(0.958667853036661,0.,-0.284527586631032));
#12550=DIRECTION('',(0.,-1.,0.));
#12551=DIRECTION('',(0.958667853036661,0.,-0.284527586631032));
#12552=DIRECTION('',(0.,-1.,0.));
#12553=DIRECTION('',(0.958667853036661,0.,-0.284527586631032));
#12554=DIRECTION('',(0.,1.,0.));
#12555=DIRECTION('',(1.,0.,0.));
#12556=DIRECTION('',(0.,-1.,0.));
#12557=DIRECTION('',(0.,0.,-1.));
#12558=DIRECTION('',(0.,-1.,0.));
#12559=DIRECTION('',(0.938468422049761,0.,-0.345365054421307));
#12560=DIRECTION('',(0.,-1.,0.));
#12561=DIRECTION('',(0.938468422049761,0.,-0.345365054421307));
#12562=DIRECTION('',(0.,-1.,0.));
#12563=DIRECTION('',(0.938468422049761,0.,-0.345365054421307));
#12564=DIRECTION('',(0.,1.,0.));
#12565=DIRECTION('',(1.,0.,0.));
#12566=DIRECTION('',(0.,-1.,0.));
#12567=DIRECTION('',(0.,0.,-1.));
#12568=DIRECTION('',(0.,-1.,0.));
#12569=DIRECTION('',(0.914412623015813,0.,-0.404783343122393));
#12570=DIRECTION('',(0.,-1.,0.));
#12571=DIRECTION('',(0.914412623015813,0.,-0.404783343122393));
#12572=DIRECTION('',(0.,-1.,0.));
#12573=DIRECTION('',(0.914412623015813,0.,-0.404783343122393));
#12574=DIRECTION('',(0.,1.,0.));
#12575=DIRECTION('',(1.,0.,0.));
#12576=DIRECTION('',(0.,-1.,0.));
#12577=DIRECTION('',(0.,0.,-1.));
#12578=DIRECTION('',(0.,-1.,0.));
#12579=DIRECTION('',(0.886599306373,0.,-0.462538290240835));
#12580=DIRECTION('',(0.,-1.,0.));
#12581=DIRECTION('',(0.886599306373,0.,-0.462538290240835));
#12582=DIRECTION('',(0.,-1.,0.));
#12583=DIRECTION('',(0.886599306373,0.,-0.462538290240835));
#12584=DIRECTION('',(0.,1.,0.));
#12585=DIRECTION('',(1.,0.,0.));
#12586=DIRECTION('',(0.,-1.,0.));
#12587=DIRECTION('',(0.,0.,-1.));
#12588=DIRECTION('',(0.,-1.,0.));
#12589=DIRECTION('',(0.855142763005346,0.,-0.518392568310525));
#12590=DIRECTION('',(0.,-1.,0.));
#12591=DIRECTION('',(0.855142763005346,0.,-0.518392568310525));
#12592=DIRECTION('',(0.,-1.,0.));
#12593=DIRECTION('',(0.855142763005346,0.,-0.518392568310525));
#12594=DIRECTION('',(0.,1.,0.));
#12595=DIRECTION('',(1.,0.,0.));
#12596=DIRECTION('',(0.,-1.,0.));
#12597=DIRECTION('',(0.,0.,-1.));
#12598=DIRECTION('',(0.,-1.,0.));
#12599=DIRECTION('',(0.820172254596956,0.,-0.572116660122169));
#12600=DIRECTION('',(0.,-1.,0.));
#12601=DIRECTION('',(0.820172254596956,0.,-0.572116660122169));
#12602=DIRECTION('',(0.,-1.,0.));
#12603=DIRECTION('',(0.820172254596956,0.,-0.572116660122169));
#12604=DIRECTION('',(0.,1.,0.));
#12605=DIRECTION('',(1.,0.,0.));
#12606=DIRECTION('',(0.,-1.,0.));
#12607=DIRECTION('',(0.,0.,-1.));
#12608=DIRECTION('',(0.,-1.,0.));
#12609=DIRECTION('',(0.78183148246803,0.,-0.623489801858733));
#12610=DIRECTION('',(0.,-1.,0.));
#12611=DIRECTION('',(0.78183148246803,0.,-0.623489801858733));
#12612=DIRECTION('',(0.,-1.,0.));
#12613=DIRECTION('',(0.78183148246803,0.,-0.623489801858733));
#12614=DIRECTION('',(0.,1.,0.));
#12615=DIRECTION('',(1.,0.,0.));
#12616=DIRECTION('',(0.,-1.,0.));
#12617=DIRECTION('',(0.,0.,-1.));
#12618=DIRECTION('',(0.,-1.,0.));
#12619=DIRECTION('',(0.740277997075316,0.,-0.672300890261317));
#12620=DIRECTION('',(0.,-1.,0.));
#12621=DIRECTION('',(0.740277997075316,0.,-0.672300890261317));
#12622=DIRECTION('',(0.,-1.,0.));
#12623=DIRECTION('',(0.740277997075316,0.,-0.672300890261317));
#12624=DIRECTION('',(0.,1.,0.));
#12625=DIRECTION('',(1.,0.,0.));
#12626=DIRECTION('',(0.,-1.,0.));
#12627=DIRECTION('',(0.,0.,-1.));
#12628=DIRECTION('',(0.,-1.,0.));
#12629=DIRECTION('',(0.695682550603487,0.,-0.718349350097727));
#12630=DIRECTION('',(0.,-1.,0.));
#12631=DIRECTION('',(0.695682550603487,0.,-0.718349350097727));
#12632=DIRECTION('',(0.,-1.,0.));
#12633=DIRECTION('',(0.695682550603487,0.,-0.718349350097727));
#12634=DIRECTION('',(0.,1.,0.));
#12635=DIRECTION('',(1.,0.,0.));
#12636=DIRECTION('',(0.,-1.,0.));
#12637=DIRECTION('',(0.,0.,-1.));
#12638=DIRECTION('',(0.,-1.,0.));
#12639=DIRECTION('',(0.648228395307789,0.,-0.761445958369134));
#12640=DIRECTION('',(0.,-1.,0.));
#12641=DIRECTION('',(0.648228395307789,0.,-0.761445958369134));
#12642=DIRECTION('',(0.,-1.,0.));
#12643=DIRECTION('',(0.648228395307789,0.,-0.761445958369134));
#12644=DIRECTION('',(0.,1.,0.));
#12645=DIRECTION('',(1.,0.,0.));
#12646=DIRECTION('',(0.,-1.,0.));
#12647=DIRECTION('',(0.,0.,-1.));
#12648=DIRECTION('',(0.,-1.,0.));
#12649=DIRECTION('',(0.598110530491216,0.,-0.801413621867957));
#12650=DIRECTION('',(0.,-1.,0.));
#12651=DIRECTION('',(0.598110530491216,0.,-0.801413621867957));
#12652=DIRECTION('',(0.,-1.,0.));
#12653=DIRECTION('',(0.598110530491216,0.,-0.801413621867957));
#12654=DIRECTION('',(0.,1.,0.));
#12655=DIRECTION('',(1.,0.,0.));
#12656=DIRECTION('',(0.,-1.,0.));
#12657=DIRECTION('',(0.,0.,-1.));
#12658=DIRECTION('',(0.,-1.,0.));
#12659=DIRECTION('',(0.545534901210549,0.,-0.83808810489184));
#12660=DIRECTION('',(0.,-1.,0.));
#12661=DIRECTION('',(0.545534901210549,0.,-0.83808810489184));
#12662=DIRECTION('',(0.,-1.,0.));
#12663=DIRECTION('',(0.545534901210549,0.,-0.83808810489184));
#12664=DIRECTION('',(0.,1.,0.));
#12665=DIRECTION('',(1.,0.,0.));
#12666=DIRECTION('',(0.,-1.,0.));
#12667=DIRECTION('',(0.,0.,-1.));
#12668=DIRECTION('',(0.,-1.,0.));
#12669=DIRECTION('',(0.490717552003939,0.,-0.871318704123389));
#12670=DIRECTION('',(0.,-1.,0.));
#12671=DIRECTION('',(0.490717552003939,0.,-0.871318704123389));
#12672=DIRECTION('',(0.,-1.,0.));
#12673=DIRECTION('',(0.490717552003939,0.,-0.871318704123389));
#12674=DIRECTION('',(0.,1.,0.));
#12675=DIRECTION('',(1.,0.,0.));
#12676=DIRECTION('',(0.,-1.,0.));
#12677=DIRECTION('',(0.,0.,-1.));
#12678=DIRECTION('',(0.,-1.,0.));
#12679=DIRECTION('',(0.433883739117559,0.,-0.900968867902419));
#12680=DIRECTION('',(0.,-1.,0.));
#12681=DIRECTION('',(0.433883739117559,0.,-0.900968867902419));
#12682=DIRECTION('',(0.,-1.,0.));
#12683=DIRECTION('',(0.433883739117559,0.,-0.900968867902419));
#12684=DIRECTION('',(0.,1.,0.));
#12685=DIRECTION('',(1.,0.,0.));
#12686=DIRECTION('',(0.,-1.,0.));
#12687=DIRECTION('',(0.,0.,-1.));
#12688=DIRECTION('',(0.,-1.,0.));
#12689=DIRECTION('',(0.375267004879375,0.,-0.926916757346022));
#12690=DIRECTION('',(0.,-1.,0.));
#12691=DIRECTION('',(0.375267004879375,0.,-0.926916757346022));
#12692=DIRECTION('',(0.,-1.,0.));
#12693=DIRECTION('',(0.375267004879375,0.,-0.926916757346022));
#12694=DIRECTION('',(0.,1.,0.));
#12695=DIRECTION('',(1.,0.,0.));
#12696=DIRECTION('',(0.,-1.,0.));
#12697=DIRECTION('',(0.,0.,-1.));
#12698=DIRECTION('',(0.,-1.,0.));
#12699=DIRECTION('',(0.315108218023621,0.,-0.949055747010668));
#12700=DIRECTION('',(0.,-1.,0.));
#12701=DIRECTION('',(0.315108218023621,0.,-0.949055747010668));
#12702=DIRECTION('',(0.,-1.,0.));
#12703=DIRECTION('',(0.315108218023621,0.,-0.949055747010668));
#12704=DIRECTION('',(0.,1.,0.));
#12705=DIRECTION('',(1.,0.,0.));
#12706=DIRECTION('',(0.,-1.,0.));
#12707=DIRECTION('',(0.,0.,-1.));
#12708=DIRECTION('',(0.,-1.,0.));
#12709=DIRECTION('',(0.253654583909509,0.,-0.967294863039029));
#12710=DIRECTION('',(0.,-1.,0.));
#12711=DIRECTION('',(0.253654583909509,0.,-0.967294863039029));
#12712=DIRECTION('',(0.,-1.,0.));
#12713=DIRECTION('',(0.253654583909509,0.,-0.967294863039029));
#12714=DIRECTION('',(0.,1.,0.));
#12715=DIRECTION('',(1.,0.,0.));
#12716=DIRECTION('',(0.,-1.,0.));
#12717=DIRECTION('',(0.,0.,-1.));
#12718=DIRECTION('',(0.,-1.,0.));
#12719=DIRECTION('',(0.191158628701373,0.,-0.981559156991065));
#12720=DIRECTION('',(0.,-1.,0.));
#12721=DIRECTION('',(0.191158628701373,0.,-0.981559156991065));
#12722=DIRECTION('',(0.,-1.,0.));
#12723=DIRECTION('',(0.191158628701373,0.,-0.981559156991065));
#12724=DIRECTION('',(0.,1.,0.));
#12725=DIRECTION('',(1.,0.,0.));
#12726=DIRECTION('',(0.,-1.,0.));
#12727=DIRECTION('',(0.,0.,-1.));
#12728=DIRECTION('',(0.,-1.,0.));
#12729=DIRECTION('',(0.127877161684507,0.,-0.991790013823246));
#12730=DIRECTION('',(0.,-1.,0.));
#12731=DIRECTION('',(0.127877161684507,0.,-0.991790013823246));
#12732=DIRECTION('',(0.,-1.,0.));
#12733=DIRECTION('',(0.127877161684507,0.,-0.991790013823246));
#12734=DIRECTION('',(0.,1.,0.));
#12735=DIRECTION('',(1.,0.,0.));
#12736=DIRECTION('',(0.,-1.,0.));
#12737=DIRECTION('',(0.,0.,-1.));
#12738=DIRECTION('',(0.,-1.,0.));
#12739=DIRECTION('',(0.0640702199807138,0.,-0.997945392750336));
#12740=DIRECTION('',(0.,-1.,0.));
#12741=DIRECTION('',(0.0640702199807138,0.,-0.997945392750336));
#12742=DIRECTION('',(0.,-1.,0.));
#12743=DIRECTION('',(0.0640702199807138,0.,-0.997945392750336));
#12744=DIRECTION('',(0.,1.,0.));
#12745=DIRECTION('',(1.,0.,0.));
#12746=DIRECTION('',(0.,-1.,0.));
#12747=DIRECTION('',(0.,0.,-1.));
#12748=DIRECTION('',(0.,-1.,0.));
#12749=DIRECTION('',(0.,0.,-1.));
#12750=DIRECTION('',(0.,-1.,0.));
#12751=DIRECTION('',(0.,0.,-1.));
#12752=DIRECTION('',(0.,-1.,0.));
#12753=DIRECTION('',(0.,0.,-1.));
#12754=DIRECTION('',(0.,-1.,0.));
#12755=DIRECTION('',(0.,0.,-1.));
#12756=DIRECTION('',(0.,-1.,0.));
#12757=DIRECTION('',(0.,0.,-1.));
#12758=DIRECTION('',(0.,-1.,0.));
#12759=DIRECTION('',(0.,0.,-1.));
#12760=DIRECTION('',(0.,1.,0.));
#12761=DIRECTION('',(0.,0.,1.));
#12762=DIRECTION('',(0.,-1.,0.));
#12763=DIRECTION('',(0.,0.,-1.));
#12764=DIRECTION('',(0.,1.,0.));
#12765=DIRECTION('',(0.,-1.,0.));
#12766=DIRECTION('',(0.,0.,-1.));
#12767=DIRECTION('',(0.,1.,0.));
#12768=DIRECTION('',(0.,-1.,0.));
#12769=DIRECTION('',(0.0640702199807138,0.,-0.997945392750336));
#12770=DIRECTION('',(0.,-1.,0.));
#12771=DIRECTION('',(0.,1.,0.));
#12772=DIRECTION('',(-0.0640702199807138,0.,0.997945392750336));
#12773=DIRECTION('',(0.,-1.,0.));
#12774=DIRECTION('',(0.,1.,0.));
#12775=DIRECTION('',(0.,-1.,0.));
#12776=DIRECTION('',(0.0640702199807138,0.,-0.997945392750336));
#12777=DIRECTION('',(0.,1.,0.));
#12778=DIRECTION('',(0.,0.,1.));
#12779=DIRECTION('',(0.,-1.,0.));
#12780=DIRECTION('',(0.,0.,-1.));
#12781=DIRECTION('',(0.,1.,0.));
#12782=DIRECTION('',(0.,-1.,0.));
#12783=DIRECTION('',(0.,0.,-1.));
#12784=DIRECTION('',(0.,1.,0.));
#12785=DIRECTION('',(0.,-1.,0.));
#12786=DIRECTION('',(0.127877161684507,0.,-0.991790013823246));
#12787=DIRECTION('',(0.,-1.,0.));
#12788=DIRECTION('',(0.,1.,0.));
#12789=DIRECTION('',(-0.127877161684507,0.,0.991790013823246));
#12790=DIRECTION('',(0.,-1.,0.));
#12791=DIRECTION('',(0.,-1.,0.));
#12792=DIRECTION('',(0.127877161684507,0.,-0.991790013823246));
#12793=DIRECTION('',(0.,1.,0.));
#12794=DIRECTION('',(0.,0.,1.));
#12795=DIRECTION('',(0.,-1.,0.));
#12796=DIRECTION('',(0.,0.,-1.));
#12797=DIRECTION('',(0.,1.,0.));
#12798=DIRECTION('',(0.,-1.,0.));
#12799=DIRECTION('',(0.,0.,-1.));
#12800=DIRECTION('',(0.,1.,0.));
#12801=DIRECTION('',(0.,-1.,0.));
#12802=DIRECTION('',(0.191158628701373,0.,-0.981559156991065));
#12803=DIRECTION('',(0.,-1.,0.));
#12804=DIRECTION('',(0.,1.,0.));
#12805=DIRECTION('',(-0.191158628701373,0.,0.981559156991065));
#12806=DIRECTION('',(0.,-1.,0.));
#12807=DIRECTION('',(0.,-1.,0.));
#12808=DIRECTION('',(0.191158628701373,0.,-0.981559156991065));
#12809=DIRECTION('',(0.,1.,0.));
#12810=DIRECTION('',(0.,0.,1.));
#12811=DIRECTION('',(0.,-1.,0.));
#12812=DIRECTION('',(0.,0.,-1.));
#12813=DIRECTION('',(0.,1.,0.));
#12814=DIRECTION('',(0.,-1.,0.));
#12815=DIRECTION('',(0.,0.,-1.));
#12816=DIRECTION('',(0.,1.,0.));
#12817=DIRECTION('',(0.,-1.,0.));
#12818=DIRECTION('',(0.253654583909509,0.,-0.967294863039029));
#12819=DIRECTION('',(0.,-1.,0.));
#12820=DIRECTION('',(0.,1.,0.));
#12821=DIRECTION('',(-0.253654583909509,0.,0.967294863039029));
#12822=DIRECTION('',(0.,-1.,0.));
#12823=DIRECTION('',(0.,-1.,0.));
#12824=DIRECTION('',(0.253654583909509,0.,-0.967294863039029));
#12825=DIRECTION('',(0.,1.,0.));
#12826=DIRECTION('',(0.,0.,1.));
#12827=DIRECTION('',(0.,-1.,0.));
#12828=DIRECTION('',(0.,0.,-1.));
#12829=DIRECTION('',(0.,1.,0.));
#12830=DIRECTION('',(0.,-1.,0.));
#12831=DIRECTION('',(0.,0.,-1.));
#12832=DIRECTION('',(0.,1.,0.));
#12833=DIRECTION('',(0.,-1.,0.));
#12834=DIRECTION('',(0.315108218023621,0.,-0.949055747010668));
#12835=DIRECTION('',(0.,-1.,0.));
#12836=DIRECTION('',(0.,1.,0.));
#12837=DIRECTION('',(-0.315108218023621,0.,0.949055747010668));
#12838=DIRECTION('',(0.,-1.,0.));
#12839=DIRECTION('',(0.,-1.,0.));
#12840=DIRECTION('',(0.315108218023621,0.,-0.949055747010668));
#12841=DIRECTION('',(0.,1.,0.));
#12842=DIRECTION('',(0.,0.,1.));
#12843=DIRECTION('',(0.,-1.,0.));
#12844=DIRECTION('',(0.,0.,-1.));
#12845=DIRECTION('',(0.,1.,0.));
#12846=DIRECTION('',(0.,-1.,0.));
#12847=DIRECTION('',(0.,0.,-1.));
#12848=DIRECTION('',(0.,1.,0.));
#12849=DIRECTION('',(0.,-1.,0.));
#12850=DIRECTION('',(0.375267004879375,0.,-0.926916757346022));
#12851=DIRECTION('',(0.,-1.,0.));
#12852=DIRECTION('',(0.,1.,0.));
#12853=DIRECTION('',(-0.375267004879375,0.,0.926916757346022));
#12854=DIRECTION('',(0.,-1.,0.));
#12855=DIRECTION('',(0.,-1.,0.));
#12856=DIRECTION('',(0.375267004879375,0.,-0.926916757346022));
#12857=DIRECTION('',(0.,1.,0.));
#12858=DIRECTION('',(0.,0.,1.));
#12859=DIRECTION('',(0.,-1.,0.));
#12860=DIRECTION('',(0.,0.,-1.));
#12861=DIRECTION('',(0.,1.,0.));
#12862=DIRECTION('',(0.,-1.,0.));
#12863=DIRECTION('',(0.,0.,-1.));
#12864=DIRECTION('',(0.,1.,0.));
#12865=DIRECTION('',(0.,-1.,0.));
#12866=DIRECTION('',(0.433883739117559,0.,-0.900968867902419));
#12867=DIRECTION('',(0.,-1.,0.));
#12868=DIRECTION('',(0.,1.,0.));
#12869=DIRECTION('',(-0.433883739117559,0.,0.900968867902419));
#12870=DIRECTION('',(0.,-1.,0.));
#12871=DIRECTION('',(0.,-1.,0.));
#12872=DIRECTION('',(0.433883739117559,0.,-0.900968867902419));
#12873=DIRECTION('',(0.,1.,0.));
#12874=DIRECTION('',(0.,0.,1.));
#12875=DIRECTION('',(0.,-1.,0.));
#12876=DIRECTION('',(0.,0.,-1.));
#12877=DIRECTION('',(0.,1.,0.));
#12878=DIRECTION('',(0.,-1.,0.));
#12879=DIRECTION('',(0.,0.,-1.));
#12880=DIRECTION('',(0.,1.,0.));
#12881=DIRECTION('',(0.,-1.,0.));
#12882=DIRECTION('',(0.490717552003939,0.,-0.871318704123389));
#12883=DIRECTION('',(0.,-1.,0.));
#12884=DIRECTION('',(0.,1.,0.));
#12885=DIRECTION('',(-0.490717552003939,0.,0.871318704123389));
#12886=DIRECTION('',(0.,-1.,0.));
#12887=DIRECTION('',(0.,-1.,0.));
#12888=DIRECTION('',(0.490717552003939,0.,-0.871318704123389));
#12889=DIRECTION('',(0.,1.,0.));
#12890=DIRECTION('',(0.,0.,1.));
#12891=DIRECTION('',(0.,-1.,0.));
#12892=DIRECTION('',(0.,0.,-1.));
#12893=DIRECTION('',(0.,1.,0.));
#12894=DIRECTION('',(0.,-1.,0.));
#12895=DIRECTION('',(0.,0.,-1.));
#12896=DIRECTION('',(0.,1.,0.));
#12897=DIRECTION('',(0.,-1.,0.));
#12898=DIRECTION('',(0.545534901210549,0.,-0.83808810489184));
#12899=DIRECTION('',(0.,-1.,0.));
#12900=DIRECTION('',(0.,1.,0.));
#12901=DIRECTION('',(-0.545534901210549,0.,0.83808810489184));
#12902=DIRECTION('',(0.,-1.,0.));
#12903=DIRECTION('',(0.,-1.,0.));
#12904=DIRECTION('',(0.545534901210549,0.,-0.83808810489184));
#12905=DIRECTION('',(0.,1.,0.));
#12906=DIRECTION('',(0.,0.,1.));
#12907=DIRECTION('',(0.,-1.,0.));
#12908=DIRECTION('',(0.,0.,-1.));
#12909=DIRECTION('',(0.,1.,0.));
#12910=DIRECTION('',(0.,-1.,0.));
#12911=DIRECTION('',(0.,0.,-1.));
#12912=DIRECTION('',(0.,1.,0.));
#12913=DIRECTION('',(0.,-1.,0.));
#12914=DIRECTION('',(0.598110530491216,0.,-0.801413621867957));
#12915=DIRECTION('',(0.,-1.,0.));
#12916=DIRECTION('',(0.,1.,0.));
#12917=DIRECTION('',(-0.598110530491216,0.,0.801413621867957));
#12918=DIRECTION('',(0.,-1.,0.));
#12919=DIRECTION('',(0.,-1.,0.));
#12920=DIRECTION('',(0.598110530491216,0.,-0.801413621867957));
#12921=DIRECTION('',(0.,1.,0.));
#12922=DIRECTION('',(0.,0.,1.));
#12923=DIRECTION('',(0.,-1.,0.));
#12924=DIRECTION('',(0.,0.,-1.));
#12925=DIRECTION('',(0.,1.,0.));
#12926=DIRECTION('',(0.,-1.,0.));
#12927=DIRECTION('',(0.,0.,-1.));
#12928=DIRECTION('',(0.,1.,0.));
#12929=DIRECTION('',(0.,-1.,0.));
#12930=DIRECTION('',(0.648228395307789,0.,-0.761445958369134));
#12931=DIRECTION('',(0.,-1.,0.));
#12932=DIRECTION('',(0.,1.,0.));
#12933=DIRECTION('',(-0.648228395307789,0.,0.761445958369134));
#12934=DIRECTION('',(0.,-1.,0.));
#12935=DIRECTION('',(0.,-1.,0.));
#12936=DIRECTION('',(0.648228395307789,0.,-0.761445958369134));
#12937=DIRECTION('',(0.,1.,0.));
#12938=DIRECTION('',(0.,0.,1.));
#12939=DIRECTION('',(0.,-1.,0.));
#12940=DIRECTION('',(0.,0.,-1.));
#12941=DIRECTION('',(0.,1.,0.));
#12942=DIRECTION('',(0.,-1.,0.));
#12943=DIRECTION('',(0.,0.,-1.));
#12944=DIRECTION('',(0.,1.,0.));
#12945=DIRECTION('',(0.,-1.,0.));
#12946=DIRECTION('',(0.695682550603487,0.,-0.718349350097727));
#12947=DIRECTION('',(0.,-1.,0.));
#12948=DIRECTION('',(0.,1.,0.));
#12949=DIRECTION('',(-0.695682550603487,0.,0.718349350097727));
#12950=DIRECTION('',(0.,-1.,0.));
#12951=DIRECTION('',(0.,-1.,0.));
#12952=DIRECTION('',(0.695682550603487,0.,-0.718349350097727));
#12953=DIRECTION('',(0.,1.,0.));
#12954=DIRECTION('',(0.,0.,1.));
#12955=DIRECTION('',(0.,-1.,0.));
#12956=DIRECTION('',(0.,0.,-1.));
#12957=DIRECTION('',(0.,1.,0.));
#12958=DIRECTION('',(0.,-1.,0.));
#12959=DIRECTION('',(0.,0.,-1.));
#12960=DIRECTION('',(0.,1.,0.));
#12961=DIRECTION('',(0.,-1.,0.));
#12962=DIRECTION('',(0.740277997075316,0.,-0.672300890261317));
#12963=DIRECTION('',(0.,-1.,0.));
#12964=DIRECTION('',(0.,1.,0.));
#12965=DIRECTION('',(-0.740277997075316,0.,0.672300890261317));
#12966=DIRECTION('',(0.,-1.,0.));
#12967=DIRECTION('',(0.,-1.,0.));
#12968=DIRECTION('',(0.740277997075316,0.,-0.672300890261317));
#12969=DIRECTION('',(0.,1.,0.));
#12970=DIRECTION('',(0.,0.,1.));
#12971=DIRECTION('',(0.,-1.,0.));
#12972=DIRECTION('',(0.,0.,-1.));
#12973=DIRECTION('',(0.,1.,0.));
#12974=DIRECTION('',(0.,-1.,0.));
#12975=DIRECTION('',(0.,0.,-1.));
#12976=DIRECTION('',(0.,1.,0.));
#12977=DIRECTION('',(0.,-1.,0.));
#12978=DIRECTION('',(0.78183148246803,0.,-0.623489801858733));
#12979=DIRECTION('',(0.,-1.,0.));
#12980=DIRECTION('',(0.,1.,0.));
#12981=DIRECTION('',(-0.78183148246803,0.,0.623489801858733));
#12982=DIRECTION('',(0.,-1.,0.));
#12983=DIRECTION('',(0.,-1.,0.));
#12984=DIRECTION('',(0.78183148246803,0.,-0.623489801858733));
#12985=DIRECTION('',(0.,1.,0.));
#12986=DIRECTION('',(0.,0.,1.));
#12987=DIRECTION('',(0.,-1.,0.));
#12988=DIRECTION('',(0.,0.,-1.));
#12989=DIRECTION('',(0.,1.,0.));
#12990=DIRECTION('',(0.,-1.,0.));
#12991=DIRECTION('',(0.,0.,-1.));
#12992=DIRECTION('',(0.,1.,0.));
#12993=DIRECTION('',(0.,-1.,0.));
#12994=DIRECTION('',(0.820172254596956,0.,-0.572116660122169));
#12995=DIRECTION('',(0.,-1.,0.));
#12996=DIRECTION('',(0.,1.,0.));
#12997=DIRECTION('',(-0.820172254596956,0.,0.572116660122169));
#12998=DIRECTION('',(0.,-1.,0.));
#12999=DIRECTION('',(0.,-1.,0.));
#13000=DIRECTION('',(0.820172254596956,0.,-0.572116660122169));
#13001=DIRECTION('',(0.,1.,0.));
#13002=DIRECTION('',(0.,0.,1.));
#13003=DIRECTION('',(0.,-1.,0.));
#13004=DIRECTION('',(0.,0.,-1.));
#13005=DIRECTION('',(0.,1.,0.));
#13006=DIRECTION('',(0.,-1.,0.));
#13007=DIRECTION('',(0.,0.,-1.));
#13008=DIRECTION('',(0.,1.,0.));
#13009=DIRECTION('',(0.,-1.,0.));
#13010=DIRECTION('',(0.855142763005346,0.,-0.518392568310525));
#13011=DIRECTION('',(0.,-1.,0.));
#13012=DIRECTION('',(0.,1.,0.));
#13013=DIRECTION('',(-0.855142763005346,0.,0.518392568310525));
#13014=DIRECTION('',(0.,-1.,0.));
#13015=DIRECTION('',(0.,-1.,0.));
#13016=DIRECTION('',(0.855142763005346,0.,-0.518392568310525));
#13017=DIRECTION('',(0.,1.,0.));
#13018=DIRECTION('',(0.,0.,1.));
#13019=DIRECTION('',(0.,-1.,0.));
#13020=DIRECTION('',(0.,0.,-1.));
#13021=DIRECTION('',(0.,1.,0.));
#13022=DIRECTION('',(0.,-1.,0.));
#13023=DIRECTION('',(0.,0.,-1.));
#13024=DIRECTION('',(0.,1.,0.));
#13025=DIRECTION('',(0.,-1.,0.));
#13026=DIRECTION('',(0.886599306373,0.,-0.462538290240835));
#13027=DIRECTION('',(0.,-1.,0.));
#13028=DIRECTION('',(0.,1.,0.));
#13029=DIRECTION('',(-0.886599306373,0.,0.462538290240835));
#13030=DIRECTION('',(0.,-1.,0.));
#13031=DIRECTION('',(0.,-1.,0.));
#13032=DIRECTION('',(0.886599306373,0.,-0.462538290240835));
#13033=DIRECTION('',(0.,1.,0.));
#13034=DIRECTION('',(0.,0.,1.));
#13035=DIRECTION('',(0.,-1.,0.));
#13036=DIRECTION('',(0.,0.,-1.));
#13037=DIRECTION('',(0.,1.,0.));
#13038=DIRECTION('',(0.,-1.,0.));
#13039=DIRECTION('',(0.,0.,-1.));
#13040=DIRECTION('',(0.,1.,0.));
#13041=DIRECTION('',(0.,-1.,0.));
#13042=DIRECTION('',(0.914412623015813,0.,-0.404783343122393));
#13043=DIRECTION('',(0.,-1.,0.));
#13044=DIRECTION('',(0.,1.,0.));
#13045=DIRECTION('',(-0.914412623015813,0.,0.404783343122393));
#13046=DIRECTION('',(0.,-1.,0.));
#13047=DIRECTION('',(0.,-1.,0.));
#13048=DIRECTION('',(0.914412623015813,0.,-0.404783343122393));
#13049=DIRECTION('',(0.,1.,0.));
#13050=DIRECTION('',(0.,0.,1.));
#13051=DIRECTION('',(0.,-1.,0.));
#13052=DIRECTION('',(0.,0.,-1.));
#13053=DIRECTION('',(0.,1.,0.));
#13054=DIRECTION('',(0.,-1.,0.));
#13055=DIRECTION('',(0.,0.,-1.));
#13056=DIRECTION('',(0.,1.,0.));
#13057=DIRECTION('',(0.,-1.,0.));
#13058=DIRECTION('',(0.938468422049761,0.,-0.345365054421307));
#13059=DIRECTION('',(0.,-1.,0.));
#13060=DIRECTION('',(0.,1.,0.));
#13061=DIRECTION('',(-0.938468422049761,0.,0.345365054421307));
#13062=DIRECTION('',(0.,-1.,0.));
#13063=DIRECTION('',(0.,-1.,0.));
#13064=DIRECTION('',(0.938468422049761,0.,-0.345365054421307));
#13065=DIRECTION('',(0.,1.,0.));
#13066=DIRECTION('',(0.,0.,1.));
#13067=DIRECTION('',(0.,-1.,0.));
#13068=DIRECTION('',(0.,0.,-1.));
#13069=DIRECTION('',(0.,1.,0.));
#13070=DIRECTION('',(0.,-1.,0.));
#13071=DIRECTION('',(0.,0.,-1.));
#13072=DIRECTION('',(0.,1.,0.));
#13073=DIRECTION('',(0.,-1.,0.));
#13074=DIRECTION('',(0.958667853036661,0.,-0.284527586631032));
#13075=DIRECTION('',(0.,-1.,0.));
#13076=DIRECTION('',(0.,1.,0.));
#13077=DIRECTION('',(-0.958667853036661,0.,0.284527586631032));
#13078=DIRECTION('',(0.,-1.,0.));
#13079=DIRECTION('',(0.,-1.,0.));
#13080=DIRECTION('',(0.958667853036661,0.,-0.284527586631032));
#13081=DIRECTION('',(0.,1.,0.));
#13082=DIRECTION('',(0.,0.,1.));
#13083=DIRECTION('',(0.,-1.,0.));
#13084=DIRECTION('',(0.,0.,-1.));
#13085=DIRECTION('',(0.,1.,0.));
#13086=DIRECTION('',(0.,-1.,0.));
#13087=DIRECTION('',(0.,0.,-1.));
#13088=DIRECTION('',(0.,1.,0.));
#13089=DIRECTION('',(0.,-1.,0.));
#13090=DIRECTION('',(0.974927912181824,0.,-0.222520933956314));
#13091=DIRECTION('',(0.,-1.,0.));
#13092=DIRECTION('',(0.,1.,0.));
#13093=DIRECTION('',(-0.974927912181824,0.,0.222520933956314));
#13094=DIRECTION('',(0.,-1.,0.));
#13095=DIRECTION('',(0.,-1.,0.));
#13096=DIRECTION('',(0.974927912181824,0.,-0.222520933956314));
#13097=DIRECTION('',(0.,1.,0.));
#13098=DIRECTION('',(0.,0.,1.));
#13099=DIRECTION('',(0.,-1.,0.));
#13100=DIRECTION('',(0.,0.,-1.));
#13101=DIRECTION('',(0.,1.,0.));
#13102=DIRECTION('',(0.,-1.,0.));
#13103=DIRECTION('',(0.,0.,-1.));
#13104=DIRECTION('',(0.,1.,0.));
#13105=DIRECTION('',(0.,-1.,0.));
#13106=DIRECTION('',(0.98718178341445,0.,-0.159599895033378));
#13107=DIRECTION('',(0.,-1.,0.));
#13108=DIRECTION('',(0.,1.,0.));
#13109=DIRECTION('',(-0.98718178341445,0.,0.159599895033378));
#13110=DIRECTION('',(0.,-1.,0.));
#13111=DIRECTION('',(0.,-1.,0.));
#13112=DIRECTION('',(0.98718178341445,0.,-0.159599895033378));
#13113=DIRECTION('',(0.,1.,0.));
#13114=DIRECTION('',(0.,0.,1.));
#13115=DIRECTION('',(0.,-1.,0.));
#13116=DIRECTION('',(0.,0.,-1.));
#13117=DIRECTION('',(0.,1.,0.));
#13118=DIRECTION('',(0.,-1.,0.));
#13119=DIRECTION('',(0.,0.,-1.));
#13120=DIRECTION('',(0.,1.,0.));
#13121=DIRECTION('',(0.,-1.,0.));
#13122=DIRECTION('',(0.995379112949198,0.,-0.0960230259076812));
#13123=DIRECTION('',(0.,-1.,0.));
#13124=DIRECTION('',(0.,1.,0.));
#13125=DIRECTION('',(-0.995379112949198,0.,0.0960230259076812));
#13126=DIRECTION('',(0.,-1.,0.));
#13127=DIRECTION('',(0.,-1.,0.));
#13128=DIRECTION('',(0.995379112949198,0.,-0.0960230259076812));
#13129=DIRECTION('',(0.,1.,0.));
#13130=DIRECTION('',(0.,0.,1.));
#13131=DIRECTION('',(0.,-1.,0.));
#13132=DIRECTION('',(0.,0.,-1.));
#13133=DIRECTION('',(0.,1.,0.));
#13134=DIRECTION('',(0.,-1.,0.));
#13135=DIRECTION('',(0.,0.,-1.));
#13136=DIRECTION('',(0.,1.,0.));
#13137=DIRECTION('',(0.,-1.,0.));
#13138=DIRECTION('',(0.999486216200688,0.,-0.0320515775716548));
#13139=DIRECTION('',(0.,-1.,0.));
#13140=DIRECTION('',(0.,1.,0.));
#13141=DIRECTION('',(-0.999486216200688,0.,0.0320515775716548));
#13142=DIRECTION('',(0.,-1.,0.));
#13143=DIRECTION('',(0.,-1.,0.));
#13144=DIRECTION('',(0.999486216200688,0.,-0.0320515775716548));
#13145=DIRECTION('',(0.,1.,0.));
#13146=DIRECTION('',(0.,0.,1.));
#13147=DIRECTION('',(0.,-1.,0.));
#13148=DIRECTION('',(0.,0.,-1.));
#13149=DIRECTION('',(0.,1.,0.));
#13150=DIRECTION('',(0.,-1.,0.));
#13151=DIRECTION('',(0.,0.,-1.));
#13152=DIRECTION('',(0.,1.,0.));
#13153=DIRECTION('',(0.,-1.,0.));
#13154=DIRECTION('',(0.999486216200688,0.,0.0320515775716552));
#13155=DIRECTION('',(0.,-1.,0.));
#13156=DIRECTION('',(0.,1.,0.));
#13157=DIRECTION('',(-0.999486216200688,0.,-0.0320515775716552));
#13158=DIRECTION('',(0.,-1.,0.));
#13159=DIRECTION('',(0.,-1.,0.));
#13160=DIRECTION('',(0.999486216200688,0.,0.0320515775716552));
#13161=DIRECTION('',(0.,1.,0.));
#13162=DIRECTION('',(0.,0.,1.));
#13163=DIRECTION('',(0.,-1.,0.));
#13164=DIRECTION('',(0.,0.,-1.));
#13165=DIRECTION('',(0.,1.,0.));
#13166=DIRECTION('',(0.,-1.,0.));
#13167=DIRECTION('',(0.,0.,-1.));
#13168=DIRECTION('',(0.,1.,0.));
#13169=DIRECTION('',(0.,-1.,0.));
#13170=DIRECTION('',(0.995379112949198,0.,0.0960230259076824));
#13171=DIRECTION('',(0.,-1.,0.));
#13172=DIRECTION('',(0.,1.,0.));
#13173=DIRECTION('',(-0.995379112949198,0.,-0.0960230259076824));
#13174=DIRECTION('',(0.,-1.,0.));
#13175=DIRECTION('',(0.,-1.,0.));
#13176=DIRECTION('',(0.995379112949198,0.,0.0960230259076824));
#13177=DIRECTION('',(0.,1.,0.));
#13178=DIRECTION('',(0.,0.,1.));
#13179=DIRECTION('',(0.,-1.,0.));
#13180=DIRECTION('',(0.,0.,-1.));
#13181=DIRECTION('',(0.,1.,0.));
#13182=DIRECTION('',(0.,-1.,0.));
#13183=DIRECTION('',(0.,0.,-1.));
#13184=DIRECTION('',(0.,1.,0.));
#13185=DIRECTION('',(0.,-1.,0.));
#13186=DIRECTION('',(0.98718178341445,0.,0.159599895033379));
#13187=DIRECTION('',(0.,-1.,0.));
#13188=DIRECTION('',(0.,1.,0.));
#13189=DIRECTION('',(-0.98718178341445,0.,-0.159599895033379));
#13190=DIRECTION('',(0.,-1.,0.));
#13191=DIRECTION('',(0.,-1.,0.));
#13192=DIRECTION('',(0.98718178341445,0.,0.159599895033379));
#13193=DIRECTION('',(0.,1.,0.));
#13194=DIRECTION('',(0.,0.,1.));
#13195=DIRECTION('',(0.,-1.,0.));
#13196=DIRECTION('',(0.,0.,-1.));
#13197=DIRECTION('',(0.,1.,0.));
#13198=DIRECTION('',(0.,-1.,0.));
#13199=DIRECTION('',(0.,0.,-1.));
#13200=DIRECTION('',(0.,1.,0.));
#13201=DIRECTION('',(0.,-1.,0.));
#13202=DIRECTION('',(0.974927912181824,0.,0.222520933956315));
#13203=DIRECTION('',(0.,-1.,0.));
#13204=DIRECTION('',(0.,1.,0.));
#13205=DIRECTION('',(-0.974927912181824,0.,-0.222520933956315));
#13206=DIRECTION('',(0.,-1.,0.));
#13207=DIRECTION('',(0.,-1.,0.));
#13208=DIRECTION('',(0.974927912181824,0.,0.222520933956315));
#13209=DIRECTION('',(0.,1.,0.));
#13210=DIRECTION('',(0.,0.,1.));
#13211=DIRECTION('',(0.,-1.,0.));
#13212=DIRECTION('',(0.,0.,-1.));
#13213=DIRECTION('',(0.,1.,0.));
#13214=DIRECTION('',(0.,-1.,0.));
#13215=DIRECTION('',(0.,0.,-1.));
#13216=DIRECTION('',(0.,1.,0.));
#13217=DIRECTION('',(0.,-1.,0.));
#13218=DIRECTION('',(0.95866785303666,0.,0.284527586631033));
#13219=DIRECTION('',(0.,-1.,0.));
#13220=DIRECTION('',(0.,1.,0.));
#13221=DIRECTION('',(-0.95866785303666,0.,-0.284527586631033));
#13222=DIRECTION('',(0.,-1.,0.));
#13223=DIRECTION('',(0.,-1.,0.));
#13224=DIRECTION('',(0.95866785303666,0.,0.284527586631033));
#13225=DIRECTION('',(0.,1.,0.));
#13226=DIRECTION('',(0.,0.,1.));
#13227=DIRECTION('',(0.,-1.,0.));
#13228=DIRECTION('',(0.,0.,-1.));
#13229=DIRECTION('',(0.,1.,0.));
#13230=DIRECTION('',(0.,-1.,0.));
#13231=DIRECTION('',(0.,0.,-1.));
#13232=DIRECTION('',(0.,1.,0.));
#13233=DIRECTION('',(0.,-1.,0.));
#13234=DIRECTION('',(0.93846842204976,0.,0.345365054421308));
#13235=DIRECTION('',(0.,-1.,0.));
#13236=DIRECTION('',(0.,1.,0.));
#13237=DIRECTION('',(-0.93846842204976,0.,-0.345365054421308));
#13238=DIRECTION('',(0.,-1.,0.));
#13239=DIRECTION('',(0.,-1.,0.));
#13240=DIRECTION('',(0.93846842204976,0.,0.345365054421308));
#13241=DIRECTION('',(0.,1.,0.));
#13242=DIRECTION('',(0.,0.,1.));
#13243=DIRECTION('',(0.,-1.,0.));
#13244=DIRECTION('',(0.,0.,-1.));
#13245=DIRECTION('',(0.,1.,0.));
#13246=DIRECTION('',(0.,-1.,0.));
#13247=DIRECTION('',(0.,0.,-1.));
#13248=DIRECTION('',(0.,1.,0.));
#13249=DIRECTION('',(0.,-1.,0.));
#13250=DIRECTION('',(0.914412623015812,0.,0.404783343122394));
#13251=DIRECTION('',(0.,-1.,0.));
#13252=DIRECTION('',(0.,1.,0.));
#13253=DIRECTION('',(-0.914412623015812,0.,-0.404783343122394));
#13254=DIRECTION('',(0.,-1.,0.));
#13255=DIRECTION('',(0.,-1.,0.));
#13256=DIRECTION('',(0.914412623015812,0.,0.404783343122394));
#13257=DIRECTION('',(0.,1.,0.));
#13258=DIRECTION('',(0.,0.,1.));
#13259=DIRECTION('',(0.,-1.,0.));
#13260=DIRECTION('',(0.,0.,-1.));
#13261=DIRECTION('',(0.,1.,0.));
#13262=DIRECTION('',(0.,-1.,0.));
#13263=DIRECTION('',(0.,0.,-1.));
#13264=DIRECTION('',(0.,1.,0.));
#13265=DIRECTION('',(0.,-1.,0.));
#13266=DIRECTION('',(0.886599306373,0.,0.462538290240835));
#13267=DIRECTION('',(0.,-1.,0.));
#13268=DIRECTION('',(0.,1.,0.));
#13269=DIRECTION('',(-0.886599306373,0.,-0.462538290240835));
#13270=DIRECTION('',(0.,-1.,0.));
#13271=DIRECTION('',(0.,-1.,0.));
#13272=DIRECTION('',(0.886599306373,0.,0.462538290240835));
#13273=DIRECTION('',(0.,1.,0.));
#13274=DIRECTION('',(0.,0.,1.));
#13275=DIRECTION('',(0.,-1.,0.));
#13276=DIRECTION('',(0.,0.,-1.));
#13277=DIRECTION('',(0.,1.,0.));
#13278=DIRECTION('',(0.,-1.,0.));
#13279=DIRECTION('',(0.,0.,-1.));
#13280=DIRECTION('',(0.,1.,0.));
#13281=DIRECTION('',(0.,-1.,0.));
#13282=DIRECTION('',(0.855142763005346,0.,0.518392568310526));
#13283=DIRECTION('',(0.,-1.,0.));
#13284=DIRECTION('',(0.,1.,0.));
#13285=DIRECTION('',(-0.855142763005346,0.,-0.518392568310526));
#13286=DIRECTION('',(0.,-1.,0.));
#13287=DIRECTION('',(0.,-1.,0.));
#13288=DIRECTION('',(0.855142763005346,0.,0.518392568310526));
#13289=DIRECTION('',(0.,1.,0.));
#13290=DIRECTION('',(0.,0.,1.));
#13291=DIRECTION('',(0.,-1.,0.));
#13292=DIRECTION('',(0.,0.,-1.));
#13293=DIRECTION('',(0.,1.,0.));
#13294=DIRECTION('',(0.,-1.,0.));
#13295=DIRECTION('',(0.,0.,-1.));
#13296=DIRECTION('',(0.,1.,0.));
#13297=DIRECTION('',(0.,-1.,0.));
#13298=DIRECTION('',(0.820172254596956,0.,0.57211666012217));
#13299=DIRECTION('',(0.,-1.,0.));
#13300=DIRECTION('',(0.,1.,0.));
#13301=DIRECTION('',(-0.820172254596956,0.,-0.57211666012217));
#13302=DIRECTION('',(0.,-1.,0.));
#13303=DIRECTION('',(0.,-1.,0.));
#13304=DIRECTION('',(0.820172254596956,0.,0.57211666012217));
#13305=DIRECTION('',(0.,1.,0.));
#13306=DIRECTION('',(0.,0.,1.));
#13307=DIRECTION('',(0.,-1.,0.));
#13308=DIRECTION('',(0.,0.,-1.));
#13309=DIRECTION('',(0.,1.,0.));
#13310=DIRECTION('',(0.,-1.,0.));
#13311=DIRECTION('',(0.,0.,-1.));
#13312=DIRECTION('',(0.,1.,0.));
#13313=DIRECTION('',(0.,-1.,0.));
#13314=DIRECTION('',(0.78183148246803,0.,0.623489801858734));
#13315=DIRECTION('',(0.,-1.,0.));
#13316=DIRECTION('',(0.,1.,0.));
#13317=DIRECTION('',(-0.78183148246803,0.,-0.623489801858734));
#13318=DIRECTION('',(0.,-1.,0.));
#13319=DIRECTION('',(0.,-1.,0.));
#13320=DIRECTION('',(0.78183148246803,0.,0.623489801858734));
#13321=DIRECTION('',(0.,1.,0.));
#13322=DIRECTION('',(0.,0.,1.));
#13323=DIRECTION('',(0.,-1.,0.));
#13324=DIRECTION('',(0.,0.,-1.));
#13325=DIRECTION('',(0.,1.,0.));
#13326=DIRECTION('',(0.,-1.,0.));
#13327=DIRECTION('',(0.,0.,-1.));
#13328=DIRECTION('',(0.,1.,0.));
#13329=DIRECTION('',(0.,-1.,0.));
#13330=DIRECTION('',(0.740277997075315,0.,0.672300890261317));
#13331=DIRECTION('',(0.,-1.,0.));
#13332=DIRECTION('',(0.,1.,0.));
#13333=DIRECTION('',(-0.740277997075315,0.,-0.672300890261317));
#13334=DIRECTION('',(0.,-1.,0.));
#13335=DIRECTION('',(0.,-1.,0.));
#13336=DIRECTION('',(0.740277997075315,0.,0.672300890261317));
#13337=DIRECTION('',(0.,1.,0.));
#13338=DIRECTION('',(0.,0.,1.));
#13339=DIRECTION('',(0.,-1.,0.));
#13340=DIRECTION('',(0.,0.,-1.));
#13341=DIRECTION('',(0.,1.,0.));
#13342=DIRECTION('',(0.,-1.,0.));
#13343=DIRECTION('',(0.,0.,-1.));
#13344=DIRECTION('',(0.,1.,0.));
#13345=DIRECTION('',(0.,-1.,0.));
#13346=DIRECTION('',(0.695682550603486,0.,0.718349350097728));
#13347=DIRECTION('',(0.,-1.,0.));
#13348=DIRECTION('',(0.,1.,0.));
#13349=DIRECTION('',(-0.695682550603486,0.,-0.718349350097728));
#13350=DIRECTION('',(0.,-1.,0.));
#13351=DIRECTION('',(0.,-1.,0.));
#13352=DIRECTION('',(0.695682550603486,0.,0.718349350097728));
#13353=DIRECTION('',(0.,1.,0.));
#13354=DIRECTION('',(0.,0.,1.));
#13355=DIRECTION('',(0.,-1.,0.));
#13356=DIRECTION('',(0.,0.,-1.));
#13357=DIRECTION('',(0.,1.,0.));
#13358=DIRECTION('',(0.,-1.,0.));
#13359=DIRECTION('',(0.,0.,-1.));
#13360=DIRECTION('',(0.,1.,0.));
#13361=DIRECTION('',(0.,-1.,0.));
#13362=DIRECTION('',(0.648228395307788,0.,0.761445958369135));
#13363=DIRECTION('',(0.,-1.,0.));
#13364=DIRECTION('',(0.,1.,0.));
#13365=DIRECTION('',(-0.648228395307788,0.,-0.761445958369135));
#13366=DIRECTION('',(0.,-1.,0.));
#13367=DIRECTION('',(0.,-1.,0.));
#13368=DIRECTION('',(0.648228395307788,0.,0.761445958369135));
#13369=DIRECTION('',(0.,1.,0.));
#13370=DIRECTION('',(0.,0.,1.));
#13371=DIRECTION('',(0.,-1.,0.));
#13372=DIRECTION('',(0.,0.,-1.));
#13373=DIRECTION('',(0.,1.,0.));
#13374=DIRECTION('',(0.,-1.,0.));
#13375=DIRECTION('',(0.,0.,-1.));
#13376=DIRECTION('',(0.,1.,0.));
#13377=DIRECTION('',(0.,-1.,0.));
#13378=DIRECTION('',(0.598110530491216,0.,0.801413621867957));
#13379=DIRECTION('',(0.,-1.,0.));
#13380=DIRECTION('',(0.,1.,0.));
#13381=DIRECTION('',(-0.598110530491216,0.,-0.801413621867957));
#13382=DIRECTION('',(0.,-1.,0.));
#13383=DIRECTION('',(0.,-1.,0.));
#13384=DIRECTION('',(0.598110530491216,0.,0.801413621867957));
#13385=DIRECTION('',(0.,1.,0.));
#13386=DIRECTION('',(0.,0.,1.));
#13387=DIRECTION('',(0.,-1.,0.));
#13388=DIRECTION('',(0.,0.,-1.));
#13389=DIRECTION('',(0.,1.,0.));
#13390=DIRECTION('',(0.,-1.,0.));
#13391=DIRECTION('',(0.,0.,-1.));
#13392=DIRECTION('',(0.,1.,0.));
#13393=DIRECTION('',(0.,-1.,0.));
#13394=DIRECTION('',(0.545534901210549,0.,0.838088104891841));
#13395=DIRECTION('',(0.,-1.,0.));
#13396=DIRECTION('',(0.,1.,0.));
#13397=DIRECTION('',(-0.545534901210549,0.,-0.838088104891841));
#13398=DIRECTION('',(0.,-1.,0.));
#13399=DIRECTION('',(0.,-1.,0.));
#13400=DIRECTION('',(0.545534901210549,0.,0.838088104891841));
#13401=DIRECTION('',(0.,1.,0.));
#13402=DIRECTION('',(0.,0.,1.));
#13403=DIRECTION('',(0.,-1.,0.));
#13404=DIRECTION('',(0.,0.,-1.));
#13405=DIRECTION('',(0.,1.,0.));
#13406=DIRECTION('',(0.,-1.,0.));
#13407=DIRECTION('',(0.,0.,-1.));
#13408=DIRECTION('',(0.,1.,0.));
#13409=DIRECTION('',(0.,-1.,0.));
#13410=DIRECTION('',(0.490717552003938,0.,0.87131870412339));
#13411=DIRECTION('',(0.,-1.,0.));
#13412=DIRECTION('',(0.,1.,0.));
#13413=DIRECTION('',(-0.490717552003938,0.,-0.87131870412339));
#13414=DIRECTION('',(0.,-1.,0.));
#13415=DIRECTION('',(0.,-1.,0.));
#13416=DIRECTION('',(0.490717552003938,0.,0.87131870412339));
#13417=DIRECTION('',(0.,1.,0.));
#13418=DIRECTION('',(0.,0.,1.));
#13419=DIRECTION('',(0.,-1.,0.));
#13420=DIRECTION('',(0.,0.,-1.));
#13421=DIRECTION('',(0.,1.,0.));
#13422=DIRECTION('',(0.,-1.,0.));
#13423=DIRECTION('',(0.,0.,-1.));
#13424=DIRECTION('',(0.,1.,0.));
#13425=DIRECTION('',(0.,-1.,0.));
#13426=DIRECTION('',(0.433883739117558,0.,0.900968867902419));
#13427=DIRECTION('',(0.,-1.,0.));
#13428=DIRECTION('',(0.,1.,0.));
#13429=DIRECTION('',(-0.433883739117558,0.,-0.900968867902419));
#13430=DIRECTION('',(0.,-1.,0.));
#13431=DIRECTION('',(0.,-1.,0.));
#13432=DIRECTION('',(0.433883739117558,0.,0.900968867902419));
#13433=DIRECTION('',(0.,1.,0.));
#13434=DIRECTION('',(0.,0.,1.));
#13435=DIRECTION('',(0.,-1.,0.));
#13436=DIRECTION('',(0.,0.,-1.));
#13437=DIRECTION('',(0.,1.,0.));
#13438=DIRECTION('',(0.,-1.,0.));
#13439=DIRECTION('',(0.,0.,-1.));
#13440=DIRECTION('',(0.,1.,0.));
#13441=DIRECTION('',(0.,-1.,0.));
#13442=DIRECTION('',(0.375267004879374,0.,0.926916757346022));
#13443=DIRECTION('',(0.,-1.,0.));
#13444=DIRECTION('',(0.,1.,0.));
#13445=DIRECTION('',(-0.375267004879374,0.,-0.926916757346022));
#13446=DIRECTION('',(0.,-1.,0.));
#13447=DIRECTION('',(0.,-1.,0.));
#13448=DIRECTION('',(0.375267004879374,0.,0.926916757346022));
#13449=DIRECTION('',(0.,1.,0.));
#13450=DIRECTION('',(0.,0.,1.));
#13451=DIRECTION('',(0.,-1.,0.));
#13452=DIRECTION('',(0.,0.,-1.));
#13453=DIRECTION('',(0.,1.,0.));
#13454=DIRECTION('',(0.,-1.,0.));
#13455=DIRECTION('',(0.,0.,-1.));
#13456=DIRECTION('',(0.,1.,0.));
#13457=DIRECTION('',(0.,-1.,0.));
#13458=DIRECTION('',(0.31510821802362,0.,0.949055747010669));
#13459=DIRECTION('',(0.,-1.,0.));
#13460=DIRECTION('',(0.,1.,0.));
#13461=DIRECTION('',(-0.31510821802362,0.,-0.949055747010669));
#13462=DIRECTION('',(0.,-1.,0.));
#13463=DIRECTION('',(0.,-1.,0.));
#13464=DIRECTION('',(0.31510821802362,0.,0.949055747010669));
#13465=DIRECTION('',(0.,1.,0.));
#13466=DIRECTION('',(0.,0.,1.));
#13467=DIRECTION('',(0.,-1.,0.));
#13468=DIRECTION('',(0.,0.,-1.));
#13469=DIRECTION('',(0.,1.,0.));
#13470=DIRECTION('',(0.,-1.,0.));
#13471=DIRECTION('',(0.,0.,-1.));
#13472=DIRECTION('',(0.,1.,0.));
#13473=DIRECTION('',(0.,-1.,0.));
#13474=DIRECTION('',(0.253654583909507,0.,0.967294863039029));
#13475=DIRECTION('',(0.,-1.,0.));
#13476=DIRECTION('',(0.,1.,0.));
#13477=DIRECTION('',(-0.253654583909507,0.,-0.967294863039029));
#13478=DIRECTION('',(0.,-1.,0.));
#13479=DIRECTION('',(0.,-1.,0.));
#13480=DIRECTION('',(0.253654583909507,0.,0.967294863039029));
#13481=DIRECTION('',(0.,1.,0.));
#13482=DIRECTION('',(0.,0.,1.));
#13483=DIRECTION('',(0.,-1.,0.));
#13484=DIRECTION('',(0.,0.,-1.));
#13485=DIRECTION('',(0.,1.,0.));
#13486=DIRECTION('',(0.,-1.,0.));
#13487=DIRECTION('',(0.,0.,-1.));
#13488=DIRECTION('',(0.,1.,0.));
#13489=DIRECTION('',(0.,-1.,0.));
#13490=DIRECTION('',(0.191158628701372,0.,0.981559156991065));
#13491=DIRECTION('',(0.,-1.,0.));
#13492=DIRECTION('',(0.,1.,0.));
#13493=DIRECTION('',(-0.191158628701372,0.,-0.981559156991065));
#13494=DIRECTION('',(0.,-1.,0.));
#13495=DIRECTION('',(0.,-1.,0.));
#13496=DIRECTION('',(0.191158628701372,0.,0.981559156991065));
#13497=DIRECTION('',(0.,1.,0.));
#13498=DIRECTION('',(0.,0.,1.));
#13499=DIRECTION('',(0.,-1.,0.));
#13500=DIRECTION('',(0.,0.,-1.));
#13501=DIRECTION('',(0.,1.,0.));
#13502=DIRECTION('',(0.,-1.,0.));
#13503=DIRECTION('',(0.,0.,-1.));
#13504=DIRECTION('',(0.,1.,0.));
#13505=DIRECTION('',(0.,-1.,0.));
#13506=DIRECTION('',(0.127877161684506,0.,0.991790013823246));
#13507=DIRECTION('',(0.,-1.,0.));
#13508=DIRECTION('',(0.,1.,0.));
#13509=DIRECTION('',(-0.127877161684506,0.,-0.991790013823246));
#13510=DIRECTION('',(0.,-1.,0.));
#13511=DIRECTION('',(0.,-1.,0.));
#13512=DIRECTION('',(0.127877161684506,0.,0.991790013823246));
#13513=DIRECTION('',(0.,1.,0.));
#13514=DIRECTION('',(0.,0.,1.));
#13515=DIRECTION('',(0.,-1.,0.));
#13516=DIRECTION('',(0.,0.,-1.));
#13517=DIRECTION('',(0.,1.,0.));
#13518=DIRECTION('',(0.,-1.,0.));
#13519=DIRECTION('',(0.,0.,-1.));
#13520=DIRECTION('',(0.,1.,0.));
#13521=DIRECTION('',(0.,-1.,0.));
#13522=DIRECTION('',(0.0640702199807126,0.,0.997945392750336));
#13523=DIRECTION('',(0.,-1.,0.));
#13524=DIRECTION('',(0.,1.,0.));
#13525=DIRECTION('',(-0.0640702199807126,0.,-0.997945392750336));
#13526=DIRECTION('',(0.,-1.,0.));
#13527=DIRECTION('',(0.,-1.,0.));
#13528=DIRECTION('',(0.0640702199807126,0.,0.997945392750336));
#13529=DIRECTION('',(0.,1.,0.));
#13530=DIRECTION('',(0.,0.,1.));
#13531=DIRECTION('',(0.,-1.,0.));
#13532=DIRECTION('',(0.,0.,-1.));
#13533=DIRECTION('',(0.,1.,0.));
#13534=DIRECTION('',(0.,-1.,0.));
#13535=DIRECTION('',(0.,0.,-1.));
#13536=DIRECTION('',(0.,1.,0.));
#13537=DIRECTION('',(0.,-1.,0.));
#13538=DIRECTION('',(-1.22464679914735E-16,0.,1.));
#13539=DIRECTION('',(0.,-1.,0.));
#13540=DIRECTION('',(0.,1.,0.));
#13541=DIRECTION('',(1.22464679914735E-16,0.,-1.));
#13542=DIRECTION('',(0.,-1.,0.));
#13543=DIRECTION('',(0.,-1.,0.));
#13544=DIRECTION('',(-1.22464679914735E-16,0.,1.));
#13545=DIRECTION('',(0.,1.,0.));
#13546=DIRECTION('',(0.,0.,1.));
#13547=DIRECTION('',(0.,-1.,0.));
#13548=DIRECTION('',(0.,0.,-1.));
#13549=DIRECTION('',(0.,1.,0.));
#13550=DIRECTION('',(0.,-1.,0.));
#13551=DIRECTION('',(0.,0.,-1.));
#13552=DIRECTION('',(0.,1.,0.));
#13553=DIRECTION('',(0.,-1.,0.));
#13554=DIRECTION('',(-0.0640702199807132,0.,0.997945392750336));
#13555=DIRECTION('',(0.,-1.,0.));
#13556=DIRECTION('',(0.,1.,0.));
#13557=DIRECTION('',(0.0640702199807132,0.,-0.997945392750336));
#13558=DIRECTION('',(0.,-1.,0.));
#13559=DIRECTION('',(0.,-1.,0.));
#13560=DIRECTION('',(-0.0640702199807132,0.,0.997945392750336));
#13561=DIRECTION('',(0.,1.,0.));
#13562=DIRECTION('',(0.,0.,1.));
#13563=DIRECTION('',(0.,-1.,0.));
#13564=DIRECTION('',(0.,0.,-1.));
#13565=DIRECTION('',(0.,1.,0.));
#13566=DIRECTION('',(0.,-1.,0.));
#13567=DIRECTION('',(0.,0.,-1.));
#13568=DIRECTION('',(0.,1.,0.));
#13569=DIRECTION('',(0.,-1.,0.));
#13570=DIRECTION('',(-0.127877161684506,0.,0.991790013823246));
#13571=DIRECTION('',(0.,-1.,0.));
#13572=DIRECTION('',(0.,1.,0.));
#13573=DIRECTION('',(0.127877161684506,0.,-0.991790013823246));
#13574=DIRECTION('',(0.,-1.,0.));
#13575=DIRECTION('',(0.,-1.,0.));
#13576=DIRECTION('',(-0.127877161684506,0.,0.991790013823246));
#13577=DIRECTION('',(0.,1.,0.));
#13578=DIRECTION('',(0.,0.,1.));
#13579=DIRECTION('',(0.,-1.,0.));
#13580=DIRECTION('',(0.,0.,-1.));
#13581=DIRECTION('',(0.,1.,0.));
#13582=DIRECTION('',(0.,-1.,0.));
#13583=DIRECTION('',(0.,0.,-1.));
#13584=DIRECTION('',(0.,1.,0.));
#13585=DIRECTION('',(0.,-1.,0.));
#13586=DIRECTION('',(-0.191158628701373,0.,0.981559156991065));
#13587=DIRECTION('',(0.,-1.,0.));
#13588=DIRECTION('',(0.,1.,0.));
#13589=DIRECTION('',(0.191158628701373,0.,-0.981559156991065));
#13590=DIRECTION('',(0.,-1.,0.));
#13591=DIRECTION('',(0.,-1.,0.));
#13592=DIRECTION('',(-0.191158628701373,0.,0.981559156991065));
#13593=DIRECTION('',(0.,1.,0.));
#13594=DIRECTION('',(0.,0.,1.));
#13595=DIRECTION('',(0.,-1.,0.));
#13596=DIRECTION('',(0.,0.,-1.));
#13597=DIRECTION('',(0.,1.,0.));
#13598=DIRECTION('',(0.,-1.,0.));
#13599=DIRECTION('',(0.,0.,-1.));
#13600=DIRECTION('',(0.,1.,0.));
#13601=DIRECTION('',(0.,-1.,0.));
#13602=DIRECTION('',(-0.253654583909508,0.,0.967294863039029));
#13603=DIRECTION('',(0.,-1.,0.));
#13604=DIRECTION('',(0.,1.,0.));
#13605=DIRECTION('',(0.253654583909508,0.,-0.967294863039029));
#13606=DIRECTION('',(0.,-1.,0.));
#13607=DIRECTION('',(0.,-1.,0.));
#13608=DIRECTION('',(-0.253654583909508,0.,0.967294863039029));
#13609=DIRECTION('',(0.,1.,0.));
#13610=DIRECTION('',(0.,0.,1.));
#13611=DIRECTION('',(0.,-1.,0.));
#13612=DIRECTION('',(0.,0.,-1.));
#13613=DIRECTION('',(0.,1.,0.));
#13614=DIRECTION('',(0.,-1.,0.));
#13615=DIRECTION('',(0.,0.,-1.));
#13616=DIRECTION('',(0.,1.,0.));
#13617=DIRECTION('',(0.,-1.,0.));
#13618=DIRECTION('',(-0.315108218023621,0.,0.949055747010669));
#13619=DIRECTION('',(0.,-1.,0.));
#13620=DIRECTION('',(0.,1.,0.));
#13621=DIRECTION('',(0.315108218023621,0.,-0.949055747010669));
#13622=DIRECTION('',(0.,-1.,0.));
#13623=DIRECTION('',(0.,-1.,0.));
#13624=DIRECTION('',(-0.315108218023621,0.,0.949055747010669));
#13625=DIRECTION('',(0.,1.,0.));
#13626=DIRECTION('',(0.,0.,1.));
#13627=DIRECTION('',(0.,-1.,0.));
#13628=DIRECTION('',(0.,0.,-1.));
#13629=DIRECTION('',(0.,1.,0.));
#13630=DIRECTION('',(0.,-1.,0.));
#13631=DIRECTION('',(0.,0.,-1.));
#13632=DIRECTION('',(0.,1.,0.));
#13633=DIRECTION('',(0.,-1.,0.));
#13634=DIRECTION('',(-0.375267004879375,0.,0.926916757346022));
#13635=DIRECTION('',(0.,-1.,0.));
#13636=DIRECTION('',(0.,1.,0.));
#13637=DIRECTION('',(0.375267004879375,0.,-0.926916757346022));
#13638=DIRECTION('',(0.,-1.,0.));
#13639=DIRECTION('',(0.,-1.,0.));
#13640=DIRECTION('',(-0.375267004879375,0.,0.926916757346022));
#13641=DIRECTION('',(0.,1.,0.));
#13642=DIRECTION('',(0.,0.,1.));
#13643=DIRECTION('',(0.,-1.,0.));
#13644=DIRECTION('',(0.,0.,-1.));
#13645=DIRECTION('',(0.,1.,0.));
#13646=DIRECTION('',(0.,-1.,0.));
#13647=DIRECTION('',(0.,0.,-1.));
#13648=DIRECTION('',(0.,1.,0.));
#13649=DIRECTION('',(0.,-1.,0.));
#13650=DIRECTION('',(-0.433883739117559,0.,0.900968867902419));
#13651=DIRECTION('',(0.,-1.,0.));
#13652=DIRECTION('',(0.,1.,0.));
#13653=DIRECTION('',(0.433883739117559,0.,-0.900968867902419));
#13654=DIRECTION('',(0.,-1.,0.));
#13655=DIRECTION('',(0.,-1.,0.));
#13656=DIRECTION('',(-0.433883739117559,0.,0.900968867902419));
#13657=DIRECTION('',(0.,1.,0.));
#13658=DIRECTION('',(0.,0.,1.));
#13659=DIRECTION('',(0.,-1.,0.));
#13660=DIRECTION('',(0.,0.,-1.));
#13661=DIRECTION('',(0.,1.,0.));
#13662=DIRECTION('',(0.,-1.,0.));
#13663=DIRECTION('',(0.,0.,-1.));
#13664=DIRECTION('',(0.,1.,0.));
#13665=DIRECTION('',(0.,-1.,0.));
#13666=DIRECTION('',(-0.490717552003938,0.,0.871318704123389));
#13667=DIRECTION('',(0.,-1.,0.));
#13668=DIRECTION('',(0.,1.,0.));
#13669=DIRECTION('',(0.490717552003938,0.,-0.871318704123389));
#13670=DIRECTION('',(0.,-1.,0.));
#13671=DIRECTION('',(0.,-1.,0.));
#13672=DIRECTION('',(-0.490717552003938,0.,0.871318704123389));
#13673=DIRECTION('',(0.,1.,0.));
#13674=DIRECTION('',(0.,0.,1.));
#13675=DIRECTION('',(0.,-1.,0.));
#13676=DIRECTION('',(0.,0.,-1.));
#13677=DIRECTION('',(0.,1.,0.));
#13678=DIRECTION('',(0.,-1.,0.));
#13679=DIRECTION('',(0.,0.,-1.));
#13680=DIRECTION('',(0.,1.,0.));
#13681=DIRECTION('',(0.,-1.,0.));
#13682=DIRECTION('',(-0.545534901210549,0.,0.83808810489184));
#13683=DIRECTION('',(0.,-1.,0.));
#13684=DIRECTION('',(0.,1.,0.));
#13685=DIRECTION('',(0.545534901210549,0.,-0.83808810489184));
#13686=DIRECTION('',(0.,-1.,0.));
#13687=DIRECTION('',(0.,-1.,0.));
#13688=DIRECTION('',(-0.545534901210549,0.,0.83808810489184));
#13689=DIRECTION('',(0.,1.,0.));
#13690=DIRECTION('',(0.,0.,1.));
#13691=DIRECTION('',(0.,-1.,0.));
#13692=DIRECTION('',(0.,0.,-1.));
#13693=DIRECTION('',(0.,1.,0.));
#13694=DIRECTION('',(0.,-1.,0.));
#13695=DIRECTION('',(0.,0.,-1.));
#13696=DIRECTION('',(0.,1.,0.));
#13697=DIRECTION('',(0.,-1.,0.));
#13698=DIRECTION('',(-0.598110530491216,0.,0.801413621867957));
#13699=DIRECTION('',(0.,-1.,0.));
#13700=DIRECTION('',(0.,1.,0.));
#13701=DIRECTION('',(0.598110530491216,0.,-0.801413621867957));
#13702=DIRECTION('',(0.,-1.,0.));
#13703=DIRECTION('',(0.,-1.,0.));
#13704=DIRECTION('',(-0.598110530491216,0.,0.801413621867957));
#13705=DIRECTION('',(0.,1.,0.));
#13706=DIRECTION('',(0.,0.,1.));
#13707=DIRECTION('',(0.,-1.,0.));
#13708=DIRECTION('',(0.,0.,-1.));
#13709=DIRECTION('',(0.,1.,0.));
#13710=DIRECTION('',(0.,-1.,0.));
#13711=DIRECTION('',(0.,0.,-1.));
#13712=DIRECTION('',(0.,1.,0.));
#13713=DIRECTION('',(0.,-1.,0.));
#13714=DIRECTION('',(-0.648228395307789,0.,0.761445958369134));
#13715=DIRECTION('',(0.,-1.,0.));
#13716=DIRECTION('',(0.,1.,0.));
#13717=DIRECTION('',(0.648228395307789,0.,-0.761445958369134));
#13718=DIRECTION('',(0.,-1.,0.));
#13719=DIRECTION('',(0.,-1.,0.));
#13720=DIRECTION('',(-0.648228395307789,0.,0.761445958369134));
#13721=DIRECTION('',(0.,1.,0.));
#13722=DIRECTION('',(0.,0.,1.));
#13723=DIRECTION('',(0.,-1.,0.));
#13724=DIRECTION('',(0.,0.,-1.));
#13725=DIRECTION('',(0.,1.,0.));
#13726=DIRECTION('',(0.,-1.,0.));
#13727=DIRECTION('',(0.,0.,-1.));
#13728=DIRECTION('',(0.,1.,0.));
#13729=DIRECTION('',(0.,-1.,0.));
#13730=DIRECTION('',(-0.695682550603487,0.,0.718349350097728));
#13731=DIRECTION('',(0.,-1.,0.));
#13732=DIRECTION('',(0.,1.,0.));
#13733=DIRECTION('',(0.695682550603487,0.,-0.718349350097728));
#13734=DIRECTION('',(0.,-1.,0.));
#13735=DIRECTION('',(0.,-1.,0.));
#13736=DIRECTION('',(-0.695682550603487,0.,0.718349350097728));
#13737=DIRECTION('',(0.,1.,0.));
#13738=DIRECTION('',(0.,0.,1.));
#13739=DIRECTION('',(0.,-1.,0.));
#13740=DIRECTION('',(0.,0.,-1.));
#13741=DIRECTION('',(0.,1.,0.));
#13742=DIRECTION('',(0.,-1.,0.));
#13743=DIRECTION('',(0.,0.,-1.));
#13744=DIRECTION('',(0.,1.,0.));
#13745=DIRECTION('',(0.,-1.,0.));
#13746=DIRECTION('',(-0.740277997075316,0.,0.672300890261317));
#13747=DIRECTION('',(0.,-1.,0.));
#13748=DIRECTION('',(0.,1.,0.));
#13749=DIRECTION('',(0.740277997075316,0.,-0.672300890261317));
#13750=DIRECTION('',(0.,-1.,0.));
#13751=DIRECTION('',(0.,-1.,0.));
#13752=DIRECTION('',(-0.740277997075316,0.,0.672300890261317));
#13753=DIRECTION('',(0.,1.,0.));
#13754=DIRECTION('',(0.,0.,1.));
#13755=DIRECTION('',(0.,-1.,0.));
#13756=DIRECTION('',(0.,0.,-1.));
#13757=DIRECTION('',(0.,1.,0.));
#13758=DIRECTION('',(0.,-1.,0.));
#13759=DIRECTION('',(0.,0.,-1.));
#13760=DIRECTION('',(0.,1.,0.));
#13761=DIRECTION('',(0.,-1.,0.));
#13762=DIRECTION('',(-0.78183148246803,0.,0.623489801858734));
#13763=DIRECTION('',(0.,-1.,0.));
#13764=DIRECTION('',(0.,1.,0.));
#13765=DIRECTION('',(0.78183148246803,0.,-0.623489801858734));
#13766=DIRECTION('',(0.,-1.,0.));
#13767=DIRECTION('',(0.,-1.,0.));
#13768=DIRECTION('',(-0.78183148246803,0.,0.623489801858734));
#13769=DIRECTION('',(0.,1.,0.));
#13770=DIRECTION('',(0.,0.,1.));
#13771=DIRECTION('',(0.,-1.,0.));
#13772=DIRECTION('',(0.,0.,-1.));
#13773=DIRECTION('',(0.,1.,0.));
#13774=DIRECTION('',(0.,-1.,0.));
#13775=DIRECTION('',(0.,0.,-1.));
#13776=DIRECTION('',(0.,1.,0.));
#13777=DIRECTION('',(0.,-1.,0.));
#13778=DIRECTION('',(-0.820172254596956,0.,0.572116660122169));
#13779=DIRECTION('',(0.,-1.,0.));
#13780=DIRECTION('',(0.,1.,0.));
#13781=DIRECTION('',(0.820172254596956,0.,-0.572116660122169));
#13782=DIRECTION('',(0.,-1.,0.));
#13783=DIRECTION('',(0.,-1.,0.));
#13784=DIRECTION('',(-0.820172254596956,0.,0.572116660122169));
#13785=DIRECTION('',(0.,1.,0.));
#13786=DIRECTION('',(0.,0.,1.));
#13787=DIRECTION('',(0.,-1.,0.));
#13788=DIRECTION('',(0.,0.,-1.));
#13789=DIRECTION('',(0.,1.,0.));
#13790=DIRECTION('',(0.,-1.,0.));
#13791=DIRECTION('',(0.,0.,-1.));
#13792=DIRECTION('',(0.,1.,0.));
#13793=DIRECTION('',(0.,-1.,0.));
#13794=DIRECTION('',(-0.855142763005346,0.,0.518392568310525));
#13795=DIRECTION('',(0.,-1.,0.));
#13796=DIRECTION('',(0.,1.,0.));
#13797=DIRECTION('',(0.855142763005346,0.,-0.518392568310525));
#13798=DIRECTION('',(0.,-1.,0.));
#13799=DIRECTION('',(0.,-1.,0.));
#13800=DIRECTION('',(-0.855142763005346,0.,0.518392568310525));
#13801=DIRECTION('',(0.,1.,0.));
#13802=DIRECTION('',(0.,0.,1.));
#13803=DIRECTION('',(0.,-1.,0.));
#13804=DIRECTION('',(0.,0.,-1.));
#13805=DIRECTION('',(0.,1.,0.));
#13806=DIRECTION('',(0.,-1.,0.));
#13807=DIRECTION('',(0.,0.,-1.));
#13808=DIRECTION('',(0.,1.,0.));
#13809=DIRECTION('',(0.,-1.,0.));
#13810=DIRECTION('',(-0.886599306373,0.,0.462538290240835));
#13811=DIRECTION('',(0.,-1.,0.));
#13812=DIRECTION('',(0.,1.,0.));
#13813=DIRECTION('',(0.886599306373,0.,-0.462538290240835));
#13814=DIRECTION('',(0.,-1.,0.));
#13815=DIRECTION('',(0.,-1.,0.));
#13816=DIRECTION('',(-0.886599306373,0.,0.462538290240835));
#13817=DIRECTION('',(0.,1.,0.));
#13818=DIRECTION('',(0.,0.,1.));
#13819=DIRECTION('',(0.,-1.,0.));
#13820=DIRECTION('',(0.,0.,-1.));
#13821=DIRECTION('',(0.,1.,0.));
#13822=DIRECTION('',(0.,-1.,0.));
#13823=DIRECTION('',(0.,0.,-1.));
#13824=DIRECTION('',(0.,1.,0.));
#13825=DIRECTION('',(0.,-1.,0.));
#13826=DIRECTION('',(-0.914412623015812,0.,0.404783343122394));
#13827=DIRECTION('',(0.,-1.,0.));
#13828=DIRECTION('',(0.,1.,0.));
#13829=DIRECTION('',(0.914412623015812,0.,-0.404783343122394));
#13830=DIRECTION('',(0.,-1.,0.));
#13831=DIRECTION('',(0.,-1.,0.));
#13832=DIRECTION('',(-0.914412623015812,0.,0.404783343122394));
#13833=DIRECTION('',(0.,1.,0.));
#13834=DIRECTION('',(0.,0.,1.));
#13835=DIRECTION('',(0.,-1.,0.));
#13836=DIRECTION('',(0.,0.,-1.));
#13837=DIRECTION('',(0.,1.,0.));
#13838=DIRECTION('',(0.,-1.,0.));
#13839=DIRECTION('',(0.,0.,-1.));
#13840=DIRECTION('',(0.,1.,0.));
#13841=DIRECTION('',(0.,-1.,0.));
#13842=DIRECTION('',(-0.93846842204976,0.,0.345365054421307));
#13843=DIRECTION('',(0.,-1.,0.));
#13844=DIRECTION('',(0.,1.,0.));
#13845=DIRECTION('',(0.93846842204976,0.,-0.345365054421307));
#13846=DIRECTION('',(0.,-1.,0.));
#13847=DIRECTION('',(0.,-1.,0.));
#13848=DIRECTION('',(-0.93846842204976,0.,0.345365054421307));
#13849=DIRECTION('',(0.,1.,0.));
#13850=DIRECTION('',(0.,0.,1.));
#13851=DIRECTION('',(0.,-1.,0.));
#13852=DIRECTION('',(0.,0.,-1.));
#13853=DIRECTION('',(0.,1.,0.));
#13854=DIRECTION('',(0.,-1.,0.));
#13855=DIRECTION('',(0.,0.,-1.));
#13856=DIRECTION('',(0.,1.,0.));
#13857=DIRECTION('',(0.,-1.,0.));
#13858=DIRECTION('',(-0.958667853036661,0.,0.284527586631033));
#13859=DIRECTION('',(0.,-1.,0.));
#13860=DIRECTION('',(0.,1.,0.));
#13861=DIRECTION('',(0.958667853036661,0.,-0.284527586631033));
#13862=DIRECTION('',(0.,-1.,0.));
#13863=DIRECTION('',(0.,-1.,0.));
#13864=DIRECTION('',(-0.958667853036661,0.,0.284527586631033));
#13865=DIRECTION('',(0.,1.,0.));
#13866=DIRECTION('',(0.,0.,1.));
#13867=DIRECTION('',(0.,-1.,0.));
#13868=DIRECTION('',(0.,0.,-1.));
#13869=DIRECTION('',(0.,1.,0.));
#13870=DIRECTION('',(0.,-1.,0.));
#13871=DIRECTION('',(0.,0.,-1.));
#13872=DIRECTION('',(0.,1.,0.));
#13873=DIRECTION('',(0.,-1.,0.));
#13874=DIRECTION('',(-0.974927912181824,0.,0.222520933956315));
#13875=DIRECTION('',(0.,-1.,0.));
#13876=DIRECTION('',(0.,1.,0.));
#13877=DIRECTION('',(0.974927912181824,0.,-0.222520933956315));
#13878=DIRECTION('',(0.,-1.,0.));
#13879=DIRECTION('',(0.,-1.,0.));
#13880=DIRECTION('',(-0.974927912181824,0.,0.222520933956315));
#13881=DIRECTION('',(0.,1.,0.));
#13882=DIRECTION('',(0.,0.,1.));
#13883=DIRECTION('',(0.,-1.,0.));
#13884=DIRECTION('',(0.,0.,-1.));
#13885=DIRECTION('',(0.,1.,0.));
#13886=DIRECTION('',(0.,-1.,0.));
#13887=DIRECTION('',(0.,0.,-1.));
#13888=DIRECTION('',(0.,1.,0.));
#13889=DIRECTION('',(0.,-1.,0.));
#13890=DIRECTION('',(-0.98718178341445,0.,0.159599895033379));
#13891=DIRECTION('',(0.,-1.,0.));
#13892=DIRECTION('',(0.,1.,0.));
#13893=DIRECTION('',(0.98718178341445,0.,-0.159599895033379));
#13894=DIRECTION('',(0.,-1.,0.));
#13895=DIRECTION('',(0.,-1.,0.));
#13896=DIRECTION('',(-0.98718178341445,0.,0.159599895033379));
#13897=DIRECTION('',(0.,1.,0.));
#13898=DIRECTION('',(0.,0.,1.));
#13899=DIRECTION('',(0.,-1.,0.));
#13900=DIRECTION('',(0.,0.,-1.));
#13901=DIRECTION('',(0.,1.,0.));
#13902=DIRECTION('',(0.,-1.,0.));
#13903=DIRECTION('',(0.,0.,-1.));
#13904=DIRECTION('',(0.,1.,0.));
#13905=DIRECTION('',(0.,-1.,0.));
#13906=DIRECTION('',(-0.995379112949198,0.,0.0960230259076815));
#13907=DIRECTION('',(0.,-1.,0.));
#13908=DIRECTION('',(0.,1.,0.));
#13909=DIRECTION('',(0.995379112949198,0.,-0.0960230259076815));
#13910=DIRECTION('',(0.,-1.,0.));
#13911=DIRECTION('',(0.,-1.,0.));
#13912=DIRECTION('',(-0.995379112949198,0.,0.0960230259076815));
#13913=DIRECTION('',(0.,1.,0.));
#13914=DIRECTION('',(0.,0.,1.));
#13915=DIRECTION('',(0.,-1.,0.));
#13916=DIRECTION('',(0.,0.,-1.));
#13917=DIRECTION('',(0.,1.,0.));
#13918=DIRECTION('',(0.,-1.,0.));
#13919=DIRECTION('',(0.,0.,-1.));
#13920=DIRECTION('',(0.,1.,0.));
#13921=DIRECTION('',(0.,-1.,0.));
#13922=DIRECTION('',(-0.999486216200688,0.,0.032051577571655));
#13923=DIRECTION('',(0.,-1.,0.));
#13924=DIRECTION('',(0.,1.,0.));
#13925=DIRECTION('',(0.999486216200688,0.,-0.032051577571655));
#13926=DIRECTION('',(0.,-1.,0.));
#13927=DIRECTION('',(0.,-1.,0.));
#13928=DIRECTION('',(-0.999486216200688,0.,0.032051577571655));
#13929=DIRECTION('',(0.,1.,0.));
#13930=DIRECTION('',(0.,0.,1.));
#13931=DIRECTION('',(0.,-1.,0.));
#13932=DIRECTION('',(0.,0.,-1.));
#13933=DIRECTION('',(0.,1.,0.));
#13934=DIRECTION('',(0.,-1.,0.));
#13935=DIRECTION('',(0.,0.,-1.));
#13936=DIRECTION('',(0.,1.,0.));
#13937=DIRECTION('',(0.,-1.,0.));
#13938=DIRECTION('',(-0.999486216200688,0.,-0.0320515775716553));
#13939=DIRECTION('',(0.,-1.,0.));
#13940=DIRECTION('',(0.,1.,0.));
#13941=DIRECTION('',(0.999486216200688,0.,0.0320515775716553));
#13942=DIRECTION('',(0.,-1.,0.));
#13943=DIRECTION('',(0.,-1.,0.));
#13944=DIRECTION('',(-0.999486216200688,0.,-0.0320515775716553));
#13945=DIRECTION('',(0.,1.,0.));
#13946=DIRECTION('',(0.,0.,1.));
#13947=DIRECTION('',(0.,-1.,0.));
#13948=DIRECTION('',(0.,0.,-1.));
#13949=DIRECTION('',(0.,1.,0.));
#13950=DIRECTION('',(0.,-1.,0.));
#13951=DIRECTION('',(0.,0.,-1.));
#13952=DIRECTION('',(0.,1.,0.));
#13953=DIRECTION('',(0.,-1.,0.));
#13954=DIRECTION('',(-0.995379112949198,0.,-0.0960230259076819));
#13955=DIRECTION('',(0.,-1.,0.));
#13956=DIRECTION('',(0.,1.,0.));
#13957=DIRECTION('',(0.995379112949198,0.,0.0960230259076819));
#13958=DIRECTION('',(0.,-1.,0.));
#13959=DIRECTION('',(0.,-1.,0.));
#13960=DIRECTION('',(-0.995379112949198,0.,-0.0960230259076819));
#13961=DIRECTION('',(0.,1.,0.));
#13962=DIRECTION('',(0.,0.,1.));
#13963=DIRECTION('',(0.,-1.,0.));
#13964=DIRECTION('',(0.,0.,-1.));
#13965=DIRECTION('',(0.,1.,0.));
#13966=DIRECTION('',(0.,-1.,0.));
#13967=DIRECTION('',(0.,0.,-1.));
#13968=DIRECTION('',(0.,1.,0.));
#13969=DIRECTION('',(0.,-1.,0.));
#13970=DIRECTION('',(-0.98718178341445,0.,-0.159599895033379));
#13971=DIRECTION('',(0.,-1.,0.));
#13972=DIRECTION('',(0.,1.,0.));
#13973=DIRECTION('',(0.98718178341445,0.,0.159599895033379));
#13974=DIRECTION('',(0.,-1.,0.));
#13975=DIRECTION('',(0.,-1.,0.));
#13976=DIRECTION('',(-0.98718178341445,0.,-0.159599895033379));
#13977=DIRECTION('',(0.,1.,0.));
#13978=DIRECTION('',(0.,0.,1.));
#13979=DIRECTION('',(0.,-1.,0.));
#13980=DIRECTION('',(0.,0.,-1.));
#13981=DIRECTION('',(0.,1.,0.));
#13982=DIRECTION('',(0.,-1.,0.));
#13983=DIRECTION('',(0.,0.,-1.));
#13984=DIRECTION('',(0.,1.,0.));
#13985=DIRECTION('',(0.,-1.,0.));
#13986=DIRECTION('',(-0.974927912181824,0.,-0.222520933956315));
#13987=DIRECTION('',(0.,-1.,0.));
#13988=DIRECTION('',(0.,1.,0.));
#13989=DIRECTION('',(0.974927912181824,0.,0.222520933956315));
#13990=DIRECTION('',(0.,-1.,0.));
#13991=DIRECTION('',(0.,-1.,0.));
#13992=DIRECTION('',(-0.974927912181824,0.,-0.222520933956315));
#13993=DIRECTION('',(0.,1.,0.));
#13994=DIRECTION('',(0.,0.,1.));
#13995=DIRECTION('',(0.,-1.,0.));
#13996=DIRECTION('',(0.,0.,-1.));
#13997=DIRECTION('',(0.,1.,0.));
#13998=DIRECTION('',(0.,-1.,0.));
#13999=DIRECTION('',(0.,0.,-1.));
#14000=DIRECTION('',(0.,1.,0.));
#14001=DIRECTION('',(0.,-1.,0.));
#14002=DIRECTION('',(-0.958667853036661,0.,-0.284527586631033));
#14003=DIRECTION('',(0.,-1.,0.));
#14004=DIRECTION('',(0.,1.,0.));
#14005=DIRECTION('',(0.958667853036661,0.,0.284527586631033));
#14006=DIRECTION('',(0.,-1.,0.));
#14007=DIRECTION('',(0.,-1.,0.));
#14008=DIRECTION('',(-0.958667853036661,0.,-0.284527586631033));
#14009=DIRECTION('',(0.,1.,0.));
#14010=DIRECTION('',(0.,0.,1.));
#14011=DIRECTION('',(0.,-1.,0.));
#14012=DIRECTION('',(0.,0.,-1.));
#14013=DIRECTION('',(0.,1.,0.));
#14014=DIRECTION('',(0.,-1.,0.));
#14015=DIRECTION('',(0.,0.,-1.));
#14016=DIRECTION('',(0.,1.,0.));
#14017=DIRECTION('',(0.,-1.,0.));
#14018=DIRECTION('',(-0.93846842204976,0.,-0.345365054421308));
#14019=DIRECTION('',(0.,-1.,0.));
#14020=DIRECTION('',(0.,1.,0.));
#14021=DIRECTION('',(0.93846842204976,0.,0.345365054421308));
#14022=DIRECTION('',(0.,-1.,0.));
#14023=DIRECTION('',(0.,-1.,0.));
#14024=DIRECTION('',(-0.93846842204976,0.,-0.345365054421308));
#14025=DIRECTION('',(0.,1.,0.));
#14026=DIRECTION('',(0.,0.,1.));
#14027=DIRECTION('',(0.,-1.,0.));
#14028=DIRECTION('',(0.,0.,-1.));
#14029=DIRECTION('',(0.,1.,0.));
#14030=DIRECTION('',(0.,-1.,0.));
#14031=DIRECTION('',(0.,0.,-1.));
#14032=DIRECTION('',(0.,1.,0.));
#14033=DIRECTION('',(0.,-1.,0.));
#14034=DIRECTION('',(-0.914412623015812,0.,-0.404783343122394));
#14035=DIRECTION('',(0.,-1.,0.));
#14036=DIRECTION('',(0.,1.,0.));
#14037=DIRECTION('',(0.914412623015812,0.,0.404783343122394));
#14038=DIRECTION('',(0.,-1.,0.));
#14039=DIRECTION('',(0.,-1.,0.));
#14040=DIRECTION('',(-0.914412623015812,0.,-0.404783343122394));
#14041=DIRECTION('',(0.,1.,0.));
#14042=DIRECTION('',(0.,0.,1.));
#14043=DIRECTION('',(0.,-1.,0.));
#14044=DIRECTION('',(0.,0.,-1.));
#14045=DIRECTION('',(0.,1.,0.));
#14046=DIRECTION('',(0.,-1.,0.));
#14047=DIRECTION('',(0.,0.,-1.));
#14048=DIRECTION('',(0.,1.,0.));
#14049=DIRECTION('',(0.,-1.,0.));
#14050=DIRECTION('',(-0.886599306373,0.,-0.462538290240835));
#14051=DIRECTION('',(0.,-1.,0.));
#14052=DIRECTION('',(0.,1.,0.));
#14053=DIRECTION('',(0.886599306373,0.,0.462538290240835));
#14054=DIRECTION('',(0.,-1.,0.));
#14055=DIRECTION('',(0.,-1.,0.));
#14056=DIRECTION('',(-0.886599306373,0.,-0.462538290240835));
#14057=DIRECTION('',(0.,1.,0.));
#14058=DIRECTION('',(0.,0.,1.));
#14059=DIRECTION('',(0.,-1.,0.));
#14060=DIRECTION('',(0.,0.,-1.));
#14061=DIRECTION('',(0.,1.,0.));
#14062=DIRECTION('',(0.,-1.,0.));
#14063=DIRECTION('',(0.,0.,-1.));
#14064=DIRECTION('',(0.,1.,0.));
#14065=DIRECTION('',(0.,-1.,0.));
#14066=DIRECTION('',(-0.855142763005346,0.,-0.518392568310525));
#14067=DIRECTION('',(0.,-1.,0.));
#14068=DIRECTION('',(0.,1.,0.));
#14069=DIRECTION('',(0.855142763005346,0.,0.518392568310525));
#14070=DIRECTION('',(0.,-1.,0.));
#14071=DIRECTION('',(0.,-1.,0.));
#14072=DIRECTION('',(-0.855142763005346,0.,-0.518392568310525));
#14073=DIRECTION('',(0.,1.,0.));
#14074=DIRECTION('',(0.,0.,1.));
#14075=DIRECTION('',(0.,-1.,0.));
#14076=DIRECTION('',(0.,0.,-1.));
#14077=DIRECTION('',(0.,1.,0.));
#14078=DIRECTION('',(0.,-1.,0.));
#14079=DIRECTION('',(0.,0.,-1.));
#14080=DIRECTION('',(0.,1.,0.));
#14081=DIRECTION('',(0.,-1.,0.));
#14082=DIRECTION('',(-0.820172254596956,0.,-0.57211666012217));
#14083=DIRECTION('',(0.,-1.,0.));
#14084=DIRECTION('',(0.,1.,0.));
#14085=DIRECTION('',(0.820172254596956,0.,0.57211666012217));
#14086=DIRECTION('',(0.,-1.,0.));
#14087=DIRECTION('',(0.,-1.,0.));
#14088=DIRECTION('',(-0.820172254596956,0.,-0.57211666012217));
#14089=DIRECTION('',(0.,1.,0.));
#14090=DIRECTION('',(0.,0.,1.));
#14091=DIRECTION('',(0.,-1.,0.));
#14092=DIRECTION('',(0.,0.,-1.));
#14093=DIRECTION('',(0.,1.,0.));
#14094=DIRECTION('',(0.,-1.,0.));
#14095=DIRECTION('',(0.,0.,-1.));
#14096=DIRECTION('',(0.,1.,0.));
#14097=DIRECTION('',(0.,-1.,0.));
#14098=DIRECTION('',(-0.78183148246803,0.,-0.623489801858734));
#14099=DIRECTION('',(0.,-1.,0.));
#14100=DIRECTION('',(0.,1.,0.));
#14101=DIRECTION('',(0.78183148246803,0.,0.623489801858734));
#14102=DIRECTION('',(0.,-1.,0.));
#14103=DIRECTION('',(0.,-1.,0.));
#14104=DIRECTION('',(-0.78183148246803,0.,-0.623489801858734));
#14105=DIRECTION('',(0.,1.,0.));
#14106=DIRECTION('',(0.,0.,1.));
#14107=DIRECTION('',(0.,-1.,0.));
#14108=DIRECTION('',(0.,0.,-1.));
#14109=DIRECTION('',(0.,1.,0.));
#14110=DIRECTION('',(0.,-1.,0.));
#14111=DIRECTION('',(0.,0.,-1.));
#14112=DIRECTION('',(0.,1.,0.));
#14113=DIRECTION('',(0.,-1.,0.));
#14114=DIRECTION('',(-0.740277997075316,0.,-0.672300890261317));
#14115=DIRECTION('',(0.,-1.,0.));
#14116=DIRECTION('',(0.,1.,0.));
#14117=DIRECTION('',(0.740277997075316,0.,0.672300890261317));
#14118=DIRECTION('',(0.,-1.,0.));
#14119=DIRECTION('',(0.,-1.,0.));
#14120=DIRECTION('',(-0.740277997075316,0.,-0.672300890261317));
#14121=DIRECTION('',(0.,1.,0.));
#14122=DIRECTION('',(0.,0.,1.));
#14123=DIRECTION('',(0.,-1.,0.));
#14124=DIRECTION('',(0.,0.,-1.));
#14125=DIRECTION('',(0.,1.,0.));
#14126=DIRECTION('',(0.,-1.,0.));
#14127=DIRECTION('',(0.,0.,-1.));
#14128=DIRECTION('',(0.,1.,0.));
#14129=DIRECTION('',(0.,-1.,0.));
#14130=DIRECTION('',(-0.695682550603486,0.,-0.718349350097728));
#14131=DIRECTION('',(0.,-1.,0.));
#14132=DIRECTION('',(0.,1.,0.));
#14133=DIRECTION('',(0.695682550603486,0.,0.718349350097728));
#14134=DIRECTION('',(0.,-1.,0.));
#14135=DIRECTION('',(0.,-1.,0.));
#14136=DIRECTION('',(-0.695682550603486,0.,-0.718349350097728));
#14137=DIRECTION('',(0.,1.,0.));
#14138=DIRECTION('',(0.,0.,1.));
#14139=DIRECTION('',(0.,-1.,0.));
#14140=DIRECTION('',(0.,0.,-1.));
#14141=DIRECTION('',(0.,1.,0.));
#14142=DIRECTION('',(0.,-1.,0.));
#14143=DIRECTION('',(0.,0.,-1.));
#14144=DIRECTION('',(0.,1.,0.));
#14145=DIRECTION('',(0.,-1.,0.));
#14146=DIRECTION('',(-0.648228395307788,0.,-0.761445958369134));
#14147=DIRECTION('',(0.,-1.,0.));
#14148=DIRECTION('',(0.,1.,0.));
#14149=DIRECTION('',(0.648228395307788,0.,0.761445958369134));
#14150=DIRECTION('',(0.,-1.,0.));
#14151=DIRECTION('',(0.,-1.,0.));
#14152=DIRECTION('',(-0.648228395307788,0.,-0.761445958369134));
#14153=DIRECTION('',(0.,1.,0.));
#14154=DIRECTION('',(0.,0.,1.));
#14155=DIRECTION('',(0.,-1.,0.));
#14156=DIRECTION('',(0.,0.,-1.));
#14157=DIRECTION('',(0.,1.,0.));
#14158=DIRECTION('',(0.,-1.,0.));
#14159=DIRECTION('',(0.,0.,-1.));
#14160=DIRECTION('',(0.,1.,0.));
#14161=DIRECTION('',(0.,-1.,0.));
#14162=DIRECTION('',(-0.598110530491216,0.,-0.801413621867957));
#14163=DIRECTION('',(0.,-1.,0.));
#14164=DIRECTION('',(0.,1.,0.));
#14165=DIRECTION('',(0.598110530491216,0.,0.801413621867957));
#14166=DIRECTION('',(0.,-1.,0.));
#14167=DIRECTION('',(0.,-1.,0.));
#14168=DIRECTION('',(-0.598110530491216,0.,-0.801413621867957));
#14169=DIRECTION('',(0.,1.,0.));
#14170=DIRECTION('',(0.,0.,1.));
#14171=DIRECTION('',(0.,-1.,0.));
#14172=DIRECTION('',(0.,0.,-1.));
#14173=DIRECTION('',(0.,1.,0.));
#14174=DIRECTION('',(0.,-1.,0.));
#14175=DIRECTION('',(0.,0.,-1.));
#14176=DIRECTION('',(0.,1.,0.));
#14177=DIRECTION('',(0.,-1.,0.));
#14178=DIRECTION('',(-0.545534901210549,0.,-0.838088104891841));
#14179=DIRECTION('',(0.,-1.,0.));
#14180=DIRECTION('',(0.,1.,0.));
#14181=DIRECTION('',(0.545534901210549,0.,0.838088104891841));
#14182=DIRECTION('',(0.,-1.,0.));
#14183=DIRECTION('',(0.,-1.,0.));
#14184=DIRECTION('',(-0.545534901210549,0.,-0.838088104891841));
#14185=DIRECTION('',(0.,1.,0.));
#14186=DIRECTION('',(0.,0.,1.));
#14187=DIRECTION('',(0.,-1.,0.));
#14188=DIRECTION('',(0.,0.,-1.));
#14189=DIRECTION('',(0.,1.,0.));
#14190=DIRECTION('',(0.,-1.,0.));
#14191=DIRECTION('',(0.,0.,-1.));
#14192=DIRECTION('',(0.,1.,0.));
#14193=DIRECTION('',(0.,-1.,0.));
#14194=DIRECTION('',(-0.490717552003938,0.,-0.871318704123389));
#14195=DIRECTION('',(0.,-1.,0.));
#14196=DIRECTION('',(0.,1.,0.));
#14197=DIRECTION('',(0.490717552003938,0.,0.871318704123389));
#14198=DIRECTION('',(0.,-1.,0.));
#14199=DIRECTION('',(0.,-1.,0.));
#14200=DIRECTION('',(-0.490717552003938,0.,-0.871318704123389));
#14201=DIRECTION('',(0.,1.,0.));
#14202=DIRECTION('',(0.,0.,1.));
#14203=DIRECTION('',(0.,-1.,0.));
#14204=DIRECTION('',(0.,0.,-1.));
#14205=DIRECTION('',(0.,1.,0.));
#14206=DIRECTION('',(0.,-1.,0.));
#14207=DIRECTION('',(0.,0.,-1.));
#14208=DIRECTION('',(0.,1.,0.));
#14209=DIRECTION('',(0.,-1.,0.));
#14210=DIRECTION('',(-0.433883739117558,0.,-0.900968867902419));
#14211=DIRECTION('',(0.,-1.,0.));
#14212=DIRECTION('',(0.,1.,0.));
#14213=DIRECTION('',(0.433883739117558,0.,0.900968867902419));
#14214=DIRECTION('',(0.,-1.,0.));
#14215=DIRECTION('',(0.,-1.,0.));
#14216=DIRECTION('',(-0.433883739117558,0.,-0.900968867902419));
#14217=DIRECTION('',(0.,1.,0.));
#14218=DIRECTION('',(0.,0.,1.));
#14219=DIRECTION('',(0.,-1.,0.));
#14220=DIRECTION('',(0.,0.,-1.));
#14221=DIRECTION('',(0.,1.,0.));
#14222=DIRECTION('',(0.,-1.,0.));
#14223=DIRECTION('',(0.,0.,-1.));
#14224=DIRECTION('',(0.,1.,0.));
#14225=DIRECTION('',(0.,-1.,0.));
#14226=DIRECTION('',(-0.375267004879374,0.,-0.926916757346022));
#14227=DIRECTION('',(0.,-1.,0.));
#14228=DIRECTION('',(0.,1.,0.));
#14229=DIRECTION('',(0.375267004879374,0.,0.926916757346022));
#14230=DIRECTION('',(0.,-1.,0.));
#14231=DIRECTION('',(0.,-1.,0.));
#14232=DIRECTION('',(-0.375267004879374,0.,-0.926916757346022));
#14233=DIRECTION('',(0.,1.,0.));
#14234=DIRECTION('',(0.,0.,1.));
#14235=DIRECTION('',(0.,-1.,0.));
#14236=DIRECTION('',(0.,0.,-1.));
#14237=DIRECTION('',(0.,1.,0.));
#14238=DIRECTION('',(0.,-1.,0.));
#14239=DIRECTION('',(0.,0.,-1.));
#14240=DIRECTION('',(0.,1.,0.));
#14241=DIRECTION('',(0.,-1.,0.));
#14242=DIRECTION('',(-0.31510821802362,0.,-0.949055747010669));
#14243=DIRECTION('',(0.,-1.,0.));
#14244=DIRECTION('',(0.,1.,0.));
#14245=DIRECTION('',(0.31510821802362,0.,0.949055747010669));
#14246=DIRECTION('',(0.,-1.,0.));
#14247=DIRECTION('',(0.,-1.,0.));
#14248=DIRECTION('',(-0.31510821802362,0.,-0.949055747010669));
#14249=DIRECTION('',(0.,1.,0.));
#14250=DIRECTION('',(0.,0.,1.));
#14251=DIRECTION('',(0.,-1.,0.));
#14252=DIRECTION('',(0.,0.,-1.));
#14253=DIRECTION('',(0.,1.,0.));
#14254=DIRECTION('',(0.,-1.,0.));
#14255=DIRECTION('',(0.,0.,-1.));
#14256=DIRECTION('',(0.,1.,0.));
#14257=DIRECTION('',(0.,-1.,0.));
#14258=DIRECTION('',(-0.253654583909508,0.,-0.967294863039029));
#14259=DIRECTION('',(0.,-1.,0.));
#14260=DIRECTION('',(0.,1.,0.));
#14261=DIRECTION('',(0.253654583909508,0.,0.967294863039029));
#14262=DIRECTION('',(0.,-1.,0.));
#14263=DIRECTION('',(0.,-1.,0.));
#14264=DIRECTION('',(-0.253654583909508,0.,-0.967294863039029));
#14265=DIRECTION('',(0.,1.,0.));
#14266=DIRECTION('',(0.,0.,1.));
#14267=DIRECTION('',(0.,-1.,0.));
#14268=DIRECTION('',(0.,0.,-1.));
#14269=DIRECTION('',(0.,1.,0.));
#14270=DIRECTION('',(0.,-1.,0.));
#14271=DIRECTION('',(0.,0.,-1.));
#14272=DIRECTION('',(0.,1.,0.));
#14273=DIRECTION('',(0.,-1.,0.));
#14274=DIRECTION('',(-0.191158628701373,0.,-0.981559156991065));
#14275=DIRECTION('',(0.,-1.,0.));
#14276=DIRECTION('',(0.,1.,0.));
#14277=DIRECTION('',(0.191158628701373,0.,0.981559156991065));
#14278=DIRECTION('',(0.,-1.,0.));
#14279=DIRECTION('',(0.,-1.,0.));
#14280=DIRECTION('',(-0.191158628701373,0.,-0.981559156991065));
#14281=DIRECTION('',(0.,1.,0.));
#14282=DIRECTION('',(0.,0.,1.));
#14283=DIRECTION('',(0.,-1.,0.));
#14284=DIRECTION('',(0.,0.,-1.));
#14285=DIRECTION('',(0.,1.,0.));
#14286=DIRECTION('',(0.,-1.,0.));
#14287=DIRECTION('',(0.,0.,-1.));
#14288=DIRECTION('',(0.,1.,0.));
#14289=DIRECTION('',(0.,-1.,0.));
#14290=DIRECTION('',(-0.127877161684506,0.,-0.991790013823246));
#14291=DIRECTION('',(0.,-1.,0.));
#14292=DIRECTION('',(0.,1.,0.));
#14293=DIRECTION('',(0.127877161684506,0.,0.991790013823246));
#14294=DIRECTION('',(0.,-1.,0.));
#14295=DIRECTION('',(0.,-1.,0.));
#14296=DIRECTION('',(-0.127877161684506,0.,-0.991790013823246));
#14297=DIRECTION('',(0.,1.,0.));
#14298=DIRECTION('',(0.,0.,1.));
#14299=DIRECTION('',(0.,-1.,0.));
#14300=DIRECTION('',(0.,0.,-1.));
#14301=DIRECTION('',(0.,1.,0.));
#14302=DIRECTION('',(0.,-1.,0.));
#14303=DIRECTION('',(0.,0.,-1.));
#14304=DIRECTION('',(0.,1.,0.));
#14305=DIRECTION('',(0.,-1.,0.));
#14306=DIRECTION('',(-0.0640702199807129,0.,-0.997945392750336));
#14307=DIRECTION('',(0.,-1.,0.));
#14308=DIRECTION('',(0.,1.,0.));
#14309=DIRECTION('',(0.0640702199807129,0.,0.997945392750336));
#14310=DIRECTION('',(0.,-1.,0.));
#14311=DIRECTION('',(0.,-1.,0.));
#14312=DIRECTION('',(-0.0640702199807129,0.,-0.997945392750336));
#14313=DIRECTION('',(0.,1.,0.));
#14314=DIRECTION('',(0.,0.,1.));
#14315=DIRECTION('',(0.,-1.,0.));
#14316=DIRECTION('',(0.,0.,-1.));
#14317=DIRECTION('',(0.,1.,0.));
#14318=DIRECTION('',(0.,-1.,0.));
#14319=DIRECTION('',(0.,0.,-1.));
#14320=DIRECTION('',(0.,-1.,0.));
#14321=DIRECTION('',(0.,0.,-1.));
#14322=DIRECTION('',(0.,-1.,0.));
#14323=DIRECTION('',(0.,-1.,0.));
#14324=DIRECTION('',(0.,1.,0.));
#14325=DIRECTION('',(0.,0.,1.));
#14326=DIRECTION('',(0.,-1.,0.));
#14327=DIRECTION('',(0.,0.,-1.));
#14328=DIRECTION('',(0.,-1.,0.));
#14329=DIRECTION('',(1.,0.,0.));
#14330=DIRECTION('',(0.,-1.,0.));
#14331=DIRECTION('',(0.,0.,-1.));
#14332=DIRECTION('',(0.,-1.,0.));
#14333=DIRECTION('',(0.,0.,-1.));
#14334=DIRECTION('',(0.,-1.,0.));
#14335=DIRECTION('',(0.,0.,-1.));
#14336=DIRECTION('',(0.,-1.,0.));
#14337=DIRECTION('',(0.,0.,-1.));
#14338=DIRECTION('',(0.,-1.,0.));
#14339=DIRECTION('',(0.,0.,-1.));
#14340=DIRECTION('',(0.,1.,0.));
#14341=DIRECTION('',(1.,0.,0.));
#14342=DIRECTION('',(0.,1.,0.));
#14343=DIRECTION('',(0.,0.,1.));
#14344=DIRECTION('',(0.,1.,0.));
#14345=DIRECTION('',(0.,0.,1.));
#14346=DIRECTION('',(0.,1.,0.));
#14347=DIRECTION('',(0.,0.,1.));
#14348=DIRECTION('',(0.,1.,0.));
#14349=DIRECTION('',(0.,0.,1.));
#14350=DIRECTION('',(0.,1.,0.));
#14351=DIRECTION('',(0.,0.,1.));
#14352=DIRECTION('',(0.,-1.,0.));
#14353=DIRECTION('',(0.,0.,-1.));
#14354=DIRECTION('',(0.,-1.,0.));
#14355=DIRECTION('',(0.,0.,-1.));
#14356=DIRECTION('',(0.,-1.,0.));
#14357=DIRECTION('',(0.,0.,-1.));
#14358=DIRECTION('',(0.,-1.,0.));
#14359=DIRECTION('',(0.,0.,-1.));
#14360=DIRECTION('',(0.,-1.,0.));
#14361=DIRECTION('',(0.,0.,-1.));
#14362=DIRECTION('',(0.,1.,0.));
#14363=DIRECTION('',(0.,0.,1.));
#14364=DIRECTION('',(0.,-1.,0.));
#14365=DIRECTION('',(0.,0.,1.));
#14366=CARTESIAN_POINT('',(0.,0.,0.));
#14367=CARTESIAN_POINT('',(0.,-0.009,0.));
#14368=CARTESIAN_POINT('',(0.,-0.009,0.));
#14369=CARTESIAN_POINT('',(0.00114121101795896,-0.009,-0.0307922285171574));
#14370=CARTESIAN_POINT('',(0.00280578109343806,-0.009,-0.0306853595725397));
#14371=CARTESIAN_POINT('',(0.00113380377194401,-0.009,-0.0305923657324613));
#14372=CARTESIAN_POINT('',(0.00133365076594955,-0.009,-0.0305845440327124));
#14373=CARTESIAN_POINT('',(0.00196201394340449,-0.009,-0.030559950877675));
#14374=CARTESIAN_POINT('',(0.00258836317072159,-0.009,-0.0305039888236095));
#14375=CARTESIAN_POINT('',(0.00278756964043232,-0.009,-0.030486190440947));
#14376=CARTESIAN_POINT('',(0.,-0.009,0.));
#14377=CARTESIAN_POINT('',(0.,-0.009,0.));
#14378=CARTESIAN_POINT('',(0.00311173113231872,-0.009,-0.0306558449402477));
#14379=CARTESIAN_POINT('',(0.00476603405326241,-0.009,-0.0304425461984291));
#14380=CARTESIAN_POINT('',(0.0030915338527037,-0.009,-0.0304568673789596));
#14381=CARTESIAN_POINT('',(0.003290469101603,-0.009,-0.0304362575088633));
#14382=CARTESIAN_POINT('',(0.00391596555066485,-0.009,-0.0303714555160932));
#14383=CARTESIAN_POINT('',(0.00453744237520413,-0.009,-0.0302754781092907));
#14384=CARTESIAN_POINT('',(0.00473509920756553,-0.009,-0.0302449530929784));
#14385=CARTESIAN_POINT('',(0.,-0.009,0.));
#14386=CARTESIAN_POINT('',(0.,-0.009,0.));
#14387=CARTESIAN_POINT('',(0.00506946447599155,-0.009,-0.0303934899208204));
#14388=CARTESIAN_POINT('',(0.0067067023568508,-0.009,-0.0300746378720836));
#14389=CARTESIAN_POINT('',(0.00503656015773069,-0.009,-0.0301962152244202));
#14390=CARTESIAN_POINT('',(0.00523376619391454,-0.009,-0.0301629018743535));
#14391=CARTESIAN_POINT('',(0.00585382561550554,-0.009,-0.030058157329139));
#14392=CARTESIAN_POINT('',(0.00646787625568862,-0.009,-0.0299225589613512));
#14393=CARTESIAN_POINT('',(0.00666317123637925,-0.009,-0.0298794327452285));
#14394=CARTESIAN_POINT('',(0.,-0.009,0.));
#14395=CARTESIAN_POINT('',(0.,-0.009,0.));
#14396=CARTESIAN_POINT('',(0.00700636630273581,-0.009,-0.0300062415319253));
#14397=CARTESIAN_POINT('',(0.00861981138187176,-0.009,-0.029583146407732));
#14398=CARTESIAN_POINT('',(0.00696089015673081,-0.009,-0.0298114803444558));
#14399=CARTESIAN_POINT('',(0.00715555661829597,-0.009,-0.0297656004061198));
#14400=CARTESIAN_POINT('',(0.00776763105525048,-0.009,-0.0296213437262649));
#14401=CARTESIAN_POINT('',(0.00837173224528338,-0.009,-0.0294466816002707));
#14402=CARTESIAN_POINT('',(0.00856386286533695,-0.009,-0.0293911313992104));
#14403=CARTESIAN_POINT('',(0.,-0.009,0.));
#14404=CARTESIAN_POINT('',(0.,-0.009,0.));
#14405=CARTESIAN_POINT('',(0.00891447746748126,-0.009,-0.0294956910602569));
#14406=CARTESIAN_POINT('',(0.0104974997529808,-0.009,-0.028970091449226));
#14407=CARTESIAN_POINT('',(0.00885661636497066,-0.009,-0.0293042436972136));
#14408=CARTESIAN_POINT('',(0.00904794332567073,-0.009,-0.0292459857011161));
#14409=CARTESIAN_POINT('',(0.00964951763283774,-0.009,-0.0290628096682611));
#14410=CARTESIAN_POINT('',(0.0102411869913513,-0.009,-0.0288498015082014));
#14411=CARTESIAN_POINT('',(0.0104293637448381,-0.009,-0.0287820555898949));
#14412=CARTESIAN_POINT('',(0.,-0.009,0.));
#14413=CARTESIAN_POINT('',(0.,-0.009,0.));
#14414=CARTESIAN_POINT('',(0.0107859571321634,-0.009,-0.0288639364672161));
#14415=CARTESIAN_POINT('',(0.0123320516458983,-0.009,-0.0282379921708901));
#14416=CARTESIAN_POINT('',(0.0107159488368286,-0.009,-0.0286765896268789));
#14417=CARTESIAN_POINT('',(0.0109031500931426,-0.009,-0.0286061929676223));
#14418=CARTESIAN_POINT('',(0.0114917522726566,-0.009,-0.0283848502913775));
#14419=CARTESIAN_POINT('',(0.0120685585033441,-0.009,-0.0281343713934718));
#14420=CARTESIAN_POINT('',(0.0122520081316203,-0.009,-0.028054708140429));
#14421=CARTESIAN_POINT('',(0.,-0.009,0.));
#14422=CARTESIAN_POINT('',(0.,-0.009,0.));
#14423=CARTESIAN_POINT('',(0.012613114985409,-0.009,-0.0281135737679364));
#14424=CARTESIAN_POINT('',(0.014115928493386,-0.009,-0.0273898569256936));
#14425=CARTESIAN_POINT('',(0.0125312471763522,-0.009,-0.0279310972986582));
#14426=CARTESIAN_POINT('',(0.0127135534781633,-0.009,-0.0278488512512154));
#14427=CARTESIAN_POINT('',(0.013286764837414,-0.009,-0.0275902514761153));
#14428=CARTESIAN_POINT('',(0.0138463377197489,-0.009,-0.0273033311118826));
#14429=CARTESIAN_POINT('',(0.0140243063889421,-0.009,-0.0272120778774982));
#14430=CARTESIAN_POINT('',(0.,-0.009,0.));
#14431=CARTESIAN_POINT('',(0.,-0.009,0.));
#14432=CARTESIAN_POINT('',(0.0143884428436748,-0.009,-0.0272476863637017));
#14433=CARTESIAN_POINT('',(0.0158417999628372,-0.009,-0.0264291708832835));
#14434=CARTESIAN_POINT('',(0.014295051933284,-0.009,-0.0270708301004357));
#14435=CARTESIAN_POINT('',(0.0144717141448936,-0.009,-0.0269770726314573));
#14436=CARTESIAN_POINT('',(0.0150271792354524,-0.009,-0.0266822783994472));
#14437=CARTESIAN_POINT('',(0.0155672193644333,-0.009,-0.0263600955862086));
#14438=CARTESIAN_POINT('',(0.0157389757631075,-0.009,-0.0262576273495962));
#14439=CARTESIAN_POINT('',(0.,-0.009,0.));
#14440=CARTESIAN_POINT('',(0.,-0.009,0.));
#14441=CARTESIAN_POINT('',(0.0161046455039846,-0.009,-0.0262698323715881));
#14442=CARTESIAN_POINT('',(0.0175025740781856,-0.009,-0.0253598817086747));
#14443=CARTESIAN_POINT('',(0.016000115255543,-0.009,-0.0260993230546557));
#14444=CARTESIAN_POINT('',(0.0161704074340296,-0.009,-0.0259944394336927));
#14445=CARTESIAN_POINT('',(0.0167058437306925,-0.009,-0.0256646621175051));
#14446=CARTESIAN_POINT('',(0.017224131965591,-0.009,-0.0253085407735481));
#14447=CARTESIAN_POINT('',(0.0173889703098625,-0.009,-0.0251952785986714));
#14448=CARTESIAN_POINT('',(0.,-0.009,0.));
#14449=CARTESIAN_POINT('',(0.,-0.009,0.));
#14450=CARTESIAN_POINT('',(0.017754670721483,-0.009,-0.0251840300033983));
#14451=CARTESIAN_POINT('',(0.0190914263623565,-0.009,-0.0241863833404474));
#14452=CARTESIAN_POINT('',(0.017639430672203,-0.009,-0.0250205682921569));
#14453=CARTESIAN_POINT('',(0.0178026530504776,-0.009,-0.0249049895085053));
#14454=CARTESIAN_POINT('',(0.0183158603306509,-0.009,-0.0245415842338695));
#14455=CARTESIAN_POINT('',(0.0188102669139374,-0.009,-0.0241529877381841));
#14456=CARTESIAN_POINT('',(0.018967509847692,-0.009,-0.0240293970436143));
#14457=CARTESIAN_POINT('',(0.,-0.009,0.));
#14458=CARTESIAN_POINT('',(0.,-0.009,0.));
#14459=CARTESIAN_POINT('',(0.0193317381886218,-0.009,-0.023994741053967));
#14460=CARTESIAN_POINT('',(0.0206018278805063,-0.009,-0.0229134979351112));
#14461=CARTESIAN_POINT('',(0.0192062618845849,-0.009,-0.0238389986476506));
#14462=CARTESIAN_POINT('',(0.0193617437468841,-0.009,-0.0237131996393239));
#14463=CARTESIAN_POINT('',(0.0198506131317709,-0.009,-0.0233176597164635));
#14464=CARTESIAN_POINT('',(0.0203191064407448,-0.009,-0.0228981848954043));
#14465=CARTESIAN_POINT('',(0.0204681078190391,-0.009,-0.0227647735418154));
#14466=CARTESIAN_POINT('',(0.,-0.009,0.));
#14467=CARTESIAN_POINT('',(0.,-0.009,0.));
#14468=CARTESIAN_POINT('',(0.0208293673968988,-0.009,-0.0227068525666892));
#14469=CARTESIAN_POINT('',(0.0220275720688169,-0.009,-0.0215464560518297));
#14470=CARTESIAN_POINT('',(0.0206941704471528,-0.009,-0.0225594694442519));
#14471=CARTESIAN_POINT('',(0.0208412728851537,-0.009,-0.0224239671463592));
#14472=CARTESIAN_POINT('',(0.0213037955055893,-0.009,-0.0219979179336603));
#14473=CARTESIAN_POINT('',(0.0217444504007526,-0.009,-0.0215492884992441));
#14474=CARTESIAN_POINT('',(0.0218845979449624,-0.009,-0.0214066047025047));
#14475=CARTESIAN_POINT('',(0.,-0.009,0.));
#14476=CARTESIAN_POINT('',(0.,-0.009,0.));
#14477=CARTESIAN_POINT('',(0.0222414042666566,-0.009,-0.0213256567516103));
#14478=CARTESIAN_POINT('',(0.0233628002385973,-0.009,-0.020090875158931));
#14479=CARTESIAN_POINT('',(0.0220970422244677,-0.009,-0.0211872385419157));
#14480=CARTESIAN_POINT('',(0.0222351607626992,-0.009,-0.0210425897624642));
#14481=CARTESIAN_POINT('',(0.0226694360140255,-0.009,-0.0205877819875291));
#14482=CARTESIAN_POINT('',(0.0230804417498937,-0.009,-0.0201118414543325));
#14483=CARTESIAN_POINT('',(0.0232111595636983,-0.009,-0.019960471532769));
#14484=CARTESIAN_POINT('',(0.,-0.009,0.));
#14485=CARTESIAN_POINT('',(0.,-0.009,0.));
#14486=CARTESIAN_POINT('',(0.0235620464355165,-0.009,-0.0198568292385999));
#14487=CARTESIAN_POINT('',(0.0246020256508924,-0.009,-0.018552736550525));
#14488=CARTESIAN_POINT('',(0.0234091125154815,-0.009,-0.0197279447317624));
#14489=CARTESIAN_POINT('',(0.0235376795952437,-0.009,-0.0195747438636139));
#14490=CARTESIAN_POINT('',(0.0239419229473012,-0.009,-0.0190930464291457));
#14491=CARTESIAN_POINT('',(0.0243215906131452,-0.009,-0.0185917505389086));
#14492=CARTESIAN_POINT('',(0.0244423415490089,-0.009,-0.0184323165039975));
#14493=CARTESIAN_POINT('',(0.,-0.009,0.));
#14494=CARTESIAN_POINT('',(0.,-0.009,0.));
#14495=CARTESIAN_POINT('',(0.0247858671015297,-0.009,-0.0183064057549716));
#14496=CARTESIAN_POINT('',(0.02574015606267,-0.009,-0.0169383607680833));
#14497=CARTESIAN_POINT('',(0.0246249897419304,-0.009,-0.0181875845650754));
#14498=CARTESIAN_POINT('',(0.0247434770535149,-0.009,-0.0180264611434586));
#14499=CARTESIAN_POINT('',(0.0251160273836602,-0.009,-0.0175198534475393));
#14500=CARTESIAN_POINT('',(0.0254627968436025,-0.009,-0.0169952621326024));
#14501=CARTESIAN_POINT('',(0.0255730847100288,-0.009,-0.0168284191329916));
#14502=CARTESIAN_POINT('',(0.,-0.009,0.));
#14503=CARTESIAN_POINT('',(0.,-0.009,0.));
#14504=CARTESIAN_POINT('',(0.025907837323071,-0.009,-0.0166807573233844));
#14505=CARTESIAN_POINT('',(0.0267725146519399,-0.009,-0.0152543816279787));
#14506=CARTESIAN_POINT('',(0.025739677603486,-0.009,-0.0165724877121858));
#14507=CARTESIAN_POINT('',(0.025847598257114,-0.009,-0.0164041038278011));
#14508=CARTESIAN_POINT('',(0.0261869246761286,-0.009,-0.0158746676301202));
#14509=CARTESIAN_POINT('',(0.0264993709800766,-0.009,-0.015328936548721));
#14510=CARTESIAN_POINT('',(0.0265987425805657,-0.009,-0.0151553701780836));
#14511=CARTESIAN_POINT('',(0.,-0.009,0.));
#14512=CARTESIAN_POINT('',(0.,-0.009,0.));
#14513=CARTESIAN_POINT('',(0.026923346683838,-0.009,-0.0149865640819442));
#14514=CARTESIAN_POINT('',(0.0276948592358187,-0.009,-0.0135077189617101));
#14515=CARTESIAN_POINT('',(0.0267485956086253,-0.009,-0.0148892909524994));
#14516=CARTESIAN_POINT('',(0.0268455061351822,-0.009,-0.0147143385308458));
#14517=CARTESIAN_POINT('',(0.0271502142780252,-0.009,-0.0141642493983035));
#14518=CARTESIAN_POINT('',(0.0274270535170963,-0.009,-0.0135996210765143));
#14519=CARTESIAN_POINT('',(0.0275151005124268,-0.009,-0.0134200445562972));
#14520=CARTESIAN_POINT('',(0.,-0.009,0.));
#14521=CARTESIAN_POINT('',(0.,-0.009,0.));
#14522=CARTESIAN_POINT('',(0.0278282222380414,-0.009,-0.0132307878340834));
#14523=CARTESIAN_POINT('',(0.0285033997025688,-0.009,-0.0117055501808311));
#14524=CARTESIAN_POINT('',(0.0276475978968529,-0.009,-0.0131449109025463));
#14525=CARTESIAN_POINT('',(0.027733100070198,-0.009,-0.0129641088606516));
#14526=CARTESIAN_POINT('',(0.0280019378257506,-0.009,-0.0123956272274871));
#14527=CARTESIAN_POINT('',(0.0282420324081298,-0.009,-0.0118144218441947));
#14528=CARTESIAN_POINT('',(0.0283183929943116,-0.009,-0.0116295730928384));
#14529=CARTESIAN_POINT('',(0.,-0.009,0.));
#14530=CARTESIAN_POINT('',(0.,-0.009,0.));
#14531=CARTESIAN_POINT('',(0.0286187456579337,-0.009,-0.0114206434410173));
#14532=CARTESIAN_POINT('',(0.0291948135859809,-0.009,-0.00985528078342652));
#14533=CARTESIAN_POINT('',(0.0284329902749312,-0.009,-0.0113465155941201));
#14534=CARTESIAN_POINT('',(0.0285067327482939,-0.009,-0.0111606068863564));
#14535=CARTESIAN_POINT('',(0.0287385954045532,-0.009,-0.0105760687655393));
#14536=CARTESIAN_POINT('',(0.0289409587301014,-0.009,-0.00998067461833173));
#14537=CARTESIAN_POINT('',(0.0290053191251066,-0.009,-0.00979131321900552));
#14538=CARTESIAN_POINT('',(0.,-0.009,0.));
#14539=CARTESIAN_POINT('',(0.,-0.009,0.));
#14540=CARTESIAN_POINT('',(0.0292916685132159,-0.009,-0.00956356917433166));
#14541=CARTESIAN_POINT('',(0.0297662597181004,-0.009,-0.00796451392333172));
#14542=CARTESIAN_POINT('',(0.0291015453971127,-0.009,-0.00950149501929769));
#14543=CARTESIAN_POINT('',(0.0291632251468522,-0.009,-0.00931124358442246));
#14544=CARTESIAN_POINT('',(0.0293571599304291,-0.009,-0.00871305096847428));
#14545=CARTESIAN_POINT('',(0.0295209604448347,-0.009,-0.00810591465961405));
#14546=CARTESIAN_POINT('',(0.0295730561779951,-0.009,-0.00791281873892567));
#14547=CARTESIAN_POINT('',(0.,-0.009,0.));
#14548=CARTESIAN_POINT('',(0.,-0.009,0.));
#14549=CARTESIAN_POINT('',(0.0298442256195341,-0.009,-0.00766719615052955));
#14550=CARTESIAN_POINT('',(0.0302153899041956,-0.009,-0.00604101916714307));
#14551=CARTESIAN_POINT('',(0.0296505160269954,-0.009,-0.00761743076337669));
#14552=CARTESIAN_POINT('',(0.0296998795977899,-0.009,-0.00742361838534465));
#14553=CARTESIAN_POINT('',(0.0298550895890598,-0.009,-0.0068142293760362));
#14554=CARTESIAN_POINT('',(0.0299796542008741,-0.009,-0.00619784575884677));
#14555=CARTESIAN_POINT('',(0.0300192711996476,-0.009,-0.00600180878935327));
#14556=CARTESIAN_POINT('',(0.,-0.009,0.));
#14557=CARTESIAN_POINT('',(0.,-0.009,0.));
#14558=CARTESIAN_POINT('',(0.0302741464012153,-0.009,-0.0057393169731365));
#14559=CARTESIAN_POINT('',(0.0305403585719935,-0.009,-0.00409270056740208));
#14560=CARTESIAN_POINT('',(0.0300776463265074,-0.009,-0.00570206485051519));
#14561=CARTESIAN_POINT('',(0.030114490872856,-0.009,-0.00550548794596029));
#14562=CARTESIAN_POINT('',(0.0302303382806725,-0.009,-0.00488740665344436));
#14563=CARTESIAN_POINT('',(0.0303151551271864,-0.009,-0.00426430858042263));
#14564=CARTESIAN_POINT('',(0.0303421305968272,-0.009,-0.00406613612008147));
#14565=CARTESIAN_POINT('',(0.,-0.009,0.));
#14566=CARTESIAN_POINT('',(0.,-0.009,0.));
#14567=CARTESIAN_POINT('',(0.0305796642215499,-0.009,-0.0037878537112212));
#14568=CARTESIAN_POINT('',(0.0307398303555328,-0.009,-0.00212756418314811));
#14569=CARTESIAN_POINT('',(0.030381181125629,-0.009,-0.00376326793009386));
#14570=CARTESIAN_POINT('',(0.0304053552453875,-0.009,-0.00356473427568254));
#14571=CARTESIAN_POINT('',(0.0304813640279025,-0.009,-0.0029405005285681));
#14572=CARTESIAN_POINT('',(0.0305260845785007,-0.009,-0.00231324844335023));
#14573=CARTESIAN_POINT('',(0.0305403076710179,-0.009,-0.0021137548253088));
#14574=CARTESIAN_POINT('',(0.,-0.009,0.));
#14575=CARTESIAN_POINT('',(0.,-0.009,0.));
#14576=CARTESIAN_POINT('',(0.0307595236422807,-0.009,-0.00182082534591443));
#14577=CARTESIAN_POINT('',(0.0308129855824683,-0.009,-0.000153685181304513));
#14578=CARTESIAN_POINT('',(0.0305598731347624,-0.009,-0.00180900693452933));
#14579=CARTESIAN_POINT('',(0.0305712774912875,-0.009,-0.00160933234763289));
#14580=CARTESIAN_POINT('',(0.0306071353121099,-0.009,-0.000981511256284552));
#14581=CARTESIAN_POINT('',(0.0306115758004573,-0.009,-0.000352682672233864));
#14582=CARTESIAN_POINT('',(0.0306129880701129,-0.009,-0.000152687658559937));
#14583=CARTESIAN_POINT('',(0.,-0.009,0.));
#14584=CARTESIAN_POINT('',(0.,-0.009,0.));
#14585=CARTESIAN_POINT('',(0.0308129855824683,-0.009,0.000153685181304528));
#14586=CARTESIAN_POINT('',(0.0307595236422807,-0.009,0.00182082534591444));
#14587=CARTESIAN_POINT('',(0.0306129880701129,-0.009,0.000152687658559952));
#14588=CARTESIAN_POINT('',(0.0306115758004573,-0.009,0.000352682672233879));
#14589=CARTESIAN_POINT('',(0.0306071353121099,-0.009,0.000981511256284567));
#14590=CARTESIAN_POINT('',(0.0305712774912875,-0.009,0.00160933234763291));
#14591=CARTESIAN_POINT('',(0.0305598731347624,-0.009,0.00180900693452934));
#14592=CARTESIAN_POINT('',(0.,-0.009,0.));
#14593=CARTESIAN_POINT('',(0.,-0.009,0.));
#14594=CARTESIAN_POINT('',(0.0307398303555328,-0.009,0.00212756418314813));
#14595=CARTESIAN_POINT('',(0.0305796642215499,-0.009,0.00378785371122122));
#14596=CARTESIAN_POINT('',(0.0305403076710179,-0.009,0.00211375482530881));
#14597=CARTESIAN_POINT('',(0.0305260845785007,-0.009,0.00231324844335024));
#14598=CARTESIAN_POINT('',(0.0304813640279025,-0.009,0.00294050052856811));
#14599=CARTESIAN_POINT('',(0.0304053552453875,-0.009,0.00356473427568255));
#14600=CARTESIAN_POINT('',(0.030381181125629,-0.009,0.00376326793009387));
#14601=CARTESIAN_POINT('',(0.,-0.009,0.));
#14602=CARTESIAN_POINT('',(0.,-0.009,0.));
#14603=CARTESIAN_POINT('',(0.0305403585719935,-0.009,0.0040927005674021));
#14604=CARTESIAN_POINT('',(0.0302741464012154,-0.009,0.00573931697313652));
#14605=CARTESIAN_POINT('',(0.0303421305968272,-0.009,0.00406613612008149));
#14606=CARTESIAN_POINT('',(0.0303151551271864,-0.009,0.00426430858042265));
#14607=CARTESIAN_POINT('',(0.0302303382806725,-0.009,0.00488740665344438));
#14608=CARTESIAN_POINT('',(0.030114490872856,-0.009,0.00550548794596031));
#14609=CARTESIAN_POINT('',(0.0300776463265074,-0.009,0.00570206485051521));
#14610=CARTESIAN_POINT('',(0.,-0.009,0.));
#14611=CARTESIAN_POINT('',(0.,-0.009,0.));
#14612=CARTESIAN_POINT('',(0.0302153899041956,-0.009,0.00604101916714308));
#14613=CARTESIAN_POINT('',(0.0298442256195341,-0.009,0.00766719615052956));
#14614=CARTESIAN_POINT('',(0.0300192711996476,-0.009,0.00600180878935328));
#14615=CARTESIAN_POINT('',(0.0299796542008741,-0.009,0.00619784575884678));
#14616=CARTESIAN_POINT('',(0.0298550895890598,-0.009,0.00681422937603621));
#14617=CARTESIAN_POINT('',(0.0296998795977899,-0.009,0.00742361838534466));
#14618=CARTESIAN_POINT('',(0.0296505160269954,-0.009,0.0076174307633767));
#14619=CARTESIAN_POINT('',(0.,-0.009,0.));
#14620=CARTESIAN_POINT('',(0.,-0.009,0.));
#14621=CARTESIAN_POINT('',(0.0297662597181004,-0.009,0.00796451392333174));
#14622=CARTESIAN_POINT('',(0.0292916685132159,-0.009,0.00956356917433168));
#14623=CARTESIAN_POINT('',(0.0295730561779951,-0.009,0.00791281873892569));
#14624=CARTESIAN_POINT('',(0.0295209604448347,-0.009,0.00810591465961406));
#14625=CARTESIAN_POINT('',(0.0293571599304291,-0.009,0.00871305096847429));
#14626=CARTESIAN_POINT('',(0.0291632251468522,-0.009,0.00931124358442248));
#14627=CARTESIAN_POINT('',(0.0291015453971127,-0.009,0.0095014950192977));
#14628=CARTESIAN_POINT('',(0.,-0.009,0.));
#14629=CARTESIAN_POINT('',(0.,-0.009,0.));
#14630=CARTESIAN_POINT('',(0.0291948135859809,-0.009,0.00985528078342654));
#14631=CARTESIAN_POINT('',(0.0286187456579337,-0.009,0.0114206434410173));
#14632=CARTESIAN_POINT('',(0.0290053191251066,-0.009,0.00979131321900554));
#14633=CARTESIAN_POINT('',(0.0289409587301014,-0.009,0.00998067461833175));
#14634=CARTESIAN_POINT('',(0.0287385954045532,-0.009,0.0105760687655393));
#14635=CARTESIAN_POINT('',(0.0285067327482939,-0.009,0.0111606068863564));
#14636=CARTESIAN_POINT('',(0.0284329902749312,-0.009,0.0113465155941201));
#14637=CARTESIAN_POINT('',(0.,-0.009,0.));
#14638=CARTESIAN_POINT('',(0.,-0.009,0.));
#14639=CARTESIAN_POINT('',(0.0285033997025688,-0.009,0.0117055501808311));
#14640=CARTESIAN_POINT('',(0.0278282222380414,-0.009,0.0132307878340834));
#14641=CARTESIAN_POINT('',(0.0283183929943116,-0.009,0.0116295730928384));
#14642=CARTESIAN_POINT('',(0.0282420324081298,-0.009,0.0118144218441947));
#14643=CARTESIAN_POINT('',(0.0280019378257506,-0.009,0.0123956272274871));
#14644=CARTESIAN_POINT('',(0.027733100070198,-0.009,0.0129641088606516));
#14645=CARTESIAN_POINT('',(0.0276475978968529,-0.009,0.0131449109025463));
#14646=CARTESIAN_POINT('',(0.,-0.009,0.));
#14647=CARTESIAN_POINT('',(0.,-0.009,0.));
#14648=CARTESIAN_POINT('',(0.0276948592358187,-0.009,0.0135077189617101));
#14649=CARTESIAN_POINT('',(0.026923346683838,-0.009,0.0149865640819442));
#14650=CARTESIAN_POINT('',(0.0275151005124268,-0.009,0.0134200445562972));
#14651=CARTESIAN_POINT('',(0.0274270535170963,-0.009,0.0135996210765143));
#14652=CARTESIAN_POINT('',(0.0271502142780252,-0.009,0.0141642493983035));
#14653=CARTESIAN_POINT('',(0.0268455061351822,-0.009,0.0147143385308458));
#14654=CARTESIAN_POINT('',(0.0267485956086253,-0.009,0.0148892909524994));
#14655=CARTESIAN_POINT('',(0.,-0.009,0.));
#14656=CARTESIAN_POINT('',(0.,-0.009,0.));
#14657=CARTESIAN_POINT('',(0.0267725146519399,-0.009,0.0152543816279787));
#14658=CARTESIAN_POINT('',(0.025907837323071,-0.009,0.0166807573233844));
#14659=CARTESIAN_POINT('',(0.0265987425805657,-0.009,0.0151553701780836));
#14660=CARTESIAN_POINT('',(0.0264993709800766,-0.009,0.015328936548721));
#14661=CARTESIAN_POINT('',(0.0261869246761286,-0.009,0.0158746676301202));
#14662=CARTESIAN_POINT('',(0.025847598257114,-0.009,0.0164041038278011));
#14663=CARTESIAN_POINT('',(0.025739677603486,-0.009,0.0165724877121858));
#14664=CARTESIAN_POINT('',(0.,-0.009,0.));
#14665=CARTESIAN_POINT('',(0.,-0.009,0.));
#14666=CARTESIAN_POINT('',(0.0257401560626699,-0.009,0.0169383607680833));
#14667=CARTESIAN_POINT('',(0.0247858671015297,-0.009,0.0183064057549716));
#14668=CARTESIAN_POINT('',(0.0255730847100288,-0.009,0.0168284191329916));
#14669=CARTESIAN_POINT('',(0.0254627968436025,-0.009,0.0169952621326024));
#14670=CARTESIAN_POINT('',(0.0251160273836602,-0.009,0.0175198534475394));
#14671=CARTESIAN_POINT('',(0.0247434770535149,-0.009,0.0180264611434586));
#14672=CARTESIAN_POINT('',(0.0246249897419304,-0.009,0.0181875845650754));
#14673=CARTESIAN_POINT('',(0.,-0.009,0.));
#14674=CARTESIAN_POINT('',(0.,-0.009,0.));
#14675=CARTESIAN_POINT('',(0.0246020256508924,-0.009,0.018552736550525));
#14676=CARTESIAN_POINT('',(0.0235620464355165,-0.009,0.0198568292385999));
#14677=CARTESIAN_POINT('',(0.0244423415490089,-0.009,0.0184323165039975));
#14678=CARTESIAN_POINT('',(0.0243215906131452,-0.009,0.0185917505389087));
#14679=CARTESIAN_POINT('',(0.0239419229473012,-0.009,0.0190930464291457));
#14680=CARTESIAN_POINT('',(0.0235376795952436,-0.009,0.0195747438636139));
#14681=CARTESIAN_POINT('',(0.0234091125154815,-0.009,0.0197279447317624));
#14682=CARTESIAN_POINT('',(0.,-0.009,0.));
#14683=CARTESIAN_POINT('',(0.,-0.009,0.));
#14684=CARTESIAN_POINT('',(0.0233628002385972,-0.009,0.020090875158931));
#14685=CARTESIAN_POINT('',(0.0222414042666566,-0.009,0.0213256567516103));
#14686=CARTESIAN_POINT('',(0.0232111595636983,-0.009,0.019960471532769));
#14687=CARTESIAN_POINT('',(0.0230804417498936,-0.009,0.0201118414543325));
#14688=CARTESIAN_POINT('',(0.0226694360140255,-0.009,0.0205877819875291));
#14689=CARTESIAN_POINT('',(0.0222351607626992,-0.009,0.0210425897624642));
#14690=CARTESIAN_POINT('',(0.0220970422244677,-0.009,0.0211872385419157));
#14691=CARTESIAN_POINT('',(0.,-0.009,0.));
#14692=CARTESIAN_POINT('',(0.,-0.009,0.));
#14693=CARTESIAN_POINT('',(0.0220275720688169,-0.009,0.0215464560518297));
#14694=CARTESIAN_POINT('',(0.0208293673968988,-0.009,0.0227068525666892));
#14695=CARTESIAN_POINT('',(0.0218845979449624,-0.009,0.0214066047025047));
#14696=CARTESIAN_POINT('',(0.0217444504007526,-0.009,0.0215492884992441));
#14697=CARTESIAN_POINT('',(0.0213037955055893,-0.009,0.0219979179336603));
#14698=CARTESIAN_POINT('',(0.0208412728851537,-0.009,0.0224239671463592));
#14699=CARTESIAN_POINT('',(0.0206941704471528,-0.009,0.0225594694442519));
#14700=CARTESIAN_POINT('',(0.,-0.009,0.));
#14701=CARTESIAN_POINT('',(0.,-0.009,0.));
#14702=CARTESIAN_POINT('',(0.0206018278805063,-0.009,0.0229134979351112));
#14703=CARTESIAN_POINT('',(0.0193317381886218,-0.009,0.023994741053967));
#14704=CARTESIAN_POINT('',(0.0204681078190391,-0.009,0.0227647735418154));
#14705=CARTESIAN_POINT('',(0.0203191064407448,-0.009,0.0228981848954043));
#14706=CARTESIAN_POINT('',(0.0198506131317709,-0.009,0.0233176597164635));
#14707=CARTESIAN_POINT('',(0.0193617437468841,-0.009,0.0237131996393239));
#14708=CARTESIAN_POINT('',(0.0192062618845849,-0.009,0.0238389986476506));
#14709=CARTESIAN_POINT('',(0.,-0.009,0.));
#14710=CARTESIAN_POINT('',(0.,-0.009,0.));
#14711=CARTESIAN_POINT('',(0.0190914263623565,-0.009,0.0241863833404474));
#14712=CARTESIAN_POINT('',(0.017754670721483,-0.009,0.0251840300033983));
#14713=CARTESIAN_POINT('',(0.018967509847692,-0.009,0.0240293970436143));
#14714=CARTESIAN_POINT('',(0.0188102669139374,-0.009,0.0241529877381841));
#14715=CARTESIAN_POINT('',(0.0183158603306509,-0.009,0.0245415842338695));
#14716=CARTESIAN_POINT('',(0.0178026530504776,-0.009,0.0249049895085053));
#14717=CARTESIAN_POINT('',(0.017639430672203,-0.009,0.0250205682921569));
#14718=CARTESIAN_POINT('',(0.,-0.009,0.));
#14719=CARTESIAN_POINT('',(0.,-0.009,0.));
#14720=CARTESIAN_POINT('',(0.0175025740781856,-0.009,0.0253598817086747));
#14721=CARTESIAN_POINT('',(0.0161046455039846,-0.009,0.0262698323715881));
#14722=CARTESIAN_POINT('',(0.0173889703098625,-0.009,0.0251952785986714));
#14723=CARTESIAN_POINT('',(0.017224131965591,-0.009,0.0253085407735481));
#14724=CARTESIAN_POINT('',(0.0167058437306924,-0.009,0.0256646621175051));
#14725=CARTESIAN_POINT('',(0.0161704074340296,-0.009,0.0259944394336927));
#14726=CARTESIAN_POINT('',(0.016000115255543,-0.009,0.0260993230546558));
#14727=CARTESIAN_POINT('',(0.,-0.009,0.));
#14728=CARTESIAN_POINT('',(0.,-0.009,0.));
#14729=CARTESIAN_POINT('',(0.0158417999628372,-0.009,0.0264291708832835));
#14730=CARTESIAN_POINT('',(0.0143884428436748,-0.009,0.0272476863637017));
#14731=CARTESIAN_POINT('',(0.0157389757631075,-0.009,0.0262576273495962));
#14732=CARTESIAN_POINT('',(0.0155672193644332,-0.009,0.0263600955862087));
#14733=CARTESIAN_POINT('',(0.0150271792354524,-0.009,0.0266822783994472));
#14734=CARTESIAN_POINT('',(0.0144717141448936,-0.009,0.0269770726314574));
#14735=CARTESIAN_POINT('',(0.014295051933284,-0.009,0.0270708301004357));
#14736=CARTESIAN_POINT('',(0.,-0.009,0.));
#14737=CARTESIAN_POINT('',(0.,-0.009,0.));
#14738=CARTESIAN_POINT('',(0.014115928493386,-0.009,0.0273898569256936));
#14739=CARTESIAN_POINT('',(0.012613114985409,-0.009,0.0281135737679364));
#14740=CARTESIAN_POINT('',(0.0140243063889421,-0.009,0.0272120778774982));
#14741=CARTESIAN_POINT('',(0.0138463377197489,-0.009,0.0273033311118826));
#14742=CARTESIAN_POINT('',(0.013286764837414,-0.009,0.0275902514761153));
#14743=CARTESIAN_POINT('',(0.0127135534781633,-0.009,0.0278488512512154));
#14744=CARTESIAN_POINT('',(0.0125312471763522,-0.009,0.0279310972986583));
#14745=CARTESIAN_POINT('',(0.,-0.009,0.));
#14746=CARTESIAN_POINT('',(0.,-0.009,0.));
#14747=CARTESIAN_POINT('',(0.0123320516458983,-0.009,0.0282379921708901));
#14748=CARTESIAN_POINT('',(0.0107859571321634,-0.009,0.0288639364672161));
#14749=CARTESIAN_POINT('',(0.0122520081316203,-0.009,0.028054708140429));
#14750=CARTESIAN_POINT('',(0.0120685585033441,-0.009,0.0281343713934718));
#14751=CARTESIAN_POINT('',(0.0114917522726566,-0.009,0.0283848502913775));
#14752=CARTESIAN_POINT('',(0.0109031500931425,-0.009,0.0286061929676223));
#14753=CARTESIAN_POINT('',(0.0107159488368286,-0.009,0.0286765896268789));
#14754=CARTESIAN_POINT('',(0.,-0.009,0.));
#14755=CARTESIAN_POINT('',(0.,-0.009,0.));
#14756=CARTESIAN_POINT('',(0.0104974997529808,-0.009,0.028970091449226));
#14757=CARTESIAN_POINT('',(0.00891447746748125,-0.009,0.0294956910602569));
#14758=CARTESIAN_POINT('',(0.0104293637448381,-0.009,0.0287820555898949));
#14759=CARTESIAN_POINT('',(0.0102411869913513,-0.009,0.0288498015082014));
#14760=CARTESIAN_POINT('',(0.00964951763283773,-0.009,0.0290628096682611));
#14761=CARTESIAN_POINT('',(0.00904794332567072,-0.009,0.0292459857011161));
#14762=CARTESIAN_POINT('',(0.00885661636497065,-0.009,0.0293042436972136));
#14763=CARTESIAN_POINT('',(0.,-0.009,0.));
#14764=CARTESIAN_POINT('',(0.,-0.009,0.));
#14765=CARTESIAN_POINT('',(0.00861981138187174,-0.009,0.029583146407732));
#14766=CARTESIAN_POINT('',(0.00700636630273579,-0.009,0.0300062415319253));
#14767=CARTESIAN_POINT('',(0.00856386286533693,-0.009,0.0293911313992104));
#14768=CARTESIAN_POINT('',(0.00837173224528336,-0.009,0.0294466816002707));
#14769=CARTESIAN_POINT('',(0.00776763105525046,-0.009,0.0296213437262649));
#14770=CARTESIAN_POINT('',(0.00715555661829595,-0.009,0.0297656004061199));
#14771=CARTESIAN_POINT('',(0.00696089015673079,-0.009,0.0298114803444558));
#14772=CARTESIAN_POINT('',(0.,-0.009,0.));
#14773=CARTESIAN_POINT('',(0.,-0.009,0.));
#14774=CARTESIAN_POINT('',(0.00670670235685079,-0.009,0.0300746378720836));
#14775=CARTESIAN_POINT('',(0.00506946447599153,-0.009,0.0303934899208204));
#14776=CARTESIAN_POINT('',(0.00666317123637924,-0.009,0.0298794327452285));
#14777=CARTESIAN_POINT('',(0.0064678762556886,-0.009,0.0299225589613512));
#14778=CARTESIAN_POINT('',(0.00585382561550553,-0.009,0.030058157329139));
#14779=CARTESIAN_POINT('',(0.00523376619391453,-0.009,0.0301629018743535));
#14780=CARTESIAN_POINT('',(0.00503656015773068,-0.009,0.0301962152244202));
#14781=CARTESIAN_POINT('',(0.,-0.009,0.));
#14782=CARTESIAN_POINT('',(0.,-0.009,0.));
#14783=CARTESIAN_POINT('',(0.00476603405326239,-0.009,0.0304425461984292));
#14784=CARTESIAN_POINT('',(0.0031117311323187,-0.009,0.0306558449402477));
#14785=CARTESIAN_POINT('',(0.00473509920756551,-0.009,0.0302449530929784));
#14786=CARTESIAN_POINT('',(0.00453744237520411,-0.009,0.0302754781092907));
#14787=CARTESIAN_POINT('',(0.00391596555066483,-0.009,0.0303714555160932));
#14788=CARTESIAN_POINT('',(0.00329046910160298,-0.009,0.0304362575088633));
#14789=CARTESIAN_POINT('',(0.00309153385270368,-0.009,0.0304568673789596));
#14790=CARTESIAN_POINT('',(0.,-0.009,0.));
#14791=CARTESIAN_POINT('',(0.,-0.009,0.));
#14792=CARTESIAN_POINT('',(0.00280578109343804,-0.009,0.0306853595725397));
#14793=CARTESIAN_POINT('',(0.00114121101795894,-0.009,0.0307922285171574));
#14794=CARTESIAN_POINT('',(0.00278756964043231,-0.009,0.030486190440947));
#14795=CARTESIAN_POINT('',(0.00258836317072158,-0.009,0.0305039888236095));
#14796=CARTESIAN_POINT('',(0.00196201394340448,-0.009,0.030559950877675));
#14797=CARTESIAN_POINT('',(0.00133365076594954,-0.009,0.0305845440327124));
#14798=CARTESIAN_POINT('',(0.00113380377194399,-0.009,0.0305923657324613));
#14799=CARTESIAN_POINT('',(0.,-0.009,0.));
#14800=CARTESIAN_POINT('',(0.,-0.009,0.));
#14801=CARTESIAN_POINT('',(0.0008339985772626,-0.009,0.0308020802221778));
#14802=CARTESIAN_POINT('',(-0.000833998577262605,-0.009,0.0308020802221778));
#14803=CARTESIAN_POINT('',(0.000828585351714752,-0.009,0.0306021534931264));
#14804=CARTESIAN_POINT('',(0.000628647826768379,-0.009,0.030607152104767));
#14805=CARTESIAN_POINT('',(-2.38524477946811E-18,-0.009,0.0306228688460115));
#14806=CARTESIAN_POINT('',(-0.000628647826768383,-0.009,0.030607152104767));
#14807=CARTESIAN_POINT('',(-0.000828585351714756,-0.009,0.0306021534931264));
#14808=CARTESIAN_POINT('',(0.,-0.009,0.));
#14809=CARTESIAN_POINT('',(0.,-0.009,0.));
#14810=CARTESIAN_POINT('',(-0.00114121101795898,-0.009,0.0307922285171574));
#14811=CARTESIAN_POINT('',(-0.00280578109343807,-0.009,0.0306853595725397));
#14812=CARTESIAN_POINT('',(-0.00113380377194403,-0.009,0.0305923657324613));
#14813=CARTESIAN_POINT('',(-0.00133365076594957,-0.009,0.0305845440327124));
#14814=CARTESIAN_POINT('',(-0.0019620139434045,-0.009,0.030559950877675));
#14815=CARTESIAN_POINT('',(-0.00258836317072161,-0.009,0.0305039888236095));
#14816=CARTESIAN_POINT('',(-0.00278756964043234,-0.009,0.030486190440947));
#14817=CARTESIAN_POINT('',(0.,-0.009,0.));
#14818=CARTESIAN_POINT('',(0.,-0.009,0.));
#14819=CARTESIAN_POINT('',(-0.00311173113231873,-0.009,0.0306558449402477));
#14820=CARTESIAN_POINT('',(-0.00476603405326242,-0.009,0.0304425461984291));
#14821=CARTESIAN_POINT('',(-0.0030915338527037,-0.009,0.0304568673789596));
#14822=CARTESIAN_POINT('',(-0.003290469101603,-0.009,0.0304362575088633));
#14823=CARTESIAN_POINT('',(-0.00391596555066486,-0.009,0.0303714555160932));
#14824=CARTESIAN_POINT('',(-0.00453744237520414,-0.009,0.0302754781092907));
#14825=CARTESIAN_POINT('',(-0.00473509920756554,-0.009,0.0302449530929784));
#14826=CARTESIAN_POINT('',(0.,-0.009,0.));
#14827=CARTESIAN_POINT('',(0.,-0.009,0.));
#14828=CARTESIAN_POINT('',(-0.00506946447599155,-0.009,0.0303934899208204));
#14829=CARTESIAN_POINT('',(-0.00670670235685081,-0.009,0.0300746378720836));
#14830=CARTESIAN_POINT('',(-0.00503656015773069,-0.009,0.0301962152244202));
#14831=CARTESIAN_POINT('',(-0.00523376619391454,-0.009,0.0301629018743535));
#14832=CARTESIAN_POINT('',(-0.00585382561550555,-0.009,0.030058157329139));
#14833=CARTESIAN_POINT('',(-0.00646787625568862,-0.009,0.0299225589613512));
#14834=CARTESIAN_POINT('',(-0.00666317123637925,-0.009,0.0298794327452285));
#14835=CARTESIAN_POINT('',(0.,-0.009,0.));
#14836=CARTESIAN_POINT('',(0.,-0.009,0.));
#14837=CARTESIAN_POINT('',(-0.00700636630273583,-0.009,0.0300062415319253));
#14838=CARTESIAN_POINT('',(-0.00861981138187178,-0.009,0.029583146407732));
#14839=CARTESIAN_POINT('',(-0.00696089015673083,-0.009,0.0298114803444558));
#14840=CARTESIAN_POINT('',(-0.00715555661829599,-0.009,0.0297656004061198));
#14841=CARTESIAN_POINT('',(-0.00776763105525049,-0.009,0.0296213437262649));
#14842=CARTESIAN_POINT('',(-0.0083717322452834,-0.009,0.0294466816002707));
#14843=CARTESIAN_POINT('',(-0.00856386286533697,-0.009,0.0293911313992103));
#14844=CARTESIAN_POINT('',(0.,-0.009,0.));
#14845=CARTESIAN_POINT('',(0.,-0.009,0.));
#14846=CARTESIAN_POINT('',(-0.00891447746748128,-0.009,0.0294956910602569));
#14847=CARTESIAN_POINT('',(-0.0104974997529809,-0.009,0.028970091449226));
#14848=CARTESIAN_POINT('',(-0.00885661636497067,-0.009,0.0293042436972136));
#14849=CARTESIAN_POINT('',(-0.00904794332567074,-0.009,0.0292459857011161));
#14850=CARTESIAN_POINT('',(-0.00964951763283775,-0.009,0.0290628096682611));
#14851=CARTESIAN_POINT('',(-0.0102411869913513,-0.009,0.0288498015082014));
#14852=CARTESIAN_POINT('',(-0.0104293637448382,-0.009,0.0287820555898949));
#14853=CARTESIAN_POINT('',(0.,-0.009,0.));
#14854=CARTESIAN_POINT('',(0.,-0.009,0.));
#14855=CARTESIAN_POINT('',(-0.0107859571321634,-0.009,0.0288639364672161));
#14856=CARTESIAN_POINT('',(-0.0123320516458983,-0.009,0.0282379921708901));
#14857=CARTESIAN_POINT('',(-0.0107159488368286,-0.009,0.0286765896268789));
#14858=CARTESIAN_POINT('',(-0.0109031500931426,-0.009,0.0286061929676223));
#14859=CARTESIAN_POINT('',(-0.0114917522726566,-0.009,0.0283848502913775));
#14860=CARTESIAN_POINT('',(-0.0120685585033441,-0.009,0.0281343713934718));
#14861=CARTESIAN_POINT('',(-0.0122520081316203,-0.009,0.028054708140429));
#14862=CARTESIAN_POINT('',(0.,-0.009,0.));
#14863=CARTESIAN_POINT('',(0.,-0.009,0.));
#14864=CARTESIAN_POINT('',(-0.012613114985409,-0.009,0.0281135737679364));
#14865=CARTESIAN_POINT('',(-0.014115928493386,-0.009,0.0273898569256936));
#14866=CARTESIAN_POINT('',(-0.0125312471763522,-0.009,0.0279310972986582));
#14867=CARTESIAN_POINT('',(-0.0127135534781633,-0.009,0.0278488512512154));
#14868=CARTESIAN_POINT('',(-0.0132867648374141,-0.009,0.0275902514761153));
#14869=CARTESIAN_POINT('',(-0.0138463377197489,-0.009,0.0273033311118826));
#14870=CARTESIAN_POINT('',(-0.0140243063889421,-0.009,0.0272120778774982));
#14871=CARTESIAN_POINT('',(0.,-0.009,0.));
#14872=CARTESIAN_POINT('',(0.,-0.009,0.));
#14873=CARTESIAN_POINT('',(-0.0143884428436748,-0.009,0.0272476863637017));
#14874=CARTESIAN_POINT('',(-0.0158417999628372,-0.009,0.0264291708832835));
#14875=CARTESIAN_POINT('',(-0.0142950519332841,-0.009,0.0270708301004357));
#14876=CARTESIAN_POINT('',(-0.0144717141448936,-0.009,0.0269770726314573));
#14877=CARTESIAN_POINT('',(-0.0150271792354524,-0.009,0.0266822783994472));
#14878=CARTESIAN_POINT('',(-0.0155672193644333,-0.009,0.0263600955862086));
#14879=CARTESIAN_POINT('',(-0.0157389757631075,-0.009,0.0262576273495962));
#14880=CARTESIAN_POINT('',(0.,-0.009,0.));
#14881=CARTESIAN_POINT('',(0.,-0.009,0.));
#14882=CARTESIAN_POINT('',(-0.0161046455039846,-0.009,0.0262698323715881));
#14883=CARTESIAN_POINT('',(-0.0175025740781856,-0.009,0.0253598817086747));
#14884=CARTESIAN_POINT('',(-0.016000115255543,-0.009,0.0260993230546557));
#14885=CARTESIAN_POINT('',(-0.0161704074340296,-0.009,0.0259944394336927));
#14886=CARTESIAN_POINT('',(-0.0167058437306925,-0.009,0.0256646621175051));
#14887=CARTESIAN_POINT('',(-0.017224131965591,-0.009,0.0253085407735481));
#14888=CARTESIAN_POINT('',(-0.0173889703098625,-0.009,0.0251952785986714));
#14889=CARTESIAN_POINT('',(0.,-0.009,0.));
#14890=CARTESIAN_POINT('',(0.,-0.009,0.));
#14891=CARTESIAN_POINT('',(-0.017754670721483,-0.009,0.0251840300033983));
#14892=CARTESIAN_POINT('',(-0.0190914263623565,-0.009,0.0241863833404474));
#14893=CARTESIAN_POINT('',(-0.0176394306722031,-0.009,0.0250205682921569));
#14894=CARTESIAN_POINT('',(-0.0178026530504776,-0.009,0.0249049895085053));
#14895=CARTESIAN_POINT('',(-0.0183158603306509,-0.009,0.0245415842338695));
#14896=CARTESIAN_POINT('',(-0.0188102669139374,-0.009,0.0241529877381841));
#14897=CARTESIAN_POINT('',(-0.018967509847692,-0.009,0.0240293970436143));
#14898=CARTESIAN_POINT('',(0.,-0.009,0.));
#14899=CARTESIAN_POINT('',(0.,-0.009,0.));
#14900=CARTESIAN_POINT('',(-0.0193317381886218,-0.009,0.023994741053967));
#14901=CARTESIAN_POINT('',(-0.0206018278805063,-0.009,0.0229134979351112));
#14902=CARTESIAN_POINT('',(-0.0192062618845849,-0.009,0.0238389986476506));
#14903=CARTESIAN_POINT('',(-0.0193617437468841,-0.009,0.0237131996393239));
#14904=CARTESIAN_POINT('',(-0.0198506131317709,-0.009,0.0233176597164635));
#14905=CARTESIAN_POINT('',(-0.0203191064407448,-0.009,0.0228981848954043));
#14906=CARTESIAN_POINT('',(-0.0204681078190391,-0.009,0.0227647735418154));
#14907=CARTESIAN_POINT('',(0.,-0.009,0.));
#14908=CARTESIAN_POINT('',(0.,-0.009,0.));
#14909=CARTESIAN_POINT('',(-0.0208293673968988,-0.009,0.0227068525666892));
#14910=CARTESIAN_POINT('',(-0.0220275720688169,-0.009,0.0215464560518297));
#14911=CARTESIAN_POINT('',(-0.0206941704471528,-0.009,0.0225594694442518));
#14912=CARTESIAN_POINT('',(-0.0208412728851537,-0.009,0.0224239671463592));
#14913=CARTESIAN_POINT('',(-0.0213037955055893,-0.009,0.0219979179336603));
#14914=CARTESIAN_POINT('',(-0.0217444504007526,-0.009,0.0215492884992441));
#14915=CARTESIAN_POINT('',(-0.0218845979449624,-0.009,0.0214066047025047));
#14916=CARTESIAN_POINT('',(0.,-0.009,0.));
#14917=CARTESIAN_POINT('',(0.,-0.009,0.));
#14918=CARTESIAN_POINT('',(-0.0222414042666566,-0.009,0.0213256567516103));
#14919=CARTESIAN_POINT('',(-0.0233628002385973,-0.009,0.020090875158931));
#14920=CARTESIAN_POINT('',(-0.0220970422244677,-0.009,0.0211872385419157));
#14921=CARTESIAN_POINT('',(-0.0222351607626992,-0.009,0.0210425897624642));
#14922=CARTESIAN_POINT('',(-0.0226694360140255,-0.009,0.0205877819875291));
#14923=CARTESIAN_POINT('',(-0.0230804417498937,-0.009,0.0201118414543325));
#14924=CARTESIAN_POINT('',(-0.0232111595636983,-0.009,0.019960471532769));
#14925=CARTESIAN_POINT('',(0.,-0.009,0.));
#14926=CARTESIAN_POINT('',(0.,-0.009,0.));
#14927=CARTESIAN_POINT('',(-0.0235620464355165,-0.009,0.0198568292385999));
#14928=CARTESIAN_POINT('',(-0.0246020256508924,-0.009,0.018552736550525));
#14929=CARTESIAN_POINT('',(-0.0234091125154815,-0.009,0.0197279447317624));
#14930=CARTESIAN_POINT('',(-0.0235376795952437,-0.009,0.0195747438636139));
#14931=CARTESIAN_POINT('',(-0.0239419229473012,-0.009,0.0190930464291457));
#14932=CARTESIAN_POINT('',(-0.0243215906131452,-0.009,0.0185917505389086));
#14933=CARTESIAN_POINT('',(-0.0244423415490089,-0.009,0.0184323165039975));
#14934=CARTESIAN_POINT('',(0.,-0.009,0.));
#14935=CARTESIAN_POINT('',(0.,-0.009,0.));
#14936=CARTESIAN_POINT('',(-0.0247858671015297,-0.009,0.0183064057549716));
#14937=CARTESIAN_POINT('',(-0.02574015606267,-0.009,0.0169383607680833));
#14938=CARTESIAN_POINT('',(-0.0246249897419304,-0.009,0.0181875845650754));
#14939=CARTESIAN_POINT('',(-0.0247434770535149,-0.009,0.0180264611434585));
#14940=CARTESIAN_POINT('',(-0.0251160273836602,-0.009,0.0175198534475393));
#14941=CARTESIAN_POINT('',(-0.0254627968436025,-0.009,0.0169952621326024));
#14942=CARTESIAN_POINT('',(-0.0255730847100288,-0.009,0.0168284191329916));
#14943=CARTESIAN_POINT('',(0.,-0.009,0.));
#14944=CARTESIAN_POINT('',(0.,-0.009,0.));
#14945=CARTESIAN_POINT('',(-0.025907837323071,-0.009,0.0166807573233844));
#14946=CARTESIAN_POINT('',(-0.0267725146519399,-0.009,0.0152543816279787));
#14947=CARTESIAN_POINT('',(-0.025739677603486,-0.009,0.0165724877121858));
#14948=CARTESIAN_POINT('',(-0.025847598257114,-0.009,0.0164041038278011));
#14949=CARTESIAN_POINT('',(-0.0261869246761286,-0.009,0.0158746676301202));
#14950=CARTESIAN_POINT('',(-0.0264993709800766,-0.009,0.015328936548721));
#14951=CARTESIAN_POINT('',(-0.0265987425805657,-0.009,0.0151553701780836));
#14952=CARTESIAN_POINT('',(0.,-0.009,0.));
#14953=CARTESIAN_POINT('',(0.,-0.009,0.));
#14954=CARTESIAN_POINT('',(-0.026923346683838,-0.009,0.0149865640819442));
#14955=CARTESIAN_POINT('',(-0.0276948592358187,-0.009,0.0135077189617101));
#14956=CARTESIAN_POINT('',(-0.0267485956086253,-0.009,0.0148892909524994));
#14957=CARTESIAN_POINT('',(-0.0268455061351822,-0.009,0.0147143385308458));
#14958=CARTESIAN_POINT('',(-0.0271502142780252,-0.009,0.0141642493983035));
#14959=CARTESIAN_POINT('',(-0.0274270535170963,-0.009,0.0135996210765143));
#14960=CARTESIAN_POINT('',(-0.0275151005124268,-0.009,0.0134200445562972));
#14961=CARTESIAN_POINT('',(0.,-0.009,0.));
#14962=CARTESIAN_POINT('',(0.,-0.009,0.));
#14963=CARTESIAN_POINT('',(-0.0278282222380414,-0.009,0.0132307878340834));
#14964=CARTESIAN_POINT('',(-0.0285033997025688,-0.009,0.0117055501808311));
#14965=CARTESIAN_POINT('',(-0.0276475978968529,-0.009,0.0131449109025463));
#14966=CARTESIAN_POINT('',(-0.027733100070198,-0.009,0.0129641088606516));
#14967=CARTESIAN_POINT('',(-0.0280019378257506,-0.009,0.0123956272274871));
#14968=CARTESIAN_POINT('',(-0.0282420324081298,-0.009,0.0118144218441947));
#14969=CARTESIAN_POINT('',(-0.0283183929943116,-0.009,0.0116295730928384));
#14970=CARTESIAN_POINT('',(0.,-0.009,0.));
#14971=CARTESIAN_POINT('',(0.,-0.009,0.));
#14972=CARTESIAN_POINT('',(-0.0286187456579338,-0.009,0.0114206434410173));
#14973=CARTESIAN_POINT('',(-0.0291948135859809,-0.009,0.00985528078342651));
#14974=CARTESIAN_POINT('',(-0.0284329902749313,-0.009,0.0113465155941201));
#14975=CARTESIAN_POINT('',(-0.0285067327482939,-0.009,0.0111606068863564));
#14976=CARTESIAN_POINT('',(-0.0287385954045532,-0.009,0.0105760687655393));
#14977=CARTESIAN_POINT('',(-0.0289409587301014,-0.009,0.00998067461833172));
#14978=CARTESIAN_POINT('',(-0.0290053191251066,-0.009,0.00979131321900551));
#14979=CARTESIAN_POINT('',(0.,-0.009,0.));
#14980=CARTESIAN_POINT('',(0.,-0.009,0.));
#14981=CARTESIAN_POINT('',(-0.0292916685132159,-0.009,0.00956356917433165));
#14982=CARTESIAN_POINT('',(-0.0297662597181004,-0.009,0.00796451392333171));
#14983=CARTESIAN_POINT('',(-0.0291015453971127,-0.009,0.00950149501929768));
#14984=CARTESIAN_POINT('',(-0.0291632251468522,-0.009,0.00931124358442245));
#14985=CARTESIAN_POINT('',(-0.0293571599304291,-0.009,0.00871305096847426));
#14986=CARTESIAN_POINT('',(-0.0295209604448347,-0.009,0.00810591465961404));
#14987=CARTESIAN_POINT('',(-0.0295730561779951,-0.009,0.00791281873892566));
#14988=CARTESIAN_POINT('',(0.,-0.009,0.));
#14989=CARTESIAN_POINT('',(0.,-0.009,0.));
#14990=CARTESIAN_POINT('',(-0.0298442256195341,-0.009,0.00766719615052955));
#14991=CARTESIAN_POINT('',(-0.0302153899041956,-0.009,0.00604101916714307));
#14992=CARTESIAN_POINT('',(-0.0296505160269954,-0.009,0.00761743076337668));
#14993=CARTESIAN_POINT('',(-0.0296998795977899,-0.009,0.00742361838534464));
#14994=CARTESIAN_POINT('',(-0.0298550895890598,-0.009,0.00681422937603619));
#14995=CARTESIAN_POINT('',(-0.0299796542008741,-0.009,0.00619784575884677));
#14996=CARTESIAN_POINT('',(-0.0300192711996476,-0.009,0.00600180878935327));
#14997=CARTESIAN_POINT('',(0.,-0.009,0.));
#14998=CARTESIAN_POINT('',(0.,-0.009,0.));
#14999=CARTESIAN_POINT('',(-0.0302741464012154,-0.009,0.00573931697313648));
#15000=CARTESIAN_POINT('',(-0.0305403585719935,-0.009,0.00409270056740206));
#15001=CARTESIAN_POINT('',(-0.0300776463265074,-0.009,0.00570206485051517));
#15002=CARTESIAN_POINT('',(-0.030114490872856,-0.009,0.00550548794596028));
#15003=CARTESIAN_POINT('',(-0.0302303382806725,-0.009,0.00488740665344435));
#15004=CARTESIAN_POINT('',(-0.0303151551271864,-0.009,0.00426430858042262));
#15005=CARTESIAN_POINT('',(-0.0303421305968272,-0.009,0.00406613612008145));
#15006=CARTESIAN_POINT('',(0.,-0.009,0.));
#15007=CARTESIAN_POINT('',(0.,-0.009,0.));
#15008=CARTESIAN_POINT('',(-0.0305796642215499,-0.009,0.00378785371122119));
#15009=CARTESIAN_POINT('',(-0.0307398303555328,-0.009,0.0021275641831481));
#15010=CARTESIAN_POINT('',(-0.030381181125629,-0.009,0.00376326793009385));
#15011=CARTESIAN_POINT('',(-0.0304053552453875,-0.009,0.00356473427568253));
#15012=CARTESIAN_POINT('',(-0.0304813640279025,-0.009,0.00294050052856809));
#15013=CARTESIAN_POINT('',(-0.0305260845785007,-0.009,0.00231324844335022));
#15014=CARTESIAN_POINT('',(-0.0305403076710179,-0.009,0.00211375482530879));
#15015=CARTESIAN_POINT('',(0.,-0.009,0.));
#15016=CARTESIAN_POINT('',(0.,-0.009,0.));
#15017=CARTESIAN_POINT('',(-0.0307595236422807,-0.009,0.00182082534591442));
#15018=CARTESIAN_POINT('',(-0.0308129855824683,-0.009,0.000153685181304508));
#15019=CARTESIAN_POINT('',(-0.0305598731347624,-0.009,0.00180900693452932));
#15020=CARTESIAN_POINT('',(-0.0305712774912875,-0.009,0.00160933234763289));
#15021=CARTESIAN_POINT('',(-0.0306071353121099,-0.009,0.000981511256284548));
#15022=CARTESIAN_POINT('',(-0.0306115758004573,-0.009,0.00035268267223386));
#15023=CARTESIAN_POINT('',(-0.0306129880701129,-0.009,0.000152687658559933));
#15024=CARTESIAN_POINT('',(0.,-0.009,0.));
#15025=CARTESIAN_POINT('',(0.,-0.009,0.));
#15026=CARTESIAN_POINT('',(-0.0308129855824683,-0.009,-0.000153685181304525));
#15027=CARTESIAN_POINT('',(-0.0307595236422807,-0.009,-0.00182082534591443));
#15028=CARTESIAN_POINT('',(-0.0306129880701129,-0.009,-0.000152687658559949));
#15029=CARTESIAN_POINT('',(-0.0306115758004573,-0.009,-0.000352682672233876));
#15030=CARTESIAN_POINT('',(-0.0306071353121099,-0.009,-0.000981511256284564));
#15031=CARTESIAN_POINT('',(-0.0305712774912875,-0.009,-0.0016093323476329));
#15032=CARTESIAN_POINT('',(-0.0305598731347624,-0.009,-0.00180900693452934));
#15033=CARTESIAN_POINT('',(0.,-0.009,0.));
#15034=CARTESIAN_POINT('',(0.,-0.009,0.));
#15035=CARTESIAN_POINT('',(-0.0307398303555328,-0.009,-0.00212756418314815));
#15036=CARTESIAN_POINT('',(-0.0305796642215499,-0.009,-0.00378785371122123));
#15037=CARTESIAN_POINT('',(-0.0305403076710179,-0.009,-0.00211375482530882));
#15038=CARTESIAN_POINT('',(-0.0305260845785007,-0.009,-0.00231324844335026));
#15039=CARTESIAN_POINT('',(-0.0304813640279025,-0.009,-0.00294050052856813));
#15040=CARTESIAN_POINT('',(-0.0304053552453875,-0.009,-0.00356473427568257));
#15041=CARTESIAN_POINT('',(-0.030381181125629,-0.009,-0.00376326793009389));
#15042=CARTESIAN_POINT('',(0.,-0.009,0.));
#15043=CARTESIAN_POINT('',(0.,-0.009,0.));
#15044=CARTESIAN_POINT('',(-0.0305403585719935,-0.009,-0.0040927005674021));
#15045=CARTESIAN_POINT('',(-0.0302741464012153,-0.009,-0.00573931697313653));
#15046=CARTESIAN_POINT('',(-0.0303421305968272,-0.009,-0.00406613612008149));
#15047=CARTESIAN_POINT('',(-0.0303151551271864,-0.009,-0.00426430858042266));
#15048=CARTESIAN_POINT('',(-0.0302303382806725,-0.009,-0.00488740665344439));
#15049=CARTESIAN_POINT('',(-0.030114490872856,-0.009,-0.00550548794596032));
#15050=CARTESIAN_POINT('',(-0.0300776463265074,-0.009,-0.00570206485051522));
#15051=CARTESIAN_POINT('',(0.,-0.009,0.));
#15052=CARTESIAN_POINT('',(0.,-0.009,0.));
#15053=CARTESIAN_POINT('',(-0.0302153899041956,-0.009,-0.00604101916714309));
#15054=CARTESIAN_POINT('',(-0.0298442256195341,-0.009,-0.00766719615052957));
#15055=CARTESIAN_POINT('',(-0.0300192711996476,-0.009,-0.00600180878935329));
#15056=CARTESIAN_POINT('',(-0.0299796542008741,-0.009,-0.00619784575884678));
#15057=CARTESIAN_POINT('',(-0.0298550895890598,-0.009,-0.00681422937603621));
#15058=CARTESIAN_POINT('',(-0.0296998795977899,-0.009,-0.00742361838534466));
#15059=CARTESIAN_POINT('',(-0.0296505160269954,-0.009,-0.0076174307633767));
#15060=CARTESIAN_POINT('',(0.,-0.009,0.));
#15061=CARTESIAN_POINT('',(0.,-0.009,0.));
#15062=CARTESIAN_POINT('',(-0.0297662597181004,-0.009,-0.00796451392333175));
#15063=CARTESIAN_POINT('',(-0.0292916685132159,-0.009,-0.0095635691743317));
#15064=CARTESIAN_POINT('',(-0.0295730561779951,-0.009,-0.0079128187389257));
#15065=CARTESIAN_POINT('',(-0.0295209604448347,-0.009,-0.00810591465961408));
#15066=CARTESIAN_POINT('',(-0.0293571599304291,-0.009,-0.0087130509684743));
#15067=CARTESIAN_POINT('',(-0.0291632251468521,-0.009,-0.00931124358442249));
#15068=CARTESIAN_POINT('',(-0.0291015453971127,-0.009,-0.00950149501929772));
#15069=CARTESIAN_POINT('',(0.,-0.009,0.));
#15070=CARTESIAN_POINT('',(0.,-0.009,0.));
#15071=CARTESIAN_POINT('',(-0.0291948135859809,-0.009,-0.00985528078342655));
#15072=CARTESIAN_POINT('',(-0.0286187456579337,-0.009,-0.0114206434410173));
#15073=CARTESIAN_POINT('',(-0.0290053191251066,-0.009,-0.00979131321900555));
#15074=CARTESIAN_POINT('',(-0.0289409587301013,-0.009,-0.00998067461833176));
#15075=CARTESIAN_POINT('',(-0.0287385954045532,-0.009,-0.0105760687655393));
#15076=CARTESIAN_POINT('',(-0.0285067327482939,-0.009,-0.0111606068863564));
#15077=CARTESIAN_POINT('',(-0.0284329902749312,-0.009,-0.0113465155941201));
#15078=CARTESIAN_POINT('',(0.,-0.009,0.));
#15079=CARTESIAN_POINT('',(0.,-0.009,0.));
#15080=CARTESIAN_POINT('',(-0.0285033997025688,-0.009,-0.0117055501808311));
#15081=CARTESIAN_POINT('',(-0.0278282222380414,-0.009,-0.0132307878340834));
#15082=CARTESIAN_POINT('',(-0.0283183929943116,-0.009,-0.0116295730928384));
#15083=CARTESIAN_POINT('',(-0.0282420324081298,-0.009,-0.0118144218441947));
#15084=CARTESIAN_POINT('',(-0.0280019378257506,-0.009,-0.0123956272274871));
#15085=CARTESIAN_POINT('',(-0.027733100070198,-0.009,-0.0129641088606516));
#15086=CARTESIAN_POINT('',(-0.0276475978968529,-0.009,-0.0131449109025463));
#15087=CARTESIAN_POINT('',(0.,-0.009,0.));
#15088=CARTESIAN_POINT('',(0.,-0.009,0.));
#15089=CARTESIAN_POINT('',(-0.0276948592358187,-0.009,-0.0135077189617101));
#15090=CARTESIAN_POINT('',(-0.026923346683838,-0.009,-0.0149865640819442));
#15091=CARTESIAN_POINT('',(-0.0275151005124268,-0.009,-0.0134200445562972));
#15092=CARTESIAN_POINT('',(-0.0274270535170963,-0.009,-0.0135996210765143));
#15093=CARTESIAN_POINT('',(-0.0271502142780252,-0.009,-0.0141642493983035));
#15094=CARTESIAN_POINT('',(-0.0268455061351822,-0.009,-0.0147143385308458));
#15095=CARTESIAN_POINT('',(-0.0267485956086253,-0.009,-0.0148892909524994));
#15096=CARTESIAN_POINT('',(0.,-0.009,0.));
#15097=CARTESIAN_POINT('',(0.,-0.009,0.));
#15098=CARTESIAN_POINT('',(-0.0267725146519399,-0.009,-0.0152543816279787));
#15099=CARTESIAN_POINT('',(-0.025907837323071,-0.009,-0.0166807573233844));
#15100=CARTESIAN_POINT('',(-0.0265987425805657,-0.009,-0.0151553701780836));
#15101=CARTESIAN_POINT('',(-0.0264993709800766,-0.009,-0.015328936548721));
#15102=CARTESIAN_POINT('',(-0.0261869246761286,-0.009,-0.0158746676301203));
#15103=CARTESIAN_POINT('',(-0.025847598257114,-0.009,-0.0164041038278011));
#15104=CARTESIAN_POINT('',(-0.025739677603486,-0.009,-0.0165724877121858));
#15105=CARTESIAN_POINT('',(0.,-0.009,0.));
#15106=CARTESIAN_POINT('',(0.,-0.009,0.));
#15107=CARTESIAN_POINT('',(-0.0257401560626699,-0.009,-0.0169383607680834));
#15108=CARTESIAN_POINT('',(-0.0247858671015297,-0.009,-0.0183064057549716));
#15109=CARTESIAN_POINT('',(-0.0255730847100288,-0.009,-0.0168284191329916));
#15110=CARTESIAN_POINT('',(-0.0254627968436025,-0.009,-0.0169952621326024));
#15111=CARTESIAN_POINT('',(-0.0251160273836601,-0.009,-0.0175198534475394));
#15112=CARTESIAN_POINT('',(-0.0247434770535148,-0.009,-0.0180264611434586));
#15113=CARTESIAN_POINT('',(-0.0246249897419304,-0.009,-0.0181875845650754));
#15114=CARTESIAN_POINT('',(0.,-0.009,0.));
#15115=CARTESIAN_POINT('',(0.,-0.009,0.));
#15116=CARTESIAN_POINT('',(-0.0246020256508924,-0.009,-0.018552736550525));
#15117=CARTESIAN_POINT('',(-0.0235620464355165,-0.009,-0.0198568292385999));
#15118=CARTESIAN_POINT('',(-0.0244423415490089,-0.009,-0.0184323165039975));
#15119=CARTESIAN_POINT('',(-0.0243215906131452,-0.009,-0.0185917505389087));
#15120=CARTESIAN_POINT('',(-0.0239419229473012,-0.009,-0.0190930464291457));
#15121=CARTESIAN_POINT('',(-0.0235376795952436,-0.009,-0.0195747438636139));
#15122=CARTESIAN_POINT('',(-0.0234091125154815,-0.009,-0.0197279447317624));
#15123=CARTESIAN_POINT('',(0.,-0.009,0.));
#15124=CARTESIAN_POINT('',(0.,-0.009,0.));
#15125=CARTESIAN_POINT('',(-0.0233628002385972,-0.009,-0.020090875158931));
#15126=CARTESIAN_POINT('',(-0.0222414042666566,-0.009,-0.0213256567516103));
#15127=CARTESIAN_POINT('',(-0.0232111595636983,-0.009,-0.019960471532769));
#15128=CARTESIAN_POINT('',(-0.0230804417498936,-0.009,-0.0201118414543325));
#15129=CARTESIAN_POINT('',(-0.0226694360140255,-0.009,-0.0205877819875291));
#15130=CARTESIAN_POINT('',(-0.0222351607626992,-0.009,-0.0210425897624642));
#15131=CARTESIAN_POINT('',(-0.0220970422244677,-0.009,-0.0211872385419157));
#15132=CARTESIAN_POINT('',(0.,-0.009,0.));
#15133=CARTESIAN_POINT('',(0.,-0.009,0.));
#15134=CARTESIAN_POINT('',(-0.0220275720688169,-0.009,-0.0215464560518297));
#15135=CARTESIAN_POINT('',(-0.0208293673968988,-0.009,-0.0227068525666892));
#15136=CARTESIAN_POINT('',(-0.0218845979449624,-0.009,-0.0214066047025047));
#15137=CARTESIAN_POINT('',(-0.0217444504007526,-0.009,-0.0215492884992441));
#15138=CARTESIAN_POINT('',(-0.0213037955055893,-0.009,-0.0219979179336603));
#15139=CARTESIAN_POINT('',(-0.0208412728851537,-0.009,-0.0224239671463592));
#15140=CARTESIAN_POINT('',(-0.0206941704471528,-0.009,-0.0225594694442519));
#15141=CARTESIAN_POINT('',(0.,-0.009,0.));
#15142=CARTESIAN_POINT('',(0.,-0.009,0.));
#15143=CARTESIAN_POINT('',(-0.0206018278805063,-0.009,-0.0229134979351112));
#15144=CARTESIAN_POINT('',(-0.0193317381886218,-0.009,-0.023994741053967));
#15145=CARTESIAN_POINT('',(-0.0204681078190391,-0.009,-0.0227647735418154));
#15146=CARTESIAN_POINT('',(-0.0203191064407448,-0.009,-0.0228981848954043));
#15147=CARTESIAN_POINT('',(-0.0198506131317709,-0.009,-0.0233176597164635));
#15148=CARTESIAN_POINT('',(-0.0193617437468841,-0.009,-0.0237131996393239));
#15149=CARTESIAN_POINT('',(-0.0192062618845849,-0.009,-0.0238389986476506));
#15150=CARTESIAN_POINT('',(0.,-0.009,0.));
#15151=CARTESIAN_POINT('',(0.,-0.009,0.));
#15152=CARTESIAN_POINT('',(-0.0190914263623564,-0.009,-0.0241863833404474));
#15153=CARTESIAN_POINT('',(-0.017754670721483,-0.009,-0.0251840300033983));
#15154=CARTESIAN_POINT('',(-0.0189675098476919,-0.009,-0.0240293970436143));
#15155=CARTESIAN_POINT('',(-0.0188102669139374,-0.009,-0.0241529877381841));
#15156=CARTESIAN_POINT('',(-0.0183158603306509,-0.009,-0.0245415842338695));
#15157=CARTESIAN_POINT('',(-0.0178026530504776,-0.009,-0.0249049895085053));
#15158=CARTESIAN_POINT('',(-0.017639430672203,-0.009,-0.0250205682921569));
#15159=CARTESIAN_POINT('',(0.,-0.009,0.));
#15160=CARTESIAN_POINT('',(0.,-0.009,0.));
#15161=CARTESIAN_POINT('',(-0.0175025740781856,-0.009,-0.0253598817086747));
#15162=CARTESIAN_POINT('',(-0.0161046455039846,-0.009,-0.0262698323715881));
#15163=CARTESIAN_POINT('',(-0.0173889703098625,-0.009,-0.0251952785986714));
#15164=CARTESIAN_POINT('',(-0.017224131965591,-0.009,-0.0253085407735482));
#15165=CARTESIAN_POINT('',(-0.0167058437306924,-0.009,-0.0256646621175051));
#15166=CARTESIAN_POINT('',(-0.0161704074340296,-0.009,-0.0259944394336927));
#15167=CARTESIAN_POINT('',(-0.016000115255543,-0.009,-0.0260993230546558));
#15168=CARTESIAN_POINT('',(0.,-0.009,0.));
#15169=CARTESIAN_POINT('',(0.,-0.009,0.));
#15170=CARTESIAN_POINT('',(-0.0158417999628372,-0.009,-0.0264291708832835));
#15171=CARTESIAN_POINT('',(-0.0143884428436748,-0.009,-0.0272476863637017));
#15172=CARTESIAN_POINT('',(-0.0157389757631074,-0.009,-0.0262576273495962));
#15173=CARTESIAN_POINT('',(-0.0155672193644332,-0.009,-0.0263600955862087));
#15174=CARTESIAN_POINT('',(-0.0150271792354524,-0.009,-0.0266822783994472));
#15175=CARTESIAN_POINT('',(-0.0144717141448936,-0.009,-0.0269770726314574));
#15176=CARTESIAN_POINT('',(-0.014295051933284,-0.009,-0.0270708301004358));
#15177=CARTESIAN_POINT('',(0.,-0.009,0.));
#15178=CARTESIAN_POINT('',(0.,-0.009,0.));
#15179=CARTESIAN_POINT('',(-0.014115928493386,-0.009,-0.0273898569256936));
#15180=CARTESIAN_POINT('',(-0.012613114985409,-0.009,-0.0281135737679364));
#15181=CARTESIAN_POINT('',(-0.0140243063889421,-0.009,-0.0272120778774982));
#15182=CARTESIAN_POINT('',(-0.0138463377197489,-0.009,-0.0273033311118826));
#15183=CARTESIAN_POINT('',(-0.013286764837414,-0.009,-0.0275902514761153));
#15184=CARTESIAN_POINT('',(-0.0127135534781633,-0.009,-0.0278488512512154));
#15185=CARTESIAN_POINT('',(-0.0125312471763522,-0.009,-0.0279310972986583));
#15186=CARTESIAN_POINT('',(0.,-0.009,0.));
#15187=CARTESIAN_POINT('',(0.,-0.009,0.));
#15188=CARTESIAN_POINT('',(-0.0123320516458983,-0.009,-0.0282379921708901));
#15189=CARTESIAN_POINT('',(-0.0107859571321634,-0.009,-0.0288639364672161));
#15190=CARTESIAN_POINT('',(-0.0122520081316203,-0.009,-0.0280547081404291));
#15191=CARTESIAN_POINT('',(-0.0120685585033441,-0.009,-0.0281343713934718));
#15192=CARTESIAN_POINT('',(-0.0114917522726566,-0.009,-0.0283848502913775));
#15193=CARTESIAN_POINT('',(-0.0109031500931425,-0.009,-0.0286061929676223));
#15194=CARTESIAN_POINT('',(-0.0107159488368286,-0.009,-0.0286765896268789));
#15195=CARTESIAN_POINT('',(0.,-0.009,0.));
#15196=CARTESIAN_POINT('',(0.,-0.009,0.));
#15197=CARTESIAN_POINT('',(-0.0104974997529808,-0.009,-0.028970091449226));
#15198=CARTESIAN_POINT('',(-0.00891447746748124,-0.009,-0.0294956910602569));
#15199=CARTESIAN_POINT('',(-0.0104293637448381,-0.009,-0.0287820555898949));
#15200=CARTESIAN_POINT('',(-0.0102411869913513,-0.009,-0.0288498015082014));
#15201=CARTESIAN_POINT('',(-0.00964951763283771,-0.009,-0.0290628096682612));
#15202=CARTESIAN_POINT('',(-0.0090479433256707,-0.009,-0.0292459857011161));
#15203=CARTESIAN_POINT('',(-0.00885661636497063,-0.009,-0.0293042436972136));
#15204=CARTESIAN_POINT('',(0.,-0.009,0.));
#15205=CARTESIAN_POINT('',(0.,-0.009,0.));
#15206=CARTESIAN_POINT('',(-0.00861981138187173,-0.009,-0.029583146407732));
#15207=CARTESIAN_POINT('',(-0.00700636630273579,-0.009,-0.0300062415319253));
#15208=CARTESIAN_POINT('',(-0.00856386286533692,-0.009,-0.0293911313992104));
#15209=CARTESIAN_POINT('',(-0.00837173224528335,-0.009,-0.0294466816002707));
#15210=CARTESIAN_POINT('',(-0.00776763105525045,-0.009,-0.0296213437262649));
#15211=CARTESIAN_POINT('',(-0.00715555661829595,-0.009,-0.0297656004061199));
#15212=CARTESIAN_POINT('',(-0.00696089015673079,-0.009,-0.0298114803444558));
#15213=CARTESIAN_POINT('',(0.,-0.009,0.));
#15214=CARTESIAN_POINT('',(0.,-0.009,0.));
#15215=CARTESIAN_POINT('',(-0.00670670235685078,-0.009,-0.0300746378720836));
#15216=CARTESIAN_POINT('',(-0.00506946447599152,-0.009,-0.0303934899208204));
#15217=CARTESIAN_POINT('',(-0.00666317123637922,-0.009,-0.0298794327452285));
#15218=CARTESIAN_POINT('',(-0.00646787625568859,-0.009,-0.0299225589613512));
#15219=CARTESIAN_POINT('',(-0.00585382561550552,-0.009,-0.030058157329139));
#15220=CARTESIAN_POINT('',(-0.00523376619391452,-0.009,-0.0301629018743535));
#15221=CARTESIAN_POINT('',(-0.00503656015773067,-0.009,-0.0301962152244202));
#15222=CARTESIAN_POINT('',(0.,-0.009,0.));
#15223=CARTESIAN_POINT('',(0.,-0.009,0.));
#15224=CARTESIAN_POINT('',(-0.00476603405326239,-0.009,-0.0304425461984292));
#15225=CARTESIAN_POINT('',(-0.0031117311323187,-0.009,-0.0306558449402477));
#15226=CARTESIAN_POINT('',(-0.00473509920756551,-0.009,-0.0302449530929784));
#15227=CARTESIAN_POINT('',(-0.00453744237520411,-0.009,-0.0302754781092907));
#15228=CARTESIAN_POINT('',(-0.00391596555066482,-0.009,-0.0303714555160932));
#15229=CARTESIAN_POINT('',(-0.00329046910160298,-0.009,-0.0304362575088633));
#15230=CARTESIAN_POINT('',(-0.00309153385270368,-0.009,-0.0304568673789596));
#15231=CARTESIAN_POINT('',(0.,-0.009,0.));
#15232=CARTESIAN_POINT('',(0.,-0.009,0.));
#15233=CARTESIAN_POINT('',(-0.00280578109343803,-0.009,-0.0306853595725397));
#15234=CARTESIAN_POINT('',(-0.00114121101795893,-0.009,-0.0307922285171574));
#15235=CARTESIAN_POINT('',(-0.0027875696404323,-0.009,-0.030486190440947));
#15236=CARTESIAN_POINT('',(-0.00258836317072156,-0.009,-0.0305039888236095));
#15237=CARTESIAN_POINT('',(-0.00196201394340447,-0.009,-0.030559950877675));
#15238=CARTESIAN_POINT('',(-0.00133365076594953,-0.009,-0.0305845440327124));
#15239=CARTESIAN_POINT('',(-0.00113380377194398,-0.009,-0.0305923657324613));
#15240=CARTESIAN_POINT('',(0.,-0.009,0.));
#15241=CARTESIAN_POINT('',(0.,-0.009,0.));
#15242=CARTESIAN_POINT('',(-0.000833998577262597,-0.009,-0.0308020802221778));
#15243=CARTESIAN_POINT('',(0.000833998577262609,-0.009,-0.0308020802221778));
#15244=CARTESIAN_POINT('',(-0.000828585351714748,-0.009,-0.0306021534931264));
#15245=CARTESIAN_POINT('',(-0.000628647826768375,-0.009,-0.030607152104767));
#15246=CARTESIAN_POINT('',(6.13546461076583E-18,-0.009,-0.0306228688460115));
#15247=CARTESIAN_POINT('',(0.000628647826768387,-0.009,-0.030607152104767));
#15248=CARTESIAN_POINT('',(0.00082858535171476,-0.009,-0.0306021534931264));
#15249=CARTESIAN_POINT('',(0.,-0.0105875,1.93343371945825E-18));
#15250=CARTESIAN_POINT('',(0.,-0.0105875,1.93343371945825E-18));
#15251=CARTESIAN_POINT('',(0.,-0.0105875,-0.0315753688460115));
#15252=CARTESIAN_POINT('',(0.,-0.009762,0.));
#15253=CARTESIAN_POINT('',(0.,-0.009762,-0.0315753688460115));
#15254=CARTESIAN_POINT('',(0.,0.,0.));
#15255=CARTESIAN_POINT('',(0.,0.,0.));
#15256=CARTESIAN_POINT('',(0.00280578109343804,0.,0.0306853595725397));
#15257=CARTESIAN_POINT('',(0.00114121101795894,0.,0.0307922285171574));
#15258=CARTESIAN_POINT('',(0.00113380377194399,0.,0.0305923657324613));
#15259=CARTESIAN_POINT('',(0.00133365076594954,0.,0.0305845440327124));
#15260=CARTESIAN_POINT('',(0.00196201394340448,0.,0.030559950877675));
#15261=CARTESIAN_POINT('',(0.00258836317072158,0.,0.0305039888236095));
#15262=CARTESIAN_POINT('',(0.00278756964043231,0.,0.030486190440947));
#15263=CARTESIAN_POINT('',(0.,0.,0.));
#15264=CARTESIAN_POINT('',(0.,0.,0.));
#15265=CARTESIAN_POINT('',(0.00476603405326239,0.,0.0304425461984292));
#15266=CARTESIAN_POINT('',(0.0031117311323187,0.,0.0306558449402477));
#15267=CARTESIAN_POINT('',(0.00309153385270368,0.,0.0304568673789596));
#15268=CARTESIAN_POINT('',(0.00329046910160298,0.,0.0304362575088633));
#15269=CARTESIAN_POINT('',(0.00391596555066483,0.,0.0303714555160932));
#15270=CARTESIAN_POINT('',(0.00453744237520411,0.,0.0302754781092907));
#15271=CARTESIAN_POINT('',(0.00473509920756551,0.,0.0302449530929784));
#15272=CARTESIAN_POINT('',(0.,0.,0.));
#15273=CARTESIAN_POINT('',(0.,0.,0.));
#15274=CARTESIAN_POINT('',(0.00670670235685079,0.,0.0300746378720836));
#15275=CARTESIAN_POINT('',(0.00506946447599153,0.,0.0303934899208204));
#15276=CARTESIAN_POINT('',(0.00503656015773068,0.,0.0301962152244202));
#15277=CARTESIAN_POINT('',(0.00523376619391453,0.,0.0301629018743535));
#15278=CARTESIAN_POINT('',(0.00585382561550553,0.,0.030058157329139));
#15279=CARTESIAN_POINT('',(0.0064678762556886,0.,0.0299225589613512));
#15280=CARTESIAN_POINT('',(0.00666317123637924,0.,0.0298794327452285));
#15281=CARTESIAN_POINT('',(0.,0.,0.));
#15282=CARTESIAN_POINT('',(0.,0.,0.));
#15283=CARTESIAN_POINT('',(0.00861981138187174,0.,0.029583146407732));
#15284=CARTESIAN_POINT('',(0.00700636630273579,0.,0.0300062415319253));
#15285=CARTESIAN_POINT('',(0.00696089015673079,0.,0.0298114803444558));
#15286=CARTESIAN_POINT('',(0.00715555661829595,0.,0.0297656004061199));
#15287=CARTESIAN_POINT('',(0.00776763105525046,0.,0.0296213437262649));
#15288=CARTESIAN_POINT('',(0.00837173224528336,0.,0.0294466816002707));
#15289=CARTESIAN_POINT('',(0.00856386286533693,0.,0.0293911313992104));
#15290=CARTESIAN_POINT('',(0.,0.,0.));
#15291=CARTESIAN_POINT('',(0.,0.,0.));
#15292=CARTESIAN_POINT('',(0.0104974997529808,0.,0.028970091449226));
#15293=CARTESIAN_POINT('',(0.00891447746748125,0.,0.0294956910602569));
#15294=CARTESIAN_POINT('',(0.00885661636497065,0.,0.0293042436972136));
#15295=CARTESIAN_POINT('',(0.00904794332567072,0.,0.0292459857011161));
#15296=CARTESIAN_POINT('',(0.00964951763283773,0.,0.0290628096682611));
#15297=CARTESIAN_POINT('',(0.0102411869913513,0.,0.0288498015082014));
#15298=CARTESIAN_POINT('',(0.0104293637448381,0.,0.0287820555898949));
#15299=CARTESIAN_POINT('',(0.,0.,0.));
#15300=CARTESIAN_POINT('',(0.,0.,0.));
#15301=CARTESIAN_POINT('',(0.0123320516458983,0.,0.0282379921708901));
#15302=CARTESIAN_POINT('',(0.0107859571321634,0.,0.0288639364672161));
#15303=CARTESIAN_POINT('',(0.0107159488368286,0.,0.0286765896268789));
#15304=CARTESIAN_POINT('',(0.0109031500931425,0.,0.0286061929676223));
#15305=CARTESIAN_POINT('',(0.0114917522726566,0.,0.0283848502913775));
#15306=CARTESIAN_POINT('',(0.0120685585033441,0.,0.0281343713934718));
#15307=CARTESIAN_POINT('',(0.0122520081316203,0.,0.028054708140429));
#15308=CARTESIAN_POINT('',(0.,0.,0.));
#15309=CARTESIAN_POINT('',(0.,0.,0.));
#15310=CARTESIAN_POINT('',(0.014115928493386,0.,0.0273898569256936));
#15311=CARTESIAN_POINT('',(0.012613114985409,0.,0.0281135737679364));
#15312=CARTESIAN_POINT('',(0.0125312471763522,0.,0.0279310972986583));
#15313=CARTESIAN_POINT('',(0.0127135534781633,0.,0.0278488512512154));
#15314=CARTESIAN_POINT('',(0.013286764837414,0.,0.0275902514761153));
#15315=CARTESIAN_POINT('',(0.0138463377197489,0.,0.0273033311118826));
#15316=CARTESIAN_POINT('',(0.0140243063889421,0.,0.0272120778774982));
#15317=CARTESIAN_POINT('',(0.,0.,0.));
#15318=CARTESIAN_POINT('',(0.,0.,0.));
#15319=CARTESIAN_POINT('',(0.0158417999628372,0.,0.0264291708832835));
#15320=CARTESIAN_POINT('',(0.0143884428436748,0.,0.0272476863637017));
#15321=CARTESIAN_POINT('',(0.014295051933284,0.,0.0270708301004357));
#15322=CARTESIAN_POINT('',(0.0144717141448936,0.,0.0269770726314574));
#15323=CARTESIAN_POINT('',(0.0150271792354524,0.,0.0266822783994472));
#15324=CARTESIAN_POINT('',(0.0155672193644332,0.,0.0263600955862087));
#15325=CARTESIAN_POINT('',(0.0157389757631075,0.,0.0262576273495962));
#15326=CARTESIAN_POINT('',(0.,0.,0.));
#15327=CARTESIAN_POINT('',(0.,0.,0.));
#15328=CARTESIAN_POINT('',(0.0175025740781856,0.,0.0253598817086747));
#15329=CARTESIAN_POINT('',(0.0161046455039846,0.,0.0262698323715881));
#15330=CARTESIAN_POINT('',(0.016000115255543,0.,0.0260993230546558));
#15331=CARTESIAN_POINT('',(0.0161704074340296,0.,0.0259944394336927));
#15332=CARTESIAN_POINT('',(0.0167058437306924,0.,0.0256646621175051));
#15333=CARTESIAN_POINT('',(0.017224131965591,0.,0.0253085407735481));
#15334=CARTESIAN_POINT('',(0.0173889703098625,0.,0.0251952785986714));
#15335=CARTESIAN_POINT('',(0.,0.,0.));
#15336=CARTESIAN_POINT('',(0.,0.,0.));
#15337=CARTESIAN_POINT('',(0.0190914263623565,0.,0.0241863833404474));
#15338=CARTESIAN_POINT('',(0.017754670721483,0.,0.0251840300033983));
#15339=CARTESIAN_POINT('',(0.017639430672203,0.,0.0250205682921569));
#15340=CARTESIAN_POINT('',(0.0178026530504776,0.,0.0249049895085053));
#15341=CARTESIAN_POINT('',(0.0183158603306509,0.,0.0245415842338695));
#15342=CARTESIAN_POINT('',(0.0188102669139374,0.,0.0241529877381841));
#15343=CARTESIAN_POINT('',(0.018967509847692,0.,0.0240293970436143));
#15344=CARTESIAN_POINT('',(0.,0.,0.));
#15345=CARTESIAN_POINT('',(0.,0.,0.));
#15346=CARTESIAN_POINT('',(0.0206018278805063,0.,0.0229134979351112));
#15347=CARTESIAN_POINT('',(0.0193317381886218,0.,0.023994741053967));
#15348=CARTESIAN_POINT('',(0.0192062618845849,0.,0.0238389986476506));
#15349=CARTESIAN_POINT('',(0.0193617437468841,0.,0.0237131996393239));
#15350=CARTESIAN_POINT('',(0.0198506131317709,0.,0.0233176597164635));
#15351=CARTESIAN_POINT('',(0.0203191064407448,0.,0.0228981848954043));
#15352=CARTESIAN_POINT('',(0.0204681078190391,0.,0.0227647735418154));
#15353=CARTESIAN_POINT('',(0.,0.,0.));
#15354=CARTESIAN_POINT('',(0.,0.,0.));
#15355=CARTESIAN_POINT('',(0.0220275720688169,0.,0.0215464560518297));
#15356=CARTESIAN_POINT('',(0.0208293673968988,0.,0.0227068525666892));
#15357=CARTESIAN_POINT('',(0.0206941704471528,0.,0.0225594694442519));
#15358=CARTESIAN_POINT('',(0.0208412728851537,0.,0.0224239671463592));
#15359=CARTESIAN_POINT('',(0.0213037955055893,0.,0.0219979179336603));
#15360=CARTESIAN_POINT('',(0.0217444504007526,0.,0.0215492884992441));
#15361=CARTESIAN_POINT('',(0.0218845979449624,0.,0.0214066047025047));
#15362=CARTESIAN_POINT('',(0.,0.,0.));
#15363=CARTESIAN_POINT('',(0.,0.,0.));
#15364=CARTESIAN_POINT('',(0.0233628002385972,0.,0.020090875158931));
#15365=CARTESIAN_POINT('',(0.0222414042666566,0.,0.0213256567516103));
#15366=CARTESIAN_POINT('',(0.0220970422244677,0.,0.0211872385419157));
#15367=CARTESIAN_POINT('',(0.0222351607626992,0.,0.0210425897624642));
#15368=CARTESIAN_POINT('',(0.0226694360140255,0.,0.0205877819875291));
#15369=CARTESIAN_POINT('',(0.0230804417498936,0.,0.0201118414543325));
#15370=CARTESIAN_POINT('',(0.0232111595636983,0.,0.019960471532769));
#15371=CARTESIAN_POINT('',(0.,0.,0.));
#15372=CARTESIAN_POINT('',(0.,0.,0.));
#15373=CARTESIAN_POINT('',(0.0246020256508924,0.,0.018552736550525));
#15374=CARTESIAN_POINT('',(0.0235620464355165,0.,0.0198568292385999));
#15375=CARTESIAN_POINT('',(0.0234091125154815,0.,0.0197279447317624));
#15376=CARTESIAN_POINT('',(0.0235376795952436,0.,0.0195747438636139));
#15377=CARTESIAN_POINT('',(0.0239419229473012,0.,0.0190930464291457));
#15378=CARTESIAN_POINT('',(0.0243215906131452,0.,0.0185917505389087));
#15379=CARTESIAN_POINT('',(0.0244423415490089,0.,0.0184323165039975));
#15380=CARTESIAN_POINT('',(0.,0.,0.));
#15381=CARTESIAN_POINT('',(0.,0.,0.));
#15382=CARTESIAN_POINT('',(0.0257401560626699,0.,0.0169383607680833));
#15383=CARTESIAN_POINT('',(0.0247858671015297,0.,0.0183064057549716));
#15384=CARTESIAN_POINT('',(0.0246249897419304,0.,0.0181875845650754));
#15385=CARTESIAN_POINT('',(0.0247434770535149,0.,0.0180264611434586));
#15386=CARTESIAN_POINT('',(0.0251160273836602,0.,0.0175198534475394));
#15387=CARTESIAN_POINT('',(0.0254627968436025,0.,0.0169952621326024));
#15388=CARTESIAN_POINT('',(0.0255730847100288,0.,0.0168284191329916));
#15389=CARTESIAN_POINT('',(0.,0.,0.));
#15390=CARTESIAN_POINT('',(0.,0.,0.));
#15391=CARTESIAN_POINT('',(0.0267725146519399,0.,0.0152543816279787));
#15392=CARTESIAN_POINT('',(0.025907837323071,0.,0.0166807573233844));
#15393=CARTESIAN_POINT('',(0.025739677603486,0.,0.0165724877121858));
#15394=CARTESIAN_POINT('',(0.025847598257114,0.,0.0164041038278011));
#15395=CARTESIAN_POINT('',(0.0261869246761286,0.,0.0158746676301202));
#15396=CARTESIAN_POINT('',(0.0264993709800766,0.,0.015328936548721));
#15397=CARTESIAN_POINT('',(0.0265987425805657,0.,0.0151553701780836));
#15398=CARTESIAN_POINT('',(0.,0.,0.));
#15399=CARTESIAN_POINT('',(0.,0.,0.));
#15400=CARTESIAN_POINT('',(0.0276948592358187,0.,0.0135077189617101));
#15401=CARTESIAN_POINT('',(0.026923346683838,0.,0.0149865640819443));
#15402=CARTESIAN_POINT('',(0.0267485956086253,0.,0.0148892909524994));
#15403=CARTESIAN_POINT('',(0.0268455061351822,0.,0.0147143385308458));
#15404=CARTESIAN_POINT('',(0.0271502142780252,0.,0.0141642493983035));
#15405=CARTESIAN_POINT('',(0.0274270535170963,0.,0.0135996210765143));
#15406=CARTESIAN_POINT('',(0.0275151005124268,0.,0.0134200445562972));
#15407=CARTESIAN_POINT('',(0.,0.,0.));
#15408=CARTESIAN_POINT('',(0.,0.,0.));
#15409=CARTESIAN_POINT('',(0.0285033997025688,0.,0.0117055501808311));
#15410=CARTESIAN_POINT('',(0.0278282222380414,0.,0.0132307878340834));
#15411=CARTESIAN_POINT('',(0.0276475978968529,0.,0.0131449109025463));
#15412=CARTESIAN_POINT('',(0.027733100070198,0.,0.0129641088606516));
#15413=CARTESIAN_POINT('',(0.0280019378257506,0.,0.0123956272274871));
#15414=CARTESIAN_POINT('',(0.0282420324081298,0.,0.0118144218441947));
#15415=CARTESIAN_POINT('',(0.0283183929943116,0.,0.0116295730928384));
#15416=CARTESIAN_POINT('',(0.,0.,0.));
#15417=CARTESIAN_POINT('',(0.,0.,0.));
#15418=CARTESIAN_POINT('',(0.0291948135859809,0.,0.00985528078342654));
#15419=CARTESIAN_POINT('',(0.0286187456579337,0.,0.0114206434410173));
#15420=CARTESIAN_POINT('',(0.0284329902749312,0.,0.0113465155941201));
#15421=CARTESIAN_POINT('',(0.0285067327482939,0.,0.0111606068863564));
#15422=CARTESIAN_POINT('',(0.0287385954045532,0.,0.0105760687655393));
#15423=CARTESIAN_POINT('',(0.0289409587301014,0.,0.00998067461833175));
#15424=CARTESIAN_POINT('',(0.0290053191251066,0.,0.00979131321900554));
#15425=CARTESIAN_POINT('',(0.,0.,0.));
#15426=CARTESIAN_POINT('',(0.,0.,0.));
#15427=CARTESIAN_POINT('',(0.0297662597181004,0.,0.00796451392333174));
#15428=CARTESIAN_POINT('',(0.0292916685132159,0.,0.00956356917433168));
#15429=CARTESIAN_POINT('',(0.0291015453971127,0.,0.0095014950192977));
#15430=CARTESIAN_POINT('',(0.0291632251468522,0.,0.00931124358442248));
#15431=CARTESIAN_POINT('',(0.0293571599304291,0.,0.00871305096847429));
#15432=CARTESIAN_POINT('',(0.0295209604448347,0.,0.00810591465961406));
#15433=CARTESIAN_POINT('',(0.0295730561779951,0.,0.00791281873892569));
#15434=CARTESIAN_POINT('',(0.,0.,0.));
#15435=CARTESIAN_POINT('',(0.,0.,0.));
#15436=CARTESIAN_POINT('',(0.0302153899041956,0.,0.00604101916714308));
#15437=CARTESIAN_POINT('',(0.0298442256195341,0.,0.00766719615052956));
#15438=CARTESIAN_POINT('',(0.0296505160269954,0.,0.0076174307633767));
#15439=CARTESIAN_POINT('',(0.0296998795977899,0.,0.00742361838534466));
#15440=CARTESIAN_POINT('',(0.0298550895890598,0.,0.00681422937603621));
#15441=CARTESIAN_POINT('',(0.0299796542008741,0.,0.00619784575884678));
#15442=CARTESIAN_POINT('',(0.0300192711996476,0.,0.00600180878935328));
#15443=CARTESIAN_POINT('',(0.,0.,0.));
#15444=CARTESIAN_POINT('',(0.,0.,0.));
#15445=CARTESIAN_POINT('',(0.0305403585719935,0.,0.0040927005674021));
#15446=CARTESIAN_POINT('',(0.0302741464012153,0.,0.00573931697313651));
#15447=CARTESIAN_POINT('',(0.0300776463265074,0.,0.00570206485051521));
#15448=CARTESIAN_POINT('',(0.030114490872856,0.,0.00550548794596031));
#15449=CARTESIAN_POINT('',(0.0302303382806725,0.,0.00488740665344438));
#15450=CARTESIAN_POINT('',(0.0303151551271864,0.,0.00426430858042265));
#15451=CARTESIAN_POINT('',(0.0303421305968272,0.,0.00406613612008149));
#15452=CARTESIAN_POINT('',(0.,0.,0.));
#15453=CARTESIAN_POINT('',(0.,0.,0.));
#15454=CARTESIAN_POINT('',(0.0307398303555328,0.,0.00212756418314813));
#15455=CARTESIAN_POINT('',(0.0305796642215499,0.,0.00378785371122122));
#15456=CARTESIAN_POINT('',(0.030381181125629,0.,0.00376326793009387));
#15457=CARTESIAN_POINT('',(0.0304053552453875,0.,0.00356473427568255));
#15458=CARTESIAN_POINT('',(0.0304813640279025,0.,0.00294050052856811));
#15459=CARTESIAN_POINT('',(0.0305260845785007,0.,0.00231324844335024));
#15460=CARTESIAN_POINT('',(0.0305403076710179,0.,0.00211375482530881));
#15461=CARTESIAN_POINT('',(0.,0.,0.));
#15462=CARTESIAN_POINT('',(0.,0.,0.));
#15463=CARTESIAN_POINT('',(0.0308129855824683,0.,0.000153685181304528));
#15464=CARTESIAN_POINT('',(0.0307595236422807,0.,0.00182082534591444));
#15465=CARTESIAN_POINT('',(0.0305598731347624,0.,0.00180900693452934));
#15466=CARTESIAN_POINT('',(0.0305712774912875,0.,0.00160933234763291));
#15467=CARTESIAN_POINT('',(0.0306071353121099,0.,0.000981511256284567));
#15468=CARTESIAN_POINT('',(0.0306115758004573,0.,0.000352682672233879));
#15469=CARTESIAN_POINT('',(0.0306129880701129,0.,0.000152687658559952));
#15470=CARTESIAN_POINT('',(0.,0.,0.));
#15471=CARTESIAN_POINT('',(0.,0.,0.));
#15472=CARTESIAN_POINT('',(0.0307595236422807,0.,-0.00182082534591443));
#15473=CARTESIAN_POINT('',(0.0308129855824683,0.,-0.000153685181304513));
#15474=CARTESIAN_POINT('',(0.0306129880701129,0.,-0.000152687658559937));
#15475=CARTESIAN_POINT('',(0.0306115758004573,0.,-0.000352682672233864));
#15476=CARTESIAN_POINT('',(0.0306071353121099,0.,-0.000981511256284552));
#15477=CARTESIAN_POINT('',(0.0305712774912875,0.,-0.00160933234763289));
#15478=CARTESIAN_POINT('',(0.0305598731347624,0.,-0.00180900693452933));
#15479=CARTESIAN_POINT('',(0.,0.,0.));
#15480=CARTESIAN_POINT('',(0.,0.,0.));
#15481=CARTESIAN_POINT('',(0.0305796642215499,0.,-0.0037878537112212));
#15482=CARTESIAN_POINT('',(0.0307398303555328,0.,-0.00212756418314811));
#15483=CARTESIAN_POINT('',(0.0305403076710179,0.,-0.0021137548253088));
#15484=CARTESIAN_POINT('',(0.0305260845785007,0.,-0.00231324844335023));
#15485=CARTESIAN_POINT('',(0.0304813640279025,0.,-0.0029405005285681));
#15486=CARTESIAN_POINT('',(0.0304053552453875,0.,-0.00356473427568254));
#15487=CARTESIAN_POINT('',(0.030381181125629,0.,-0.00376326793009386));
#15488=CARTESIAN_POINT('',(0.,0.,0.));
#15489=CARTESIAN_POINT('',(0.,0.,0.));
#15490=CARTESIAN_POINT('',(0.0302741464012153,0.,-0.0057393169731365));
#15491=CARTESIAN_POINT('',(0.0305403585719935,0.,-0.00409270056740208));
#15492=CARTESIAN_POINT('',(0.0303421305968272,0.,-0.00406613612008147));
#15493=CARTESIAN_POINT('',(0.0303151551271864,0.,-0.00426430858042263));
#15494=CARTESIAN_POINT('',(0.0302303382806725,0.,-0.00488740665344436));
#15495=CARTESIAN_POINT('',(0.030114490872856,0.,-0.00550548794596029));
#15496=CARTESIAN_POINT('',(0.0300776463265074,0.,-0.00570206485051519));
#15497=CARTESIAN_POINT('',(0.,0.,0.));
#15498=CARTESIAN_POINT('',(0.,0.,0.));
#15499=CARTESIAN_POINT('',(0.0298442256195341,0.,-0.00766719615052955));
#15500=CARTESIAN_POINT('',(0.0302153899041956,0.,-0.00604101916714307));
#15501=CARTESIAN_POINT('',(0.0300192711996476,0.,-0.00600180878935327));
#15502=CARTESIAN_POINT('',(0.0299796542008741,0.,-0.00619784575884677));
#15503=CARTESIAN_POINT('',(0.0298550895890598,0.,-0.0068142293760362));
#15504=CARTESIAN_POINT('',(0.0296998795977899,0.,-0.00742361838534465));
#15505=CARTESIAN_POINT('',(0.0296505160269954,0.,-0.00761743076337669));
#15506=CARTESIAN_POINT('',(0.,0.,0.));
#15507=CARTESIAN_POINT('',(0.,0.,0.));
#15508=CARTESIAN_POINT('',(0.0292916685132159,0.,-0.00956356917433166));
#15509=CARTESIAN_POINT('',(0.0297662597181004,0.,-0.00796451392333172));
#15510=CARTESIAN_POINT('',(0.0295730561779951,0.,-0.00791281873892567));
#15511=CARTESIAN_POINT('',(0.0295209604448347,0.,-0.00810591465961405));
#15512=CARTESIAN_POINT('',(0.0293571599304291,0.,-0.00871305096847428));
#15513=CARTESIAN_POINT('',(0.0291632251468522,0.,-0.00931124358442246));
#15514=CARTESIAN_POINT('',(0.0291015453971127,0.,-0.00950149501929769));
#15515=CARTESIAN_POINT('',(0.,0.,0.));
#15516=CARTESIAN_POINT('',(0.,0.,0.));
#15517=CARTESIAN_POINT('',(0.0286187456579337,0.,-0.0114206434410173));
#15518=CARTESIAN_POINT('',(0.0291948135859809,0.,-0.00985528078342652));
#15519=CARTESIAN_POINT('',(0.0290053191251066,0.,-0.00979131321900552));
#15520=CARTESIAN_POINT('',(0.0289409587301014,0.,-0.00998067461833173));
#15521=CARTESIAN_POINT('',(0.0287385954045532,0.,-0.0105760687655393));
#15522=CARTESIAN_POINT('',(0.0285067327482939,0.,-0.0111606068863564));
#15523=CARTESIAN_POINT('',(0.0284329902749312,0.,-0.0113465155941201));
#15524=CARTESIAN_POINT('',(0.,0.,0.));
#15525=CARTESIAN_POINT('',(0.,0.,0.));
#15526=CARTESIAN_POINT('',(0.0278282222380414,0.,-0.0132307878340834));
#15527=CARTESIAN_POINT('',(0.0285033997025688,0.,-0.0117055501808311));
#15528=CARTESIAN_POINT('',(0.0283183929943116,0.,-0.0116295730928384));
#15529=CARTESIAN_POINT('',(0.0282420324081298,0.,-0.0118144218441947));
#15530=CARTESIAN_POINT('',(0.0280019378257506,0.,-0.0123956272274871));
#15531=CARTESIAN_POINT('',(0.027733100070198,0.,-0.0129641088606516));
#15532=CARTESIAN_POINT('',(0.0276475978968529,0.,-0.0131449109025463));
#15533=CARTESIAN_POINT('',(0.,0.,0.));
#15534=CARTESIAN_POINT('',(0.,0.,0.));
#15535=CARTESIAN_POINT('',(0.026923346683838,0.,-0.0149865640819442));
#15536=CARTESIAN_POINT('',(0.0276948592358187,0.,-0.0135077189617101));
#15537=CARTESIAN_POINT('',(0.0275151005124268,0.,-0.0134200445562972));
#15538=CARTESIAN_POINT('',(0.0274270535170963,0.,-0.0135996210765143));
#15539=CARTESIAN_POINT('',(0.0271502142780252,0.,-0.0141642493983035));
#15540=CARTESIAN_POINT('',(0.0268455061351822,0.,-0.0147143385308458));
#15541=CARTESIAN_POINT('',(0.0267485956086253,0.,-0.0148892909524994));
#15542=CARTESIAN_POINT('',(0.,0.,0.));
#15543=CARTESIAN_POINT('',(0.,0.,0.));
#15544=CARTESIAN_POINT('',(0.025907837323071,0.,-0.0166807573233844));
#15545=CARTESIAN_POINT('',(0.0267725146519399,0.,-0.0152543816279787));
#15546=CARTESIAN_POINT('',(0.0265987425805657,0.,-0.0151553701780836));
#15547=CARTESIAN_POINT('',(0.0264993709800766,0.,-0.015328936548721));
#15548=CARTESIAN_POINT('',(0.0261869246761286,0.,-0.0158746676301202));
#15549=CARTESIAN_POINT('',(0.025847598257114,0.,-0.0164041038278011));
#15550=CARTESIAN_POINT('',(0.025739677603486,0.,-0.0165724877121858));
#15551=CARTESIAN_POINT('',(0.,0.,0.));
#15552=CARTESIAN_POINT('',(0.,0.,0.));
#15553=CARTESIAN_POINT('',(0.0247858671015297,0.,-0.0183064057549716));
#15554=CARTESIAN_POINT('',(0.02574015606267,0.,-0.0169383607680833));
#15555=CARTESIAN_POINT('',(0.0255730847100288,0.,-0.0168284191329916));
#15556=CARTESIAN_POINT('',(0.0254627968436025,0.,-0.0169952621326024));
#15557=CARTESIAN_POINT('',(0.0251160273836602,0.,-0.0175198534475393));
#15558=CARTESIAN_POINT('',(0.0247434770535149,0.,-0.0180264611434586));
#15559=CARTESIAN_POINT('',(0.0246249897419304,0.,-0.0181875845650754));
#15560=CARTESIAN_POINT('',(0.,0.,0.));
#15561=CARTESIAN_POINT('',(0.,0.,0.));
#15562=CARTESIAN_POINT('',(0.0235620464355165,0.,-0.0198568292385999));
#15563=CARTESIAN_POINT('',(0.0246020256508924,0.,-0.018552736550525));
#15564=CARTESIAN_POINT('',(0.0244423415490089,0.,-0.0184323165039975));
#15565=CARTESIAN_POINT('',(0.0243215906131452,0.,-0.0185917505389086));
#15566=CARTESIAN_POINT('',(0.0239419229473012,0.,-0.0190930464291457));
#15567=CARTESIAN_POINT('',(0.0235376795952437,0.,-0.0195747438636139));
#15568=CARTESIAN_POINT('',(0.0234091125154815,0.,-0.0197279447317624));
#15569=CARTESIAN_POINT('',(0.,0.,0.));
#15570=CARTESIAN_POINT('',(0.,0.,0.));
#15571=CARTESIAN_POINT('',(0.0222414042666566,0.,-0.0213256567516103));
#15572=CARTESIAN_POINT('',(0.0233628002385973,0.,-0.020090875158931));
#15573=CARTESIAN_POINT('',(0.0232111595636983,0.,-0.019960471532769));
#15574=CARTESIAN_POINT('',(0.0230804417498937,0.,-0.0201118414543325));
#15575=CARTESIAN_POINT('',(0.0226694360140255,0.,-0.0205877819875291));
#15576=CARTESIAN_POINT('',(0.0222351607626992,0.,-0.0210425897624642));
#15577=CARTESIAN_POINT('',(0.0220970422244677,0.,-0.0211872385419157));
#15578=CARTESIAN_POINT('',(0.,0.,0.));
#15579=CARTESIAN_POINT('',(0.,0.,0.));
#15580=CARTESIAN_POINT('',(0.0208293673968988,0.,-0.0227068525666892));
#15581=CARTESIAN_POINT('',(0.0220275720688169,0.,-0.0215464560518297));
#15582=CARTESIAN_POINT('',(0.0218845979449624,0.,-0.0214066047025047));
#15583=CARTESIAN_POINT('',(0.0217444504007526,0.,-0.0215492884992441));
#15584=CARTESIAN_POINT('',(0.0213037955055893,0.,-0.0219979179336603));
#15585=CARTESIAN_POINT('',(0.0208412728851537,0.,-0.0224239671463592));
#15586=CARTESIAN_POINT('',(0.0206941704471528,0.,-0.0225594694442519));
#15587=CARTESIAN_POINT('',(0.,0.,0.));
#15588=CARTESIAN_POINT('',(0.,0.,0.));
#15589=CARTESIAN_POINT('',(0.0193317381886218,0.,-0.023994741053967));
#15590=CARTESIAN_POINT('',(0.0206018278805063,0.,-0.0229134979351112));
#15591=CARTESIAN_POINT('',(0.0204681078190391,0.,-0.0227647735418154));
#15592=CARTESIAN_POINT('',(0.0203191064407448,0.,-0.0228981848954043));
#15593=CARTESIAN_POINT('',(0.0198506131317709,0.,-0.0233176597164635));
#15594=CARTESIAN_POINT('',(0.0193617437468841,0.,-0.0237131996393239));
#15595=CARTESIAN_POINT('',(0.0192062618845849,0.,-0.0238389986476506));
#15596=CARTESIAN_POINT('',(0.,0.,0.));
#15597=CARTESIAN_POINT('',(0.,0.,0.));
#15598=CARTESIAN_POINT('',(0.017754670721483,0.,-0.0251840300033983));
#15599=CARTESIAN_POINT('',(0.0190914263623565,0.,-0.0241863833404474));
#15600=CARTESIAN_POINT('',(0.018967509847692,0.,-0.0240293970436143));
#15601=CARTESIAN_POINT('',(0.0188102669139374,0.,-0.0241529877381841));
#15602=CARTESIAN_POINT('',(0.0183158603306509,0.,-0.0245415842338695));
#15603=CARTESIAN_POINT('',(0.0178026530504776,0.,-0.0249049895085053));
#15604=CARTESIAN_POINT('',(0.017639430672203,0.,-0.0250205682921569));
#15605=CARTESIAN_POINT('',(0.,0.,0.));
#15606=CARTESIAN_POINT('',(0.,0.,0.));
#15607=CARTESIAN_POINT('',(0.0161046455039846,0.,-0.0262698323715881));
#15608=CARTESIAN_POINT('',(0.0175025740781856,0.,-0.0253598817086747));
#15609=CARTESIAN_POINT('',(0.0173889703098625,0.,-0.0251952785986714));
#15610=CARTESIAN_POINT('',(0.017224131965591,0.,-0.0253085407735481));
#15611=CARTESIAN_POINT('',(0.0167058437306925,0.,-0.0256646621175051));
#15612=CARTESIAN_POINT('',(0.0161704074340296,0.,-0.0259944394336927));
#15613=CARTESIAN_POINT('',(0.016000115255543,0.,-0.0260993230546557));
#15614=CARTESIAN_POINT('',(0.,0.,0.));
#15615=CARTESIAN_POINT('',(0.,0.,0.));
#15616=CARTESIAN_POINT('',(0.0143884428436748,0.,-0.0272476863637017));
#15617=CARTESIAN_POINT('',(0.0158417999628372,0.,-0.0264291708832835));
#15618=CARTESIAN_POINT('',(0.0157389757631075,0.,-0.0262576273495962));
#15619=CARTESIAN_POINT('',(0.0155672193644333,0.,-0.0263600955862086));
#15620=CARTESIAN_POINT('',(0.0150271792354524,0.,-0.0266822783994472));
#15621=CARTESIAN_POINT('',(0.0144717141448936,0.,-0.0269770726314573));
#15622=CARTESIAN_POINT('',(0.014295051933284,0.,-0.0270708301004357));
#15623=CARTESIAN_POINT('',(0.,0.,0.));
#15624=CARTESIAN_POINT('',(0.,0.,0.));
#15625=CARTESIAN_POINT('',(0.012613114985409,0.,-0.0281135737679364));
#15626=CARTESIAN_POINT('',(0.014115928493386,0.,-0.0273898569256936));
#15627=CARTESIAN_POINT('',(0.0140243063889421,0.,-0.0272120778774982));
#15628=CARTESIAN_POINT('',(0.0138463377197489,0.,-0.0273033311118826));
#15629=CARTESIAN_POINT('',(0.013286764837414,0.,-0.0275902514761153));
#15630=CARTESIAN_POINT('',(0.0127135534781633,0.,-0.0278488512512154));
#15631=CARTESIAN_POINT('',(0.0125312471763522,0.,-0.0279310972986582));
#15632=CARTESIAN_POINT('',(0.,0.,0.));
#15633=CARTESIAN_POINT('',(0.,0.,0.));
#15634=CARTESIAN_POINT('',(0.0107859571321634,0.,-0.0288639364672161));
#15635=CARTESIAN_POINT('',(0.0123320516458983,0.,-0.0282379921708901));
#15636=CARTESIAN_POINT('',(0.0122520081316203,0.,-0.028054708140429));
#15637=CARTESIAN_POINT('',(0.0120685585033441,0.,-0.0281343713934718));
#15638=CARTESIAN_POINT('',(0.0114917522726566,0.,-0.0283848502913775));
#15639=CARTESIAN_POINT('',(0.0109031500931426,0.,-0.0286061929676223));
#15640=CARTESIAN_POINT('',(0.0107159488368286,0.,-0.0286765896268789));
#15641=CARTESIAN_POINT('',(0.,0.,0.));
#15642=CARTESIAN_POINT('',(0.,0.,0.));
#15643=CARTESIAN_POINT('',(0.00891447746748126,0.,-0.0294956910602569));
#15644=CARTESIAN_POINT('',(0.0104974997529808,0.,-0.028970091449226));
#15645=CARTESIAN_POINT('',(0.0104293637448381,0.,-0.0287820555898949));
#15646=CARTESIAN_POINT('',(0.0102411869913513,0.,-0.0288498015082014));
#15647=CARTESIAN_POINT('',(0.00964951763283774,0.,-0.0290628096682611));
#15648=CARTESIAN_POINT('',(0.00904794332567073,0.,-0.0292459857011161));
#15649=CARTESIAN_POINT('',(0.00885661636497066,0.,-0.0293042436972136));
#15650=CARTESIAN_POINT('',(0.,0.,0.));
#15651=CARTESIAN_POINT('',(0.,0.,0.));
#15652=CARTESIAN_POINT('',(0.00700636630273581,0.,-0.0300062415319253));
#15653=CARTESIAN_POINT('',(0.00861981138187176,0.,-0.029583146407732));
#15654=CARTESIAN_POINT('',(0.00856386286533695,0.,-0.0293911313992104));
#15655=CARTESIAN_POINT('',(0.00837173224528338,0.,-0.0294466816002707));
#15656=CARTESIAN_POINT('',(0.00776763105525048,0.,-0.0296213437262649));
#15657=CARTESIAN_POINT('',(0.00715555661829597,0.,-0.0297656004061198));
#15658=CARTESIAN_POINT('',(0.00696089015673081,0.,-0.0298114803444558));
#15659=CARTESIAN_POINT('',(0.,0.,0.));
#15660=CARTESIAN_POINT('',(0.,0.,0.));
#15661=CARTESIAN_POINT('',(0.00506946447599155,0.,-0.0303934899208204));
#15662=CARTESIAN_POINT('',(0.0067067023568508,0.,-0.0300746378720836));
#15663=CARTESIAN_POINT('',(0.00666317123637925,0.,-0.0298794327452285));
#15664=CARTESIAN_POINT('',(0.00646787625568862,0.,-0.0299225589613512));
#15665=CARTESIAN_POINT('',(0.00585382561550554,0.,-0.030058157329139));
#15666=CARTESIAN_POINT('',(0.00523376619391454,0.,-0.0301629018743535));
#15667=CARTESIAN_POINT('',(0.00503656015773069,0.,-0.0301962152244202));
#15668=CARTESIAN_POINT('',(0.,0.,0.));
#15669=CARTESIAN_POINT('',(0.,0.,0.));
#15670=CARTESIAN_POINT('',(0.00311173113231872,0.,-0.0306558449402477));
#15671=CARTESIAN_POINT('',(0.00476603405326241,0.,-0.0304425461984291));
#15672=CARTESIAN_POINT('',(0.00473509920756553,0.,-0.0302449530929784));
#15673=CARTESIAN_POINT('',(0.00453744237520413,0.,-0.0302754781092907));
#15674=CARTESIAN_POINT('',(0.00391596555066485,0.,-0.0303714555160932));
#15675=CARTESIAN_POINT('',(0.003290469101603,0.,-0.0304362575088633));
#15676=CARTESIAN_POINT('',(0.0030915338527037,0.,-0.0304568673789596));
#15677=CARTESIAN_POINT('',(0.,0.,0.));
#15678=CARTESIAN_POINT('',(0.,0.,0.));
#15679=CARTESIAN_POINT('',(0.00114121101795896,0.,-0.0307922285171574));
#15680=CARTESIAN_POINT('',(0.00280578109343806,0.,-0.0306853595725397));
#15681=CARTESIAN_POINT('',(0.00278756964043232,0.,-0.030486190440947));
#15682=CARTESIAN_POINT('',(0.00258836317072159,0.,-0.0305039888236095));
#15683=CARTESIAN_POINT('',(0.00196201394340449,0.,-0.030559950877675));
#15684=CARTESIAN_POINT('',(0.00133365076594955,0.,-0.0305845440327124));
#15685=CARTESIAN_POINT('',(0.00113380377194401,0.,-0.0305923657324613));
#15686=CARTESIAN_POINT('',(0.,0.,0.));
#15687=CARTESIAN_POINT('',(0.,0.,0.));
#15688=CARTESIAN_POINT('',(-0.000833998577262597,0.,-0.0308020802221778));
#15689=CARTESIAN_POINT('',(0.000833998577262609,0.,-0.0308020802221778));
#15690=CARTESIAN_POINT('',(0.00082858535171476,0.,-0.0306021534931264));
#15691=CARTESIAN_POINT('',(0.000628647826768387,0.,-0.030607152104767));
#15692=CARTESIAN_POINT('',(6.13546461076583E-18,0.,-0.0306228688460115));
#15693=CARTESIAN_POINT('',(-0.000628647826768375,0.,-0.030607152104767));
#15694=CARTESIAN_POINT('',(-0.000828585351714748,0.,-0.0306021534931264));
#15695=CARTESIAN_POINT('',(0.,0.,0.));
#15696=CARTESIAN_POINT('',(0.,0.,0.));
#15697=CARTESIAN_POINT('',(-0.00280578109343803,0.,-0.0306853595725397));
#15698=CARTESIAN_POINT('',(-0.00114121101795893,0.,-0.0307922285171574));
#15699=CARTESIAN_POINT('',(-0.00113380377194398,0.,-0.0305923657324613));
#15700=CARTESIAN_POINT('',(-0.00133365076594953,0.,-0.0305845440327124));
#15701=CARTESIAN_POINT('',(-0.00196201394340447,0.,-0.030559950877675));
#15702=CARTESIAN_POINT('',(-0.00258836317072156,0.,-0.0305039888236095));
#15703=CARTESIAN_POINT('',(-0.0027875696404323,0.,-0.030486190440947));
#15704=CARTESIAN_POINT('',(0.,0.,0.));
#15705=CARTESIAN_POINT('',(0.,0.,0.));
#15706=CARTESIAN_POINT('',(-0.00476603405326239,0.,-0.0304425461984292));
#15707=CARTESIAN_POINT('',(-0.0031117311323187,0.,-0.0306558449402477));
#15708=CARTESIAN_POINT('',(-0.00309153385270368,0.,-0.0304568673789596));
#15709=CARTESIAN_POINT('',(-0.00329046910160298,0.,-0.0304362575088633));
#15710=CARTESIAN_POINT('',(-0.00391596555066482,0.,-0.0303714555160932));
#15711=CARTESIAN_POINT('',(-0.00453744237520411,0.,-0.0302754781092907));
#15712=CARTESIAN_POINT('',(-0.00473509920756551,0.,-0.0302449530929784));
#15713=CARTESIAN_POINT('',(0.,0.,0.));
#15714=CARTESIAN_POINT('',(0.,0.,0.));
#15715=CARTESIAN_POINT('',(-0.00670670235685078,0.,-0.0300746378720836));
#15716=CARTESIAN_POINT('',(-0.00506946447599152,0.,-0.0303934899208204));
#15717=CARTESIAN_POINT('',(-0.00503656015773067,0.,-0.0301962152244202));
#15718=CARTESIAN_POINT('',(-0.00523376619391452,0.,-0.0301629018743535));
#15719=CARTESIAN_POINT('',(-0.00585382561550552,0.,-0.030058157329139));
#15720=CARTESIAN_POINT('',(-0.00646787625568859,0.,-0.0299225589613512));
#15721=CARTESIAN_POINT('',(-0.00666317123637922,0.,-0.0298794327452285));
#15722=CARTESIAN_POINT('',(0.,0.,0.));
#15723=CARTESIAN_POINT('',(0.,0.,0.));
#15724=CARTESIAN_POINT('',(-0.00861981138187173,0.,-0.029583146407732));
#15725=CARTESIAN_POINT('',(-0.00700636630273578,0.,-0.0300062415319253));
#15726=CARTESIAN_POINT('',(-0.00696089015673079,0.,-0.0298114803444558));
#15727=CARTESIAN_POINT('',(-0.00715555661829595,0.,-0.0297656004061199));
#15728=CARTESIAN_POINT('',(-0.00776763105525045,0.,-0.0296213437262649));
#15729=CARTESIAN_POINT('',(-0.00837173224528335,0.,-0.0294466816002707));
#15730=CARTESIAN_POINT('',(-0.00856386286533692,0.,-0.0293911313992104));
#15731=CARTESIAN_POINT('',(0.,0.,0.));
#15732=CARTESIAN_POINT('',(0.,0.,0.));
#15733=CARTESIAN_POINT('',(-0.0104974997529808,0.,-0.028970091449226));
#15734=CARTESIAN_POINT('',(-0.00891447746748124,0.,-0.0294956910602569));
#15735=CARTESIAN_POINT('',(-0.00885661636497063,0.,-0.0293042436972136));
#15736=CARTESIAN_POINT('',(-0.0090479433256707,0.,-0.0292459857011161));
#15737=CARTESIAN_POINT('',(-0.00964951763283771,0.,-0.0290628096682612));
#15738=CARTESIAN_POINT('',(-0.0102411869913513,0.,-0.0288498015082014));
#15739=CARTESIAN_POINT('',(-0.0104293637448381,0.,-0.0287820555898949));
#15740=CARTESIAN_POINT('',(0.,0.,0.));
#15741=CARTESIAN_POINT('',(0.,0.,0.));
#15742=CARTESIAN_POINT('',(-0.0123320516458983,0.,-0.0282379921708901));
#15743=CARTESIAN_POINT('',(-0.0107859571321634,0.,-0.0288639364672161));
#15744=CARTESIAN_POINT('',(-0.0107159488368286,0.,-0.0286765896268789));
#15745=CARTESIAN_POINT('',(-0.0109031500931425,0.,-0.0286061929676223));
#15746=CARTESIAN_POINT('',(-0.0114917522726566,0.,-0.0283848502913775));
#15747=CARTESIAN_POINT('',(-0.0120685585033441,0.,-0.0281343713934718));
#15748=CARTESIAN_POINT('',(-0.0122520081316203,0.,-0.0280547081404291));
#15749=CARTESIAN_POINT('',(0.,0.,0.));
#15750=CARTESIAN_POINT('',(0.,0.,0.));
#15751=CARTESIAN_POINT('',(-0.014115928493386,0.,-0.0273898569256936));
#15752=CARTESIAN_POINT('',(-0.012613114985409,0.,-0.0281135737679364));
#15753=CARTESIAN_POINT('',(-0.0125312471763522,0.,-0.0279310972986583));
#15754=CARTESIAN_POINT('',(-0.0127135534781633,0.,-0.0278488512512154));
#15755=CARTESIAN_POINT('',(-0.013286764837414,0.,-0.0275902514761153));
#15756=CARTESIAN_POINT('',(-0.0138463377197489,0.,-0.0273033311118826));
#15757=CARTESIAN_POINT('',(-0.0140243063889421,0.,-0.0272120778774982));
#15758=CARTESIAN_POINT('',(0.,0.,0.));
#15759=CARTESIAN_POINT('',(0.,0.,0.));
#15760=CARTESIAN_POINT('',(-0.0158417999628372,0.,-0.0264291708832835));
#15761=CARTESIAN_POINT('',(-0.0143884428436748,0.,-0.0272476863637017));
#15762=CARTESIAN_POINT('',(-0.014295051933284,0.,-0.0270708301004358));
#15763=CARTESIAN_POINT('',(-0.0144717141448936,0.,-0.0269770726314574));
#15764=CARTESIAN_POINT('',(-0.0150271792354524,0.,-0.0266822783994472));
#15765=CARTESIAN_POINT('',(-0.0155672193644332,0.,-0.0263600955862087));
#15766=CARTESIAN_POINT('',(-0.0157389757631074,0.,-0.0262576273495962));
#15767=CARTESIAN_POINT('',(0.,0.,0.));
#15768=CARTESIAN_POINT('',(0.,0.,0.));
#15769=CARTESIAN_POINT('',(-0.0175025740781856,0.,-0.0253598817086747));
#15770=CARTESIAN_POINT('',(-0.0161046455039846,0.,-0.0262698323715881));
#15771=CARTESIAN_POINT('',(-0.016000115255543,0.,-0.0260993230546558));
#15772=CARTESIAN_POINT('',(-0.0161704074340296,0.,-0.0259944394336927));
#15773=CARTESIAN_POINT('',(-0.0167058437306924,0.,-0.0256646621175051));
#15774=CARTESIAN_POINT('',(-0.017224131965591,0.,-0.0253085407735482));
#15775=CARTESIAN_POINT('',(-0.0173889703098625,0.,-0.0251952785986714));
#15776=CARTESIAN_POINT('',(0.,0.,0.));
#15777=CARTESIAN_POINT('',(0.,0.,0.));
#15778=CARTESIAN_POINT('',(-0.0190914263623564,0.,-0.0241863833404474));
#15779=CARTESIAN_POINT('',(-0.017754670721483,0.,-0.0251840300033983));
#15780=CARTESIAN_POINT('',(-0.017639430672203,0.,-0.0250205682921569));
#15781=CARTESIAN_POINT('',(-0.0178026530504776,0.,-0.0249049895085053));
#15782=CARTESIAN_POINT('',(-0.0183158603306509,0.,-0.0245415842338695));
#15783=CARTESIAN_POINT('',(-0.0188102669139374,0.,-0.0241529877381841));
#15784=CARTESIAN_POINT('',(-0.0189675098476919,0.,-0.0240293970436143));
#15785=CARTESIAN_POINT('',(0.,0.,0.));
#15786=CARTESIAN_POINT('',(0.,0.,0.));
#15787=CARTESIAN_POINT('',(-0.0206018278805063,0.,-0.0229134979351112));
#15788=CARTESIAN_POINT('',(-0.0193317381886218,0.,-0.023994741053967));
#15789=CARTESIAN_POINT('',(-0.0192062618845849,0.,-0.0238389986476506));
#15790=CARTESIAN_POINT('',(-0.0193617437468841,0.,-0.0237131996393239));
#15791=CARTESIAN_POINT('',(-0.0198506131317709,0.,-0.0233176597164635));
#15792=CARTESIAN_POINT('',(-0.0203191064407448,0.,-0.0228981848954043));
#15793=CARTESIAN_POINT('',(-0.0204681078190391,0.,-0.0227647735418154));
#15794=CARTESIAN_POINT('',(0.,0.,0.));
#15795=CARTESIAN_POINT('',(0.,0.,0.));
#15796=CARTESIAN_POINT('',(-0.0220275720688169,0.,-0.0215464560518297));
#15797=CARTESIAN_POINT('',(-0.0208293673968988,0.,-0.0227068525666892));
#15798=CARTESIAN_POINT('',(-0.0206941704471528,0.,-0.0225594694442519));
#15799=CARTESIAN_POINT('',(-0.0208412728851537,0.,-0.0224239671463592));
#15800=CARTESIAN_POINT('',(-0.0213037955055893,0.,-0.0219979179336603));
#15801=CARTESIAN_POINT('',(-0.0217444504007526,0.,-0.0215492884992441));
#15802=CARTESIAN_POINT('',(-0.0218845979449624,0.,-0.0214066047025047));
#15803=CARTESIAN_POINT('',(0.,0.,0.));
#15804=CARTESIAN_POINT('',(0.,0.,0.));
#15805=CARTESIAN_POINT('',(-0.0233628002385972,0.,-0.020090875158931));
#15806=CARTESIAN_POINT('',(-0.0222414042666566,0.,-0.0213256567516103));
#15807=CARTESIAN_POINT('',(-0.0220970422244677,0.,-0.0211872385419157));
#15808=CARTESIAN_POINT('',(-0.0222351607626992,0.,-0.0210425897624642));
#15809=CARTESIAN_POINT('',(-0.0226694360140255,0.,-0.0205877819875291));
#15810=CARTESIAN_POINT('',(-0.0230804417498936,0.,-0.0201118414543325));
#15811=CARTESIAN_POINT('',(-0.0232111595636983,0.,-0.019960471532769));
#15812=CARTESIAN_POINT('',(0.,0.,0.));
#15813=CARTESIAN_POINT('',(0.,0.,0.));
#15814=CARTESIAN_POINT('',(-0.0246020256508924,0.,-0.018552736550525));
#15815=CARTESIAN_POINT('',(-0.0235620464355165,0.,-0.0198568292385999));
#15816=CARTESIAN_POINT('',(-0.0234091125154815,0.,-0.0197279447317624));
#15817=CARTESIAN_POINT('',(-0.0235376795952436,0.,-0.0195747438636139));
#15818=CARTESIAN_POINT('',(-0.0239419229473012,0.,-0.0190930464291457));
#15819=CARTESIAN_POINT('',(-0.0243215906131452,0.,-0.0185917505389087));
#15820=CARTESIAN_POINT('',(-0.0244423415490089,0.,-0.0184323165039975));
#15821=CARTESIAN_POINT('',(0.,0.,0.));
#15822=CARTESIAN_POINT('',(0.,0.,0.));
#15823=CARTESIAN_POINT('',(-0.0257401560626699,0.,-0.0169383607680834));
#15824=CARTESIAN_POINT('',(-0.0247858671015297,0.,-0.0183064057549716));
#15825=CARTESIAN_POINT('',(-0.0246249897419304,0.,-0.0181875845650754));
#15826=CARTESIAN_POINT('',(-0.0247434770535148,0.,-0.0180264611434586));
#15827=CARTESIAN_POINT('',(-0.0251160273836601,0.,-0.0175198534475394));
#15828=CARTESIAN_POINT('',(-0.0254627968436025,0.,-0.0169952621326024));
#15829=CARTESIAN_POINT('',(-0.0255730847100288,0.,-0.0168284191329916));
#15830=CARTESIAN_POINT('',(0.,0.,0.));
#15831=CARTESIAN_POINT('',(0.,0.,0.));
#15832=CARTESIAN_POINT('',(-0.0267725146519399,0.,-0.0152543816279787));
#15833=CARTESIAN_POINT('',(-0.025907837323071,0.,-0.0166807573233844));
#15834=CARTESIAN_POINT('',(-0.025739677603486,0.,-0.0165724877121858));
#15835=CARTESIAN_POINT('',(-0.025847598257114,0.,-0.0164041038278011));
#15836=CARTESIAN_POINT('',(-0.0261869246761286,0.,-0.0158746676301203));
#15837=CARTESIAN_POINT('',(-0.0264993709800766,0.,-0.015328936548721));
#15838=CARTESIAN_POINT('',(-0.0265987425805657,0.,-0.0151553701780836));
#15839=CARTESIAN_POINT('',(0.,0.,0.));
#15840=CARTESIAN_POINT('',(0.,0.,0.));
#15841=CARTESIAN_POINT('',(-0.0276948592358187,0.,-0.0135077189617101));
#15842=CARTESIAN_POINT('',(-0.026923346683838,0.,-0.0149865640819443));
#15843=CARTESIAN_POINT('',(-0.0267485956086253,0.,-0.0148892909524994));
#15844=CARTESIAN_POINT('',(-0.0268455061351822,0.,-0.0147143385308458));
#15845=CARTESIAN_POINT('',(-0.0271502142780252,0.,-0.0141642493983035));
#15846=CARTESIAN_POINT('',(-0.0274270535170963,0.,-0.0135996210765143));
#15847=CARTESIAN_POINT('',(-0.0275151005124268,0.,-0.0134200445562972));
#15848=CARTESIAN_POINT('',(0.,0.,0.));
#15849=CARTESIAN_POINT('',(0.,0.,0.));
#15850=CARTESIAN_POINT('',(-0.0285033997025688,0.,-0.0117055501808311));
#15851=CARTESIAN_POINT('',(-0.0278282222380414,0.,-0.0132307878340834));
#15852=CARTESIAN_POINT('',(-0.0276475978968529,0.,-0.0131449109025463));
#15853=CARTESIAN_POINT('',(-0.027733100070198,0.,-0.0129641088606516));
#15854=CARTESIAN_POINT('',(-0.0280019378257506,0.,-0.0123956272274871));
#15855=CARTESIAN_POINT('',(-0.0282420324081298,0.,-0.0118144218441947));
#15856=CARTESIAN_POINT('',(-0.0283183929943116,0.,-0.0116295730928384));
#15857=CARTESIAN_POINT('',(0.,0.,0.));
#15858=CARTESIAN_POINT('',(0.,0.,0.));
#15859=CARTESIAN_POINT('',(-0.0291948135859809,0.,-0.00985528078342655));
#15860=CARTESIAN_POINT('',(-0.0286187456579337,0.,-0.0114206434410173));
#15861=CARTESIAN_POINT('',(-0.0284329902749312,0.,-0.0113465155941201));
#15862=CARTESIAN_POINT('',(-0.0285067327482939,0.,-0.0111606068863564));
#15863=CARTESIAN_POINT('',(-0.0287385954045532,0.,-0.0105760687655393));
#15864=CARTESIAN_POINT('',(-0.0289409587301013,0.,-0.00998067461833176));
#15865=CARTESIAN_POINT('',(-0.0290053191251066,0.,-0.00979131321900555));
#15866=CARTESIAN_POINT('',(0.,0.,0.));
#15867=CARTESIAN_POINT('',(0.,0.,0.));
#15868=CARTESIAN_POINT('',(-0.0297662597181004,0.,-0.00796451392333176));
#15869=CARTESIAN_POINT('',(-0.0292916685132159,0.,-0.00956356917433169));
#15870=CARTESIAN_POINT('',(-0.0291015453971127,0.,-0.00950149501929772));
#15871=CARTESIAN_POINT('',(-0.0291632251468521,0.,-0.00931124358442249));
#15872=CARTESIAN_POINT('',(-0.0293571599304291,0.,-0.0087130509684743));
#15873=CARTESIAN_POINT('',(-0.0295209604448347,0.,-0.00810591465961408));
#15874=CARTESIAN_POINT('',(-0.0295730561779951,0.,-0.0079128187389257));
#15875=CARTESIAN_POINT('',(0.,0.,0.));
#15876=CARTESIAN_POINT('',(0.,0.,0.));
#15877=CARTESIAN_POINT('',(-0.0302153899041956,0.,-0.00604101916714309));
#15878=CARTESIAN_POINT('',(-0.0298442256195341,0.,-0.00766719615052957));
#15879=CARTESIAN_POINT('',(-0.0296505160269954,0.,-0.0076174307633767));
#15880=CARTESIAN_POINT('',(-0.0296998795977899,0.,-0.00742361838534466));
#15881=CARTESIAN_POINT('',(-0.0298550895890598,0.,-0.00681422937603621));
#15882=CARTESIAN_POINT('',(-0.0299796542008741,0.,-0.00619784575884678));
#15883=CARTESIAN_POINT('',(-0.0300192711996476,0.,-0.00600180878935329));
#15884=CARTESIAN_POINT('',(0.,0.,0.));
#15885=CARTESIAN_POINT('',(0.,0.,0.));
#15886=CARTESIAN_POINT('',(-0.0305403585719935,0.,-0.0040927005674021));
#15887=CARTESIAN_POINT('',(-0.0302741464012153,0.,-0.00573931697313653));
#15888=CARTESIAN_POINT('',(-0.0300776463265074,0.,-0.00570206485051522));
#15889=CARTESIAN_POINT('',(-0.030114490872856,0.,-0.00550548794596032));
#15890=CARTESIAN_POINT('',(-0.0302303382806725,0.,-0.00488740665344439));
#15891=CARTESIAN_POINT('',(-0.0303151551271864,0.,-0.00426430858042266));
#15892=CARTESIAN_POINT('',(-0.0303421305968272,0.,-0.00406613612008149));
#15893=CARTESIAN_POINT('',(0.,0.,0.));
#15894=CARTESIAN_POINT('',(0.,0.,0.));
#15895=CARTESIAN_POINT('',(-0.0307398303555328,0.,-0.00212756418314815));
#15896=CARTESIAN_POINT('',(-0.0305796642215499,0.,-0.00378785371122123));
#15897=CARTESIAN_POINT('',(-0.030381181125629,0.,-0.00376326793009389));
#15898=CARTESIAN_POINT('',(-0.0304053552453875,0.,-0.00356473427568257));
#15899=CARTESIAN_POINT('',(-0.0304813640279025,0.,-0.00294050052856813));
#15900=CARTESIAN_POINT('',(-0.0305260845785007,0.,-0.00231324844335026));
#15901=CARTESIAN_POINT('',(-0.0305403076710179,0.,-0.00211375482530882));
#15902=CARTESIAN_POINT('',(0.,0.,0.));
#15903=CARTESIAN_POINT('',(0.,0.,0.));
#15904=CARTESIAN_POINT('',(-0.0308129855824683,0.,-0.000153685181304525));
#15905=CARTESIAN_POINT('',(-0.0307595236422807,0.,-0.00182082534591443));
#15906=CARTESIAN_POINT('',(-0.0305598731347624,0.,-0.00180900693452934));
#15907=CARTESIAN_POINT('',(-0.0305712774912875,0.,-0.0016093323476329));
#15908=CARTESIAN_POINT('',(-0.0306071353121099,0.,-0.000981511256284564));
#15909=CARTESIAN_POINT('',(-0.0306115758004573,0.,-0.000352682672233876));
#15910=CARTESIAN_POINT('',(-0.0306129880701129,0.,-0.000152687658559949));
#15911=CARTESIAN_POINT('',(0.,0.,0.));
#15912=CARTESIAN_POINT('',(0.,0.,0.));
#15913=CARTESIAN_POINT('',(-0.0307595236422807,0.,0.00182082534591442));
#15914=CARTESIAN_POINT('',(-0.0308129855824683,0.,0.000153685181304508));
#15915=CARTESIAN_POINT('',(-0.0306129880701129,0.,0.000152687658559933));
#15916=CARTESIAN_POINT('',(-0.0306115758004573,0.,0.00035268267223386));
#15917=CARTESIAN_POINT('',(-0.0306071353121099,0.,0.000981511256284548));
#15918=CARTESIAN_POINT('',(-0.0305712774912875,0.,0.00160933234763289));
#15919=CARTESIAN_POINT('',(-0.0305598731347624,0.,0.00180900693452932));
#15920=CARTESIAN_POINT('',(0.,0.,0.));
#15921=CARTESIAN_POINT('',(0.,0.,0.));
#15922=CARTESIAN_POINT('',(-0.0305796642215499,0.,0.00378785371122119));
#15923=CARTESIAN_POINT('',(-0.0307398303555328,0.,0.0021275641831481));
#15924=CARTESIAN_POINT('',(-0.0305403076710179,0.,0.00211375482530879));
#15925=CARTESIAN_POINT('',(-0.0305260845785007,0.,0.00231324844335022));
#15926=CARTESIAN_POINT('',(-0.0304813640279025,0.,0.00294050052856809));
#15927=CARTESIAN_POINT('',(-0.0304053552453875,0.,0.00356473427568253));
#15928=CARTESIAN_POINT('',(-0.030381181125629,0.,0.00376326793009385));
#15929=CARTESIAN_POINT('',(0.,0.,0.));
#15930=CARTESIAN_POINT('',(0.,0.,0.));
#15931=CARTESIAN_POINT('',(-0.0302741464012154,0.,0.00573931697313648));
#15932=CARTESIAN_POINT('',(-0.0305403585719935,0.,0.00409270056740206));
#15933=CARTESIAN_POINT('',(-0.0303421305968272,0.,0.00406613612008145));
#15934=CARTESIAN_POINT('',(-0.0303151551271864,0.,0.00426430858042262));
#15935=CARTESIAN_POINT('',(-0.0302303382806725,0.,0.00488740665344435));
#15936=CARTESIAN_POINT('',(-0.030114490872856,0.,0.00550548794596028));
#15937=CARTESIAN_POINT('',(-0.0300776463265074,0.,0.00570206485051517));
#15938=CARTESIAN_POINT('',(0.,0.,0.));
#15939=CARTESIAN_POINT('',(0.,0.,0.));
#15940=CARTESIAN_POINT('',(-0.0298442256195341,0.,0.00766719615052955));
#15941=CARTESIAN_POINT('',(-0.0302153899041956,0.,0.00604101916714307));
#15942=CARTESIAN_POINT('',(-0.0300192711996476,0.,0.00600180878935327));
#15943=CARTESIAN_POINT('',(-0.0299796542008741,0.,0.00619784575884677));
#15944=CARTESIAN_POINT('',(-0.0298550895890598,0.,0.00681422937603619));
#15945=CARTESIAN_POINT('',(-0.0296998795977899,0.,0.00742361838534464));
#15946=CARTESIAN_POINT('',(-0.0296505160269954,0.,0.00761743076337668));
#15947=CARTESIAN_POINT('',(0.,0.,0.));
#15948=CARTESIAN_POINT('',(0.,0.,0.));
#15949=CARTESIAN_POINT('',(-0.0292916685132159,0.,0.00956356917433165));
#15950=CARTESIAN_POINT('',(-0.0297662597181004,0.,0.00796451392333171));
#15951=CARTESIAN_POINT('',(-0.0295730561779951,0.,0.00791281873892566));
#15952=CARTESIAN_POINT('',(-0.0295209604448347,0.,0.00810591465961404));
#15953=CARTESIAN_POINT('',(-0.0293571599304291,0.,0.00871305096847426));
#15954=CARTESIAN_POINT('',(-0.0291632251468522,0.,0.00931124358442245));
#15955=CARTESIAN_POINT('',(-0.0291015453971127,0.,0.00950149501929768));
#15956=CARTESIAN_POINT('',(0.,0.,0.));
#15957=CARTESIAN_POINT('',(0.,0.,0.));
#15958=CARTESIAN_POINT('',(-0.0286187456579338,0.,0.0114206434410173));
#15959=CARTESIAN_POINT('',(-0.0291948135859809,0.,0.00985528078342651));
#15960=CARTESIAN_POINT('',(-0.0290053191251066,0.,0.00979131321900551));
#15961=CARTESIAN_POINT('',(-0.0289409587301014,0.,0.00998067461833172));
#15962=CARTESIAN_POINT('',(-0.0287385954045532,0.,0.0105760687655393));
#15963=CARTESIAN_POINT('',(-0.0285067327482939,0.,0.0111606068863564));
#15964=CARTESIAN_POINT('',(-0.0284329902749313,0.,0.0113465155941201));
#15965=CARTESIAN_POINT('',(0.,0.,0.));
#15966=CARTESIAN_POINT('',(0.,0.,0.));
#15967=CARTESIAN_POINT('',(-0.0278282222380414,0.,0.0132307878340834));
#15968=CARTESIAN_POINT('',(-0.0285033997025688,0.,0.0117055501808311));
#15969=CARTESIAN_POINT('',(-0.0283183929943116,0.,0.0116295730928384));
#15970=CARTESIAN_POINT('',(-0.0282420324081298,0.,0.0118144218441947));
#15971=CARTESIAN_POINT('',(-0.0280019378257506,0.,0.0123956272274871));
#15972=CARTESIAN_POINT('',(-0.027733100070198,0.,0.0129641088606516));
#15973=CARTESIAN_POINT('',(-0.0276475978968529,0.,0.0131449109025463));
#15974=CARTESIAN_POINT('',(0.,0.,0.));
#15975=CARTESIAN_POINT('',(0.,0.,0.));
#15976=CARTESIAN_POINT('',(-0.026923346683838,0.,0.0149865640819442));
#15977=CARTESIAN_POINT('',(-0.0276948592358187,0.,0.0135077189617101));
#15978=CARTESIAN_POINT('',(-0.0275151005124268,0.,0.0134200445562972));
#15979=CARTESIAN_POINT('',(-0.0274270535170963,0.,0.0135996210765143));
#15980=CARTESIAN_POINT('',(-0.0271502142780252,0.,0.0141642493983035));
#15981=CARTESIAN_POINT('',(-0.0268455061351822,0.,0.0147143385308458));
#15982=CARTESIAN_POINT('',(-0.0267485956086253,0.,0.0148892909524994));
#15983=CARTESIAN_POINT('',(0.,0.,0.));
#15984=CARTESIAN_POINT('',(0.,0.,0.));
#15985=CARTESIAN_POINT('',(-0.025907837323071,0.,0.0166807573233844));
#15986=CARTESIAN_POINT('',(-0.0267725146519399,0.,0.0152543816279787));
#15987=CARTESIAN_POINT('',(-0.0265987425805657,0.,0.0151553701780836));
#15988=CARTESIAN_POINT('',(-0.0264993709800766,0.,0.015328936548721));
#15989=CARTESIAN_POINT('',(-0.0261869246761286,0.,0.0158746676301202));
#15990=CARTESIAN_POINT('',(-0.025847598257114,0.,0.0164041038278011));
#15991=CARTESIAN_POINT('',(-0.025739677603486,0.,0.0165724877121858));
#15992=CARTESIAN_POINT('',(0.,0.,0.));
#15993=CARTESIAN_POINT('',(0.,0.,0.));
#15994=CARTESIAN_POINT('',(-0.0247858671015297,0.,0.0183064057549716));
#15995=CARTESIAN_POINT('',(-0.02574015606267,0.,0.0169383607680833));
#15996=CARTESIAN_POINT('',(-0.0255730847100288,0.,0.0168284191329916));
#15997=CARTESIAN_POINT('',(-0.0254627968436025,0.,0.0169952621326024));
#15998=CARTESIAN_POINT('',(-0.0251160273836602,0.,0.0175198534475393));
#15999=CARTESIAN_POINT('',(-0.0247434770535149,0.,0.0180264611434585));
#16000=CARTESIAN_POINT('',(-0.0246249897419304,0.,0.0181875845650754));
#16001=CARTESIAN_POINT('',(0.,0.,0.));
#16002=CARTESIAN_POINT('',(0.,0.,0.));
#16003=CARTESIAN_POINT('',(-0.0235620464355165,0.,0.0198568292385999));
#16004=CARTESIAN_POINT('',(-0.0246020256508924,0.,0.018552736550525));
#16005=CARTESIAN_POINT('',(-0.0244423415490089,0.,0.0184323165039975));
#16006=CARTESIAN_POINT('',(-0.0243215906131452,0.,0.0185917505389086));
#16007=CARTESIAN_POINT('',(-0.0239419229473012,0.,0.0190930464291457));
#16008=CARTESIAN_POINT('',(-0.0235376795952437,0.,0.0195747438636139));
#16009=CARTESIAN_POINT('',(-0.0234091125154815,0.,0.0197279447317624));
#16010=CARTESIAN_POINT('',(0.,0.,0.));
#16011=CARTESIAN_POINT('',(0.,0.,0.));
#16012=CARTESIAN_POINT('',(-0.0222414042666566,0.,0.0213256567516103));
#16013=CARTESIAN_POINT('',(-0.0233628002385973,0.,0.020090875158931));
#16014=CARTESIAN_POINT('',(-0.0232111595636983,0.,0.019960471532769));
#16015=CARTESIAN_POINT('',(-0.0230804417498937,0.,0.0201118414543325));
#16016=CARTESIAN_POINT('',(-0.0226694360140255,0.,0.0205877819875291));
#16017=CARTESIAN_POINT('',(-0.0222351607626992,0.,0.0210425897624642));
#16018=CARTESIAN_POINT('',(-0.0220970422244677,0.,0.0211872385419157));
#16019=CARTESIAN_POINT('',(0.,0.,0.));
#16020=CARTESIAN_POINT('',(0.,0.,0.));
#16021=CARTESIAN_POINT('',(-0.0208293673968988,0.,0.0227068525666892));
#16022=CARTESIAN_POINT('',(-0.0220275720688169,0.,0.0215464560518297));
#16023=CARTESIAN_POINT('',(-0.0218845979449624,0.,0.0214066047025047));
#16024=CARTESIAN_POINT('',(-0.0217444504007526,0.,0.0215492884992441));
#16025=CARTESIAN_POINT('',(-0.0213037955055893,0.,0.0219979179336603));
#16026=CARTESIAN_POINT('',(-0.0208412728851537,0.,0.0224239671463592));
#16027=CARTESIAN_POINT('',(-0.0206941704471528,0.,0.0225594694442518));
#16028=CARTESIAN_POINT('',(0.,0.,0.));
#16029=CARTESIAN_POINT('',(0.,0.,0.));
#16030=CARTESIAN_POINT('',(-0.0193317381886218,0.,0.023994741053967));
#16031=CARTESIAN_POINT('',(-0.0206018278805063,0.,0.0229134979351112));
#16032=CARTESIAN_POINT('',(-0.0204681078190391,0.,0.0227647735418154));
#16033=CARTESIAN_POINT('',(-0.0203191064407448,0.,0.0228981848954043));
#16034=CARTESIAN_POINT('',(-0.0198506131317709,0.,0.0233176597164635));
#16035=CARTESIAN_POINT('',(-0.0193617437468841,0.,0.0237131996393239));
#16036=CARTESIAN_POINT('',(-0.0192062618845849,0.,0.0238389986476506));
#16037=CARTESIAN_POINT('',(0.,0.,0.));
#16038=CARTESIAN_POINT('',(0.,0.,0.));
#16039=CARTESIAN_POINT('',(-0.017754670721483,0.,0.0251840300033983));
#16040=CARTESIAN_POINT('',(-0.0190914263623565,0.,0.0241863833404474));
#16041=CARTESIAN_POINT('',(-0.018967509847692,0.,0.0240293970436143));
#16042=CARTESIAN_POINT('',(-0.0188102669139374,0.,0.0241529877381841));
#16043=CARTESIAN_POINT('',(-0.0183158603306509,0.,0.0245415842338695));
#16044=CARTESIAN_POINT('',(-0.0178026530504776,0.,0.0249049895085053));
#16045=CARTESIAN_POINT('',(-0.0176394306722031,0.,0.0250205682921569));
#16046=CARTESIAN_POINT('',(0.,0.,0.));
#16047=CARTESIAN_POINT('',(0.,0.,0.));
#16048=CARTESIAN_POINT('',(-0.0161046455039846,0.,0.0262698323715881));
#16049=CARTESIAN_POINT('',(-0.0175025740781856,0.,0.0253598817086747));
#16050=CARTESIAN_POINT('',(-0.0173889703098625,0.,0.0251952785986714));
#16051=CARTESIAN_POINT('',(-0.017224131965591,0.,0.0253085407735481));
#16052=CARTESIAN_POINT('',(-0.0167058437306925,0.,0.0256646621175051));
#16053=CARTESIAN_POINT('',(-0.0161704074340296,0.,0.0259944394336927));
#16054=CARTESIAN_POINT('',(-0.016000115255543,0.,0.0260993230546557));
#16055=CARTESIAN_POINT('',(0.,0.,0.));
#16056=CARTESIAN_POINT('',(0.,0.,0.));
#16057=CARTESIAN_POINT('',(-0.0143884428436748,0.,0.0272476863637017));
#16058=CARTESIAN_POINT('',(-0.0158417999628372,0.,0.0264291708832835));
#16059=CARTESIAN_POINT('',(-0.0157389757631075,0.,0.0262576273495962));
#16060=CARTESIAN_POINT('',(-0.0155672193644333,0.,0.0263600955862086));
#16061=CARTESIAN_POINT('',(-0.0150271792354524,0.,0.0266822783994472));
#16062=CARTESIAN_POINT('',(-0.0144717141448936,0.,0.0269770726314573));
#16063=CARTESIAN_POINT('',(-0.0142950519332841,0.,0.0270708301004357));
#16064=CARTESIAN_POINT('',(0.,0.,0.));
#16065=CARTESIAN_POINT('',(0.,0.,0.));
#16066=CARTESIAN_POINT('',(-0.012613114985409,0.,0.0281135737679364));
#16067=CARTESIAN_POINT('',(-0.014115928493386,0.,0.0273898569256936));
#16068=CARTESIAN_POINT('',(-0.0140243063889421,0.,0.0272120778774982));
#16069=CARTESIAN_POINT('',(-0.0138463377197489,0.,0.0273033311118826));
#16070=CARTESIAN_POINT('',(-0.0132867648374141,0.,0.0275902514761153));
#16071=CARTESIAN_POINT('',(-0.0127135534781633,0.,0.0278488512512154));
#16072=CARTESIAN_POINT('',(-0.0125312471763522,0.,0.0279310972986582));
#16073=CARTESIAN_POINT('',(0.,0.,0.));
#16074=CARTESIAN_POINT('',(0.,0.,0.));
#16075=CARTESIAN_POINT('',(-0.0107859571321634,0.,0.0288639364672161));
#16076=CARTESIAN_POINT('',(-0.0123320516458983,0.,0.0282379921708901));
#16077=CARTESIAN_POINT('',(-0.0122520081316203,0.,0.028054708140429));
#16078=CARTESIAN_POINT('',(-0.0120685585033441,0.,0.0281343713934718));
#16079=CARTESIAN_POINT('',(-0.0114917522726566,0.,0.0283848502913775));
#16080=CARTESIAN_POINT('',(-0.0109031500931426,0.,0.0286061929676223));
#16081=CARTESIAN_POINT('',(-0.0107159488368286,0.,0.0286765896268789));
#16082=CARTESIAN_POINT('',(0.,0.,0.));
#16083=CARTESIAN_POINT('',(0.,0.,0.));
#16084=CARTESIAN_POINT('',(-0.00891447746748128,0.,0.0294956910602569));
#16085=CARTESIAN_POINT('',(-0.0104974997529809,0.,0.028970091449226));
#16086=CARTESIAN_POINT('',(-0.0104293637448382,0.,0.0287820555898949));
#16087=CARTESIAN_POINT('',(-0.0102411869913513,0.,0.0288498015082014));
#16088=CARTESIAN_POINT('',(-0.00964951763283775,0.,0.0290628096682611));
#16089=CARTESIAN_POINT('',(-0.00904794332567074,0.,0.0292459857011161));
#16090=CARTESIAN_POINT('',(-0.00885661636497067,0.,0.0293042436972136));
#16091=CARTESIAN_POINT('',(0.,0.,0.));
#16092=CARTESIAN_POINT('',(0.,0.,0.));
#16093=CARTESIAN_POINT('',(-0.00700636630273583,0.,0.0300062415319253));
#16094=CARTESIAN_POINT('',(-0.00861981138187178,0.,0.029583146407732));
#16095=CARTESIAN_POINT('',(-0.00856386286533697,0.,0.0293911313992103));
#16096=CARTESIAN_POINT('',(-0.0083717322452834,0.,0.0294466816002707));
#16097=CARTESIAN_POINT('',(-0.00776763105525049,0.,0.0296213437262649));
#16098=CARTESIAN_POINT('',(-0.00715555661829599,0.,0.0297656004061198));
#16099=CARTESIAN_POINT('',(-0.00696089015673083,0.,0.0298114803444558));
#16100=CARTESIAN_POINT('',(0.,0.,0.));
#16101=CARTESIAN_POINT('',(0.,0.,0.));
#16102=CARTESIAN_POINT('',(-0.00506946447599155,0.,0.0303934899208204));
#16103=CARTESIAN_POINT('',(-0.00670670235685081,0.,0.0300746378720836));
#16104=CARTESIAN_POINT('',(-0.00666317123637925,0.,0.0298794327452285));
#16105=CARTESIAN_POINT('',(-0.00646787625568862,0.,0.0299225589613512));
#16106=CARTESIAN_POINT('',(-0.00585382561550555,0.,0.030058157329139));
#16107=CARTESIAN_POINT('',(-0.00523376619391454,0.,0.0301629018743535));
#16108=CARTESIAN_POINT('',(-0.00503656015773069,0.,0.0301962152244202));
#16109=CARTESIAN_POINT('',(0.,0.,0.));
#16110=CARTESIAN_POINT('',(0.,0.,0.));
#16111=CARTESIAN_POINT('',(-0.00311173113231873,0.,0.0306558449402477));
#16112=CARTESIAN_POINT('',(-0.00476603405326242,0.,0.0304425461984291));
#16113=CARTESIAN_POINT('',(-0.00473509920756554,0.,0.0302449530929784));
#16114=CARTESIAN_POINT('',(-0.00453744237520414,0.,0.0302754781092907));
#16115=CARTESIAN_POINT('',(-0.00391596555066486,0.,0.0303714555160932));
#16116=CARTESIAN_POINT('',(-0.003290469101603,0.,0.0304362575088633));
#16117=CARTESIAN_POINT('',(-0.0030915338527037,0.,0.0304568673789596));
#16118=CARTESIAN_POINT('',(0.,0.,0.));
#16119=CARTESIAN_POINT('',(0.,0.,0.));
#16120=CARTESIAN_POINT('',(-0.00114121101795898,0.,0.0307922285171574));
#16121=CARTESIAN_POINT('',(-0.00280578109343807,0.,0.0306853595725397));
#16122=CARTESIAN_POINT('',(-0.00278756964043234,0.,0.030486190440947));
#16123=CARTESIAN_POINT('',(-0.00258836317072161,0.,0.0305039888236095));
#16124=CARTESIAN_POINT('',(-0.0019620139434045,0.,0.030559950877675));
#16125=CARTESIAN_POINT('',(-0.00133365076594957,0.,0.0305845440327124));
#16126=CARTESIAN_POINT('',(-0.00113380377194403,0.,0.0305923657324613));
#16127=CARTESIAN_POINT('',(0.,0.,0.));
#16128=CARTESIAN_POINT('',(0.,0.,0.));
#16129=CARTESIAN_POINT('',(0.0008339985772626,0.,0.0308020802221778));
#16130=CARTESIAN_POINT('',(-0.000833998577262605,0.,0.0308020802221778));
#16131=CARTESIAN_POINT('',(-0.000828585351714756,0.,0.0306021534931264));
#16132=CARTESIAN_POINT('',(-0.000628647826768419,0.,0.030607152104767));
#16133=CARTESIAN_POINT('',(-2.38524477946811E-18,0.,0.0306228688460115));
#16134=CARTESIAN_POINT('',(0.000628647826768379,0.,0.030607152104767));
#16135=CARTESIAN_POINT('',(0.000828585351714752,0.,0.0306021534931264));
#16136=CARTESIAN_POINT('',(0.,0.0015875,1.93343371945825E-18));
#16137=CARTESIAN_POINT('',(0.,0.0015875,1.93343371945825E-18));
#16138=CARTESIAN_POINT('',(0.,0.0015875,-0.0315753688460115));
#16139=CARTESIAN_POINT('',(0.,0.000762,0.));
#16140=CARTESIAN_POINT('',(0.,0.000762,-0.0315753688460115));
#16141=CARTESIAN_POINT('',(0.,-0.009,1.88677467641074E-18));
#16142=CARTESIAN_POINT('',(0.,-0.009,1.88677467641074E-18));
#16143=CARTESIAN_POINT('',(-0.00280578109343807,-0.009,0.0306853595725397));
#16144=CARTESIAN_POINT('',(0.,0.,1.88677467641074E-18));
#16145=CARTESIAN_POINT('',(-0.00311173113231873,-0.009,0.0306558449402477));
#16146=CARTESIAN_POINT('',(-0.00278756964043234,0.0789357027071225,0.030486190440947));
#16147=CARTESIAN_POINT('',(-0.00258836317072161,0.0789357027071225,0.0305039888236095));
#16148=CARTESIAN_POINT('',(-0.00113380377194403,0.0789357027071225,0.0305923657324613));
#16149=CARTESIAN_POINT('',(-0.00133365076594957,0.0789357027071225,0.0305845440327124));
#16150=CARTESIAN_POINT('',(-0.00114121101795898,-0.009,0.0307922285171574));
#16151=CARTESIAN_POINT('',(-0.0019620139434045,0.0789357027071225,0.030559950877675));
#16152=CARTESIAN_POINT('',(0.,-0.009,1.88677467641074E-18));
#16153=CARTESIAN_POINT('',(0.,-0.009,1.88677467641074E-18));
#16154=CARTESIAN_POINT('',(-0.00476603405326242,-0.009,0.0304425461984292));
#16155=CARTESIAN_POINT('',(0.,0.,1.88677467641074E-18));
#16156=CARTESIAN_POINT('',(-0.00506946447599155,-0.009,0.0303934899208204));
#16157=CARTESIAN_POINT('',(-0.00473509920756554,0.0789357027071225,0.0302449530929784));
#16158=CARTESIAN_POINT('',(-0.00453744237520414,0.0789357027071225,0.0302754781092907));
#16159=CARTESIAN_POINT('',(-0.0030915338527037,0.0789357027071225,0.0304568673789596));
#16160=CARTESIAN_POINT('',(-0.003290469101603,0.0789357027071225,0.0304362575088633));
#16161=CARTESIAN_POINT('',(-0.00391596555066486,0.0789357027071225,0.0303714555160932));
#16162=CARTESIAN_POINT('',(0.,-0.009,1.88677467641074E-18));
#16163=CARTESIAN_POINT('',(0.,-0.009,1.88677467641074E-18));
#16164=CARTESIAN_POINT('',(-0.00670670235685081,-0.009,0.0300746378720836));
#16165=CARTESIAN_POINT('',(0.,0.,1.88677467641074E-18));
#16166=CARTESIAN_POINT('',(-0.00700636630273583,-0.009,0.0300062415319253));
#16167=CARTESIAN_POINT('',(-0.00666317123637925,0.0789357027071225,0.0298794327452285));
#16168=CARTESIAN_POINT('',(-0.00646787625568862,0.0789357027071225,0.0299225589613512));
#16169=CARTESIAN_POINT('',(-0.00503656015773069,0.0789357027071225,0.0301962152244202));
#16170=CARTESIAN_POINT('',(-0.00523376619391454,0.0789357027071225,0.0301629018743535));
#16171=CARTESIAN_POINT('',(-0.00585382561550555,0.0789357027071225,0.030058157329139));
#16172=CARTESIAN_POINT('',(0.,-0.009,1.88677467641074E-18));
#16173=CARTESIAN_POINT('',(0.,-0.009,1.88677467641074E-18));
#16174=CARTESIAN_POINT('',(-0.00861981138187178,-0.009,0.029583146407732));
#16175=CARTESIAN_POINT('',(0.,0.,1.88677467641074E-18));
#16176=CARTESIAN_POINT('',(-0.00891447746748128,-0.009,0.0294956910602569));
#16177=CARTESIAN_POINT('',(-0.00856386286533697,0.0789357027071225,0.0293911313992103));
#16178=CARTESIAN_POINT('',(-0.0083717322452834,0.0789357027071225,0.0294466816002707));
#16179=CARTESIAN_POINT('',(-0.00696089015673083,0.0789357027071225,0.0298114803444558));
#16180=CARTESIAN_POINT('',(-0.00715555661829599,0.0789357027071225,0.0297656004061198));
#16181=CARTESIAN_POINT('',(-0.00776763105525049,0.0789357027071225,0.0296213437262649));
#16182=CARTESIAN_POINT('',(0.,-0.009,1.88677467641074E-18));
#16183=CARTESIAN_POINT('',(0.,-0.009,1.88677467641074E-18));
#16184=CARTESIAN_POINT('',(-0.0104974997529809,-0.009,0.028970091449226));
#16185=CARTESIAN_POINT('',(0.,0.,1.88677467641074E-18));
#16186=CARTESIAN_POINT('',(-0.0107859571321634,-0.009,0.0288639364672161));
#16187=CARTESIAN_POINT('',(-0.0104293637448382,0.0789357027071225,0.0287820555898949));
#16188=CARTESIAN_POINT('',(-0.0102411869913513,0.0789357027071225,0.0288498015082014));
#16189=CARTESIAN_POINT('',(-0.00885661636497067,0.0789357027071225,0.0293042436972136));
#16190=CARTESIAN_POINT('',(-0.00904794332567074,0.0789357027071225,0.0292459857011161));
#16191=CARTESIAN_POINT('',(-0.00964951763283775,0.0789357027071225,0.0290628096682611));
#16192=CARTESIAN_POINT('',(0.,-0.009,1.88677467641074E-18));
#16193=CARTESIAN_POINT('',(0.,-0.009,1.88677467641074E-18));
#16194=CARTESIAN_POINT('',(-0.0123320516458983,-0.009,0.0282379921708901));
#16195=CARTESIAN_POINT('',(0.,0.,1.88677467641074E-18));
#16196=CARTESIAN_POINT('',(-0.012613114985409,-0.009,0.0281135737679364));
#16197=CARTESIAN_POINT('',(-0.0122520081316203,0.0789357027071225,0.028054708140429));
#16198=CARTESIAN_POINT('',(-0.0120685585033441,0.0789357027071225,0.0281343713934718));
#16199=CARTESIAN_POINT('',(-0.0107159488368286,0.0789357027071225,0.0286765896268789));
#16200=CARTESIAN_POINT('',(-0.0109031500931426,0.0789357027071225,0.0286061929676223));
#16201=CARTESIAN_POINT('',(-0.0114917522726566,0.0789357027071225,0.0283848502913775));
#16202=CARTESIAN_POINT('',(0.,-0.009,1.88677467641074E-18));
#16203=CARTESIAN_POINT('',(0.,-0.009,1.88677467641074E-18));
#16204=CARTESIAN_POINT('',(-0.014115928493386,-0.009,0.0273898569256936));
#16205=CARTESIAN_POINT('',(0.,0.,1.88677467641074E-18));
#16206=CARTESIAN_POINT('',(-0.0143884428436748,-0.009,0.0272476863637017));
#16207=CARTESIAN_POINT('',(-0.0140243063889421,0.0789357027071225,0.0272120778774982));
#16208=CARTESIAN_POINT('',(-0.0138463377197489,0.0789357027071225,0.0273033311118826));
#16209=CARTESIAN_POINT('',(-0.0125312471763522,0.0789357027071225,0.0279310972986582));
#16210=CARTESIAN_POINT('',(-0.0127135534781633,0.0789357027071225,0.0278488512512154));
#16211=CARTESIAN_POINT('',(-0.0132867648374141,0.0789357027071225,0.0275902514761153));
#16212=CARTESIAN_POINT('',(0.,-0.009,1.88677467641074E-18));
#16213=CARTESIAN_POINT('',(0.,-0.009,1.88677467641074E-18));
#16214=CARTESIAN_POINT('',(-0.0158417999628372,-0.009,0.0264291708832835));
#16215=CARTESIAN_POINT('',(0.,0.,1.88677467641074E-18));
#16216=CARTESIAN_POINT('',(-0.0161046455039846,-0.009,0.0262698323715881));
#16217=CARTESIAN_POINT('',(-0.0157389757631075,0.0789357027071225,0.0262576273495962));
#16218=CARTESIAN_POINT('',(-0.0155672193644333,0.0789357027071225,0.0263600955862086));
#16219=CARTESIAN_POINT('',(-0.0142950519332841,0.0789357027071225,0.0270708301004357));
#16220=CARTESIAN_POINT('',(-0.0144717141448936,0.0789357027071225,0.0269770726314573));
#16221=CARTESIAN_POINT('',(-0.0150271792354524,0.0789357027071225,0.0266822783994472));
#16222=CARTESIAN_POINT('',(0.,-0.009,1.88677467641074E-18));
#16223=CARTESIAN_POINT('',(0.,-0.009,1.88677467641074E-18));
#16224=CARTESIAN_POINT('',(-0.0175025740781856,-0.009,0.0253598817086747));
#16225=CARTESIAN_POINT('',(0.,0.,1.88677467641074E-18));
#16226=CARTESIAN_POINT('',(-0.017754670721483,-0.009,0.0251840300033983));
#16227=CARTESIAN_POINT('',(-0.0173889703098625,0.0789357027071225,0.0251952785986714));
#16228=CARTESIAN_POINT('',(-0.017224131965591,0.0789357027071225,0.0253085407735481));
#16229=CARTESIAN_POINT('',(-0.016000115255543,0.0789357027071225,0.0260993230546557));
#16230=CARTESIAN_POINT('',(-0.0161704074340296,0.0789357027071225,0.0259944394336927));
#16231=CARTESIAN_POINT('',(-0.0167058437306925,0.0789357027071225,0.0256646621175051));
#16232=CARTESIAN_POINT('',(0.,-0.009,1.88677467641074E-18));
#16233=CARTESIAN_POINT('',(0.,-0.009,1.88677467641074E-18));
#16234=CARTESIAN_POINT('',(-0.0190914263623565,-0.009,0.0241863833404474));
#16235=CARTESIAN_POINT('',(0.,0.,1.88677467641074E-18));
#16236=CARTESIAN_POINT('',(-0.0193317381886219,-0.009,0.023994741053967));
#16237=CARTESIAN_POINT('',(-0.018967509847692,0.0789357027071225,0.0240293970436143));
#16238=CARTESIAN_POINT('',(-0.0188102669139374,0.0789357027071225,0.0241529877381841));
#16239=CARTESIAN_POINT('',(-0.0176394306722031,0.0789357027071225,0.0250205682921569));
#16240=CARTESIAN_POINT('',(-0.0178026530504776,0.0789357027071225,0.0249049895085053));
#16241=CARTESIAN_POINT('',(-0.0183158603306509,0.0789357027071225,0.0245415842338695));
#16242=CARTESIAN_POINT('',(0.,-0.009,1.88677467641074E-18));
#16243=CARTESIAN_POINT('',(0.,-0.009,1.88677467641074E-18));
#16244=CARTESIAN_POINT('',(-0.0206018278805063,-0.009,0.0229134979351112));
#16245=CARTESIAN_POINT('',(0.,0.,1.88677467641074E-18));
#16246=CARTESIAN_POINT('',(-0.0208293673968988,-0.009,0.0227068525666892));
#16247=CARTESIAN_POINT('',(-0.0204681078190391,0.0789357027071225,0.0227647735418154));
#16248=CARTESIAN_POINT('',(-0.0203191064407448,0.0789357027071225,0.0228981848954043));
#16249=CARTESIAN_POINT('',(-0.0192062618845849,0.0789357027071225,0.0238389986476506));
#16250=CARTESIAN_POINT('',(-0.0193617437468841,0.0789357027071225,0.0237131996393239));
#16251=CARTESIAN_POINT('',(-0.0198506131317709,0.0789357027071225,0.0233176597164635));
#16252=CARTESIAN_POINT('',(0.,-0.009,1.88677467641074E-18));
#16253=CARTESIAN_POINT('',(0.,-0.009,1.88677467641074E-18));
#16254=CARTESIAN_POINT('',(-0.0220275720688169,-0.009,0.0215464560518297));
#16255=CARTESIAN_POINT('',(0.,0.,1.88677467641074E-18));
#16256=CARTESIAN_POINT('',(-0.0222414042666566,-0.009,0.0213256567516103));
#16257=CARTESIAN_POINT('',(-0.0218845979449624,0.0789357027071225,0.0214066047025047));
#16258=CARTESIAN_POINT('',(-0.0217444504007526,0.0789357027071225,0.0215492884992441));
#16259=CARTESIAN_POINT('',(-0.0206941704471528,0.0789357027071225,0.0225594694442518));
#16260=CARTESIAN_POINT('',(-0.0208412728851537,0.0789357027071225,0.0224239671463592));
#16261=CARTESIAN_POINT('',(-0.0213037955055893,0.0789357027071225,0.0219979179336603));
#16262=CARTESIAN_POINT('',(0.,-0.009,1.88677467641074E-18));
#16263=CARTESIAN_POINT('',(0.,-0.009,1.88677467641074E-18));
#16264=CARTESIAN_POINT('',(-0.0233628002385973,-0.009,0.020090875158931));
#16265=CARTESIAN_POINT('',(0.,0.,1.88677467641074E-18));
#16266=CARTESIAN_POINT('',(-0.0235620464355165,-0.009,0.0198568292385999));
#16267=CARTESIAN_POINT('',(-0.0232111595636983,0.0789357027071225,0.019960471532769));
#16268=CARTESIAN_POINT('',(-0.0230804417498937,0.0789357027071225,0.0201118414543325));
#16269=CARTESIAN_POINT('',(-0.0220970422244677,0.0789357027071225,0.0211872385419157));
#16270=CARTESIAN_POINT('',(-0.0222351607626992,0.0789357027071225,0.0210425897624642));
#16271=CARTESIAN_POINT('',(-0.0226694360140255,0.0789357027071225,0.0205877819875291));
#16272=CARTESIAN_POINT('',(0.,-0.009,1.88677467641074E-18));
#16273=CARTESIAN_POINT('',(0.,-0.009,1.88677467641074E-18));
#16274=CARTESIAN_POINT('',(-0.0246020256508924,-0.009,0.018552736550525));
#16275=CARTESIAN_POINT('',(0.,0.,1.88677467641074E-18));
#16276=CARTESIAN_POINT('',(-0.0247858671015297,-0.009,0.0183064057549716));
#16277=CARTESIAN_POINT('',(-0.0244423415490089,0.0789357027071225,0.0184323165039975));
#16278=CARTESIAN_POINT('',(-0.0243215906131452,0.0789357027071225,0.0185917505389086));
#16279=CARTESIAN_POINT('',(-0.0234091125154815,0.0789357027071225,0.0197279447317624));
#16280=CARTESIAN_POINT('',(-0.0235376795952437,0.0789357027071225,0.0195747438636139));
#16281=CARTESIAN_POINT('',(-0.0239419229473012,0.0789357027071225,0.0190930464291457));
#16282=CARTESIAN_POINT('',(0.,-0.009,1.88677467641074E-18));
#16283=CARTESIAN_POINT('',(0.,-0.009,1.88677467641074E-18));
#16284=CARTESIAN_POINT('',(-0.02574015606267,-0.009,0.0169383607680833));
#16285=CARTESIAN_POINT('',(0.,0.,1.88677467641074E-18));
#16286=CARTESIAN_POINT('',(-0.025907837323071,-0.009,0.0166807573233844));
#16287=CARTESIAN_POINT('',(-0.0255730847100288,0.0789357027071225,0.0168284191329916));
#16288=CARTESIAN_POINT('',(-0.0254627968436025,0.0789357027071225,0.0169952621326024));
#16289=CARTESIAN_POINT('',(-0.0246249897419304,0.0789357027071225,0.0181875845650754));
#16290=CARTESIAN_POINT('',(-0.0247434770535149,0.0789357027071225,0.0180264611434585));
#16291=CARTESIAN_POINT('',(-0.0251160273836602,0.0789357027071225,0.0175198534475393));
#16292=CARTESIAN_POINT('',(0.,-0.009,1.88677467641074E-18));
#16293=CARTESIAN_POINT('',(0.,-0.009,1.88677467641074E-18));
#16294=CARTESIAN_POINT('',(-0.0267725146519399,-0.009,0.0152543816279787));
#16295=CARTESIAN_POINT('',(0.,0.,1.88677467641074E-18));
#16296=CARTESIAN_POINT('',(-0.026923346683838,-0.009,0.0149865640819442));
#16297=CARTESIAN_POINT('',(-0.0265987425805657,0.0789357027071225,0.0151553701780836));
#16298=CARTESIAN_POINT('',(-0.0264993709800766,0.0789357027071225,0.015328936548721));
#16299=CARTESIAN_POINT('',(-0.025739677603486,0.0789357027071225,0.0165724877121858));
#16300=CARTESIAN_POINT('',(-0.025847598257114,0.0789357027071225,0.0164041038278011));
#16301=CARTESIAN_POINT('',(-0.0261869246761286,0.0789357027071225,0.0158746676301202));
#16302=CARTESIAN_POINT('',(0.,-0.009,1.88677467641074E-18));
#16303=CARTESIAN_POINT('',(0.,-0.009,1.88677467641074E-18));
#16304=CARTESIAN_POINT('',(-0.0276948592358187,-0.009,0.0135077189617101));
#16305=CARTESIAN_POINT('',(0.,0.,1.88677467641074E-18));
#16306=CARTESIAN_POINT('',(-0.0278282222380414,-0.009,0.0132307878340834));
#16307=CARTESIAN_POINT('',(-0.0275151005124268,0.0789357027071225,0.0134200445562972));
#16308=CARTESIAN_POINT('',(-0.0274270535170963,0.0789357027071225,0.0135996210765143));
#16309=CARTESIAN_POINT('',(-0.0267485956086253,0.0789357027071225,0.0148892909524994));
#16310=CARTESIAN_POINT('',(-0.0268455061351822,0.0789357027071225,0.0147143385308458));
#16311=CARTESIAN_POINT('',(-0.0271502142780252,0.0789357027071225,0.0141642493983035));
#16312=CARTESIAN_POINT('',(0.,-0.009,1.88677467641074E-18));
#16313=CARTESIAN_POINT('',(0.,-0.009,1.88677467641074E-18));
#16314=CARTESIAN_POINT('',(-0.0285033997025688,-0.009,0.0117055501808311));
#16315=CARTESIAN_POINT('',(0.,0.,1.88677467641074E-18));
#16316=CARTESIAN_POINT('',(-0.0286187456579338,-0.009,0.0114206434410173));
#16317=CARTESIAN_POINT('',(-0.0283183929943116,0.0789357027071225,0.0116295730928384));
#16318=CARTESIAN_POINT('',(-0.0282420324081298,0.0789357027071225,0.0118144218441947));
#16319=CARTESIAN_POINT('',(-0.0276475978968529,0.0789357027071225,0.0131449109025463));
#16320=CARTESIAN_POINT('',(-0.027733100070198,0.0789357027071225,0.0129641088606516));
#16321=CARTESIAN_POINT('',(-0.0280019378257506,0.0789357027071225,0.0123956272274871));
#16322=CARTESIAN_POINT('',(0.,-0.009,1.88677467641074E-18));
#16323=CARTESIAN_POINT('',(0.,-0.009,1.88677467641074E-18));
#16324=CARTESIAN_POINT('',(-0.0291948135859809,-0.009,0.00985528078342651));
#16325=CARTESIAN_POINT('',(0.,0.,1.88677467641074E-18));
#16326=CARTESIAN_POINT('',(-0.0292916685132159,-0.009,0.00956356917433165));
#16327=CARTESIAN_POINT('',(-0.0290053191251066,0.0789357027071225,0.00979131321900551));
#16328=CARTESIAN_POINT('',(-0.0289409587301014,0.0789357027071225,0.00998067461833172));
#16329=CARTESIAN_POINT('',(-0.0284329902749313,0.0789357027071225,0.0113465155941201));
#16330=CARTESIAN_POINT('',(-0.0285067327482939,0.0789357027071225,0.0111606068863564));
#16331=CARTESIAN_POINT('',(-0.0287385954045532,0.0789357027071225,0.0105760687655393));
#16332=CARTESIAN_POINT('',(0.,-0.009,1.88677467641074E-18));
#16333=CARTESIAN_POINT('',(0.,-0.009,1.88677467641074E-18));
#16334=CARTESIAN_POINT('',(-0.0297662597181004,-0.009,0.00796451392333172));
#16335=CARTESIAN_POINT('',(0.,0.,1.88677467641074E-18));
#16336=CARTESIAN_POINT('',(-0.0298442256195341,-0.009,0.00766719615052955));
#16337=CARTESIAN_POINT('',(-0.0295730561779951,0.0789357027071225,0.00791281873892566));
#16338=CARTESIAN_POINT('',(-0.0295209604448347,0.0789357027071225,0.00810591465961404));
#16339=CARTESIAN_POINT('',(-0.0291015453971127,0.0789357027071225,0.00950149501929768));
#16340=CARTESIAN_POINT('',(-0.0291632251468522,0.0789357027071225,0.00931124358442245));
#16341=CARTESIAN_POINT('',(-0.0293571599304291,0.0789357027071225,0.00871305096847426));
#16342=CARTESIAN_POINT('',(0.,-0.009,1.88677467641074E-18));
#16343=CARTESIAN_POINT('',(0.,-0.009,1.88677467641074E-18));
#16344=CARTESIAN_POINT('',(-0.0302153899041956,-0.009,0.00604101916714307));
#16345=CARTESIAN_POINT('',(0.,0.,1.88677467641074E-18));
#16346=CARTESIAN_POINT('',(-0.0302741464012154,-0.009,0.00573931697313648));
#16347=CARTESIAN_POINT('',(-0.0300192711996476,0.0789357027071225,0.00600180878935327));
#16348=CARTESIAN_POINT('',(-0.0299796542008741,0.0789357027071225,0.00619784575884677));
#16349=CARTESIAN_POINT('',(-0.0296505160269954,0.0789357027071225,0.00761743076337668));
#16350=CARTESIAN_POINT('',(-0.0296998795977899,0.0789357027071225,0.00742361838534464));
#16351=CARTESIAN_POINT('',(-0.0298550895890598,0.0789357027071225,0.00681422937603619));
#16352=CARTESIAN_POINT('',(0.,-0.009,1.88677467641074E-18));
#16353=CARTESIAN_POINT('',(0.,-0.009,1.88677467641074E-18));
#16354=CARTESIAN_POINT('',(-0.0305403585719935,-0.009,0.00409270056740206));
#16355=CARTESIAN_POINT('',(0.,0.,1.88677467641074E-18));
#16356=CARTESIAN_POINT('',(-0.0305796642215499,-0.009,0.0037878537112212));
#16357=CARTESIAN_POINT('',(-0.0303421305968272,0.0789357027071225,0.00406613612008145));
#16358=CARTESIAN_POINT('',(-0.0303151551271864,0.0789357027071225,0.00426430858042262));
#16359=CARTESIAN_POINT('',(-0.0300776463265074,0.0789357027071225,0.00570206485051517));
#16360=CARTESIAN_POINT('',(-0.030114490872856,0.0789357027071225,0.00550548794596028));
#16361=CARTESIAN_POINT('',(-0.0302303382806725,0.0789357027071225,0.00488740665344435));
#16362=CARTESIAN_POINT('',(0.,-0.009,1.88677467641074E-18));
#16363=CARTESIAN_POINT('',(0.,-0.009,1.88677467641074E-18));
#16364=CARTESIAN_POINT('',(-0.0307398303555328,-0.009,0.0021275641831481));
#16365=CARTESIAN_POINT('',(0.,0.,1.88677467641074E-18));
#16366=CARTESIAN_POINT('',(-0.0307595236422807,-0.009,0.00182082534591442));
#16367=CARTESIAN_POINT('',(-0.0305403076710179,0.0789357027071225,0.00211375482530879));
#16368=CARTESIAN_POINT('',(-0.0305260845785007,0.0789357027071225,0.00231324844335022));
#16369=CARTESIAN_POINT('',(-0.030381181125629,0.0789357027071225,0.00376326793009385));
#16370=CARTESIAN_POINT('',(-0.0304053552453875,0.0789357027071225,0.00356473427568253));
#16371=CARTESIAN_POINT('',(-0.0304813640279025,0.0789357027071225,0.00294050052856809));
#16372=CARTESIAN_POINT('',(0.,-0.009,1.88677467641074E-18));
#16373=CARTESIAN_POINT('',(0.,-0.009,1.88677467641074E-18));
#16374=CARTESIAN_POINT('',(-0.0308129855824683,-0.009,0.000153685181304508));
#16375=CARTESIAN_POINT('',(0.,0.,1.88677467641074E-18));
#16376=CARTESIAN_POINT('',(-0.0308129855824683,-0.009,-0.000153685181304525));
#16377=CARTESIAN_POINT('',(-0.0306129880701129,0.0789357027071225,0.000152687658559933));
#16378=CARTESIAN_POINT('',(-0.0306115758004573,0.0789357027071225,0.00035268267223386));
#16379=CARTESIAN_POINT('',(-0.0305598731347624,0.0789357027071225,0.00180900693452932));
#16380=CARTESIAN_POINT('',(-0.0305712774912875,0.0789357027071225,0.00160933234763289));
#16381=CARTESIAN_POINT('',(-0.0306071353121099,0.0789357027071225,0.000981511256284548));
#16382=CARTESIAN_POINT('',(0.,-0.009,1.88677467641074E-18));
#16383=CARTESIAN_POINT('',(0.,-0.009,1.88677467641074E-18));
#16384=CARTESIAN_POINT('',(-0.0307595236422807,-0.009,-0.00182082534591443));
#16385=CARTESIAN_POINT('',(0.,0.,1.88677467641074E-18));
#16386=CARTESIAN_POINT('',(-0.0307398303555328,-0.009,-0.00212756418314815));
#16387=CARTESIAN_POINT('',(-0.0305598731347624,0.0789357027071225,-0.00180900693452934));
#16388=CARTESIAN_POINT('',(-0.0305712774912875,0.0789357027071225,-0.0016093323476329));
#16389=CARTESIAN_POINT('',(-0.0306129880701129,0.0789357027071225,-0.000152687658559949));
#16390=CARTESIAN_POINT('',(-0.0306115758004573,0.0789357027071225,-0.000352682672233876));
#16391=CARTESIAN_POINT('',(-0.0306071353121099,0.0789357027071225,-0.000981511256284564));
#16392=CARTESIAN_POINT('',(0.,-0.009,1.88677467641074E-18));
#16393=CARTESIAN_POINT('',(0.,-0.009,1.88677467641074E-18));
#16394=CARTESIAN_POINT('',(-0.0305796642215499,-0.009,-0.00378785371122123));
#16395=CARTESIAN_POINT('',(0.,0.,1.88677467641074E-18));
#16396=CARTESIAN_POINT('',(-0.0305403585719935,-0.009,-0.0040927005674021));
#16397=CARTESIAN_POINT('',(-0.030381181125629,0.0789357027071225,-0.00376326793009389));
#16398=CARTESIAN_POINT('',(-0.0304053552453875,0.0789357027071225,-0.00356473427568257));
#16399=CARTESIAN_POINT('',(-0.0305403076710179,0.0789357027071225,-0.00211375482530882));
#16400=CARTESIAN_POINT('',(-0.0305260845785007,0.0789357027071225,-0.00231324844335026));
#16401=CARTESIAN_POINT('',(-0.0304813640279025,0.0789357027071225,-0.00294050052856813));
#16402=CARTESIAN_POINT('',(0.,-0.009,1.88677467641074E-18));
#16403=CARTESIAN_POINT('',(0.,-0.009,1.88677467641074E-18));
#16404=CARTESIAN_POINT('',(-0.0302741464012154,-0.009,-0.00573931697313653));
#16405=CARTESIAN_POINT('',(0.,0.,1.88677467641074E-18));
#16406=CARTESIAN_POINT('',(-0.0302153899041956,-0.009,-0.00604101916714309));
#16407=CARTESIAN_POINT('',(-0.0300776463265074,0.0789357027071225,-0.00570206485051522));
#16408=CARTESIAN_POINT('',(-0.030114490872856,0.0789357027071225,-0.00550548794596032));
#16409=CARTESIAN_POINT('',(-0.0303421305968272,0.0789357027071225,-0.00406613612008149));
#16410=CARTESIAN_POINT('',(-0.0303151551271864,0.0789357027071225,-0.00426430858042266));
#16411=CARTESIAN_POINT('',(-0.0302303382806725,0.0789357027071225,-0.00488740665344439));
#16412=CARTESIAN_POINT('',(0.,-0.009,1.88677467641074E-18));
#16413=CARTESIAN_POINT('',(0.,-0.009,1.88677467641074E-18));
#16414=CARTESIAN_POINT('',(-0.0298442256195341,-0.009,-0.00766719615052957));
#16415=CARTESIAN_POINT('',(0.,0.,1.88677467641074E-18));
#16416=CARTESIAN_POINT('',(-0.0297662597181004,-0.009,-0.00796451392333176));
#16417=CARTESIAN_POINT('',(-0.0296505160269954,0.0789357027071225,-0.0076174307633767));
#16418=CARTESIAN_POINT('',(-0.0296998795977899,0.0789357027071225,-0.00742361838534466));
#16419=CARTESIAN_POINT('',(-0.0300192711996476,0.0789357027071225,-0.00600180878935329));
#16420=CARTESIAN_POINT('',(-0.0299796542008741,0.0789357027071225,-0.00619784575884678));
#16421=CARTESIAN_POINT('',(-0.0298550895890598,0.0789357027071225,-0.00681422937603621));
#16422=CARTESIAN_POINT('',(0.,-0.009,1.88677467641074E-18));
#16423=CARTESIAN_POINT('',(0.,-0.009,1.88677467641074E-18));
#16424=CARTESIAN_POINT('',(-0.0292916685132159,-0.009,-0.00956356917433169));
#16425=CARTESIAN_POINT('',(0.,0.,1.88677467641074E-18));
#16426=CARTESIAN_POINT('',(-0.0291948135859809,-0.009,-0.00985528078342655));
#16427=CARTESIAN_POINT('',(-0.0291015453971127,0.0789357027071225,-0.00950149501929772));
#16428=CARTESIAN_POINT('',(-0.0291632251468521,0.0789357027071225,-0.00931124358442249));
#16429=CARTESIAN_POINT('',(-0.0295730561779951,0.0789357027071225,-0.0079128187389257));
#16430=CARTESIAN_POINT('',(-0.0295209604448347,0.0789357027071225,-0.00810591465961408));
#16431=CARTESIAN_POINT('',(-0.0293571599304291,0.0789357027071225,-0.0087130509684743));
#16432=CARTESIAN_POINT('',(0.,-0.009,1.88677467641074E-18));
#16433=CARTESIAN_POINT('',(0.,-0.009,1.88677467641074E-18));
#16434=CARTESIAN_POINT('',(-0.0286187456579337,-0.009,-0.0114206434410173));
#16435=CARTESIAN_POINT('',(0.,0.,1.88677467641074E-18));
#16436=CARTESIAN_POINT('',(-0.0285033997025688,-0.009,-0.0117055501808311));
#16437=CARTESIAN_POINT('',(-0.0284329902749312,0.0789357027071225,-0.0113465155941201));
#16438=CARTESIAN_POINT('',(-0.0285067327482939,0.0789357027071225,-0.0111606068863564));
#16439=CARTESIAN_POINT('',(-0.0290053191251066,0.0789357027071225,-0.00979131321900555));
#16440=CARTESIAN_POINT('',(-0.0289409587301013,0.0789357027071225,-0.00998067461833176));
#16441=CARTESIAN_POINT('',(-0.0287385954045532,0.0789357027071225,-0.0105760687655393));
#16442=CARTESIAN_POINT('',(0.,-0.009,1.88677467641074E-18));
#16443=CARTESIAN_POINT('',(0.,-0.009,1.88677467641074E-18));
#16444=CARTESIAN_POINT('',(-0.0278282222380414,-0.009,-0.0132307878340834));
#16445=CARTESIAN_POINT('',(0.,0.,1.88677467641074E-18));
#16446=CARTESIAN_POINT('',(-0.0276948592358187,-0.009,-0.0135077189617101));
#16447=CARTESIAN_POINT('',(-0.0276475978968529,0.0789357027071225,-0.0131449109025463));
#16448=CARTESIAN_POINT('',(-0.027733100070198,0.0789357027071225,-0.0129641088606516));
#16449=CARTESIAN_POINT('',(-0.0283183929943116,0.0789357027071225,-0.0116295730928384));
#16450=CARTESIAN_POINT('',(-0.0282420324081298,0.0789357027071225,-0.0118144218441947));
#16451=CARTESIAN_POINT('',(-0.0280019378257506,0.0789357027071225,-0.0123956272274871));
#16452=CARTESIAN_POINT('',(0.,-0.009,1.88677467641074E-18));
#16453=CARTESIAN_POINT('',(0.,-0.009,1.88677467641074E-18));
#16454=CARTESIAN_POINT('',(-0.026923346683838,-0.009,-0.0149865640819443));
#16455=CARTESIAN_POINT('',(0.,0.,1.88677467641074E-18));
#16456=CARTESIAN_POINT('',(-0.0267725146519399,-0.009,-0.0152543816279787));
#16457=CARTESIAN_POINT('',(-0.0267485956086253,0.0789357027071225,-0.0148892909524994));
#16458=CARTESIAN_POINT('',(-0.0268455061351822,0.0789357027071225,-0.0147143385308458));
#16459=CARTESIAN_POINT('',(-0.0275151005124268,0.0789357027071225,-0.0134200445562972));
#16460=CARTESIAN_POINT('',(-0.0274270535170963,0.0789357027071225,-0.0135996210765143));
#16461=CARTESIAN_POINT('',(-0.0271502142780252,0.0789357027071225,-0.0141642493983035));
#16462=CARTESIAN_POINT('',(0.,-0.009,1.88677467641074E-18));
#16463=CARTESIAN_POINT('',(0.,-0.009,1.88677467641074E-18));
#16464=CARTESIAN_POINT('',(-0.025907837323071,-0.009,-0.0166807573233844));
#16465=CARTESIAN_POINT('',(0.,0.,1.88677467641074E-18));
#16466=CARTESIAN_POINT('',(-0.0257401560626699,-0.009,-0.0169383607680834));
#16467=CARTESIAN_POINT('',(-0.025739677603486,0.0789357027071225,-0.0165724877121858));
#16468=CARTESIAN_POINT('',(-0.025847598257114,0.0789357027071225,-0.0164041038278011));
#16469=CARTESIAN_POINT('',(-0.0265987425805657,0.0789357027071225,-0.0151553701780836));
#16470=CARTESIAN_POINT('',(-0.0264993709800766,0.0789357027071225,-0.015328936548721));
#16471=CARTESIAN_POINT('',(-0.0261869246761286,0.0789357027071225,-0.0158746676301203));
#16472=CARTESIAN_POINT('',(0.,-0.009,1.88677467641074E-18));
#16473=CARTESIAN_POINT('',(0.,-0.009,1.88677467641074E-18));
#16474=CARTESIAN_POINT('',(-0.0247858671015297,-0.009,-0.0183064057549717));
#16475=CARTESIAN_POINT('',(0.,0.,1.88677467641074E-18));
#16476=CARTESIAN_POINT('',(-0.0246020256508924,-0.009,-0.018552736550525));
#16477=CARTESIAN_POINT('',(-0.0246249897419304,0.0789357027071225,-0.0181875845650754));
#16478=CARTESIAN_POINT('',(-0.0247434770535148,0.0789357027071225,-0.0180264611434586));
#16479=CARTESIAN_POINT('',(-0.0255730847100288,0.0789357027071225,-0.0168284191329916));
#16480=CARTESIAN_POINT('',(-0.0254627968436025,0.0789357027071225,-0.0169952621326024));
#16481=CARTESIAN_POINT('',(-0.0251160273836601,0.0789357027071225,-0.0175198534475394));
#16482=CARTESIAN_POINT('',(0.,-0.009,1.88677467641074E-18));
#16483=CARTESIAN_POINT('',(0.,-0.009,1.88677467641074E-18));
#16484=CARTESIAN_POINT('',(-0.0235620464355165,-0.009,-0.0198568292385999));
#16485=CARTESIAN_POINT('',(0.,0.,1.88677467641074E-18));
#16486=CARTESIAN_POINT('',(-0.0233628002385972,-0.009,-0.020090875158931));
#16487=CARTESIAN_POINT('',(-0.0234091125154815,0.0789357027071225,-0.0197279447317624));
#16488=CARTESIAN_POINT('',(-0.0235376795952436,0.0789357027071225,-0.0195747438636139));
#16489=CARTESIAN_POINT('',(-0.0244423415490089,0.0789357027071225,-0.0184323165039975));
#16490=CARTESIAN_POINT('',(-0.0243215906131452,0.0789357027071225,-0.0185917505389087));
#16491=CARTESIAN_POINT('',(-0.0239419229473012,0.0789357027071225,-0.0190930464291457));
#16492=CARTESIAN_POINT('',(0.,-0.009,1.88677467641074E-18));
#16493=CARTESIAN_POINT('',(0.,-0.009,1.88677467641074E-18));
#16494=CARTESIAN_POINT('',(-0.0222414042666566,-0.009,-0.0213256567516103));
#16495=CARTESIAN_POINT('',(0.,0.,1.88677467641074E-18));
#16496=CARTESIAN_POINT('',(-0.0220275720688169,-0.009,-0.0215464560518297));
#16497=CARTESIAN_POINT('',(-0.0220970422244677,0.0789357027071225,-0.0211872385419157));
#16498=CARTESIAN_POINT('',(-0.0222351607626992,0.0789357027071225,-0.0210425897624642));
#16499=CARTESIAN_POINT('',(-0.0232111595636983,0.0789357027071225,-0.019960471532769));
#16500=CARTESIAN_POINT('',(-0.0230804417498936,0.0789357027071225,-0.0201118414543325));
#16501=CARTESIAN_POINT('',(-0.0226694360140255,0.0789357027071225,-0.0205877819875291));
#16502=CARTESIAN_POINT('',(0.,-0.009,1.88677467641074E-18));
#16503=CARTESIAN_POINT('',(0.,-0.009,1.88677467641074E-18));
#16504=CARTESIAN_POINT('',(-0.0208293673968988,-0.009,-0.0227068525666892));
#16505=CARTESIAN_POINT('',(0.,0.,1.88677467641074E-18));
#16506=CARTESIAN_POINT('',(-0.0206018278805063,-0.009,-0.0229134979351112));
#16507=CARTESIAN_POINT('',(-0.0206941704471528,0.0789357027071225,-0.0225594694442519));
#16508=CARTESIAN_POINT('',(-0.0208412728851537,0.0789357027071225,-0.0224239671463592));
#16509=CARTESIAN_POINT('',(-0.0218845979449624,0.0789357027071225,-0.0214066047025047));
#16510=CARTESIAN_POINT('',(-0.0217444504007526,0.0789357027071225,-0.0215492884992441));
#16511=CARTESIAN_POINT('',(-0.0213037955055893,0.0789357027071225,-0.0219979179336603));
#16512=CARTESIAN_POINT('',(0.,-0.009,1.88677467641074E-18));
#16513=CARTESIAN_POINT('',(0.,-0.009,1.88677467641074E-18));
#16514=CARTESIAN_POINT('',(-0.0193317381886218,-0.009,-0.023994741053967));
#16515=CARTESIAN_POINT('',(0.,0.,1.88677467641074E-18));
#16516=CARTESIAN_POINT('',(-0.0190914263623565,-0.009,-0.0241863833404474));
#16517=CARTESIAN_POINT('',(-0.0192062618845849,0.0789357027071225,-0.0238389986476506));
#16518=CARTESIAN_POINT('',(-0.0193617437468841,0.0789357027071225,-0.0237131996393239));
#16519=CARTESIAN_POINT('',(-0.0204681078190391,0.0789357027071225,-0.0227647735418154));
#16520=CARTESIAN_POINT('',(-0.0203191064407448,0.0789357027071225,-0.0228981848954043));
#16521=CARTESIAN_POINT('',(-0.0198506131317709,0.0789357027071225,-0.0233176597164635));
#16522=CARTESIAN_POINT('',(0.,-0.009,1.88677467641074E-18));
#16523=CARTESIAN_POINT('',(0.,-0.009,1.88677467641074E-18));
#16524=CARTESIAN_POINT('',(-0.017754670721483,-0.009,-0.0251840300033983));
#16525=CARTESIAN_POINT('',(0.,0.,1.88677467641074E-18));
#16526=CARTESIAN_POINT('',(-0.0175025740781856,-0.009,-0.0253598817086747));
#16527=CARTESIAN_POINT('',(-0.017639430672203,0.0789357027071225,-0.0250205682921569));
#16528=CARTESIAN_POINT('',(-0.0178026530504776,0.0789357027071225,-0.0249049895085053));
#16529=CARTESIAN_POINT('',(-0.0189675098476919,0.0789357027071225,-0.0240293970436143));
#16530=CARTESIAN_POINT('',(-0.0188102669139374,0.0789357027071225,-0.0241529877381841));
#16531=CARTESIAN_POINT('',(-0.0183158603306509,0.0789357027071225,-0.0245415842338695));
#16532=CARTESIAN_POINT('',(0.,-0.009,1.88677467641074E-18));
#16533=CARTESIAN_POINT('',(0.,-0.009,1.88677467641074E-18));
#16534=CARTESIAN_POINT('',(-0.0161046455039846,-0.009,-0.0262698323715881));
#16535=CARTESIAN_POINT('',(0.,0.,1.88677467641074E-18));
#16536=CARTESIAN_POINT('',(-0.0158417999628372,-0.009,-0.0264291708832835));
#16537=CARTESIAN_POINT('',(-0.016000115255543,0.0789357027071225,-0.0260993230546558));
#16538=CARTESIAN_POINT('',(-0.0161704074340296,0.0789357027071225,-0.0259944394336927));
#16539=CARTESIAN_POINT('',(-0.0173889703098625,0.0789357027071225,-0.0251952785986714));
#16540=CARTESIAN_POINT('',(-0.017224131965591,0.0789357027071225,-0.0253085407735482));
#16541=CARTESIAN_POINT('',(-0.0167058437306924,0.0789357027071225,-0.0256646621175051));
#16542=CARTESIAN_POINT('',(0.,-0.009,1.88677467641074E-18));
#16543=CARTESIAN_POINT('',(0.,-0.009,1.88677467641074E-18));
#16544=CARTESIAN_POINT('',(-0.0143884428436748,-0.009,-0.0272476863637017));
#16545=CARTESIAN_POINT('',(0.,0.,1.88677467641074E-18));
#16546=CARTESIAN_POINT('',(-0.014115928493386,-0.009,-0.0273898569256936));
#16547=CARTESIAN_POINT('',(-0.014295051933284,0.0789357027071225,-0.0270708301004358));
#16548=CARTESIAN_POINT('',(-0.0144717141448936,0.0789357027071225,-0.0269770726314574));
#16549=CARTESIAN_POINT('',(-0.0157389757631074,0.0789357027071225,-0.0262576273495962));
#16550=CARTESIAN_POINT('',(-0.0155672193644332,0.0789357027071225,-0.0263600955862087));
#16551=CARTESIAN_POINT('',(-0.0150271792354524,0.0789357027071225,-0.0266822783994472));
#16552=CARTESIAN_POINT('',(0.,-0.009,1.88677467641074E-18));
#16553=CARTESIAN_POINT('',(0.,-0.009,1.88677467641074E-18));
#16554=CARTESIAN_POINT('',(-0.012613114985409,-0.009,-0.0281135737679364));
#16555=CARTESIAN_POINT('',(0.,0.,1.88677467641074E-18));
#16556=CARTESIAN_POINT('',(-0.0123320516458983,-0.009,-0.0282379921708901));
#16557=CARTESIAN_POINT('',(-0.0125312471763522,0.0789357027071225,-0.0279310972986583));
#16558=CARTESIAN_POINT('',(-0.0127135534781633,0.0789357027071225,-0.0278488512512154));
#16559=CARTESIAN_POINT('',(-0.0140243063889421,0.0789357027071225,-0.0272120778774982));
#16560=CARTESIAN_POINT('',(-0.0138463377197489,0.0789357027071225,-0.0273033311118826));
#16561=CARTESIAN_POINT('',(-0.013286764837414,0.0789357027071225,-0.0275902514761153));
#16562=CARTESIAN_POINT('',(0.,-0.009,1.88677467641074E-18));
#16563=CARTESIAN_POINT('',(0.,-0.009,1.88677467641074E-18));
#16564=CARTESIAN_POINT('',(-0.0107859571321634,-0.009,-0.0288639364672161));
#16565=CARTESIAN_POINT('',(0.,0.,1.88677467641074E-18));
#16566=CARTESIAN_POINT('',(-0.0104974997529808,-0.009,-0.028970091449226));
#16567=CARTESIAN_POINT('',(-0.0107159488368286,0.0789357027071225,-0.0286765896268789));
#16568=CARTESIAN_POINT('',(-0.0109031500931425,0.0789357027071225,-0.0286061929676223));
#16569=CARTESIAN_POINT('',(-0.0122520081316203,0.0789357027071225,-0.0280547081404291));
#16570=CARTESIAN_POINT('',(-0.0120685585033441,0.0789357027071225,-0.0281343713934718));
#16571=CARTESIAN_POINT('',(-0.0114917522726566,0.0789357027071225,-0.0283848502913775));
#16572=CARTESIAN_POINT('',(0.,-0.009,1.88677467641074E-18));
#16573=CARTESIAN_POINT('',(0.,-0.009,1.88677467641074E-18));
#16574=CARTESIAN_POINT('',(-0.00891447746748124,-0.009,-0.0294956910602569));
#16575=CARTESIAN_POINT('',(0.,0.,1.88677467641074E-18));
#16576=CARTESIAN_POINT('',(-0.00861981138187174,-0.009,-0.029583146407732));
#16577=CARTESIAN_POINT('',(-0.00885661636497063,0.0789357027071225,-0.0293042436972136));
#16578=CARTESIAN_POINT('',(-0.0090479433256707,0.0789357027071225,-0.0292459857011161));
#16579=CARTESIAN_POINT('',(-0.0104293637448381,0.0789357027071225,-0.0287820555898949));
#16580=CARTESIAN_POINT('',(-0.0102411869913513,0.0789357027071225,-0.0288498015082014));
#16581=CARTESIAN_POINT('',(-0.00964951763283771,0.0789357027071225,-0.0290628096682612));
#16582=CARTESIAN_POINT('',(0.,-0.009,1.88677467641074E-18));
#16583=CARTESIAN_POINT('',(0.,-0.009,1.88677467641074E-18));
#16584=CARTESIAN_POINT('',(-0.00700636630273579,-0.009,-0.0300062415319254));
#16585=CARTESIAN_POINT('',(0.,0.,1.88677467641074E-18));
#16586=CARTESIAN_POINT('',(-0.00670670235685078,-0.009,-0.0300746378720836));
#16587=CARTESIAN_POINT('',(-0.00696089015673079,0.0789357027071225,-0.0298114803444558));
#16588=CARTESIAN_POINT('',(-0.00715555661829595,0.0789357027071225,-0.0297656004061199));
#16589=CARTESIAN_POINT('',(-0.00856386286533692,0.0789357027071225,-0.0293911313992104));
#16590=CARTESIAN_POINT('',(-0.00837173224528335,0.0789357027071225,-0.0294466816002707));
#16591=CARTESIAN_POINT('',(-0.00776763105525045,0.0789357027071225,-0.0296213437262649));
#16592=CARTESIAN_POINT('',(0.,-0.009,1.88677467641074E-18));
#16593=CARTESIAN_POINT('',(0.,-0.009,1.88677467641074E-18));
#16594=CARTESIAN_POINT('',(-0.00506946447599152,-0.009,-0.0303934899208204));
#16595=CARTESIAN_POINT('',(0.,0.,1.88677467641074E-18));
#16596=CARTESIAN_POINT('',(-0.00476603405326239,-0.009,-0.0304425461984292));
#16597=CARTESIAN_POINT('',(-0.00503656015773067,0.0789357027071225,-0.0301962152244202));
#16598=CARTESIAN_POINT('',(-0.00523376619391452,0.0789357027071225,-0.0301629018743535));
#16599=CARTESIAN_POINT('',(-0.00666317123637922,0.0789357027071225,-0.0298794327452285));
#16600=CARTESIAN_POINT('',(-0.00646787625568859,0.0789357027071225,-0.0299225589613512));
#16601=CARTESIAN_POINT('',(-0.00585382561550552,0.0789357027071225,-0.030058157329139));
#16602=CARTESIAN_POINT('',(0.,-0.009,1.88677467641074E-18));
#16603=CARTESIAN_POINT('',(0.,-0.009,1.88677467641074E-18));
#16604=CARTESIAN_POINT('',(-0.0031117311323187,-0.009,-0.0306558449402477));
#16605=CARTESIAN_POINT('',(0.,0.,1.88677467641074E-18));
#16606=CARTESIAN_POINT('',(-0.00280578109343803,-0.009,-0.0306853595725397));
#16607=CARTESIAN_POINT('',(-0.00309153385270368,0.0789357027071225,-0.0304568673789596));
#16608=CARTESIAN_POINT('',(-0.00329046910160298,0.0789357027071225,-0.0304362575088633));
#16609=CARTESIAN_POINT('',(-0.00473509920756551,0.0789357027071225,-0.0302449530929784));
#16610=CARTESIAN_POINT('',(-0.00453744237520411,0.0789357027071225,-0.0302754781092907));
#16611=CARTESIAN_POINT('',(-0.00391596555066482,0.0789357027071225,-0.0303714555160932));
#16612=CARTESIAN_POINT('',(0.,-0.009,1.88677467641074E-18));
#16613=CARTESIAN_POINT('',(0.,-0.009,1.88677467641074E-18));
#16614=CARTESIAN_POINT('',(-0.00114121101795893,-0.009,-0.0307922285171574));
#16615=CARTESIAN_POINT('',(0.,0.,1.88677467641074E-18));
#16616=CARTESIAN_POINT('',(-0.000833998577262597,-0.009,-0.0308020802221778));
#16617=CARTESIAN_POINT('',(-0.00113380377194398,0.0789357027071225,-0.0305923657324613));
#16618=CARTESIAN_POINT('',(-0.00133365076594953,0.0789357027071225,-0.0305845440327124));
#16619=CARTESIAN_POINT('',(-0.0027875696404323,0.0789357027071225,-0.030486190440947));
#16620=CARTESIAN_POINT('',(-0.00258836317072156,0.0789357027071225,-0.0305039888236095));
#16621=CARTESIAN_POINT('',(-0.00196201394340447,0.0789357027071225,-0.030559950877675));
#16622=CARTESIAN_POINT('',(0.,-0.009,1.88677467641074E-18));
#16623=CARTESIAN_POINT('',(0.,-0.009,1.88677467641074E-18));
#16624=CARTESIAN_POINT('',(0.000833998577262609,-0.009,-0.0308020802221778));
#16625=CARTESIAN_POINT('',(0.,0.,1.88677467641074E-18));
#16626=CARTESIAN_POINT('',(0.00114121101795896,-0.009,-0.0307922285171574));
#16627=CARTESIAN_POINT('',(0.00082858535171476,0.0789357027071225,-0.0306021534931264));
#16628=CARTESIAN_POINT('',(0.000628647826768387,0.0789357027071225,-0.030607152104767));
#16629=CARTESIAN_POINT('',(-0.000828585351714748,0.0789357027071225,-0.0306021534931264));
#16630=CARTESIAN_POINT('',(-0.000628647826768375,0.0789357027071225,-0.030607152104767));
#16631=CARTESIAN_POINT('',(6.13546461076583E-18,0.0789357027071225,-0.0306228688460115));
#16632=CARTESIAN_POINT('',(0.,-0.009,1.88677467641074E-18));
#16633=CARTESIAN_POINT('',(0.,-0.009,1.88677467641074E-18));
#16634=CARTESIAN_POINT('',(0.00280578109343806,-0.009,-0.0306853595725397));
#16635=CARTESIAN_POINT('',(0.,0.,1.88677467641074E-18));
#16636=CARTESIAN_POINT('',(0.00311173113231872,-0.009,-0.0306558449402477));
#16637=CARTESIAN_POINT('',(0.00278756964043232,0.0789357027071225,-0.030486190440947));
#16638=CARTESIAN_POINT('',(0.00258836317072159,0.0789357027071225,-0.0305039888236095));
#16639=CARTESIAN_POINT('',(0.00113380377194401,0.0789357027071225,-0.0305923657324613));
#16640=CARTESIAN_POINT('',(0.00133365076594955,0.0789357027071225,-0.0305845440327124));
#16641=CARTESIAN_POINT('',(0.00196201394340449,0.0789357027071225,-0.030559950877675));
#16642=CARTESIAN_POINT('',(0.,-0.009,1.88677467641074E-18));
#16643=CARTESIAN_POINT('',(0.,-0.009,1.88677467641074E-18));
#16644=CARTESIAN_POINT('',(0.00476603405326242,-0.009,-0.0304425461984292));
#16645=CARTESIAN_POINT('',(0.,0.,1.88677467641074E-18));
#16646=CARTESIAN_POINT('',(0.00506946447599155,-0.009,-0.0303934899208204));
#16647=CARTESIAN_POINT('',(0.00473509920756553,0.0789357027071225,-0.0302449530929784));
#16648=CARTESIAN_POINT('',(0.00453744237520413,0.0789357027071225,-0.0302754781092907));
#16649=CARTESIAN_POINT('',(0.0030915338527037,0.0789357027071225,-0.0304568673789596));
#16650=CARTESIAN_POINT('',(0.003290469101603,0.0789357027071225,-0.0304362575088633));
#16651=CARTESIAN_POINT('',(0.00391596555066485,0.0789357027071225,-0.0303714555160932));
#16652=CARTESIAN_POINT('',(0.,-0.009,1.88677467641074E-18));
#16653=CARTESIAN_POINT('',(0.,-0.009,1.88677467641074E-18));
#16654=CARTESIAN_POINT('',(0.0067067023568508,-0.009,-0.0300746378720836));
#16655=CARTESIAN_POINT('',(0.,0.,1.88677467641074E-18));
#16656=CARTESIAN_POINT('',(0.00700636630273581,-0.009,-0.0300062415319253));
#16657=CARTESIAN_POINT('',(0.00666317123637925,0.0789357027071225,-0.0298794327452285));
#16658=CARTESIAN_POINT('',(0.00646787625568862,0.0789357027071225,-0.0299225589613512));
#16659=CARTESIAN_POINT('',(0.00503656015773069,0.0789357027071225,-0.0301962152244202));
#16660=CARTESIAN_POINT('',(0.00523376619391454,0.0789357027071225,-0.0301629018743535));
#16661=CARTESIAN_POINT('',(0.00585382561550554,0.0789357027071225,-0.030058157329139));
#16662=CARTESIAN_POINT('',(0.,-0.009,1.88677467641074E-18));
#16663=CARTESIAN_POINT('',(0.,-0.009,1.88677467641074E-18));
#16664=CARTESIAN_POINT('',(0.00861981138187176,-0.009,-0.029583146407732));
#16665=CARTESIAN_POINT('',(0.,0.,1.88677467641074E-18));
#16666=CARTESIAN_POINT('',(0.00891447746748126,-0.009,-0.0294956910602569));
#16667=CARTESIAN_POINT('',(0.00856386286533695,0.0789357027071225,-0.0293911313992104));
#16668=CARTESIAN_POINT('',(0.00837173224528338,0.0789357027071225,-0.0294466816002707));
#16669=CARTESIAN_POINT('',(0.00696089015673081,0.0789357027071225,-0.0298114803444558));
#16670=CARTESIAN_POINT('',(0.00715555661829597,0.0789357027071225,-0.0297656004061198));
#16671=CARTESIAN_POINT('',(0.00776763105525048,0.0789357027071225,-0.0296213437262649));
#16672=CARTESIAN_POINT('',(0.,-0.009,1.88677467641074E-18));
#16673=CARTESIAN_POINT('',(0.,-0.009,1.88677467641074E-18));
#16674=CARTESIAN_POINT('',(0.0104974997529808,-0.009,-0.028970091449226));
#16675=CARTESIAN_POINT('',(0.,0.,1.88677467641074E-18));
#16676=CARTESIAN_POINT('',(0.0107859571321634,-0.009,-0.0288639364672161));
#16677=CARTESIAN_POINT('',(0.0104293637448381,0.0789357027071225,-0.0287820555898949));
#16678=CARTESIAN_POINT('',(0.0102411869913513,0.0789357027071225,-0.0288498015082014));
#16679=CARTESIAN_POINT('',(0.00885661636497066,0.0789357027071225,-0.0293042436972136));
#16680=CARTESIAN_POINT('',(0.00904794332567073,0.0789357027071225,-0.0292459857011161));
#16681=CARTESIAN_POINT('',(0.00964951763283774,0.0789357027071225,-0.0290628096682611));
#16682=CARTESIAN_POINT('',(0.,-0.009,1.88677467641074E-18));
#16683=CARTESIAN_POINT('',(0.,-0.009,1.88677467641074E-18));
#16684=CARTESIAN_POINT('',(0.0123320516458983,-0.009,-0.0282379921708901));
#16685=CARTESIAN_POINT('',(0.,0.,1.88677467641074E-18));
#16686=CARTESIAN_POINT('',(0.012613114985409,-0.009,-0.0281135737679364));
#16687=CARTESIAN_POINT('',(0.0122520081316203,0.0789357027071225,-0.028054708140429));
#16688=CARTESIAN_POINT('',(0.0120685585033441,0.0789357027071225,-0.0281343713934718));
#16689=CARTESIAN_POINT('',(0.0107159488368286,0.0789357027071225,-0.0286765896268789));
#16690=CARTESIAN_POINT('',(0.0109031500931426,0.0789357027071225,-0.0286061929676223));
#16691=CARTESIAN_POINT('',(0.0114917522726566,0.0789357027071225,-0.0283848502913775));
#16692=CARTESIAN_POINT('',(0.,-0.009,1.88677467641074E-18));
#16693=CARTESIAN_POINT('',(0.,-0.009,1.88677467641074E-18));
#16694=CARTESIAN_POINT('',(0.014115928493386,-0.009,-0.0273898569256936));
#16695=CARTESIAN_POINT('',(0.,0.,1.88677467641074E-18));
#16696=CARTESIAN_POINT('',(0.0143884428436748,-0.009,-0.0272476863637017));
#16697=CARTESIAN_POINT('',(0.0140243063889421,0.0789357027071225,-0.0272120778774982));
#16698=CARTESIAN_POINT('',(0.0138463377197489,0.0789357027071225,-0.0273033311118826));
#16699=CARTESIAN_POINT('',(0.0125312471763522,0.0789357027071225,-0.0279310972986582));
#16700=CARTESIAN_POINT('',(0.0127135534781633,0.0789357027071225,-0.0278488512512154));
#16701=CARTESIAN_POINT('',(0.013286764837414,0.0789357027071225,-0.0275902514761153));
#16702=CARTESIAN_POINT('',(0.,-0.009,1.88677467641074E-18));
#16703=CARTESIAN_POINT('',(0.,-0.009,1.88677467641074E-18));
#16704=CARTESIAN_POINT('',(0.0158417999628372,-0.009,-0.0264291708832835));
#16705=CARTESIAN_POINT('',(0.,0.,1.88677467641074E-18));
#16706=CARTESIAN_POINT('',(0.0161046455039846,-0.009,-0.0262698323715881));
#16707=CARTESIAN_POINT('',(0.0157389757631075,0.0789357027071225,-0.0262576273495962));
#16708=CARTESIAN_POINT('',(0.0155672193644333,0.0789357027071225,-0.0263600955862086));
#16709=CARTESIAN_POINT('',(0.014295051933284,0.0789357027071225,-0.0270708301004357));
#16710=CARTESIAN_POINT('',(0.0144717141448936,0.0789357027071225,-0.0269770726314573));
#16711=CARTESIAN_POINT('',(0.0150271792354524,0.0789357027071225,-0.0266822783994472));
#16712=CARTESIAN_POINT('',(0.,-0.009,1.88677467641074E-18));
#16713=CARTESIAN_POINT('',(0.,-0.009,1.88677467641074E-18));
#16714=CARTESIAN_POINT('',(0.0175025740781856,-0.009,-0.0253598817086747));
#16715=CARTESIAN_POINT('',(0.,0.,1.88677467641074E-18));
#16716=CARTESIAN_POINT('',(0.017754670721483,-0.009,-0.0251840300033983));
#16717=CARTESIAN_POINT('',(0.0173889703098625,0.0789357027071225,-0.0251952785986714));
#16718=CARTESIAN_POINT('',(0.017224131965591,0.0789357027071225,-0.0253085407735481));
#16719=CARTESIAN_POINT('',(0.016000115255543,0.0789357027071225,-0.0260993230546557));
#16720=CARTESIAN_POINT('',(0.0161704074340296,0.0789357027071225,-0.0259944394336927));
#16721=CARTESIAN_POINT('',(0.0167058437306925,0.0789357027071225,-0.0256646621175051));
#16722=CARTESIAN_POINT('',(0.,-0.009,1.88677467641074E-18));
#16723=CARTESIAN_POINT('',(0.,-0.009,1.88677467641074E-18));
#16724=CARTESIAN_POINT('',(0.0190914263623565,-0.009,-0.0241863833404474));
#16725=CARTESIAN_POINT('',(0.,0.,1.88677467641074E-18));
#16726=CARTESIAN_POINT('',(0.0193317381886218,-0.009,-0.023994741053967));
#16727=CARTESIAN_POINT('',(0.018967509847692,0.0789357027071225,-0.0240293970436143));
#16728=CARTESIAN_POINT('',(0.0188102669139374,0.0789357027071225,-0.0241529877381841));
#16729=CARTESIAN_POINT('',(0.017639430672203,0.0789357027071225,-0.0250205682921569));
#16730=CARTESIAN_POINT('',(0.0178026530504776,0.0789357027071225,-0.0249049895085053));
#16731=CARTESIAN_POINT('',(0.0183158603306509,0.0789357027071225,-0.0245415842338695));
#16732=CARTESIAN_POINT('',(0.,-0.009,1.88677467641074E-18));
#16733=CARTESIAN_POINT('',(0.,-0.009,1.88677467641074E-18));
#16734=CARTESIAN_POINT('',(0.0206018278805063,-0.009,-0.0229134979351112));
#16735=CARTESIAN_POINT('',(0.,0.,1.88677467641074E-18));
#16736=CARTESIAN_POINT('',(0.0208293673968988,-0.009,-0.0227068525666892));
#16737=CARTESIAN_POINT('',(0.0204681078190391,0.0789357027071225,-0.0227647735418154));
#16738=CARTESIAN_POINT('',(0.0203191064407448,0.0789357027071225,-0.0228981848954043));
#16739=CARTESIAN_POINT('',(0.0192062618845849,0.0789357027071225,-0.0238389986476506));
#16740=CARTESIAN_POINT('',(0.0193617437468841,0.0789357027071225,-0.0237131996393239));
#16741=CARTESIAN_POINT('',(0.0198506131317709,0.0789357027071225,-0.0233176597164635));
#16742=CARTESIAN_POINT('',(0.,-0.009,1.88677467641074E-18));
#16743=CARTESIAN_POINT('',(0.,-0.009,1.88677467641074E-18));
#16744=CARTESIAN_POINT('',(0.0220275720688169,-0.009,-0.0215464560518297));
#16745=CARTESIAN_POINT('',(0.,0.,1.88677467641074E-18));
#16746=CARTESIAN_POINT('',(0.0222414042666566,-0.009,-0.0213256567516103));
#16747=CARTESIAN_POINT('',(0.0218845979449624,0.0789357027071225,-0.0214066047025047));
#16748=CARTESIAN_POINT('',(0.0217444504007526,0.0789357027071225,-0.0215492884992441));
#16749=CARTESIAN_POINT('',(0.0206941704471528,0.0789357027071225,-0.0225594694442519));
#16750=CARTESIAN_POINT('',(0.0208412728851537,0.0789357027071225,-0.0224239671463592));
#16751=CARTESIAN_POINT('',(0.0213037955055893,0.0789357027071225,-0.0219979179336603));
#16752=CARTESIAN_POINT('',(0.,-0.009,1.88677467641074E-18));
#16753=CARTESIAN_POINT('',(0.,-0.009,1.88677467641074E-18));
#16754=CARTESIAN_POINT('',(0.0233628002385973,-0.009,-0.020090875158931));
#16755=CARTESIAN_POINT('',(0.,0.,1.88677467641074E-18));
#16756=CARTESIAN_POINT('',(0.0235620464355165,-0.009,-0.0198568292385999));
#16757=CARTESIAN_POINT('',(0.0232111595636983,0.0789357027071225,-0.019960471532769));
#16758=CARTESIAN_POINT('',(0.0230804417498937,0.0789357027071225,-0.0201118414543325));
#16759=CARTESIAN_POINT('',(0.0220970422244677,0.0789357027071225,-0.0211872385419157));
#16760=CARTESIAN_POINT('',(0.0222351607626992,0.0789357027071225,-0.0210425897624642));
#16761=CARTESIAN_POINT('',(0.0226694360140255,0.0789357027071225,-0.0205877819875291));
#16762=CARTESIAN_POINT('',(0.,-0.009,1.88677467641074E-18));
#16763=CARTESIAN_POINT('',(0.,-0.009,1.88677467641074E-18));
#16764=CARTESIAN_POINT('',(0.0246020256508924,-0.009,-0.018552736550525));
#16765=CARTESIAN_POINT('',(0.,0.,1.88677467641074E-18));
#16766=CARTESIAN_POINT('',(0.0247858671015297,-0.009,-0.0183064057549716));
#16767=CARTESIAN_POINT('',(0.0244423415490089,0.0789357027071225,-0.0184323165039975));
#16768=CARTESIAN_POINT('',(0.0243215906131452,0.0789357027071225,-0.0185917505389086));
#16769=CARTESIAN_POINT('',(0.0234091125154815,0.0789357027071225,-0.0197279447317624));
#16770=CARTESIAN_POINT('',(0.0235376795952437,0.0789357027071225,-0.0195747438636139));
#16771=CARTESIAN_POINT('',(0.0239419229473012,0.0789357027071225,-0.0190930464291457));
#16772=CARTESIAN_POINT('',(0.,-0.009,1.88677467641074E-18));
#16773=CARTESIAN_POINT('',(0.,-0.009,1.88677467641074E-18));
#16774=CARTESIAN_POINT('',(0.02574015606267,-0.009,-0.0169383607680833));
#16775=CARTESIAN_POINT('',(0.,0.,1.88677467641074E-18));
#16776=CARTESIAN_POINT('',(0.025907837323071,-0.009,-0.0166807573233844));
#16777=CARTESIAN_POINT('',(0.0255730847100288,0.0789357027071225,-0.0168284191329916));
#16778=CARTESIAN_POINT('',(0.0254627968436025,0.0789357027071225,-0.0169952621326024));
#16779=CARTESIAN_POINT('',(0.0246249897419304,0.0789357027071225,-0.0181875845650754));
#16780=CARTESIAN_POINT('',(0.0247434770535149,0.0789357027071225,-0.0180264611434586));
#16781=CARTESIAN_POINT('',(0.0251160273836602,0.0789357027071225,-0.0175198534475393));
#16782=CARTESIAN_POINT('',(0.,-0.009,1.88677467641074E-18));
#16783=CARTESIAN_POINT('',(0.,-0.009,1.88677467641074E-18));
#16784=CARTESIAN_POINT('',(0.0267725146519399,-0.009,-0.0152543816279787));
#16785=CARTESIAN_POINT('',(0.,0.,1.88677467641074E-18));
#16786=CARTESIAN_POINT('',(0.026923346683838,-0.009,-0.0149865640819442));
#16787=CARTESIAN_POINT('',(0.0265987425805657,0.0789357027071225,-0.0151553701780836));
#16788=CARTESIAN_POINT('',(0.0264993709800766,0.0789357027071225,-0.015328936548721));
#16789=CARTESIAN_POINT('',(0.025739677603486,0.0789357027071225,-0.0165724877121858));
#16790=CARTESIAN_POINT('',(0.025847598257114,0.0789357027071225,-0.0164041038278011));
#16791=CARTESIAN_POINT('',(0.0261869246761286,0.0789357027071225,-0.0158746676301202));
#16792=CARTESIAN_POINT('',(0.,-0.009,1.88677467641074E-18));
#16793=CARTESIAN_POINT('',(0.,-0.009,1.88677467641074E-18));
#16794=CARTESIAN_POINT('',(0.0276948592358187,-0.009,-0.0135077189617101));
#16795=CARTESIAN_POINT('',(0.,0.,1.88677467641074E-18));
#16796=CARTESIAN_POINT('',(0.0278282222380414,-0.009,-0.0132307878340834));
#16797=CARTESIAN_POINT('',(0.0275151005124268,0.0789357027071225,-0.0134200445562972));
#16798=CARTESIAN_POINT('',(0.0274270535170963,0.0789357027071225,-0.0135996210765143));
#16799=CARTESIAN_POINT('',(0.0267485956086253,0.0789357027071225,-0.0148892909524994));
#16800=CARTESIAN_POINT('',(0.0268455061351822,0.0789357027071225,-0.0147143385308458));
#16801=CARTESIAN_POINT('',(0.0271502142780252,0.0789357027071225,-0.0141642493983035));
#16802=CARTESIAN_POINT('',(0.,-0.009,1.88677467641074E-18));
#16803=CARTESIAN_POINT('',(0.,-0.009,1.88677467641074E-18));
#16804=CARTESIAN_POINT('',(0.0285033997025688,-0.009,-0.0117055501808311));
#16805=CARTESIAN_POINT('',(0.,0.,1.88677467641074E-18));
#16806=CARTESIAN_POINT('',(0.0286187456579338,-0.009,-0.0114206434410173));
#16807=CARTESIAN_POINT('',(0.0283183929943116,0.0789357027071225,-0.0116295730928384));
#16808=CARTESIAN_POINT('',(0.0282420324081298,0.0789357027071225,-0.0118144218441947));
#16809=CARTESIAN_POINT('',(0.0276475978968529,0.0789357027071225,-0.0131449109025463));
#16810=CARTESIAN_POINT('',(0.027733100070198,0.0789357027071225,-0.0129641088606516));
#16811=CARTESIAN_POINT('',(0.0280019378257506,0.0789357027071225,-0.0123956272274871));
#16812=CARTESIAN_POINT('',(0.,-0.009,1.88677467641074E-18));
#16813=CARTESIAN_POINT('',(0.,-0.009,1.88677467641074E-18));
#16814=CARTESIAN_POINT('',(0.0291948135859809,-0.009,-0.00985528078342653));
#16815=CARTESIAN_POINT('',(0.,0.,1.88677467641074E-18));
#16816=CARTESIAN_POINT('',(0.0292916685132159,-0.009,-0.00956356917433166));
#16817=CARTESIAN_POINT('',(0.0290053191251066,0.0789357027071225,-0.00979131321900552));
#16818=CARTESIAN_POINT('',(0.0289409587301014,0.0789357027071225,-0.00998067461833173));
#16819=CARTESIAN_POINT('',(0.0284329902749312,0.0789357027071225,-0.0113465155941201));
#16820=CARTESIAN_POINT('',(0.0285067327482939,0.0789357027071225,-0.0111606068863564));
#16821=CARTESIAN_POINT('',(0.0287385954045532,0.0789357027071225,-0.0105760687655393));
#16822=CARTESIAN_POINT('',(0.,-0.009,1.88677467641074E-18));
#16823=CARTESIAN_POINT('',(0.,-0.009,1.88677467641074E-18));
#16824=CARTESIAN_POINT('',(0.0297662597181004,-0.009,-0.00796451392333173));
#16825=CARTESIAN_POINT('',(0.,0.,1.88677467641074E-18));
#16826=CARTESIAN_POINT('',(0.0298442256195341,-0.009,-0.00766719615052956));
#16827=CARTESIAN_POINT('',(0.0295730561779951,0.0789357027071225,-0.00791281873892567));
#16828=CARTESIAN_POINT('',(0.0295209604448347,0.0789357027071225,-0.00810591465961405));
#16829=CARTESIAN_POINT('',(0.0291015453971127,0.0789357027071225,-0.00950149501929769));
#16830=CARTESIAN_POINT('',(0.0291632251468522,0.0789357027071225,-0.00931124358442246));
#16831=CARTESIAN_POINT('',(0.0293571599304291,0.0789357027071225,-0.00871305096847428));
#16832=CARTESIAN_POINT('',(0.,-0.009,1.88677467641074E-18));
#16833=CARTESIAN_POINT('',(0.,-0.009,1.88677467641074E-18));
#16834=CARTESIAN_POINT('',(0.0302153899041956,-0.009,-0.00604101916714308));
#16835=CARTESIAN_POINT('',(0.,0.,1.88677467641074E-18));
#16836=CARTESIAN_POINT('',(0.0302741464012154,-0.009,-0.0057393169731365));
#16837=CARTESIAN_POINT('',(0.0300192711996476,0.0789357027071225,-0.00600180878935327));
#16838=CARTESIAN_POINT('',(0.0299796542008741,0.0789357027071225,-0.00619784575884677));
#16839=CARTESIAN_POINT('',(0.0296505160269954,0.0789357027071225,-0.00761743076337669));
#16840=CARTESIAN_POINT('',(0.0296998795977899,0.0789357027071225,-0.00742361838534465));
#16841=CARTESIAN_POINT('',(0.0298550895890598,0.0789357027071225,-0.0068142293760362));
#16842=CARTESIAN_POINT('',(0.,-0.009,1.88677467641074E-18));
#16843=CARTESIAN_POINT('',(0.,-0.009,1.88677467641074E-18));
#16844=CARTESIAN_POINT('',(0.0305403585719935,-0.009,-0.00409270056740208));
#16845=CARTESIAN_POINT('',(0.,0.,1.88677467641074E-18));
#16846=CARTESIAN_POINT('',(0.0305796642215499,-0.009,-0.00378785371122121));
#16847=CARTESIAN_POINT('',(0.0303421305968272,0.0789357027071225,-0.00406613612008147));
#16848=CARTESIAN_POINT('',(0.0303151551271864,0.0789357027071225,-0.00426430858042263));
#16849=CARTESIAN_POINT('',(0.0300776463265074,0.0789357027071225,-0.00570206485051519));
#16850=CARTESIAN_POINT('',(0.030114490872856,0.0789357027071225,-0.00550548794596029));
#16851=CARTESIAN_POINT('',(0.0302303382806725,0.0789357027071225,-0.00488740665344436));
#16852=CARTESIAN_POINT('',(0.,-0.009,1.88677467641074E-18));
#16853=CARTESIAN_POINT('',(0.,-0.009,1.88677467641074E-18));
#16854=CARTESIAN_POINT('',(0.0307398303555328,-0.009,-0.00212756418314811));
#16855=CARTESIAN_POINT('',(0.,0.,1.88677467641074E-18));
#16856=CARTESIAN_POINT('',(0.0307595236422807,-0.009,-0.00182082534591443));
#16857=CARTESIAN_POINT('',(0.0305403076710179,0.0789357027071225,-0.0021137548253088));
#16858=CARTESIAN_POINT('',(0.0305260845785007,0.0789357027071225,-0.00231324844335023));
#16859=CARTESIAN_POINT('',(0.030381181125629,0.0789357027071225,-0.00376326793009386));
#16860=CARTESIAN_POINT('',(0.0304053552453875,0.0789357027071225,-0.00356473427568254));
#16861=CARTESIAN_POINT('',(0.0304813640279025,0.0789357027071225,-0.0029405005285681));
#16862=CARTESIAN_POINT('',(0.,-0.009,1.88677467641074E-18));
#16863=CARTESIAN_POINT('',(0.,-0.009,1.88677467641074E-18));
#16864=CARTESIAN_POINT('',(0.0308129855824683,-0.009,-0.000153685181304513));
#16865=CARTESIAN_POINT('',(0.,0.,1.88677467641074E-18));
#16866=CARTESIAN_POINT('',(0.0308129855824683,-0.009,0.000153685181304528));
#16867=CARTESIAN_POINT('',(0.0306129880701129,0.0789357027071225,-0.000152687658559937));
#16868=CARTESIAN_POINT('',(0.0306115758004573,0.0789357027071225,-0.000352682672233864));
#16869=CARTESIAN_POINT('',(0.0305598731347624,0.0789357027071225,-0.00180900693452933));
#16870=CARTESIAN_POINT('',(0.0305712774912875,0.0789357027071225,-0.00160933234763289));
#16871=CARTESIAN_POINT('',(0.0306071353121099,0.0789357027071225,-0.000981511256284552));
#16872=CARTESIAN_POINT('',(0.,-0.009,1.88677467641074E-18));
#16873=CARTESIAN_POINT('',(0.,-0.009,1.88677467641074E-18));
#16874=CARTESIAN_POINT('',(0.0307595236422807,-0.009,0.00182082534591444));
#16875=CARTESIAN_POINT('',(0.,0.,1.88677467641074E-18));
#16876=CARTESIAN_POINT('',(0.0307398303555328,-0.009,0.00212756418314813));
#16877=CARTESIAN_POINT('',(0.0305598731347624,0.0789357027071225,0.00180900693452934));
#16878=CARTESIAN_POINT('',(0.0305712774912875,0.0789357027071225,0.00160933234763291));
#16879=CARTESIAN_POINT('',(0.0306129880701129,0.0789357027071225,0.000152687658559952));
#16880=CARTESIAN_POINT('',(0.0306115758004573,0.0789357027071225,0.000352682672233879));
#16881=CARTESIAN_POINT('',(0.0306071353121099,0.0789357027071225,0.000981511256284567));
#16882=CARTESIAN_POINT('',(0.,-0.009,1.88677467641074E-18));
#16883=CARTESIAN_POINT('',(0.,-0.009,1.88677467641074E-18));
#16884=CARTESIAN_POINT('',(0.0305796642215499,-0.009,0.00378785371122122));
#16885=CARTESIAN_POINT('',(0.,0.,1.88677467641074E-18));
#16886=CARTESIAN_POINT('',(0.0305403585719935,-0.009,0.0040927005674021));
#16887=CARTESIAN_POINT('',(0.030381181125629,0.0789357027071225,0.00376326793009387));
#16888=CARTESIAN_POINT('',(0.0304053552453875,0.0789357027071225,0.00356473427568255));
#16889=CARTESIAN_POINT('',(0.0305403076710179,0.0789357027071225,0.00211375482530881));
#16890=CARTESIAN_POINT('',(0.0305260845785007,0.0789357027071225,0.00231324844335024));
#16891=CARTESIAN_POINT('',(0.0304813640279025,0.0789357027071225,0.00294050052856811));
#16892=CARTESIAN_POINT('',(0.,-0.009,1.88677467641074E-18));
#16893=CARTESIAN_POINT('',(0.,-0.009,1.88677467641074E-18));
#16894=CARTESIAN_POINT('',(0.0302741464012154,-0.009,0.00573931697313652));
#16895=CARTESIAN_POINT('',(0.,0.,1.88677467641074E-18));
#16896=CARTESIAN_POINT('',(0.0302153899041956,-0.009,0.00604101916714308));
#16897=CARTESIAN_POINT('',(0.0300776463265074,0.0789357027071225,0.00570206485051521));
#16898=CARTESIAN_POINT('',(0.030114490872856,0.0789357027071225,0.00550548794596031));
#16899=CARTESIAN_POINT('',(0.0303421305968272,0.0789357027071225,0.00406613612008149));
#16900=CARTESIAN_POINT('',(0.0303151551271864,0.0789357027071225,0.00426430858042265));
#16901=CARTESIAN_POINT('',(0.0302303382806725,0.0789357027071225,0.00488740665344438));
#16902=CARTESIAN_POINT('',(0.,-0.009,1.88677467641074E-18));
#16903=CARTESIAN_POINT('',(0.,-0.009,1.88677467641074E-18));
#16904=CARTESIAN_POINT('',(0.0298442256195341,-0.009,0.00766719615052957));
#16905=CARTESIAN_POINT('',(0.,0.,1.88677467641074E-18));
#16906=CARTESIAN_POINT('',(0.0297662597181004,-0.009,0.00796451392333174));
#16907=CARTESIAN_POINT('',(0.0296505160269954,0.0789357027071225,0.0076174307633767));
#16908=CARTESIAN_POINT('',(0.0296998795977899,0.0789357027071225,0.00742361838534466));
#16909=CARTESIAN_POINT('',(0.0300192711996476,0.0789357027071225,0.00600180878935328));
#16910=CARTESIAN_POINT('',(0.0299796542008741,0.0789357027071225,0.00619784575884678));
#16911=CARTESIAN_POINT('',(0.0298550895890598,0.0789357027071225,0.00681422937603621));
#16912=CARTESIAN_POINT('',(0.,-0.009,1.88677467641074E-18));
#16913=CARTESIAN_POINT('',(0.,-0.009,1.88677467641074E-18));
#16914=CARTESIAN_POINT('',(0.0292916685132159,-0.009,0.00956356917433168));
#16915=CARTESIAN_POINT('',(0.,0.,1.88677467641074E-18));
#16916=CARTESIAN_POINT('',(0.0291948135859809,-0.009,0.00985528078342654));
#16917=CARTESIAN_POINT('',(0.0291015453971127,0.0789357027071225,0.0095014950192977));
#16918=CARTESIAN_POINT('',(0.0291632251468522,0.0789357027071225,0.00931124358442248));
#16919=CARTESIAN_POINT('',(0.0295730561779951,0.0789357027071225,0.00791281873892569));
#16920=CARTESIAN_POINT('',(0.0295209604448347,0.0789357027071225,0.00810591465961406));
#16921=CARTESIAN_POINT('',(0.0293571599304291,0.0789357027071225,0.00871305096847429));
#16922=CARTESIAN_POINT('',(0.,-0.009,1.88677467641074E-18));
#16923=CARTESIAN_POINT('',(0.,-0.009,1.88677467641074E-18));
#16924=CARTESIAN_POINT('',(0.0286187456579337,-0.009,0.0114206434410173));
#16925=CARTESIAN_POINT('',(0.,0.,1.88677467641074E-18));
#16926=CARTESIAN_POINT('',(0.0285033997025688,-0.009,0.0117055501808311));
#16927=CARTESIAN_POINT('',(0.0284329902749312,0.0789357027071225,0.0113465155941201));
#16928=CARTESIAN_POINT('',(0.0285067327482939,0.0789357027071225,0.0111606068863564));
#16929=CARTESIAN_POINT('',(0.0290053191251066,0.0789357027071225,0.00979131321900554));
#16930=CARTESIAN_POINT('',(0.0289409587301014,0.0789357027071225,0.00998067461833175));
#16931=CARTESIAN_POINT('',(0.0287385954045532,0.0789357027071225,0.0105760687655393));
#16932=CARTESIAN_POINT('',(0.,-0.009,1.88677467641074E-18));
#16933=CARTESIAN_POINT('',(0.,-0.009,1.88677467641074E-18));
#16934=CARTESIAN_POINT('',(0.0278282222380414,-0.009,0.0132307878340834));
#16935=CARTESIAN_POINT('',(0.,0.,1.88677467641074E-18));
#16936=CARTESIAN_POINT('',(0.0276948592358187,-0.009,0.0135077189617101));
#16937=CARTESIAN_POINT('',(0.0276475978968529,0.0789357027071225,0.0131449109025463));
#16938=CARTESIAN_POINT('',(0.027733100070198,0.0789357027071225,0.0129641088606516));
#16939=CARTESIAN_POINT('',(0.0283183929943116,0.0789357027071225,0.0116295730928384));
#16940=CARTESIAN_POINT('',(0.0282420324081298,0.0789357027071225,0.0118144218441947));
#16941=CARTESIAN_POINT('',(0.0280019378257506,0.0789357027071225,0.0123956272274871));
#16942=CARTESIAN_POINT('',(0.,-0.009,1.88677467641074E-18));
#16943=CARTESIAN_POINT('',(0.,-0.009,1.88677467641074E-18));
#16944=CARTESIAN_POINT('',(0.026923346683838,-0.009,0.0149865640819443));
#16945=CARTESIAN_POINT('',(0.,0.,1.88677467641074E-18));
#16946=CARTESIAN_POINT('',(0.0267725146519399,-0.009,0.0152543816279787));
#16947=CARTESIAN_POINT('',(0.0267485956086253,0.0789357027071225,0.0148892909524994));
#16948=CARTESIAN_POINT('',(0.0268455061351822,0.0789357027071225,0.0147143385308458));
#16949=CARTESIAN_POINT('',(0.0275151005124268,0.0789357027071225,0.0134200445562972));
#16950=CARTESIAN_POINT('',(0.0274270535170963,0.0789357027071225,0.0135996210765143));
#16951=CARTESIAN_POINT('',(0.0271502142780252,0.0789357027071225,0.0141642493983035));
#16952=CARTESIAN_POINT('',(0.,-0.009,1.88677467641074E-18));
#16953=CARTESIAN_POINT('',(0.,-0.009,1.88677467641074E-18));
#16954=CARTESIAN_POINT('',(0.025907837323071,-0.009,0.0166807573233844));
#16955=CARTESIAN_POINT('',(0.,0.,1.88677467641074E-18));
#16956=CARTESIAN_POINT('',(0.02574015606267,-0.009,0.0169383607680833));
#16957=CARTESIAN_POINT('',(0.025739677603486,0.0789357027071225,0.0165724877121858));
#16958=CARTESIAN_POINT('',(0.025847598257114,0.0789357027071225,0.0164041038278011));
#16959=CARTESIAN_POINT('',(0.0265987425805657,0.0789357027071225,0.0151553701780836));
#16960=CARTESIAN_POINT('',(0.0264993709800766,0.0789357027071225,0.015328936548721));
#16961=CARTESIAN_POINT('',(0.0261869246761286,0.0789357027071225,0.0158746676301202));
#16962=CARTESIAN_POINT('',(0.,-0.009,1.88677467641074E-18));
#16963=CARTESIAN_POINT('',(0.,-0.009,1.88677467641074E-18));
#16964=CARTESIAN_POINT('',(0.0247858671015297,-0.009,0.0183064057549716));
#16965=CARTESIAN_POINT('',(0.,0.,1.88677467641074E-18));
#16966=CARTESIAN_POINT('',(0.0246020256508924,-0.009,0.018552736550525));
#16967=CARTESIAN_POINT('',(0.0246249897419304,0.0789357027071225,0.0181875845650754));
#16968=CARTESIAN_POINT('',(0.0247434770535149,0.0789357027071225,0.0180264611434586));
#16969=CARTESIAN_POINT('',(0.0255730847100288,0.0789357027071225,0.0168284191329916));
#16970=CARTESIAN_POINT('',(0.0254627968436025,0.0789357027071225,0.0169952621326024));
#16971=CARTESIAN_POINT('',(0.0251160273836602,0.0789357027071225,0.0175198534475394));
#16972=CARTESIAN_POINT('',(0.,-0.009,1.88677467641074E-18));
#16973=CARTESIAN_POINT('',(0.,-0.009,1.88677467641074E-18));
#16974=CARTESIAN_POINT('',(0.0235620464355165,-0.009,0.0198568292385999));
#16975=CARTESIAN_POINT('',(0.,0.,1.88677467641074E-18));
#16976=CARTESIAN_POINT('',(0.0233628002385973,-0.009,0.020090875158931));
#16977=CARTESIAN_POINT('',(0.0234091125154815,0.0789357027071225,0.0197279447317624));
#16978=CARTESIAN_POINT('',(0.0235376795952436,0.0789357027071225,0.0195747438636139));
#16979=CARTESIAN_POINT('',(0.0244423415490089,0.0789357027071225,0.0184323165039975));
#16980=CARTESIAN_POINT('',(0.0243215906131452,0.0789357027071225,0.0185917505389087));
#16981=CARTESIAN_POINT('',(0.0239419229473012,0.0789357027071225,0.0190930464291457));
#16982=CARTESIAN_POINT('',(0.,-0.009,1.88677467641074E-18));
#16983=CARTESIAN_POINT('',(0.,-0.009,1.88677467641074E-18));
#16984=CARTESIAN_POINT('',(0.0222414042666566,-0.009,0.0213256567516103));
#16985=CARTESIAN_POINT('',(0.,0.,1.88677467641074E-18));
#16986=CARTESIAN_POINT('',(0.0220275720688169,-0.009,0.0215464560518297));
#16987=CARTESIAN_POINT('',(0.0220970422244677,0.0789357027071225,0.0211872385419157));
#16988=CARTESIAN_POINT('',(0.0222351607626992,0.0789357027071225,0.0210425897624642));
#16989=CARTESIAN_POINT('',(0.0232111595636983,0.0789357027071225,0.019960471532769));
#16990=CARTESIAN_POINT('',(0.0230804417498936,0.0789357027071225,0.0201118414543325));
#16991=CARTESIAN_POINT('',(0.0226694360140255,0.0789357027071225,0.0205877819875291));
#16992=CARTESIAN_POINT('',(0.,-0.009,1.88677467641074E-18));
#16993=CARTESIAN_POINT('',(0.,-0.009,1.88677467641074E-18));
#16994=CARTESIAN_POINT('',(0.0208293673968988,-0.009,0.0227068525666892));
#16995=CARTESIAN_POINT('',(0.,0.,1.88677467641074E-18));
#16996=CARTESIAN_POINT('',(0.0206018278805063,-0.009,0.0229134979351112));
#16997=CARTESIAN_POINT('',(0.0206941704471528,0.0789357027071225,0.0225594694442519));
#16998=CARTESIAN_POINT('',(0.0208412728851537,0.0789357027071225,0.0224239671463592));
#16999=CARTESIAN_POINT('',(0.0218845979449624,0.0789357027071225,0.0214066047025047));
#17000=CARTESIAN_POINT('',(0.0217444504007526,0.0789357027071225,0.0215492884992441));
#17001=CARTESIAN_POINT('',(0.0213037955055893,0.0789357027071225,0.0219979179336603));
#17002=CARTESIAN_POINT('',(0.,-0.009,1.88677467641074E-18));
#17003=CARTESIAN_POINT('',(0.,-0.009,1.88677467641074E-18));
#17004=CARTESIAN_POINT('',(0.0193317381886218,-0.009,0.023994741053967));
#17005=CARTESIAN_POINT('',(0.,0.,1.88677467641074E-18));
#17006=CARTESIAN_POINT('',(0.0190914263623565,-0.009,0.0241863833404474));
#17007=CARTESIAN_POINT('',(0.0192062618845849,0.0789357027071225,0.0238389986476506));
#17008=CARTESIAN_POINT('',(0.0193617437468841,0.0789357027071225,0.0237131996393239));
#17009=CARTESIAN_POINT('',(0.0204681078190391,0.0789357027071225,0.0227647735418154));
#17010=CARTESIAN_POINT('',(0.0203191064407448,0.0789357027071225,0.0228981848954043));
#17011=CARTESIAN_POINT('',(0.0198506131317709,0.0789357027071225,0.0233176597164635));
#17012=CARTESIAN_POINT('',(0.,-0.009,1.88677467641074E-18));
#17013=CARTESIAN_POINT('',(0.,-0.009,1.88677467641074E-18));
#17014=CARTESIAN_POINT('',(0.017754670721483,-0.009,0.0251840300033983));
#17015=CARTESIAN_POINT('',(0.,0.,1.88677467641074E-18));
#17016=CARTESIAN_POINT('',(0.0175025740781856,-0.009,0.0253598817086747));
#17017=CARTESIAN_POINT('',(0.017639430672203,0.0789357027071225,0.0250205682921569));
#17018=CARTESIAN_POINT('',(0.0178026530504776,0.0789357027071225,0.0249049895085053));
#17019=CARTESIAN_POINT('',(0.018967509847692,0.0789357027071225,0.0240293970436143));
#17020=CARTESIAN_POINT('',(0.0188102669139374,0.0789357027071225,0.0241529877381841));
#17021=CARTESIAN_POINT('',(0.0183158603306509,0.0789357027071225,0.0245415842338695));
#17022=CARTESIAN_POINT('',(0.,-0.009,1.88677467641074E-18));
#17023=CARTESIAN_POINT('',(0.,-0.009,1.88677467641074E-18));
#17024=CARTESIAN_POINT('',(0.0161046455039846,-0.009,0.0262698323715881));
#17025=CARTESIAN_POINT('',(0.,0.,1.88677467641074E-18));
#17026=CARTESIAN_POINT('',(0.0158417999628372,-0.009,0.0264291708832835));
#17027=CARTESIAN_POINT('',(0.016000115255543,0.0789357027071225,0.0260993230546558));
#17028=CARTESIAN_POINT('',(0.0161704074340296,0.0789357027071225,0.0259944394336927));
#17029=CARTESIAN_POINT('',(0.0173889703098625,0.0789357027071225,0.0251952785986714));
#17030=CARTESIAN_POINT('',(0.017224131965591,0.0789357027071225,0.0253085407735481));
#17031=CARTESIAN_POINT('',(0.0167058437306924,0.0789357027071225,0.0256646621175051));
#17032=CARTESIAN_POINT('',(0.,-0.009,1.88677467641074E-18));
#17033=CARTESIAN_POINT('',(0.,-0.009,1.88677467641074E-18));
#17034=CARTESIAN_POINT('',(0.0143884428436748,-0.009,0.0272476863637017));
#17035=CARTESIAN_POINT('',(0.,0.,1.88677467641074E-18));
#17036=CARTESIAN_POINT('',(0.014115928493386,-0.009,0.0273898569256936));
#17037=CARTESIAN_POINT('',(0.014295051933284,0.0789357027071225,0.0270708301004357));
#17038=CARTESIAN_POINT('',(0.0144717141448936,0.0789357027071225,0.0269770726314574));
#17039=CARTESIAN_POINT('',(0.0157389757631075,0.0789357027071225,0.0262576273495962));
#17040=CARTESIAN_POINT('',(0.0155672193644332,0.0789357027071225,0.0263600955862087));
#17041=CARTESIAN_POINT('',(0.0150271792354524,0.0789357027071225,0.0266822783994472));
#17042=CARTESIAN_POINT('',(0.,-0.009,1.88677467641074E-18));
#17043=CARTESIAN_POINT('',(0.,-0.009,1.88677467641074E-18));
#17044=CARTESIAN_POINT('',(0.012613114985409,-0.009,0.0281135737679364));
#17045=CARTESIAN_POINT('',(0.,0.,1.88677467641074E-18));
#17046=CARTESIAN_POINT('',(0.0123320516458983,-0.009,0.0282379921708901));
#17047=CARTESIAN_POINT('',(0.0125312471763522,0.0789357027071225,0.0279310972986583));
#17048=CARTESIAN_POINT('',(0.0127135534781633,0.0789357027071225,0.0278488512512154));
#17049=CARTESIAN_POINT('',(0.0140243063889421,0.0789357027071225,0.0272120778774982));
#17050=CARTESIAN_POINT('',(0.0138463377197489,0.0789357027071225,0.0273033311118826));
#17051=CARTESIAN_POINT('',(0.013286764837414,0.0789357027071225,0.0275902514761153));
#17052=CARTESIAN_POINT('',(0.,-0.009,1.88677467641074E-18));
#17053=CARTESIAN_POINT('',(0.,-0.009,1.88677467641074E-18));
#17054=CARTESIAN_POINT('',(0.0107859571321634,-0.009,0.0288639364672161));
#17055=CARTESIAN_POINT('',(0.,0.,1.88677467641074E-18));
#17056=CARTESIAN_POINT('',(0.0104974997529808,-0.009,0.028970091449226));
#17057=CARTESIAN_POINT('',(0.0107159488368286,0.0789357027071225,0.0286765896268789));
#17058=CARTESIAN_POINT('',(0.0109031500931425,0.0789357027071225,0.0286061929676223));
#17059=CARTESIAN_POINT('',(0.0122520081316203,0.0789357027071225,0.028054708140429));
#17060=CARTESIAN_POINT('',(0.0120685585033441,0.0789357027071225,0.0281343713934718));
#17061=CARTESIAN_POINT('',(0.0114917522726566,0.0789357027071225,0.0283848502913775));
#17062=CARTESIAN_POINT('',(0.,-0.009,1.88677467641074E-18));
#17063=CARTESIAN_POINT('',(0.,-0.009,1.88677467641074E-18));
#17064=CARTESIAN_POINT('',(0.00891447746748125,-0.009,0.0294956910602569));
#17065=CARTESIAN_POINT('',(0.,0.,1.88677467641074E-18));
#17066=CARTESIAN_POINT('',(0.00861981138187174,-0.009,0.029583146407732));
#17067=CARTESIAN_POINT('',(0.00885661636497065,0.0789357027071225,0.0293042436972136));
#17068=CARTESIAN_POINT('',(0.00904794332567072,0.0789357027071225,0.0292459857011161));
#17069=CARTESIAN_POINT('',(0.0104293637448381,0.0789357027071225,0.0287820555898949));
#17070=CARTESIAN_POINT('',(0.0102411869913513,0.0789357027071225,0.0288498015082014));
#17071=CARTESIAN_POINT('',(0.00964951763283773,0.0789357027071225,0.0290628096682611));
#17072=CARTESIAN_POINT('',(0.,-0.009,1.88677467641074E-18));
#17073=CARTESIAN_POINT('',(0.,-0.009,1.88677467641074E-18));
#17074=CARTESIAN_POINT('',(0.00700636630273579,-0.009,0.0300062415319254));
#17075=CARTESIAN_POINT('',(0.,0.,1.88677467641074E-18));
#17076=CARTESIAN_POINT('',(0.00670670235685079,-0.009,0.0300746378720836));
#17077=CARTESIAN_POINT('',(0.00696089015673079,0.0789357027071225,0.0298114803444558));
#17078=CARTESIAN_POINT('',(0.00715555661829595,0.0789357027071225,0.0297656004061199));
#17079=CARTESIAN_POINT('',(0.00856386286533693,0.0789357027071225,0.0293911313992104));
#17080=CARTESIAN_POINT('',(0.00837173224528336,0.0789357027071225,0.0294466816002707));
#17081=CARTESIAN_POINT('',(0.00776763105525046,0.0789357027071225,0.0296213437262649));
#17082=CARTESIAN_POINT('',(0.,-0.009,1.88677467641074E-18));
#17083=CARTESIAN_POINT('',(0.,-0.009,1.88677467641074E-18));
#17084=CARTESIAN_POINT('',(0.00506946447599153,-0.009,0.0303934899208204));
#17085=CARTESIAN_POINT('',(0.,0.,1.88677467641074E-18));
#17086=CARTESIAN_POINT('',(0.00476603405326239,-0.009,0.0304425461984292));
#17087=CARTESIAN_POINT('',(0.00503656015773068,0.0789357027071225,0.0301962152244202));
#17088=CARTESIAN_POINT('',(0.00523376619391453,0.0789357027071225,0.0301629018743535));
#17089=CARTESIAN_POINT('',(0.00666317123637924,0.0789357027071225,0.0298794327452285));
#17090=CARTESIAN_POINT('',(0.0064678762556886,0.0789357027071225,0.0299225589613512));
#17091=CARTESIAN_POINT('',(0.00585382561550553,0.0789357027071225,0.030058157329139));
#17092=CARTESIAN_POINT('',(0.,-0.009,1.88677467641074E-18));
#17093=CARTESIAN_POINT('',(0.,-0.009,1.88677467641074E-18));
#17094=CARTESIAN_POINT('',(0.0031117311323187,-0.009,0.0306558449402477));
#17095=CARTESIAN_POINT('',(0.,0.,1.88677467641074E-18));
#17096=CARTESIAN_POINT('',(0.00280578109343804,-0.009,0.0306853595725397));
#17097=CARTESIAN_POINT('',(0.00309153385270368,0.0789357027071225,0.0304568673789596));
#17098=CARTESIAN_POINT('',(0.00329046910160298,0.0789357027071225,0.0304362575088633));
#17099=CARTESIAN_POINT('',(0.00473509920756551,0.0789357027071225,0.0302449530929784));
#17100=CARTESIAN_POINT('',(0.00453744237520411,0.0789357027071225,0.0302754781092907));
#17101=CARTESIAN_POINT('',(0.00391596555066483,0.0789357027071225,0.0303714555160932));
#17102=CARTESIAN_POINT('',(0.,-0.009,1.88677467641074E-18));
#17103=CARTESIAN_POINT('',(0.,-0.009,1.88677467641074E-18));
#17104=CARTESIAN_POINT('',(0.00114121101795894,-0.009,0.0307922285171574));
#17105=CARTESIAN_POINT('',(0.,0.,1.88677467641074E-18));
#17106=CARTESIAN_POINT('',(0.000833998577262601,-0.009,0.0308020802221778));
#17107=CARTESIAN_POINT('',(0.00113380377194399,0.0789357027071225,0.0305923657324613));
#17108=CARTESIAN_POINT('',(0.00133365076594954,0.0789357027071225,0.0305845440327124));
#17109=CARTESIAN_POINT('',(0.00278756964043231,0.0789357027071225,0.030486190440947));
#17110=CARTESIAN_POINT('',(0.00258836317072158,0.0789357027071225,0.0305039888236095));
#17111=CARTESIAN_POINT('',(0.00196201394340448,0.0789357027071225,0.030559950877675));
#17112=CARTESIAN_POINT('',(0.,-0.009,1.88677467641074E-18));
#17113=CARTESIAN_POINT('',(0.,-0.009,1.88677467641074E-18));
#17114=CARTESIAN_POINT('',(-0.000833998577262605,-0.009,0.0308020802221778));
#17115=CARTESIAN_POINT('',(0.,0.,1.88677467641074E-18));
#17116=CARTESIAN_POINT('',(-2.38524477946811E-18,0.0789357027071225,0.0306228688460115));
#17117=CARTESIAN_POINT('',(0.000628647826768379,0.0789357027071225,0.030607152104767));
#17118=CARTESIAN_POINT('',(-0.000628647826768383,0.0789357027071225,0.030607152104767));
#17119=CARTESIAN_POINT('',(0.000828585351714752,0.0789357027071225,0.0306021534931264));
#17120=CARTESIAN_POINT('',(-0.000828585351714756,0.0789357027071225,0.0306021534931264));
#17121=CARTESIAN_POINT('',(0.,-0.0105875,0.));
#17122=CARTESIAN_POINT('',(-1.78584683734892E-18,-0.0105875,0.));
#17123=CARTESIAN_POINT('',(-1.78584683734892E-18,-0.0105875,-0.01));
#17124=CARTESIAN_POINT('',(0.,-0.0105875,0.02));
#17125=CARTESIAN_POINT('',(0.,-0.0105875,0.01775));
#17126=CARTESIAN_POINT('',(0.02,-0.0105875,-3.67394039744206E-18));
#17127=CARTESIAN_POINT('',(0.02,-0.0105875,-0.00225));
#17128=CARTESIAN_POINT('',(-2.63331023653279E-18,-0.0105875,-0.02));
#17129=CARTESIAN_POINT('',(-2.63331023653279E-18,-0.0105875,-0.02225));
#17130=CARTESIAN_POINT('',(-0.02,-0.0105875,0.));
#17131=CARTESIAN_POINT('',(-0.02,-0.0105875,-0.00225));
#17132=CARTESIAN_POINT('',(0.,0.0015875,0.));
#17133=CARTESIAN_POINT('',(-1.78584683734892E-18,0.0015875,0.));
#17134=CARTESIAN_POINT('',(-1.78584683734892E-18,0.0015875,0.01));
#17135=CARTESIAN_POINT('',(0.,0.0015875,0.02));
#17136=CARTESIAN_POINT('',(0.,0.0015875,0.02225));
#17137=CARTESIAN_POINT('',(0.02,0.0015875,-3.67394039744206E-18));
#17138=CARTESIAN_POINT('',(0.02,0.0015875,0.00225));
#17139=CARTESIAN_POINT('',(-2.63331023653279E-18,0.0015875,-0.02));
#17140=CARTESIAN_POINT('',(-2.63331023653279E-18,0.0015875,-0.01775));
#17141=CARTESIAN_POINT('',(-0.02,0.0015875,0.));
#17142=CARTESIAN_POINT('',(-0.02,0.0015875,0.00225));
#17143=CARTESIAN_POINT('',(-0.02,0.0802231561200538,0.));
#17144=CARTESIAN_POINT('',(-2.63331023653279E-18,0.0802231561200538,-0.02));
#17145=CARTESIAN_POINT('',(0.02,0.0802231561200538,-3.67394039744206E-18));
#17146=CARTESIAN_POINT('',(0.,0.0802231561200538,0.02));
#17147=CARTESIAN_POINT('',(-1.78584683734892E-18,0.0856446879236478,0.));
#17148=CARTESIAN_POINT('',(0.,0.,0.));
#17149=CARTESIAN_POINT('',(0.,-0.009,0.));
#17150=MECHANICAL_DESIGN_GEOMETRIC_PRESENTATION_REPRESENTATION('',(#9181),
#17151);
#17151=(
GEOMETRIC_REPRESENTATION_CONTEXT(3)
GLOBAL_UNCERTAINTY_ASSIGNED_CONTEXT((#17152))
GLOBAL_UNIT_ASSIGNED_CONTEXT((#17155,#17154,#17153))
REPRESENTATION_CONTEXT('98T GT2 Pulley 9mm Wide',
'TOP_LEVEL_ASSEMBLY_PART')
);
#17152=UNCERTAINTY_MEASURE_WITH_UNIT(LENGTH_MEASURE(5.E-6),#17155,
'DISTANCE_ACCURACY_VALUE','Maximum Tolerance applied to model');
#17153=(
NAMED_UNIT(*)
SI_UNIT($,.STERADIAN.)
SOLID_ANGLE_UNIT()
);
#17154=(
NAMED_UNIT(*)
PLANE_ANGLE_UNIT()
SI_UNIT($,.RADIAN.)
);
#17155=(
LENGTH_UNIT()
NAMED_UNIT(*)
SI_UNIT($,.METRE.)
);
#17156=PRODUCT_DEFINITION_SHAPE('','',#17157);
#17157=PRODUCT_DEFINITION('','',#17159,#17158);
#17158=PRODUCT_DEFINITION_CONTEXT('',#17165,'design');
#17159=PRODUCT_DEFINITION_FORMATION_WITH_SPECIFIED_SOURCE('','',#17161,
 .NOT_KNOWN.);
#17160=PRODUCT_RELATED_PRODUCT_CATEGORY('','',(#17161));
#17161=PRODUCT('98T GT2 Pulley 9mm Wide','98T GT2 Pulley 9mm Wide',
'98T GT2 Pulley 9mm Wide',(#17163));
#17162=PRODUCT_CATEGORY('','');
#17163=PRODUCT_CONTEXT('',#17165,'mechanical');
#17164=APPLICATION_PROTOCOL_DEFINITION('international standard',
'ap242_managed_model_based_3d_engineering',2011,#17165);
#17165=APPLICATION_CONTEXT('managed model based 3d engineering');
ENDSEC;
END-ISO-10303-21;
